"CA_MPA_Name_Short","year","y","lnDiff","mpa","reference","Diff","resp","time","type","Location","Hectares","source","BA"
"Campus Point SMCA",2001,"Mesocentrotus franciscanus",-1.5668782980153,0.054421768707483,0.260770975056689,0.208695652173913,"Den",0,"SMCA","ML",2734.933446,"LTER","Before"
"Campus Point SMCA",2001,"Strongylocentrotus purpuratus",-1.13822142676316,0.154494382022472,0.482209737827715,0.320388349514563,"Den",0,"SMCA","ML",2734.933446,"LTER","Before"
"Campus Point SMCA",2002,"Mesocentrotus franciscanus",-3.70540875606515,0.00680272108843537,0.276643990929705,0.0245901639344262,"Den",0,"SMCA","ML",2734.933446,"LTER","Before"
"Campus Point SMCA",2002,"Strongylocentrotus purpuratus",-0.821572969148768,0.126404494382022,0.287453183520599,0.439739413680782,"Den",0,"SMCA","ML",2734.933446,"LTER","Before"
"Campus Point SMCA",2003,"Mesocentrotus franciscanus",-3.09104245335832,0.00680272108843537,0.149659863945578,0.0454545454545454,"Den",0,"SMCA","ML",2734.933446,"LTER","Before"
"Campus Point SMCA",2003,"Strongylocentrotus purpuratus",-1.42444612708427,0.0421348314606742,0.175093632958801,0.240641711229947,"Den",0,"SMCA","ML",2734.933446,"LTER","Before"
"Campus Point SMCA",2004,"Mesocentrotus franciscanus",-2.97892515523761,0.00680272108843537,0.133786848072562,0.0508474576271186,"Den",0,"SMCA","ML",2734.933446,"LTER","Before"
"Campus Point SMCA",2004,"Strongylocentrotus purpuratus",-2.81740273802957,0.0140449438202247,0.23501872659176,0.0597609561752988,"Den",0,"SMCA","ML",2734.933446,"LTER","Before"
"Campus Point SMCA",2005,"Mesocentrotus franciscanus",-2.70805020110221,0.00680272108843537,0.102040816326531,0.0666666666666667,"Den",0,"SMCA","ML",2734.933446,"LTER","Before"
"Campus Point SMCA",2005,"Strongylocentrotus purpuratus",-3.54256833484301,0.00842696629213483,0.291198501872659,0.0289389067524116,"Den",0,"SMCA","ML",2734.933446,"LTER","Before"
"Campus Point SMCA",2006,"Mesocentrotus franciscanus",-2.33537491581704,0.00680272108843537,0.0702947845804989,0.0967741935483871,"Den",0,"SMCA","ML",2734.933446,"LTER","Before"
"Campus Point SMCA",2006,"Strongylocentrotus purpuratus",-4.17438726989564,0.00280898876404494,0.182584269662921,0.0153846153846154,"Den",0,"SMCA","ML",2734.933446,"LTER","Before"
"Campus Point SMCA",2007,"Mesocentrotus franciscanus",-2.85263142991332,0.00680272108843537,0.117913832199547,0.0576923076923077,"Den",0,"SMCA","ML",2734.933446,"LTER","Before"
"Campus Point SMCA",2007,"Strongylocentrotus purpuratus",-4.28128506487235,0.00280898876404494,0.203183520599251,0.0138248847926267,"Den",0,"SMCA","ML",2734.933446,"LTER","Before"
"Campus Point SMCA",2008,"Mesocentrotus franciscanus",-3.58351893845611,0.00680272108843537,0.244897959183673,0.0277777777777778,"Den",0,"SMCA","ML",2734.933446,"LTER","Before"
"Campus Point SMCA",2008,"Strongylocentrotus purpuratus",-1.20831120592453,0.0646067415730337,0.216292134831461,0.298701298701299,"Den",0,"SMCA","ML",2734.933446,"LTER","Before"
"Campus Point SMCA",2009,"Mesocentrotus franciscanus",-3.28341434600577,0.00680272108843537,0.18140589569161,0.0375,"Den",0,"SMCA","ML",2734.933446,"LTER","Before"
"Campus Point SMCA",2009,"Strongylocentrotus purpuratus",0.520193373769591,0.401685393258427,0.23876404494382,1.68235294117647,"Den",0,"SMCA","ML",2734.933446,"LTER","Before"
"Campus Point SMCA",2010,"Mesocentrotus franciscanus",0.954161005929565,1.00680272108844,0.387755102040816,2.59649122807018,"Den",0,"SMCA","ML",2734.933446,"LTER","Before"
"Campus Point SMCA",2010,"Strongylocentrotus purpuratus",0.98238664314118,1.00280898876405,0.375468164794007,2.67082294264339,"Den",0,"SMCA","ML",2734.933446,"LTER","Before"
"Campus Point SMCA",2011,"Mesocentrotus franciscanus",0.271933715483642,0.238095238095238,0.18140589569161,1.3125,"Den",0,"SMCA","ML",2734.933446,"LTER","Before"
"Campus Point SMCA",2011,"Strongylocentrotus purpuratus",1.28749786802045,0.797351524879615,0.220037453183521,3.62370820668693,"Den",0,"SMCA","ML",2734.933446,"LTER","Before"
"Campus Point SMCA",2012,"Mesocentrotus franciscanus",1.74846266347473,0.768707482993197,0.133786848072562,5.74576271186441,"Den",0,"SMCA","ML",2734.933446,"LTER","Before"
"Campus Point SMCA",2012,"Strongylocentrotus purpuratus",1.52881954824229,0.91131621187801,0.197565543071161,4.61272850372376,"Den",0,"SMCA","ML",2734.933446,"LTER","Before"
"Campus Point SMCA",2013,"Mesocentrotus franciscanus",0.432133355190326,0.646258503401361,0.419501133786848,1.54054054054054,"Den",1,"SMCA","ML",2734.933446,"LTER","After"
"Campus Point SMCA",2013,"Strongylocentrotus purpuratus",-0.0438503086935466,0.280497592295345,0.293071161048689,0.957097215883158,"Den",1,"SMCA","ML",2734.933446,"LTER","After"
"Campus Point SMCA",2014,"Mesocentrotus franciscanus",-0.93826963859293,0.102040816326531,0.260770975056689,0.391304347826087,"Den",2,"SMCA","ML",2734.933446,"LTER","After"
"Campus Point SMCA",2014,"Strongylocentrotus purpuratus",0.472551401324534,0.262841091492777,0.163857677902622,1.60408163265306,"Den",2,"SMCA","ML",2734.933446,"LTER","After"
"Campus Point SMCA",2015,"Mesocentrotus franciscanus",-1.145132304303,0.0476190476190476,0.149659863945578,0.318181818181818,"Den",3,"SMCA","ML",2734.933446,"LTER","After"
"Campus Point SMCA",2015,"Strongylocentrotus purpuratus",0.312169704002181,0.108747993579454,0.0795880149812734,1.36638655462185,"Den",3,"SMCA","ML",2734.933446,"LTER","After"
"Campus Point SMCA",2016,"Mesocentrotus franciscanus",-0.635988766719997,0.0204081632653061,0.0385487528344671,0.529411764705882,"Den",4,"SMCA","ML",2734.933446,"LTER","After"
"Campus Point SMCA",2016,"Strongylocentrotus purpuratus",0.843818083061164,0.102327447833066,0.0440074906367041,2.32522796352584,"Den",4,"SMCA","ML",2734.933446,"LTER","After"
"Campus Point SMCA",2017,"Mesocentrotus franciscanus",-0.635988766719997,0.0204081632653061,0.0385487528344671,0.529411764705882,"Den",5,"SMCA","ML",2734.933446,"LTER","After"
"Campus Point SMCA",2017,"Strongylocentrotus purpuratus",1.47881773001704,0.0862760834670947,0.0196629213483146,4.38775510204082,"Den",5,"SMCA","ML",2734.933446,"LTER","After"
"Campus Point SMCA",2018,"Mesocentrotus franciscanus",-1.23676262714893,0.0204081632653061,0.0702947845804989,0.290322580645161,"Den",6,"SMCA","ML",2734.933446,"LTER","After"
"Campus Point SMCA",2018,"Strongylocentrotus purpuratus",0.448267647342925,0.0718298555377207,0.0458801498127341,1.56559766763848,"Den",6,"SMCA","ML",2734.933446,"LTER","After"
"Campus Point SMCA",2019,"Mesocentrotus franciscanus",-2.07944154167984,0.00680272108843537,0.054421768707483,0.125,"Den",7,"SMCA","ML",2734.933446,"LTER","After"
"Campus Point SMCA",2019,"Strongylocentrotus purpuratus",-0.541488403342866,0.0670144462279293,0.115168539325843,0.581881533101045,"Den",7,"SMCA","ML",2734.933446,"LTER","After"
"Campus Point SMCA",2020,"Mesocentrotus franciscanus",-2.07944154167984,0.00680272108843537,0.054421768707483,0.125,"Den",8,"SMCA","ML",2734.933446,"LTER","After"
"Campus Point SMCA",2020,"Strongylocentrotus purpuratus",-0.538038187290875,0.0814606741573033,0.139513108614232,0.583892617449664,"Den",8,"SMCA","ML",2734.933446,"LTER","After"
"Campus Point SMCA",2021,"Mesocentrotus franciscanus",-1.20397280432594,0.00680272108843537,0.0226757369614512,0.3,"Den",9,"SMCA","ML",2734.933446,"LTER","After"
"Campus Point SMCA",2021,"Strongylocentrotus purpuratus",-0.881489225135483,0.0461476725521669,0.111423220973783,0.414165666266507,"Den",9,"SMCA","ML",2734.933446,"LTER","After"
"Campus Point SMCA",2022,"Mesocentrotus franciscanus",-1.44036158239017,0.0204081632653061,0.0861678004535147,0.236842105263158,"Den",10,"SMCA","ML",2734.933446,"LTER","After"
"Campus Point SMCA",2022,"Strongylocentrotus purpuratus",-0.832804853084637,0.0557784911717496,0.128277153558052,0.434827945776851,"Den",10,"SMCA","ML",2734.933446,"LTER","After"
"Campus Point SMCA",2023,"Mesocentrotus franciscanus",-0.980829253011726,0.0204081632653061,0.054421768707483,0.375,"Den",11,"SMCA","ML",2734.933446,"LTER","After"
"Campus Point SMCA",2023,"Strongylocentrotus purpuratus",-1.91649626384902,0.00922953451043338,0.0627340823970037,0.147121535181237,"Den",11,"SMCA","ML",2734.933446,"LTER","After"
"Campus Point SMCA",2014,"Mesocentrotus franciscanus",-1.13986050120096,0.12753419089404,0.398714249528477,0.319863639297727,"Bio",2,"SMCA","ML",2734.933446,"LTER","After"
"Campus Point SMCA",2014,"Strongylocentrotus purpuratus",0.213353410861594,0.466241461733195,0.376662758489243,1.23782203370262,"Bio",2,"SMCA","ML",2734.933446,"LTER","After"
"Campus Point SMCA",2015,"Mesocentrotus franciscanus",-1.00372292316515,0.0535479894953859,0.146101439992102,0.366512400550471,"Bio",3,"SMCA","ML",2734.933446,"LTER","After"
"Campus Point SMCA",2015,"Strongylocentrotus purpuratus",-0.480963938056681,0.138085059968379,0.223370942750455,0.618187210333105,"Bio",3,"SMCA","ML",2734.933446,"LTER","After"
"Campus Point SMCA",2016,"Mesocentrotus franciscanus",-2.22376476048962,0.00135269974079125,0.0125017316158177,0.108200990259602,"Bio",4,"SMCA","ML",2734.933446,"LTER","After"
"Campus Point SMCA",2016,"Strongylocentrotus purpuratus",0.892456764226075,0.168914654591923,0.0691955684425661,2.44111954556925,"Bio",4,"SMCA","ML",2734.933446,"LTER","After"
"Campus Point SMCA",2009,"Mesocentrotus franciscanus",-5.43751911977473,0.000450899913597083,0.103648900871645,0.004350262374277,"Bio",0,"SMCA","ML",2734.933446,"LTER","Before"
"Campus Point SMCA",2011,"Mesocentrotus franciscanus",-0.295232644311156,0.392451648123117,0.527234797013442,0.744358396574328,"Bio",0,"SMCA","ML",2734.933446,"LTER","Before"
"Campus Point SMCA",2011,"Strongylocentrotus purpuratus",-0.0714659643670703,0.659716956374551,0.70858983945323,0.931027965181675,"Bio",0,"SMCA","ML",2734.933446,"LTER","Before"
"Campus Point SMCA",2012,"Mesocentrotus franciscanus",1.20648848774269,1.0004508999136,0.299381173584214,3.3417295013448,"Bio",0,"SMCA","ML",2734.933446,"LTER","Before"
"Campus Point SMCA",2012,"Strongylocentrotus purpuratus",0.390868575347572,1.00690454997102,0.681139769301286,1.47826422028463,"Bio",0,"SMCA","ML",2734.933446,"LTER","Before"
"Campus Point SMCA",2013,"Mesocentrotus franciscanus",0.176555319528159,0.854308953375326,0.716041109588564,1.19310042668669,"Bio",1,"SMCA","ML",2734.933446,"LTER","After"
"Campus Point SMCA",2013,"Strongylocentrotus purpuratus",-0.144905925946203,0.516914809835688,0.597517761065549,0.865103673092291,"Bio",1,"SMCA","ML",2734.933446,"LTER","After"
"Campus Point SMCA",2020,"Strongylocentrotus purpuratus",-0.86210337527272,0.105853506552343,0.250675556613428,0.422272949075694,"Bio",8,"SMCA","ML",2734.933446,"LTER","After"
"Campus Point SMCA",2021,"Mesocentrotus franciscanus",-3.17329667098107,0.000450899913597083,0.0107702401158894,0.041865353858905,"Bio",9,"SMCA","ML",2734.933446,"LTER","After"
"Campus Point SMCA",2021,"Strongylocentrotus purpuratus",-0.200396965072087,0.11663476816761,0.142514589624306,0.818405810065347,"Bio",9,"SMCA","ML",2734.933446,"LTER","After"
"Campus Point SMCA",2022,"Mesocentrotus franciscanus",-1.457094461053,0.0138892848675503,0.0596331800299299,0.232912027508499,"Bio",10,"SMCA","ML",2734.933446,"LTER","After"
"Campus Point SMCA",2022,"Strongylocentrotus purpuratus",-1.09097241191999,0.0402023440339015,0.119689120073569,0.335889711689671,"Bio",10,"SMCA","ML",2734.933446,"LTER","After"
"Campus Point SMCA",2023,"Mesocentrotus franciscanus",-2.92008281834916,0.00453690584112703,0.0841270423524074,0.0539292207863671,"Bio",11,"SMCA","ML",2734.933446,"LTER","After"
"Campus Point SMCA",2017,"Mesocentrotus franciscanus",-1.55323529666535,0.00511073059965974,0.024157083872839,0.211562398282931,"Bio",5,"SMCA","ML",2734.933446,"LTER","After"
"Campus Point SMCA",2017,"Strongylocentrotus purpuratus",1.00342019006145,0.188333214279391,0.0690473582262997,2.7275947859169,"Bio",5,"SMCA","ML",2734.933446,"LTER","After"
"Campus Point SMCA",2018,"Mesocentrotus franciscanus",-2.52293007320179,0.0100699650908668,0.125522787184304,0.080224199260977,"Bio",6,"SMCA","ML",2734.933446,"LTER","After"
"Campus Point SMCA",2018,"Strongylocentrotus purpuratus",-0.219289706109757,0.160930392844162,0.200389231958367,0.803089024651769,"Bio",6,"SMCA","ML",2734.933446,"LTER","After"
"Campus Point SMCA",2019,"Mesocentrotus franciscanus",-5.4237862687042,0.000450899913597083,0.102235235000793,0.0044104159744298,"Bio",7,"SMCA","ML",2734.933446,"LTER","After"
"Campus Point SMCA",2019,"Strongylocentrotus purpuratus",0.0516145023420323,0.191154035089022,0.181538012514856,1.05296974689187,"Bio",7,"SMCA","ML",2734.933446,"LTER","After"
"Campus Point SMCA",2020,"Mesocentrotus franciscanus",-4.8659105126826,0.000450899913597083,0.0585218756751968,0.00770480966979988,"Bio",8,"SMCA","ML",2734.933446,"LTER","After"
"Campus Point SMCA",2023,"Strongylocentrotus purpuratus",-1.25521975263269,0.0207136499130465,0.07267610504842,0.285013208939117,"Bio",11,"SMCA","ML",2734.933446,"LTER","After"
"Naples SMCA",2001,"Mesocentrotus franciscanus",1.66500776358891,0.699055330634278,0.13225371120108,5.28571428571429,"Den",0,"SMCA","ML",673.8031024,"LTER","Before"
"Naples SMCA",2001,"Strongylocentrotus purpuratus",1.19725697951182,0.543056743655546,0.164014827487881,3.31102225312935,"Den",0,"SMCA","ML",673.8031024,"LTER","Before"
"Naples SMCA",2002,"Strongylocentrotus purpuratus",3.29534941778605,0.292415169660679,0.0108354719133162,26.9868421052632,"Den",0,"SMCA","ML",673.8031024,"LTER","Before"
"Naples SMCA",2003,"Mesocentrotus franciscanus",2.14539950947163,0.253711201079622,0.0296896086369771,8.54545454545455,"Den",0,"SMCA","ML",673.8031024,"LTER","Before"
"Naples SMCA",2003,"Strongylocentrotus purpuratus",3.23212105161822,0.0866837753065298,0.00342172797262618,25.3333333333333,"Den",0,"SMCA","ML",673.8031024,"LTER","Before"
"Naples SMCA",2002,"Mesocentrotus franciscanus",2.85699253582233,0.516869095816464,0.0296896086369771,17.4090909090909,"Den",0,"SMCA","ML",673.8031024,"LTER","Before"
"Naples SMCA",2017,"Strongylocentrotus purpuratus",-0.457424847038875,0.0285143997718848,0.045052751639578,0.632911392405063,"Den",5,"SMCA","ML",673.8031024,"LTER","After"
"Naples SMCA",2018,"Mesocentrotus franciscanus",2.1540850846756,0.581646423751687,0.067476383265857,8.62,"Den",6,"SMCA","ML",673.8031024,"LTER","After"
"Naples SMCA",2018,"Strongylocentrotus purpuratus",1.06669815069727,0.21542629027659,0.0741374394069005,2.90576923076923,"Den",6,"SMCA","ML",673.8031024,"LTER","After"
"Naples SMCA",2019,"Mesocentrotus franciscanus",1.76358859226136,0.330634278002699,0.0566801619433198,5.83333333333333,"Den",7,"SMCA","ML",673.8031024,"LTER","After"
"Naples SMCA",2019,"Strongylocentrotus purpuratus",0.932194134074069,0.189763330481893,0.0747077274023382,2.54007633587786,"Den",7,"SMCA","ML",673.8031024,"LTER","After"
"Naples SMCA",2020,"Mesocentrotus franciscanus",0.372404245847276,0.16059379217274,0.110661268556005,1.45121951219512,"Den",8,"SMCA","ML",673.8031024,"LTER","After"
"Naples SMCA",2020,"Strongylocentrotus purpuratus",0.249917584919267,0.145708582834331,0.113487311092102,1.28391959798995,"Den",8,"SMCA","ML",673.8031024,"LTER","After"
"Naples SMCA",2021,"Mesocentrotus franciscanus",0.266109587197653,0.144399460188934,0.110661268556005,1.30487804878049,"Den",9,"SMCA","ML",673.8031024,"LTER","After"
"Naples SMCA",2021,"Strongylocentrotus purpuratus",0.21582517050653,0.135871114913031,0.109495295124038,1.24088541666667,"Den",9,"SMCA","ML",673.8031024,"LTER","After"
"Naples SMCA",2022,"Mesocentrotus franciscanus",1.71297859137494,0.164642375168691,0.0296896086369771,5.54545454545454,"Den",10,"SMCA","ML",673.8031024,"LTER","After"
"Naples SMCA",2022,"Strongylocentrotus purpuratus",0.553676646498461,0.191474194468206,0.110065583119475,1.73963730569948,"Den",10,"SMCA","ML",673.8031024,"LTER","After"
"Naples SMCA",2023,"Mesocentrotus franciscanus",1.40780056634085,0.253711201079622,0.0620782726045884,4.08695652173913,"Den",11,"SMCA","ML",673.8031024,"LTER","After"
"Naples SMCA",2023,"Strongylocentrotus purpuratus",0.951255113229249,0.240661534074708,0.0929569432563445,2.58895705521472,"Den",11,"SMCA","ML",673.8031024,"LTER","After"
"Naples SMCA",2004,"Mesocentrotus franciscanus",4.14841178349238,0.512820512820513,0.00809716599190283,63.3333333333333,"Den",0,"SMCA","ML",673.8031024,"LTER","Before"
"Naples SMCA",2004,"Strongylocentrotus purpuratus",3.23006301425877,0.115340747077274,0.00456230396350157,25.28125,"Den",0,"SMCA","ML",673.8031024,"LTER","Before"
"Naples SMCA",2005,"Mesocentrotus franciscanus",2.85070650150373,0.233468286099865,0.0134952766531714,17.3,"Den",0,"SMCA","ML",673.8031024,"LTER","Before"
"Naples SMCA",2005,"Strongylocentrotus purpuratus",2.00372971994414,0.050755631593955,0.00684345594525235,7.41666666666667,"Den",0,"SMCA","ML",673.8031024,"LTER","Before"
"Naples SMCA",2006,"Mesocentrotus franciscanus",3.78418963391826,0.593792172739541,0.0134952766531714,44,"Den",0,"SMCA","ML",673.8031024,"LTER","Before"
"Naples SMCA",2006,"Strongylocentrotus purpuratus",4.88752559693415,0.151268890789849,0.00114057599087539,132.625,"Den",0,"SMCA","ML",673.8031024,"LTER","Before"
"Naples SMCA",2007,"Mesocentrotus franciscanus",2.42207607099559,0.395411605937922,0.0350877192982456,11.2692307692308,"Den",0,"SMCA","ML",673.8031024,"LTER","Before"
"Naples SMCA",2007,"Strongylocentrotus purpuratus",3.04884209886794,0.264613629883091,0.0125463358996293,21.0909090909091,"Den",0,"SMCA","ML",673.8031024,"LTER","Before"
"Naples SMCA",2008,"Mesocentrotus franciscanus",1.79966464873517,0.342780026990553,0.0566801619433198,6.04761904761905,"Den",0,"SMCA","ML",673.8031024,"LTER","Before"
"Naples SMCA",2008,"Strongylocentrotus purpuratus",2.34331069732675,0.493013972055888,0.0473339036213288,10.4156626506024,"Den",0,"SMCA","ML",673.8031024,"LTER","Before"
"Naples SMCA",2009,"Mesocentrotus franciscanus",1.40827326783867,0.496626180836707,0.121457489878543,4.08888888888889,"Den",0,"SMCA","ML",673.8031024,"LTER","Before"
"Naples SMCA",2009,"Strongylocentrotus purpuratus",1.16580416912346,0.451953236384374,0.140861134873111,3.2085020242915,"Den",0,"SMCA","ML",673.8031024,"LTER","Before"
"Naples SMCA",2010,"Mesocentrotus franciscanus",1.12410613749433,0.58974358974359,0.191632928475034,3.07746478873239,"Den",0,"SMCA","ML",673.8031024,"LTER","Before"
"Naples SMCA",2010,"Strongylocentrotus purpuratus",0.479020822895924,0.317650413458797,0.196749358426005,1.61449275362319,"Den",0,"SMCA","ML",673.8031024,"LTER","Before"
"Naples SMCA",2011,"Mesocentrotus franciscanus",1.1225655296906,0.456140350877193,0.148448043184885,3.07272727272727,"Den",0,"SMCA","ML",673.8031024,"LTER","Before"
"Naples SMCA",2011,"Strongylocentrotus purpuratus",-0.127868123295261,0.164100370687197,0.186484174508127,0.879969418960245,"Den",0,"SMCA","ML",673.8031024,"LTER","Before"
"Naples SMCA",2012,"Mesocentrotus franciscanus",1.32242901402322,1.00269905533063,0.267206477732794,3.75252525252525,"Den",0,"SMCA","ML",673.8031024,"LTER","Before"
"Naples SMCA",2012,"Strongylocentrotus purpuratus",0.659646510829901,0.142286854861705,0.0735671514114628,1.93410852713178,"Den",0,"SMCA","ML",673.8031024,"LTER","Before"
"Naples SMCA",2013,"Mesocentrotus franciscanus",0.253523153640462,0.699055330634278,0.54251012145749,1.28855721393035,"Den",1,"SMCA","ML",673.8031024,"LTER","After"
"Naples SMCA",2013,"Strongylocentrotus purpuratus",0.890470032252412,0.0708582834331337,0.0290846877673225,2.43627450980392,"Den",1,"SMCA","ML",673.8031024,"LTER","After"
"Naples SMCA",2014,"Mesocentrotus franciscanus",0.509224342399017,0.56140350877193,0.337381916329285,1.664,"Den",2,"SMCA","ML",673.8031024,"LTER","After"
"Naples SMCA",2014,"Strongylocentrotus purpuratus",-0.349375641457121,0.0627316794981466,0.0889649272882806,0.705128205128205,"Den",2,"SMCA","ML",673.8031024,"LTER","After"
"Naples SMCA",2015,"Mesocentrotus franciscanus",0.731613461387741,0.286099865047234,0.137651821862348,2.07843137254902,"Den",3,"SMCA","ML",673.8031024,"LTER","After"
"Naples SMCA",2015,"Strongylocentrotus purpuratus",0,0.0387795836897633,0.0387795836897633,1,"Den",3,"SMCA","ML",673.8031024,"LTER","After"
"Naples SMCA",2016,"Mesocentrotus franciscanus",2.32378730064465,0.192982456140351,0.0188933873144399,10.2142857142857,"Den",4,"SMCA","ML",673.8031024,"LTER","After"
"Naples SMCA",2016,"Strongylocentrotus purpuratus",-0.552565229938756,0.0173937838608497,0.0302252637581979,0.575471698113208,"Den",4,"SMCA","ML",673.8031024,"LTER","After"
"Naples SMCA",2017,"Mesocentrotus franciscanus",-0.150282203049338,0.0998650472334683,0.116059379217274,0.86046511627907,"Den",5,"SMCA","ML",673.8031024,"LTER","After"
"Naples SMCA",2011,"Mesocentrotus franciscanus",2.1293604845572,0.716173191128891,0.0851625293048666,8.40948709455446,"Bio",0,"SMCA","ML",673.8031024,"LTER","Before"
"Naples SMCA",2011,"Strongylocentrotus purpuratus",0.0197025130249299,1.04663903301975,1.026219433107,1.01989788855482,"Bio",0,"SMCA","ML",673.8031024,"LTER","Before"
"Naples SMCA",2012,"Mesocentrotus franciscanus",0.679044864475798,1.00505729094615,0.509665669274549,1.97199331156978,"Bio",0,"SMCA","ML",673.8031024,"LTER","Before"
"Naples SMCA",2012,"Strongylocentrotus purpuratus",0.617634532432667,0.981945279497233,0.529482995804926,1.85453600451223,"Bio",0,"SMCA","ML",673.8031024,"LTER","Before"
"Naples SMCA",2013,"Mesocentrotus franciscanus",0.599774526739232,0.682556319893997,0.374679321292362,1.82170800763621,"Bio",1,"SMCA","ML",673.8031024,"LTER","After"
"Naples SMCA",2013,"Strongylocentrotus purpuratus",0.274757490392589,0.236033994300427,0.179328325773122,1.31621144224057,"Bio",1,"SMCA","ML",673.8031024,"LTER","After"
"Naples SMCA",2014,"Mesocentrotus franciscanus",0.618897963823091,0.798325832632475,0.429928476813014,1.85688056429834,"Bio",2,"SMCA","ML",673.8031024,"LTER","After"
"Naples SMCA",2014,"Strongylocentrotus purpuratus",-0.497655259411599,0.359684778979417,0.59163109679535,0.607954485367146,"Bio",2,"SMCA","ML",673.8031024,"LTER","After"
"Naples SMCA",2015,"Mesocentrotus franciscanus",0.705420560210146,0.365008608065522,0.180278049203011,2.02469801331434,"Bio",3,"SMCA","ML",673.8031024,"LTER","After"
"Naples SMCA",2015,"Strongylocentrotus purpuratus",0.0592374155483918,0.244161776825796,0.230118319630098,1.06102711517393,"Bio",3,"SMCA","ML",673.8031024,"LTER","After"
"Naples SMCA",2016,"Mesocentrotus franciscanus",2.37472005567216,0.232166260361944,0.0216008723148586,10.7480039221492,"Bio",4,"SMCA","ML",673.8031024,"LTER","After"
"Naples SMCA",2016,"Strongylocentrotus purpuratus",-0.120653182677194,0.139917099059261,0.157859165876236,0.886341304811899,"Bio",4,"SMCA","ML",673.8031024,"LTER","After"
"Naples SMCA",2017,"Mesocentrotus franciscanus",0.0567407153525149,0.0660565572880127,0.062412812843424,1.05838135277975,"Bio",5,"SMCA","ML",673.8031024,"LTER","After"
"Naples SMCA",2017,"Strongylocentrotus purpuratus",-0.643293299446379,0.161818450666554,0.307897929818164,0.525558748518119,"Bio",5,"SMCA","ML",673.8031024,"LTER","After"
"Naples SMCA",2018,"Mesocentrotus franciscanus",0.932105917559206,0.146559237779704,0.0577038434730806,2.53985226907936,"Bio",6,"SMCA","ML",673.8031024,"LTER","After"
"Naples SMCA",2018,"Strongylocentrotus purpuratus",0.124603318581546,0.631000657635054,0.557077064187833,1.13269904327329,"Bio",6,"SMCA","ML",673.8031024,"LTER","After"
"Naples SMCA",2019,"Mesocentrotus franciscanus",1.75721731051755,0.258655297140164,0.044624318384066,5.79628566903829,"Bio",7,"SMCA","ML",673.8031024,"LTER","After"
"Naples SMCA",2019,"Strongylocentrotus purpuratus",0.525264778129106,1.00188629378142,0.592514305970912,1.69090650417241,"Bio",7,"SMCA","ML",673.8031024,"LTER","After"
"Naples SMCA",2020,"Mesocentrotus franciscanus",0.543427994574891,0.160017012857557,0.092930522620901,1.72189941845401,"Bio",8,"SMCA","ML",673.8031024,"LTER","After"
"Naples SMCA",2020,"Strongylocentrotus purpuratus",0.0977881408129905,0.688635268957033,0.624482700069569,1.10272913706067,"Bio",8,"SMCA","ML",673.8031024,"LTER","After"
"Naples SMCA",2021,"Mesocentrotus franciscanus",1.30553326747434,0.181367313887108,0.0491556142004072,3.68965614278918,"Bio",9,"SMCA","ML",673.8031024,"LTER","After"
"Naples SMCA",2021,"Strongylocentrotus purpuratus",0.0955570650564101,0.492315118745273,0.447448716732471,1.10027160730383,"Bio",9,"SMCA","ML",673.8031024,"LTER","After"
"Naples SMCA",2022,"Mesocentrotus franciscanus",1.60854603456114,0.0757917370658861,0.015171872838443,4.99554259865946,"Bio",10,"SMCA","ML",673.8031024,"LTER","After"
"Naples SMCA",2022,"Strongylocentrotus purpuratus",0.42898255816418,0.735417386727071,0.478882685980044,1.5356942488368,"Bio",10,"SMCA","ML",673.8031024,"LTER","After"
"Naples SMCA",2023,"Mesocentrotus franciscanus",1.58036234318782,0.246733304202422,0.0508025052863958,4.85671529015113,"Bio",11,"SMCA","ML",673.8031024,"LTER","After"
"Naples SMCA",2023,"Strongylocentrotus purpuratus",0.667888050051336,0.874073563950101,0.448216552320265,1.95011442443461,"Bio",11,"SMCA","ML",673.8031024,"LTER","After"
"Abalone Cove SMCA",2010,"Semicossyphus pulcher",0.775789970356118,0.200762742418832,0.0924191173082489,2.17230750807996,"Bio",0,"SMCA","ML",1241.700755,"PISCO","Before"
"Abalone Cove SMCA",2010,"Semicossyphus pulcher",0.251314428280906,0.204545454545455,0.159090909090909,1.28571428571429,"Den",0,"SMCA","ML",1241.700755,"PISCO","Before"
"Abalone Cove SMCA",2011,"Macrocystis pyrifera",0.0968335585797215,0.580070817744522,0.526534384464636,1.10167699367691,"Bio",0,"SMCA","ML",1241.700755,"PISCO","Before"
"Abalone Cove SMCA",2011,"Mesocentrotus franciscanus",0.614636830130952,0.931996695295561,0.504058553412041,1.8489849819763,"Bio",0,"SMCA","ML",1241.700755,"PISCO","Before"
"Abalone Cove SMCA",2011,"Semicossyphus pulcher",-0.122712090971433,0.367477225401632,0.415454638897711,0.884518286705442,"Bio",0,"SMCA","ML",1241.700755,"PISCO","Before"
"Abalone Cove SMCA",2011,"Strongylocentrotus purpuratus",0.824794910995456,0.556538513883687,0.243944676679187,2.28141282466104,"Bio",0,"SMCA","ML",1241.700755,"PISCO","Before"
"Abalone Cove SMCA",2011,"Macrocystis pyrifera",0.0968335585797213,0.580070817744522,0.526534384464636,1.10167699367691,"Den",0,"SMCA","ML",1241.700755,"PISCO","Before"
"Abalone Cove SMCA",2011,"Mesocentrotus franciscanus",1.44384791374481,1.00120689655172,0.236302681992337,4.23696797730037,"Den",0,"SMCA","ML",1241.700755,"PISCO","Before"
"Abalone Cove SMCA",2011,"Panulirus interruptus",0.693147180559945,0.130718954248366,0.065359477124183,2,"Den",0,"SMCA","ML",1241.700755,"PISCO","Before"
"Abalone Cove SMCA",2011,"Semicossyphus pulcher",-0.0339838528155984,0.340909090909091,0.352693602693603,0.966587112171838,"Den",0,"SMCA","ML",1241.700755,"PISCO","Before"
"Abalone Cove SMCA",2011,"Strongylocentrotus purpuratus",1.49160274667044,0.432322092405735,0.097277541747802,4.44421276111764,"Den",0,"SMCA","ML",1241.700755,"PISCO","Before"
"Abalone Cove SMCA",2012,"Macrocystis pyrifera",-0.369065173061074,0.268205505077499,0.387927578834848,0.691380349608198,"Bio",0,"SMCA","ML",1241.700755,"PISCO","Before"
"Abalone Cove SMCA",2012,"Mesocentrotus franciscanus",1.23723773211893,0.376647433336956,0.109297314804783,3.44608130592861,"Bio",0,"SMCA","ML",1241.700755,"PISCO","Before"
"Abalone Cove SMCA",2012,"Panulirus interruptus",-3.80065880183792,0.00442202075378236,0.197799833526794,0.0223560388041649,"Bio",0,"SMCA","ML",1241.700755,"PISCO","Before"
"Abalone Cove SMCA",2012,"Semicossyphus pulcher",-1.90976973497163,0.112369125516416,0.758663968930855,0.148114488255942,"Bio",0,"SMCA","ML",1241.700755,"PISCO","Before"
"Abalone Cove SMCA",2012,"Strongylocentrotus purpuratus",1.28092352788507,0.452401882235819,0.125668486097542,3.59996285691442,"Bio",0,"SMCA","ML",1241.700755,"PISCO","Before"
"Abalone Cove SMCA",2012,"Macrocystis pyrifera",-0.369065173061074,0.268205505077499,0.387927578834848,0.691380349608198,"Den",0,"SMCA","ML",1241.700755,"PISCO","Before"
"Abalone Cove SMCA",2012,"Mesocentrotus franciscanus",2.26861265954913,0.54051724137931,0.0559195402298851,9.66598150051387,"Den",0,"SMCA","ML",1241.700755,"PISCO","Before"
"Abalone Cove SMCA",2012,"Panulirus interruptus",-2.56494935746154,0.0130718954248366,0.169934640522876,0.0769230769230769,"Den",0,"SMCA","ML",1241.700755,"PISCO","Before"
"Abalone Cove SMCA",2012,"Semicossyphus pulcher",-1.08368663845143,0.113636363636364,0.335858585858586,0.338345864661654,"Den",0,"SMCA","ML",1241.700755,"PISCO","Before"
"Abalone Cove SMCA",2012,"Strongylocentrotus purpuratus",1.98048505737536,0.358769251194902,0.049510975393875,7.24625698324022,"Den",0,"SMCA","ML",1241.700755,"PISCO","Before"
"Abalone Cove SMCA",2013,"Macrocystis pyrifera",-1.38100513203053,0.0701830571886692,0.279251291644397,0.251325810439013,"Bio",1,"SMCA","ML",1241.700755,"PISCO","After"
"Abalone Cove SMCA",2013,"Mesocentrotus franciscanus",1.1155300005214,1.00249659176866,0.328559766483697,3.05118488029608,"Bio",1,"SMCA","ML",1241.700755,"PISCO","After"
"Abalone Cove SMCA",2013,"Panulirus interruptus",-1.09861228866811,0.00442202075378236,0.0132660622613471,0.333333333333333,"Bio",1,"SMCA","ML",1241.700755,"PISCO","After"
"Abalone Cove SMCA",2013,"Semicossyphus pulcher",-3.44233409849074,0.0242813294019571,0.759030390020513,0.0319899304707693,"Bio",1,"SMCA","ML",1241.700755,"PISCO","After"
"Abalone Cove SMCA",2013,"Strongylocentrotus purpuratus",-0.160303255890085,0.424373417289315,0.498157864951681,0.851885410522381,"Bio",1,"SMCA","ML",1241.700755,"PISCO","After"
"Abalone Cove SMCA",2013,"Macrocystis pyrifera",-1.38100513203053,0.0701830571886692,0.279251291644397,0.251325810439013,"Den",1,"SMCA","ML",1241.700755,"PISCO","After"
"Abalone Cove SMCA",2013,"Mesocentrotus franciscanus",1.42794437000245,0.628793103448276,0.150785440613027,4.17011815525346,"Den",1,"SMCA","ML",1241.700755,"PISCO","After"
"Abalone Cove SMCA",2013,"Panulirus interruptus",-1.09861228866811,0.0130718954248366,0.0392156862745098,0.333333333333333,"Den",1,"SMCA","ML",1241.700755,"PISCO","After"
"Abalone Cove SMCA",2013,"Semicossyphus pulcher",-2.08406048753613,0.0681818181818182,0.547979797979798,0.124423963133641,"Den",1,"SMCA","ML",1241.700755,"PISCO","After"
"Abalone Cove SMCA",2013,"Strongylocentrotus purpuratus",0.574139200680739,0.272470791290494,0.153452675989851,1.77560143238242,"Den",1,"SMCA","ML",1241.700755,"PISCO","After"
"Abalone Cove SMCA",2014,"Macrocystis pyrifera",-3.66076588209554,0.0116582041688936,0.453400587920898,0.0257128122006926,"Bio",2,"SMCA","ML",1241.700755,"PISCO","After"
"Abalone Cove SMCA",2014,"Mesocentrotus franciscanus",1.0867195539481,0.264261019705568,0.0891408561254366,2.96453311300609,"Bio",2,"SMCA","ML",1241.700755,"PISCO","After"
"Abalone Cove SMCA",2014,"Panulirus interruptus",-3.98750734099465,0.00442202075378236,0.23843675971049,0.0185458851191887,"Bio",2,"SMCA","ML",1241.700755,"PISCO","After"
"Abalone Cove SMCA",2014,"Semicossyphus pulcher",-0.69807806406948,0.143966319705004,0.289355907815154,0.49754062666995,"Bio",2,"SMCA","ML",1241.700755,"PISCO","After"
"Abalone Cove SMCA",2014,"Strongylocentrotus purpuratus",1.75177797849326,1.00008137818992,0.173479367909528,5.76484333694065,"Bio",2,"SMCA","ML",1241.700755,"PISCO","After"
"Abalone Cove SMCA",2014,"Macrocystis pyrifera",-3.66076588209554,0.0116582041688936,0.453400587920898,0.0257128122006926,"Den",2,"SMCA","ML",1241.700755,"PISCO","After"
"Abalone Cove SMCA",2014,"Mesocentrotus franciscanus",1.20546765885601,0.166724137931034,0.0499425287356322,3.33831990794016,"Den",2,"SMCA","ML",1241.700755,"PISCO","After"
"Abalone Cove SMCA",2014,"Panulirus interruptus",-3.09104245335832,0.0130718954248366,0.287581699346405,0.0454545454545455,"Den",2,"SMCA","ML",1241.700755,"PISCO","After"
"Abalone Cove SMCA",2014,"Semicossyphus pulcher",-0.0885533973414451,0.204545454545455,0.223484848484849,0.915254237288136,"Den",2,"SMCA","ML",1241.700755,"PISCO","After"
"Abalone Cove SMCA",2014,"Strongylocentrotus purpuratus",2.68553677976732,1.00003319171535,0.0681868472295981,14.666071718319,"Den",2,"SMCA","ML",1241.700755,"PISCO","After"
"Abalone Cove SMCA",2015,"Macrocystis pyrifera",0.305585851094962,0.619354623196152,0.456273383217531,1.3574200161066,"Bio",3,"SMCA","ML",1241.700755,"PISCO","After"
"Abalone Cove SMCA",2015,"Mesocentrotus franciscanus",1.78418006330872,0.333745238829563,0.0560474066885201,5.95469547207296,"Bio",3,"SMCA","ML",1241.700755,"PISCO","After"
"Abalone Cove SMCA",2015,"Panulirus interruptus",-4.58486428988193,0.00442202075378236,0.433313318487213,0.0102051346338039,"Bio",3,"SMCA","ML",1241.700755,"PISCO","After"
"Abalone Cove SMCA",2015,"Semicossyphus pulcher",0.033061504014166,0.517540573823602,0.500709664724809,1.03361410870318,"Bio",3,"SMCA","ML",1241.700755,"PISCO","After"
"Abalone Cove SMCA",2015,"Strongylocentrotus purpuratus",-0.525178670528674,0.00580724110380368,0.00981865625638797,0.591449680298719,"Bio",3,"SMCA","ML",1241.700755,"PISCO","After"
"Abalone Cove SMCA",2015,"Macrocystis pyrifera",0.305585851094962,0.619354623196152,0.456273383217531,1.3574200161066,"Den",3,"SMCA","ML",1241.700755,"PISCO","After"
"Abalone Cove SMCA",2015,"Mesocentrotus franciscanus",1.62494209897007,0.168103448275862,0.0331034482758621,5.078125,"Den",3,"SMCA","ML",1241.700755,"PISCO","After"
"Abalone Cove SMCA",2015,"Panulirus interruptus",-3.68887945411394,0.0130718954248366,0.522875816993464,0.025,"Den",3,"SMCA","ML",1241.700755,"PISCO","After"
"Abalone Cove SMCA",2015,"Semicossyphus pulcher",0.135437970895104,0.568181818181818,0.496212121212121,1.14503816793893,"Den",3,"SMCA","ML",1241.700755,"PISCO","After"
"Abalone Cove SMCA",2015,"Strongylocentrotus purpuratus",0.217978008013314,0.0058749336165693,0.00472428748451053,1.24355971896956,"Den",3,"SMCA","ML",1241.700755,"PISCO","After"
"Abalone Cove SMCA",2016,"Macrocystis pyrifera",1.24836453297759,1.01165820416889,0.290319347942277,3.48463928201588,"Bio",4,"SMCA","ML",1241.700755,"PISCO","After"
"Abalone Cove SMCA",2016,"Mesocentrotus franciscanus",1.03950505445244,0.04351487467164,0.01538815059965,2.82781705246825,"Bio",4,"SMCA","ML",1241.700755,"PISCO","After"
"Abalone Cove SMCA",2016,"Panulirus interruptus",-3.44796086534756,0.0156756343459978,0.492782755984203,0.0318104360504455,"Bio",4,"SMCA","ML",1241.700755,"PISCO","After"
"Abalone Cove SMCA",2016,"Semicossyphus pulcher",-1.4908068853889,0.0555275113754998,0.24657975325774,0.225190878982912,"Bio",4,"SMCA","ML",1241.700755,"PISCO","After"
"Abalone Cove SMCA",2016,"Strongylocentrotus purpuratus",-0.409380381182472,0.00726344064808409,0.0109379021195529,0.664061587742661,"Bio",4,"SMCA","ML",1241.700755,"PISCO","After"
"Abalone Cove SMCA",2016,"Macrocystis pyrifera",1.24836453297759,1.01165820416889,0.290319347942277,3.48463928201588,"Den",4,"SMCA","ML",1241.700755,"PISCO","After"
"Abalone Cove SMCA",2016,"Mesocentrotus franciscanus",0.894675141398215,0.0223563218390805,0.00913793103448276,2.44654088050314,"Den",4,"SMCA","ML",1241.700755,"PISCO","After"
"Abalone Cove SMCA",2016,"Panulirus interruptus",-2.06821807930999,0.0915032679738562,0.723856209150327,0.126410835214447,"Den",4,"SMCA","ML",1241.700755,"PISCO","After"
"Abalone Cove SMCA",2016,"Semicossyphus pulcher",0.859382599602276,0.840909090909091,0.356060606060606,2.36170212765957,"Den",4,"SMCA","ML",1241.700755,"PISCO","After"
"Abalone Cove SMCA",2016,"Strongylocentrotus purpuratus",0.56102921573257,0.0058749336165693,0.00335236325013277,1.75247524752475,"Den",4,"SMCA","ML",1241.700755,"PISCO","After"
"Abalone Cove SMCA",2017,"Macrocystis pyrifera",0.325901975437941,0.552010956707643,0.39848343132015,1.38527957079386,"Bio",5,"SMCA","ML",1241.700755,"PISCO","After"
"Abalone Cove SMCA",2017,"Mesocentrotus franciscanus",0.618639799609769,0.0139040282107691,0.00748977530599141,1.8564012460623,"Bio",5,"SMCA","ML",1241.700755,"PISCO","After"
"Abalone Cove SMCA",2017,"Panulirus interruptus",-1.99818381084077,0.0210291944437355,0.155103943396079,0.135581301050707,"Bio",5,"SMCA","ML",1241.700755,"PISCO","After"
"Abalone Cove SMCA",2017,"Semicossyphus pulcher",-0.413321757094638,0.252635862926107,0.381942827851825,0.661449422540585,"Bio",5,"SMCA","ML",1241.700755,"PISCO","After"
"Abalone Cove SMCA",2017,"Strongylocentrotus purpuratus",2.93826429438656,0.00461000344383262,0.000244134569751412,18.8830424487884,"Bio",5,"SMCA","ML",1241.700755,"PISCO","After"
"Abalone Cove SMCA",2017,"Macrocystis pyrifera",0.325901975437941,0.552010956707643,0.39848343132015,1.38527957079386,"Den",5,"SMCA","ML",1241.700755,"PISCO","After"
"Abalone Cove SMCA",2017,"Mesocentrotus franciscanus",0.860811579553926,0.0085632183908046,0.00362068965517241,2.36507936507936,"Den",5,"SMCA","ML",1241.700755,"PISCO","After"
"Abalone Cove SMCA",2017,"Panulirus interruptus",-0.998528830111127,0.0915032679738562,0.248366013071895,0.368421052631579,"Den",5,"SMCA","ML",1241.700755,"PISCO","After"
"Abalone Cove SMCA",2017,"Semicossyphus pulcher",-0.180454142619159,0.507575757575758,0.607954545454546,0.834890965732087,"Den",5,"SMCA","ML",1241.700755,"PISCO","After"
"Abalone Cove SMCA",2017,"Strongylocentrotus purpuratus",2.99016122850454,0.001980439015755,9.95751460435475e-05,19.8888888888889,"Den",5,"SMCA","ML",1241.700755,"PISCO","After"
"Abalone Cove SMCA",2018,"Macrocystis pyrifera",2.92044380309295,0.707008284339925,0.0381146445750935,18.5495179666959,"Bio",6,"SMCA","ML",1241.700755,"PISCO","After"
"Abalone Cove SMCA",2018,"Mesocentrotus franciscanus",-0.255879190367283,0.055138621538126,0.071216860584214,0.774235498248685,"Bio",6,"SMCA","ML",1241.700755,"PISCO","After"
"Abalone Cove SMCA",2018,"Panulirus interruptus",1.51743441204171,0.369382297633531,0.0809958349216662,4.56050978412375,"Bio",6,"SMCA","ML",1241.700755,"PISCO","After"
"Abalone Cove SMCA",2018,"Semicossyphus pulcher",-0.0356578506470827,0.449635288217106,0.465957595951904,0.964970401005153,"Bio",6,"SMCA","ML",1241.700755,"PISCO","After"
"Abalone Cove SMCA",2018,"Strongylocentrotus purpuratus",3.10425179109878,0.0249390633642132,0.0011187182304975,22.2925332620373,"Bio",6,"SMCA","ML",1241.700755,"PISCO","After"
"Abalone Cove SMCA",2018,"Macrocystis pyrifera",2.92044380309295,0.707008284339925,0.0381146445750935,18.5495179666959,"Den",6,"SMCA","ML",1241.700755,"PISCO","After"
"Abalone Cove SMCA",2018,"Mesocentrotus franciscanus",0.134279615629875,0.0329310344827586,0.0287931034482759,1.1437125748503,"Den",6,"SMCA","ML",1241.700755,"PISCO","After"
"Abalone Cove SMCA",2018,"Panulirus interruptus",1.1314021114911,0.405228758169935,0.130718954248366,3.1,"Den",6,"SMCA","ML",1241.700755,"PISCO","After"
"Abalone Cove SMCA",2018,"Semicossyphus pulcher",0.0312525435041043,0.492424242424242,0.477272727272727,1.03174603174603,"Den",6,"SMCA","ML",1241.700755,"PISCO","After"
"Abalone Cove SMCA",2018,"Strongylocentrotus purpuratus",2.25817924305149,0.0104775181448044,0.00109532660647902,9.56565656565656,"Den",6,"SMCA","ML",1241.700755,"PISCO","After"
"Abalone Cove SMCA",2019,"Macrocystis pyrifera",0.547379433145842,0.51620122928915,0.298603687867451,1.72871685870903,"Bio",7,"SMCA","ML",1241.700755,"PISCO","After"
"Abalone Cove SMCA",2019,"Mesocentrotus franciscanus",0.246882976343827,0.0369631098482615,0.0288767683292365,1.28002931030332,"Bio",7,"SMCA","ML",1241.700755,"PISCO","After"
"Abalone Cove SMCA",2019,"Panulirus interruptus",-0.00892639249666962,0.529873006535179,0.53462403418672,0.991113329465691,"Bio",7,"SMCA","ML",1241.700755,"PISCO","After"
"Abalone Cove SMCA",2019,"Semicossyphus pulcher",0.0573499985338043,0.782538644546689,0.738922695564962,1.05902640322663,"Bio",7,"SMCA","ML",1241.700755,"PISCO","After"
"Abalone Cove SMCA",2019,"Strongylocentrotus purpuratus",-0.871888009644568,0.00461940426287581,0.0110469432307636,0.418161310905597,"Bio",7,"SMCA","ML",1241.700755,"PISCO","After"
"Abalone Cove SMCA",2019,"Macrocystis pyrifera",0.547379433145842,0.51620122928915,0.298603687867451,1.72871685870903,"Den",7,"SMCA","ML",1241.700755,"PISCO","After"
"Abalone Cove SMCA",2019,"Mesocentrotus franciscanus",-0.00875918008988147,0.0195977011494253,0.0197701149425287,0.991279069767442,"Den",7,"SMCA","ML",1241.700755,"PISCO","After"
"Abalone Cove SMCA",2019,"Panulirus interruptus",0.327872953035026,0.718954248366013,0.51797385620915,1.38801261829653,"Den",7,"SMCA","ML",1241.700755,"PISCO","After"
"Abalone Cove SMCA",2019,"Semicossyphus pulcher",0.0885151366714962,0.916666666666667,0.839015151515151,1.09255079006772,"Den",7,"SMCA","ML",1241.700755,"PISCO","After"
"Abalone Cove SMCA",2019,"Strongylocentrotus purpuratus",-0.578455337473235,0.00357364135245176,0.00637280934678704,0.560763888888889,"Den",7,"SMCA","ML",1241.700755,"PISCO","After"
"Abalone Cove SMCA",2020,"Macrocystis pyrifera",-0.271396877910792,0.4771846606093,0.625968733297702,0.762313890815945,"Bio",8,"SMCA","ML",1241.700755,"PISCO","After"
"Abalone Cove SMCA",2020,"Mesocentrotus franciscanus",-0.508217166143844,0.0149840276884342,0.0249083223649188,0.601567117564604,"Bio",8,"SMCA","ML",1241.700755,"PISCO","After"
"Abalone Cove SMCA",2020,"Panulirus interruptus",-1.15889856789167,0.315219424941826,1.00442202075378,0.313831654850881,"Bio",8,"SMCA","ML",1241.700755,"PISCO","After"
"Abalone Cove SMCA",2020,"Semicossyphus pulcher",2.12719461534578,0.976141970836136,0.116327957563535,8.39129295554767,"Bio",8,"SMCA","ML",1241.700755,"PISCO","After"
"Abalone Cove SMCA",2020,"Strongylocentrotus purpuratus",-2.58679171481024,0.000446015053424699,0.00592623520879601,0.0752611122762562,"Bio",8,"SMCA","ML",1241.700755,"PISCO","After"
"Abalone Cove SMCA",2020,"Macrocystis pyrifera",-0.271396877910792,0.4771846606093,0.625968733297702,0.762313890815945,"Den",8,"SMCA","ML",1241.700755,"PISCO","After"
"Abalone Cove SMCA",2020,"Mesocentrotus franciscanus",-0.410528410064711,0.0113218390804598,0.0170689655172414,0.663299663299663,"Den",8,"SMCA","ML",1241.700755,"PISCO","After"
"Abalone Cove SMCA",2020,"Panulirus interruptus",-1.1314021114911,0.326797385620915,1.01307189542484,0.32258064516129,"Den",8,"SMCA","ML",1241.700755,"PISCO","After"
"Abalone Cove SMCA",2020,"Semicossyphus pulcher",1.62813004544625,1.02272727272727,0.200757575757576,5.09433962264151,"Den",8,"SMCA","ML",1241.700755,"PISCO","After"
"Abalone Cove SMCA",2020,"Strongylocentrotus purpuratus",-2.54862246417411,0.000210214197203045,0.00268852894317578,0.0781893004115226,"Den",8,"SMCA","ML",1241.700755,"PISCO","After"
"Abalone Cove SMCA",2021,"Macrocystis pyrifera",1.98392838043568,0.254309192944949,0.0349746125066809,7.2712511938873,"Bio",9,"SMCA","ML",1241.700755,"PISCO","After"
"Abalone Cove SMCA",2021,"Mesocentrotus franciscanus",0.74812754290161,0.101189406837302,0.047888075751301,2.11303973379121,"Bio",9,"SMCA","ML",1241.700755,"PISCO","After"
"Abalone Cove SMCA",2021,"Panulirus interruptus",1.81279755379754,0.524966543294218,0.0856729362806683,6.12756567108199,"Bio",9,"SMCA","ML",1241.700755,"PISCO","After"
"Abalone Cove SMCA",2021,"Semicossyphus pulcher",0.668460151974865,0.474813347282801,0.243340481664105,1.95123040784562,"Bio",9,"SMCA","ML",1241.700755,"PISCO","After"
"Abalone Cove SMCA",2021,"Strongylocentrotus purpuratus",0.0845062955834004,0.0061613763108728,0.00566209454150176,1.08817969493646,"Bio",9,"SMCA","ML",1241.700755,"PISCO","After"
"Abalone Cove SMCA",2021,"Macrocystis pyrifera",1.98392838043568,0.254309192944949,0.0349746125066809,7.2712511938873,"Den",9,"SMCA","ML",1241.700755,"PISCO","After"
"Abalone Cove SMCA",2021,"Mesocentrotus franciscanus",0.198588229070254,0.030632183908046,0.0251149425287356,1.21967963386728,"Den",9,"SMCA","ML",1241.700755,"PISCO","After"
"Abalone Cove SMCA",2021,"Panulirus interruptus",1.75175413461436,0.640522875816993,0.111111111111111,5.76470588235294,"Den",9,"SMCA","ML",1241.700755,"PISCO","After"
"Abalone Cove SMCA",2021,"Semicossyphus pulcher",0.405465108108164,0.477272727272727,0.318181818181818,1.5,"Den",9,"SMCA","ML",1241.700755,"PISCO","After"
"Abalone Cove SMCA",2021,"Strongylocentrotus purpuratus",0.454642344084248,0.00357364135245176,0.00226810054876969,1.57560975609756,"Den",9,"SMCA","ML",1241.700755,"PISCO","After"
"Abalone Cove SMCA",2022,"Macrocystis pyrifera",-0.116505349851841,0.316842597541422,0.355992784607162,0.890025335460261,"Bio",10,"SMCA","ML",1241.700755,"PISCO","After"
"Abalone Cove SMCA",2022,"Mesocentrotus franciscanus",-1.01916404834491,0.0370422110948282,0.102639428380815,0.360896506139857,"Bio",10,"SMCA","ML",1241.700755,"PISCO","After"
"Abalone Cove SMCA",2022,"Panulirus interruptus",-1.42657770564418,0.0906327897061257,0.37743326458428,0.240129310822543,"Bio",10,"SMCA","ML",1241.700755,"PISCO","After"
"Abalone Cove SMCA",2022,"Semicossyphus pulcher",0.953172021827274,0.589420413958479,0.22723112766454,2.59392460890585,"Bio",10,"SMCA","ML",1241.700755,"PISCO","After"
"Abalone Cove SMCA",2022,"Strongylocentrotus purpuratus",-1.50465754031955,0.0203557449228095,0.0916540092134495,0.222093338823879,"Bio",10,"SMCA","ML",1241.700755,"PISCO","After"
"Abalone Cove SMCA",2022,"Macrocystis pyrifera",-0.116505349851841,0.316842597541422,0.355992784607162,0.890025335460261,"Den",10,"SMCA","ML",1241.700755,"PISCO","After"
"Abalone Cove SMCA",2022,"Mesocentrotus franciscanus",-0.929131018347332,0.0186781609195402,0.0472988505747126,0.394896719319563,"Den",10,"SMCA","ML",1241.700755,"PISCO","After"
"Abalone Cove SMCA",2022,"Panulirus interruptus",-0.253448900809539,0.169934640522876,0.218954248366013,0.776119402985075,"Den",10,"SMCA","ML",1241.700755,"PISCO","After"
"Abalone Cove SMCA",2022,"Semicossyphus pulcher",0.851752210736584,0.568181818181818,0.242424242424242,2.34375,"Den",10,"SMCA","ML",1241.700755,"PISCO","After"
"Abalone Cove SMCA",2022,"Strongylocentrotus purpuratus",-1.75576586658015,0.00693706850770048,0.0401509116657816,0.172774869109948,"Den",10,"SMCA","ML",1241.700755,"PISCO","After"
"Abalone Cove SMCA",2023,"Macrocystis pyrifera",-0.422024674418555,0.271412346338856,0.413916354890433,0.655717859736906,"Bio",11,"SMCA","ML",1241.700755,"PISCO","After"
"Abalone Cove SMCA",2023,"Mesocentrotus franciscanus",0.0680427302012479,0.0637186049612778,0.0595272303819236,1.070411046381,"Bio",11,"SMCA","ML",1241.700755,"PISCO","After"
"Abalone Cove SMCA",2023,"Panulirus interruptus",-1.90601759632824,0.0217263828835761,0.146137055763213,0.148671278274413,"Bio",11,"SMCA","ML",1241.700755,"PISCO","After"
"Abalone Cove SMCA",2023,"Semicossyphus pulcher",0.829644578074454,0.545798020174429,0.238079440790164,2.29250378933592,"Bio",11,"SMCA","ML",1241.700755,"PISCO","After"
"Abalone Cove SMCA",2023,"Strongylocentrotus purpuratus",-1.15868784910711,0.00194686012885654,0.00620221033152609,0.313897792043679,"Bio",11,"SMCA","ML",1241.700755,"PISCO","After"
"Abalone Cove SMCA",2023,"Macrocystis pyrifera",-0.422024674418555,0.271412346338856,0.413916354890433,0.655717859736906,"Den",11,"SMCA","ML",1241.700755,"PISCO","After"
"Abalone Cove SMCA",2023,"Mesocentrotus franciscanus",0.0215525583857341,0.0269540229885057,0.0263793103448276,1.02178649237473,"Den",11,"SMCA","ML",1241.700755,"PISCO","After"
"Abalone Cove SMCA",2023,"Panulirus interruptus",-0.559615787935423,0.0915032679738562,0.160130718954248,0.571428571428571,"Den",11,"SMCA","ML",1241.700755,"PISCO","After"
"Abalone Cove SMCA",2023,"Semicossyphus pulcher",0.51409894911096,0.386363636363636,0.231060606060606,1.67213114754098,"Den",11,"SMCA","ML",1241.700755,"PISCO","After"
"Abalone Cove SMCA",2023,"Strongylocentrotus purpuratus",-0.145332987424614,0.001980439015755,0.00229022835900159,0.864734299516908,"Den",11,"SMCA","ML",1241.700755,"PISCO","After"
"Anacapa Island SMR 2003",2004,"Semicossyphus pulcher",-0.645348588952563,0.0643375527783726,0.122669294799493,0.524479682413877,"Bio",1,"SMR","C",NA,"PISCO","After"
"Anacapa Island SMR 2003",2004,"Semicossyphus pulcher",0.195744577126095,0.0945378151260504,0.0777310924369748,1.21621621621622,"Den",1,"SMR","C",NA,"PISCO","After"
"Anacapa Island SMR 2003",2005,"Semicossyphus pulcher",0.504931592768009,0.163456901713181,0.0986538999353314,1.65687217454483,"Bio",2,"SMR","C",NA,"PISCO","After"
"Anacapa Island SMR 2003",2005,"Semicossyphus pulcher",0.68197387996182,0.186974789915966,0.0945378151260504,1.97777777777778,"Den",2,"SMR","C",NA,"PISCO","After"
"Anacapa Island SMR 2003",2006,"Semicossyphus pulcher",0.510598504823739,0.0829116922808029,0.0497583151411401,1.66628817807884,"Bio",3,"SMR","C",NA,"PISCO","After"
"Anacapa Island SMR 2003",2006,"Semicossyphus pulcher",0.93826963859293,0.144957983193277,0.0567226890756303,2.55555555555556,"Den",3,"SMR","C",NA,"PISCO","After"
"Anacapa Island SMR 2003",2007,"Macrocystis pyrifera",-0.236946074240787,0.373648648648649,0.473552123552124,0.789033836119038,"Bio",4,"SMR","C",NA,"PISCO","After"
"Anacapa Island SMR 2003",2007,"Semicossyphus pulcher",1.07291186798826,0.306424019915892,0.104800438997635,2.92388107193719,"Bio",4,"SMR","C",NA,"PISCO","After"
"Anacapa Island SMR 2003",2007,"Macrocystis pyrifera",-0.236946074240787,0.373648648648649,0.473552123552124,0.789033836119038,"Den",4,"SMR","C",NA,"PISCO","After"
"Anacapa Island SMR 2003",2007,"Mesocentrotus franciscanus",-0.560354007220066,0.351362260343088,0.615338042381433,0.5710068875041,"Den",4,"SMR","C",NA,"PISCO","After"
"Anacapa Island SMR 2003",2007,"Panulirus interruptus",2.28819635554195,0.257462686567164,0.0261194029850746,9.85714285714286,"Den",4,"SMR","C",NA,"PISCO","After"
"Anacapa Island SMR 2003",2007,"Semicossyphus pulcher",0.835567520601714,0.237394957983193,0.102941176470588,2.30612244897959,"Den",4,"SMR","C",NA,"PISCO","After"
"Anacapa Island SMR 2003",2007,"Strongylocentrotus purpuratus",-0.354843279271116,0.448300631356092,0.639257494990738,0.701283340233012,"Den",4,"SMR","C",NA,"PISCO","After"
"Anacapa Island SMR 2003",2008,"Macrocystis pyrifera",0.488379041872499,0.408204633204633,0.250482625482626,1.62967244701349,"Bio",5,"SMR","C",NA,"PISCO","After"
"Anacapa Island SMR 2003",2008,"Semicossyphus pulcher",-0.510392770112295,0.142616910406801,0.237591985857734,0.600259768409014,"Bio",5,"SMR","C",NA,"PISCO","After"
"Anacapa Island SMR 2003",2008,"Macrocystis pyrifera",0.4883790418725,0.408204633204633,0.250482625482626,1.62967244701349,"Den",5,"SMR","C",NA,"PISCO","After"
"Anacapa Island SMR 2003",2008,"Mesocentrotus franciscanus",-0.981206142173087,0.334611503531786,0.89263370332997,0.374858693194664,"Den",5,"SMR","C",NA,"PISCO","After"
"Anacapa Island SMR 2003",2008,"Panulirus interruptus",2.51230562397611,0.138059701492537,0.0111940298507463,12.3333333333333,"Den",5,"SMR","C",NA,"PISCO","After"
"Anacapa Island SMR 2003",2008,"Semicossyphus pulcher",-0.42744401482694,0.0945378151260504,0.144957983193277,0.652173913043478,"Den",5,"SMR","C",NA,"PISCO","After"
"Anacapa Island SMR 2003",2008,"Strongylocentrotus purpuratus",0.133197859468686,0.599032172696685,0.524328002722014,1.14247602566876,"Den",5,"SMR","C",NA,"PISCO","After"
"Anacapa Island SMR 2003",2009,"Macrocystis pyrifera",0.23418778941534,0.239478764478764,0.189478764478764,1.26388181355069,"Bio",6,"SMR","C",NA,"PISCO","After"
"Anacapa Island SMR 2003",2009,"Semicossyphus pulcher",0.646441489471717,0.737909094251148,0.386595585921483,1.90873647067718,"Bio",6,"SMR","C",NA,"PISCO","After"
"Anacapa Island SMR 2003",2009,"Macrocystis pyrifera",0.23418778941534,0.239478764478764,0.189478764478764,1.26388181355069,"Den",6,"SMR","C",NA,"PISCO","After"
"Anacapa Island SMR 2003",2009,"Mesocentrotus franciscanus",-0.110310622712583,0.563269424823411,0.628960645812311,0.89555591208086,"Den",6,"SMR","C",NA,"PISCO","After"
"Anacapa Island SMR 2003",2009,"Panulirus interruptus",2.7320034421247,0.630597014925373,0.041044776119403,15.3636363636364,"Den",6,"SMR","C",NA,"PISCO","After"
"Anacapa Island SMR 2003",2009,"Semicossyphus pulcher",0.638206062528644,0.632352941176471,0.334033613445378,1.89308176100629,"Den",6,"SMR","C",NA,"PISCO","After"
"Anacapa Island SMR 2003",2009,"Strongylocentrotus purpuratus",-0.0974103698340266,0.570526634153718,0.628898718384938,0.907183648932973,"Den",6,"SMR","C",NA,"PISCO","After"
"Anacapa Island SMR 2003",2010,"Macrocystis pyrifera",1.22369378563905,0.472876447876448,0.139092664092664,3.39972241498959,"Bio",7,"SMR","C",NA,"PISCO","After"
"Anacapa Island SMR 2003",2010,"Semicossyphus pulcher",0.903613107393186,1.01658610504705,0.411822416889349,2.46850599519499,"Bio",7,"SMR","C",NA,"PISCO","After"
"Anacapa Island SMR 2003",2010,"Macrocystis pyrifera",1.22369378563905,0.472876447876448,0.139092664092664,3.39972241498959,"Den",7,"SMR","C",NA,"PISCO","After"
"Anacapa Island SMR 2003",2010,"Mesocentrotus franciscanus",-0.988974429476128,0.271442986881937,0.729767911200807,0.37195796460177,"Den",7,"SMR","C",NA,"PISCO","After"
"Anacapa Island SMR 2003",2010,"Panulirus interruptus",1.75785791755237,0.108208955223881,0.0186567164179104,5.8,"Den",7,"SMR","C",NA,"PISCO","After"
"Anacapa Island SMR 2003",2010,"Semicossyphus pulcher",0.0279738520424059,0.304621848739496,0.296218487394958,1.02836879432624,"Den",7,"SMR","C",NA,"PISCO","After"
"Anacapa Island SMR 2003",2010,"Strongylocentrotus purpuratus",-0.714691150734746,0.276889342557937,0.565838720653284,0.489343221754527,"Den",7,"SMR","C",NA,"PISCO","After"
"Anacapa Island SMR 2003",2011,"Macrocystis pyrifera",1.08056668619894,0.190830115830116,0.0647683397683397,2.94634873323398,"Bio",8,"SMR","C",NA,"PISCO","After"
"Anacapa Island SMR 2003",2011,"Semicossyphus pulcher",1.31565661222662,0.633092090497897,0.169857403472492,3.72719750540886,"Bio",8,"SMR","C",NA,"PISCO","After"
"Anacapa Island SMR 2003",2011,"Macrocystis pyrifera",1.08056668619894,0.190830115830116,0.0647683397683398,2.94634873323398,"Den",8,"SMR","C",NA,"PISCO","After"
"Anacapa Island SMR 2003",2011,"Mesocentrotus franciscanus",-1.24595613540695,0.289001009081736,1.00464177598385,0.287665729208517,"Den",8,"SMR","C",NA,"PISCO","After"
"Anacapa Island SMR 2003",2011,"Panulirus interruptus",3.49650756146648,0.123134328358209,0.00373134328358209,33,"Den",8,"SMR","C",NA,"PISCO","After"
"Anacapa Island SMR 2003",2011,"Semicossyphus pulcher",1.26147129638715,0.36344537815126,0.102941176470588,3.53061224489796,"Den",8,"SMR","C",NA,"PISCO","After"
"Anacapa Island SMR 2003",2011,"Strongylocentrotus purpuratus",-0.693296245179734,0.38040149710786,0.760916411477827,0.499925473244895,"Den",8,"SMR","C",NA,"PISCO","After"
"Anacapa Island SMR 2003",2012,"Macrocystis pyrifera",0.729752891628743,0.405501930501931,0.19546332046332,2.07456790123457,"Bio",9,"SMR","C",NA,"PISCO","After"
"Anacapa Island SMR 2003",2012,"Semicossyphus pulcher",1.07115403099787,0.505110492494811,0.173057372309055,2.91874588037058,"Bio",9,"SMR","C",NA,"PISCO","After"
"Anacapa Island SMR 2003",2012,"Macrocystis pyrifera",0.729752891628743,0.40550193050193,0.19546332046332,2.07456790123457,"Den",9,"SMR","C",NA,"PISCO","After"
"Anacapa Island SMR 2003",2012,"Mesocentrotus franciscanus",-0.684510482827354,0.328557013118063,0.65146316851665,0.504337050805452,"Den",9,"SMR","C",NA,"PISCO","After"
"Anacapa Island SMR 2003",2012,"Panulirus interruptus",4.23410650459726,0.257462686567164,0.00373134328358209,69,"Den",9,"SMR","C",NA,"PISCO","After"
"Anacapa Island SMR 2003",2012,"Semicossyphus pulcher",1.01381575200803,0.237394957983193,0.0861344537815126,2.75609756097561,"Den",9,"SMR","C",NA,"PISCO","After"
"Anacapa Island SMR 2003",2012,"Strongylocentrotus purpuratus",-0.175980726804153,0.324978261691429,0.387508978866583,0.838634146341463,"Den",9,"SMR","C",NA,"PISCO","After"
"Anacapa Island SMR 2003",2014,"Macrocystis pyrifera",5.03333857607307,0.666505791505791,0.00434362934362934,153.444444444444,"Bio",11,"SMR","C",NA,"PISCO","After"
"Anacapa Island SMR 2003",2014,"Semicossyphus pulcher",0.115372619757702,0.272757443226423,0.243036173436231,1.12229154767362,"Bio",11,"SMR","C",NA,"PISCO","After"
"Anacapa Island SMR 2003",2014,"Macrocystis pyrifera",5.03333857607307,0.666505791505791,0.00434362934362934,153.444444444444,"Den",11,"SMR","C",NA,"PISCO","After"
"Anacapa Island SMR 2003",2014,"Mesocentrotus franciscanus",-0.825318953668429,0.194954591321897,0.445005045408678,0.438095238095238,"Den",11,"SMR","C",NA,"PISCO","After"
"Anacapa Island SMR 2003",2014,"Panulirus interruptus",0.880358722648092,0.152985074626866,0.0634328358208955,2.41176470588235,"Den",11,"SMR","C",NA,"PISCO","After"
"Anacapa Island SMR 2003",2014,"Semicossyphus pulcher",0.680877087968131,0.170168067226891,0.0861344537815126,1.97560975609756,"Den",11,"SMR","C",NA,"PISCO","After"
"Anacapa Island SMR 2003",2014,"Strongylocentrotus purpuratus",-2.52284263941912,0.0262371933008204,0.327019772409361,0.0802312138728324,"Den",11,"SMR","C",NA,"PISCO","After"
"Anacapa Island SMR 2003",2015,"Macrocystis pyrifera",5.48700748979287,0.349710424710425,0.00144787644787645,241.533333333333,"Bio",12,"SMR","C",NA,"PISCO","After"
"Anacapa Island SMR 2003",2015,"Semicossyphus pulcher",0.500323214857335,0.17680324423773,0.107201933509018,1.64925424803888,"Bio",12,"SMR","C",NA,"PISCO","After"
"Anacapa Island SMR 2003",2015,"Macrocystis pyrifera",5.48700748979287,0.349710424710425,0.00144787644787645,241.533333333333,"Den",12,"SMR","C",NA,"PISCO","After"
"Anacapa Island SMR 2003",2015,"Mesocentrotus franciscanus",-1.88970122949844,0.0696266397578204,0.460746720484359,0.151116951379763,"Den",12,"SMR","C",NA,"PISCO","After"
"Anacapa Island SMR 2003",2015,"Panulirus interruptus",2.32007825044156,0.645522388059701,0.0634328358208955,10.1764705882353,"Den",12,"SMR","C",NA,"PISCO","After"
"Anacapa Island SMR 2003",2015,"Semicossyphus pulcher",-0.152969344781427,0.254201680672269,0.296218487394958,0.858156028368794,"Den",12,"SMR","C",NA,"PISCO","After"
"Anacapa Island SMR 2003",2015,"Strongylocentrotus purpuratus",-2.92341961194237,0.0236285962723527,0.439605307927867,0.05374957000344,"Den",12,"SMR","C",NA,"PISCO","After"
"Anacapa Island SMR 2003",2016,"Macrocystis pyrifera",2.40994361131455,0.0161196911196911,0.00144787644787645,11.1333333333333,"Bio",13,"SMR","C",NA,"PISCO","After"
"Anacapa Island SMR 2003",2016,"Semicossyphus pulcher",0.919016647419042,0.432236562712748,0.172423970712425,2.5068240855771,"Bio",13,"SMR","C",NA,"PISCO","After"
"Anacapa Island SMR 2003",2016,"Macrocystis pyrifera",2.40994361131455,0.0161196911196911,0.00144787644787645,11.1333333333333,"Den",13,"SMR","C",NA,"PISCO","After"
"Anacapa Island SMR 2003",2016,"Mesocentrotus franciscanus",-2.00421812044225,0.0139253279515641,0.103329969727548,0.134765625,"Den",13,"SMR","C",NA,"PISCO","After"
"Anacapa Island SMR 2003",2016,"Panulirus interruptus",2.19722457733622,0.436567164179104,0.0485074626865672,9,"Den",13,"SMR","C",NA,"PISCO","After"
"Anacapa Island SMR 2003",2016,"Semicossyphus pulcher",0.112972665603486,0.707983193277311,0.632352941176471,1.11960132890365,"Den",13,"SMR","C",NA,"PISCO","After"
"Anacapa Island SMR 2003",2016,"Strongylocentrotus purpuratus",-2.40321220151262,0.0122490643075876,0.135458016710143,0.0904270164666481,"Den",13,"SMR","C",NA,"PISCO","After"
"Anacapa Island SMR 2003",2017,"Macrocystis pyrifera",2.47374332778579,0.64488416988417,0.0543436293436293,11.866785079929,"Bio",14,"SMR","C",NA,"PISCO","After"
"Anacapa Island SMR 2003",2017,"Semicossyphus pulcher",-0.552338071917677,0.251982899335121,0.437772468611595,0.575602435973852,"Bio",14,"SMR","C",NA,"PISCO","After"
"Anacapa Island SMR 2003",2017,"Macrocystis pyrifera",2.47374332778579,0.64488416988417,0.0543436293436293,11.866785079929,"Den",14,"SMR","C",NA,"PISCO","After"
"Anacapa Island SMR 2003",2017,"Mesocentrotus franciscanus",-2.35086309325984,0.0187689202825429,0.196972754793138,0.0952868852459016,"Den",14,"SMR","C",NA,"PISCO","After"
"Anacapa Island SMR 2003",2017,"Panulirus interruptus",1.24958331557799,0.585820895522388,0.167910447761194,3.48888888888889,"Den",14,"SMR","C",NA,"PISCO","After"
"Anacapa Island SMR 2003",2017,"Semicossyphus pulcher",-1.35583515363518,0.262605042016807,1.01890756302521,0.257731958762887,"Den",14,"SMR","C",NA,"PISCO","After"
"Anacapa Island SMR 2003",2017,"Strongylocentrotus purpuratus",-2.97310157696291,0.0122490643075876,0.239499451816567,0.0511444356748224,"Den",14,"SMR","C",NA,"PISCO","After"
"Anacapa Island SMR 2003",2018,"Macrocystis pyrifera",1.65121944644906,0.943532818532819,0.180984555984556,5.21333333333333,"Bio",15,"SMR","C",NA,"PISCO","After"
"Anacapa Island SMR 2003",2018,"Semicossyphus pulcher",0.231044095133054,0.599152711771875,0.475550183604424,1.25991479433486,"Bio",15,"SMR","C",NA,"PISCO","After"
"Anacapa Island SMR 2003",2018,"Macrocystis pyrifera",1.65121944644906,0.943532818532819,0.180984555984556,5.21333333333333,"Den",15,"SMR","C",NA,"PISCO","After"
"Anacapa Island SMR 2003",2018,"Mesocentrotus franciscanus",-2.43141796483701,0.025832492431887,0.293844601412714,0.0879120879120879,"Den",15,"SMR","C",NA,"PISCO","After"
"Anacapa Island SMR 2003",2018,"Panulirus interruptus",1.54716098291259,0.92910447761194,0.197761194029851,4.69811320754717,"Den",15,"SMR","C",NA,"PISCO","After"
"Anacapa Island SMR 2003",2018,"Semicossyphus pulcher",-0.940751029444316,0.220588235294118,0.565126050420168,0.390334572490706,"Den",15,"SMR","C",NA,"PISCO","After"
"Anacapa Island SMR 2003",2018,"Strongylocentrotus purpuratus",-3.33256069895902,0.0151601073683415,0.424634229329704,0.035701566951567,"Den",15,"SMR","C",NA,"PISCO","After"
"Anacapa Island SMR 2003",2019,"Macrocystis pyrifera",1.18279032098446,0.695849420849421,0.213223938223938,3.26346763241286,"Bio",16,"SMR","C",NA,"PISCO","After"
"Anacapa Island SMR 2003",2019,"Semicossyphus pulcher",-0.10245575244368,0.562408191637613,0.623085443796721,0.902618087514008,"Bio",16,"SMR","C",NA,"PISCO","After"
"Anacapa Island SMR 2003",2019,"Macrocystis pyrifera",1.18279032098446,0.695849420849421,0.213223938223938,3.26346763241286,"Den",16,"SMR","C",NA,"PISCO","After"
"Anacapa Island SMR 2003",2019,"Mesocentrotus franciscanus",-2.28190018684053,0.0256306760847629,0.251059535822402,0.102090032154341,"Den",16,"SMR","C",NA,"PISCO","After"
"Anacapa Island SMR 2003",2019,"Panulirus interruptus",1.75785791755237,0.541044776119403,0.0932835820895522,5.8,"Den",16,"SMR","C",NA,"PISCO","After"
"Anacapa Island SMR 2003",2019,"Semicossyphus pulcher",-0.768729861725952,0.254201680672269,0.548319327731092,0.46360153256705,"Den",16,"SMR","C",NA,"PISCO","After"
"Anacapa Island SMR 2003",2019,"Strongylocentrotus purpuratus",-2.98239065661642,0.0125515103398737,0.247703300442327,0.0506715506715507,"Den",16,"SMR","C",NA,"PISCO","After"
"Anacapa Island SMR 2003",2020,"Macrocystis pyrifera",0.272837165296645,0.63465250965251,0.483108108108108,1.31368631368631,"Bio",17,"SMR","C",NA,"PISCO","After"
"Anacapa Island SMR 2003",2020,"Semicossyphus pulcher",0.0809717939972242,0.469549058539465,0.433027393408458,1.08434031122959,"Bio",17,"SMR","C",NA,"PISCO","After"
"Anacapa Island SMR 2003",2020,"Macrocystis pyrifera",0.272837165296644,0.63465250965251,0.483108108108108,1.31368631368631,"Den",17,"SMR","C",NA,"PISCO","After"
"Anacapa Island SMR 2003",2020,"Mesocentrotus franciscanus",-1.90873702759562,0.0371342078708375,0.250454086781029,0.148267526188558,"Den",17,"SMR","C",NA,"PISCO","After"
"Anacapa Island SMR 2003",2020,"Panulirus interruptus",2.37583555473364,1.00373134328358,0.0932835820895522,10.76,"Den",17,"SMR","C",NA,"PISCO","After"
"Anacapa Island SMR 2003",2020,"Semicossyphus pulcher",-0.253602758798918,0.203781512605042,0.262605042016807,0.776,"Den",17,"SMR","C",NA,"PISCO","After"
"Anacapa Island SMR 2003",2020,"Strongylocentrotus purpuratus",-2.51603899376074,0.0169369778080224,0.209670711882348,0.0807789397764155,"Den",17,"SMR","C",NA,"PISCO","After"
"Anacapa Island SMR 2003",2021,"Macrocystis pyrifera",0.95151610094128,0.810135135135135,0.312837837837838,2.58963282937365,"Bio",18,"SMR","C",NA,"PISCO","After"
"Anacapa Island SMR 2003",2021,"Semicossyphus pulcher",0.0548568703536949,0.500682517796177,0.473956399291306,1.05638940321269,"Bio",18,"SMR","C",NA,"PISCO","After"
"Anacapa Island SMR 2003",2021,"Macrocystis pyrifera",0.95151610094128,0.810135135135135,0.312837837837838,2.58963282937365,"Den",18,"SMR","C",NA,"PISCO","After"
"Anacapa Island SMR 2003",2021,"Mesocentrotus franciscanus",-2.34774852700606,0.034510595358224,0.361049445005045,0.0955841252096143,"Den",18,"SMR","C",NA,"PISCO","After"
"Anacapa Island SMR 2003",2021,"Panulirus interruptus",0.561684040999482,0.451492537313433,0.257462686567164,1.7536231884058,"Den",18,"SMR","C",NA,"PISCO","After"
"Anacapa Island SMR 2003",2021,"Semicossyphus pulcher",-0.497838428239179,0.195378151260504,0.321428571428571,0.607843137254902,"Den",18,"SMR","C",NA,"PISCO","After"
"Anacapa Island SMR 2003",2021,"Strongylocentrotus purpuratus",-3.10350367379613,0.0142527692714831,0.317492722392348,0.0448916408668731,"Den",18,"SMR","C",NA,"PISCO","After"
"Anacapa Island SMR 2003",2022,"Macrocystis pyrifera",0.773404494324826,0.749710424710425,0.345945945945946,2.16713169642857,"Bio",19,"SMR","C",NA,"PISCO","After"
"Anacapa Island SMR 2003",2022,"Semicossyphus pulcher",0.52611548215212,0.625396784379406,0.369544372507823,1.69234557716386,"Bio",19,"SMR","C",NA,"PISCO","After"
"Anacapa Island SMR 2003",2022,"Macrocystis pyrifera",0.773404494324826,0.749710424710425,0.345945945945946,2.16713169642857,"Den",19,"SMR","C",NA,"PISCO","After"
"Anacapa Island SMR 2003",2022,"Mesocentrotus franciscanus",-1.7222586827213,0.0425832492431887,0.238345105953582,0.178662150719729,"Den",19,"SMR","C",NA,"PISCO","After"
"Anacapa Island SMR 2003",2022,"Panulirus interruptus",2.40651601584228,0.869402985074627,0.0783582089552239,11.0952380952381,"Den",19,"SMR","C",NA,"PISCO","After"
"Anacapa Island SMR 2003",2022,"Semicossyphus pulcher",0.0833816089390508,0.262605042016807,0.241596638655462,1.08695652173913,"Den",19,"SMR","C",NA,"PISCO","After"
"Anacapa Island SMR 2003",2022,"Strongylocentrotus purpuratus",-2.60585926020566,0.015878416695021,0.215039128955427,0.0738396624472574,"Den",19,"SMR","C",NA,"PISCO","After"
"Anacapa Island SMR 2003",2023,"Macrocystis pyrifera",0.82098055206983,1.00144787644788,0.440637065637066,2.27272727272727,"Bio",20,"SMR","C",NA,"PISCO","After"
"Anacapa Island SMR 2003",2023,"Semicossyphus pulcher",0.54437838749114,0.643989489121261,0.373644203561487,1.7235366773602,"Bio",20,"SMR","C",NA,"PISCO","After"
"Anacapa Island SMR 2003",2023,"Macrocystis pyrifera",0.82098055206983,1.00144787644788,0.440637065637066,2.27272727272727,"Den",20,"SMR","C",NA,"PISCO","After"
"Anacapa Island SMR 2003",2023,"Mesocentrotus franciscanus",-1.76103145486027,0.036125126135217,0.210191725529768,0.171867498799808,"Den",20,"SMR","C",NA,"PISCO","After"
"Anacapa Island SMR 2003",2023,"Panulirus interruptus",1.04062503101776,0.75,0.264925373134328,2.83098591549296,"Den",20,"SMR","C",NA,"PISCO","After"
"Anacapa Island SMR 2003",2023,"Semicossyphus pulcher",0.211309093667207,0.220588235294118,0.178571428571429,1.23529411764706,"Den",20,"SMR","C",NA,"PISCO","After"
"Anacapa Island SMR 2003",2023,"Strongylocentrotus purpuratus",-2.15665819535077,0.0249896034176402,0.215965369929303,0.115711159737418,"Den",20,"SMR","C",NA,"PISCO","After"
"Campus Point SMCA",2009,"Semicossyphus pulcher",0.518010271563043,0.196917613606854,0.11730474007171,1.67868419883523,"Bio",0,"SMCA","ML",2734.933446,"PISCO","Before"
"Campus Point SMCA",2009,"Semicossyphus pulcher",0.200670695462151,0.0873015873015873,0.0714285714285714,1.22222222222222,"Den",0,"SMCA","ML",2734.933446,"PISCO","Before"
"Campus Point SMCA",2010,"Macrocystis pyrifera",0.0415380434682971,0.198101379186817,0.190041196489343,1.04241281809614,"Bio",0,"SMCA","ML",2734.933446,"PISCO","Before"
"Campus Point SMCA",2010,"Semicossyphus pulcher",-1.98382715677522,0.0653317096788986,0.474995188816143,0.137541834564111,"Bio",0,"SMCA","ML",2734.933446,"PISCO","Before"
"Campus Point SMCA",2010,"Macrocystis pyrifera",0.0415380434682969,0.198101379186817,0.190041196489343,1.04241281809614,"Den",0,"SMCA","ML",2734.933446,"PISCO","Before"
"Campus Point SMCA",2010,"Mesocentrotus franciscanus",0.390754257591595,0.16482582837723,0.111512319456245,1.47809523809524,"Den",0,"SMCA","ML",2734.933446,"PISCO","Before"
"Campus Point SMCA",2010,"Panulirus interruptus",0,0.00909090909090909,0.00909090909090909,1,"Den",0,"SMCA","ML",2734.933446,"PISCO","Before"
"Campus Point SMCA",2010,"Semicossyphus pulcher",-1.29928298413026,0.0238095238095238,0.0873015873015873,0.272727272727273,"Den",0,"SMCA","ML",2734.933446,"PISCO","Before"
"Campus Point SMCA",2010,"Strongylocentrotus purpuratus",0.345670241130631,0.712676178875935,0.504393596659127,1.41293661060802,"Den",0,"SMCA","ML",2734.933446,"PISCO","Before"
"Campus Point SMCA",2011,"Macrocystis pyrifera",-0.0526932801336011,0.185384202041913,0.195414651620992,0.948670944087993,"Bio",0,"SMCA","ML",2734.933446,"PISCO","Before"
"Campus Point SMCA",2011,"Mesocentrotus franciscanus",0.733255326714366,0.242594736395337,0.11652862755688,2.08184667992353,"Bio",0,"SMCA","ML",2734.933446,"PISCO","Before"
"Campus Point SMCA",2011,"Semicossyphus pulcher",-0.838657163866827,0.27534015864569,0.636932979730215,0.43229062932542,"Bio",0,"SMCA","ML",2734.933446,"PISCO","Before"
"Campus Point SMCA",2011,"Strongylocentrotus purpuratus",-0.632531659934258,0.541234783745789,1.01880415933969,0.531245165014418,"Bio",0,"SMCA","ML",2734.933446,"PISCO","Before"
"Campus Point SMCA",2011,"Macrocystis pyrifera",-0.0526932801336014,0.185384202041913,0.195414651620992,0.948670944087993,"Den",0,"SMCA","ML",2734.933446,"PISCO","Before"
"Campus Point SMCA",2011,"Mesocentrotus franciscanus",1.1744883236468,0.203483432455395,0.0628717077315208,3.23648648648649,"Den",0,"SMCA","ML",2734.933446,"PISCO","Before"
"Campus Point SMCA",2011,"Panulirus interruptus",0,0.00909090909090909,0.00909090909090909,1,"Den",0,"SMCA","ML",2734.933446,"PISCO","Before"
"Campus Point SMCA",2011,"Semicossyphus pulcher",-1.09861228866811,0.0555555555555556,0.166666666666667,0.333333333333333,"Den",0,"SMCA","ML",2734.933446,"PISCO","Before"
"Campus Point SMCA",2011,"Strongylocentrotus purpuratus",0.702561138793239,1.01674786845311,0.503610579432748,2.01891681782845,"Den",0,"SMCA","ML",2734.933446,"PISCO","Before"
"Campus Point SMCA",2012,"Macrocystis pyrifera",0.588148721386885,0.593766792047286,0.329751029912234,1.80065181966323,"Bio",0,"SMCA","ML",2734.933446,"PISCO","Before"
"Campus Point SMCA",2012,"Mesocentrotus franciscanus",-0.114792241335986,0.332994425606675,0.373499995026305,0.891551352184683,"Bio",0,"SMCA","ML",2734.933446,"PISCO","Before"
"Campus Point SMCA",2012,"Semicossyphus pulcher",0.867809813022827,0.476779823654357,0.200185609899088,2.38168879318897,"Bio",0,"SMCA","ML",2734.933446,"PISCO","Before"
"Campus Point SMCA",2012,"Strongylocentrotus purpuratus",-0.72761839543605,0.210650691335796,0.436077363039439,0.483058074529645,"Bio",0,"SMCA","ML",2734.933446,"PISCO","Before"
"Campus Point SMCA",2012,"Macrocystis pyrifera",0.588148721386885,0.593766792047286,0.329751029912234,1.80065181966323,"Den",0,"SMCA","ML",2734.933446,"PISCO","Before"
"Campus Point SMCA",2012,"Mesocentrotus franciscanus",0.451203364745589,0.349192863211555,0.222387425658454,1.5702005730659,"Den",0,"SMCA","ML",2734.933446,"PISCO","Before"
"Campus Point SMCA",2012,"Panulirus interruptus",0,0.00909090909090909,0.00909090909090909,1,"Den",0,"SMCA","ML",2734.933446,"PISCO","Before"
"Campus Point SMCA",2012,"Semicossyphus pulcher",0.762140052046897,0.119047619047619,0.0555555555555556,2.14285714285714,"Den",0,"SMCA","ML",2734.933446,"PISCO","Before"
"Campus Point SMCA",2012,"Strongylocentrotus purpuratus",0.34590513521216,0.290977901513833,0.205890029580651,1.41326854003803,"Den",0,"SMCA","ML",2734.933446,"PISCO","Before"
"Campus Point SMCA",2013,"Macrocystis pyrifera",-0.465683968101219,0.415547196847573,0.662009672219237,0.627705627705628,"Bio",1,"SMCA","ML",2734.933446,"PISCO","After"
"Campus Point SMCA",2013,"Mesocentrotus franciscanus",0.294703872584507,1.00113480589191,0.745597245395332,1.34272868103353,"Bio",1,"SMCA","ML",2734.933446,"PISCO","After"
"Campus Point SMCA",2013,"Semicossyphus pulcher",2.10237398391185,0.159292047975569,0.0194600824415692,8.18557929823056,"Bio",1,"SMCA","ML",2734.933446,"PISCO","After"
"Campus Point SMCA",2013,"Strongylocentrotus purpuratus",1.66841670641822,0.945576282988942,0.178284013199146,5.30376373081035,"Bio",1,"SMCA","ML",2734.933446,"PISCO","After"
"Campus Point SMCA",2013,"Macrocystis pyrifera",-0.465683968101219,0.415547196847573,0.662009672219237,0.627705627705628,"Den",1,"SMCA","ML",2734.933446,"PISCO","After"
"Campus Point SMCA",2013,"Mesocentrotus franciscanus",0.54471269307757,1.01146983857264,0.586661002548853,1.72411296162201,"Den",1,"SMCA","ML",2734.933446,"PISCO","After"
"Campus Point SMCA",2013,"Panulirus interruptus",2.56494935746154,0.118181818181818,0.00909090909090909,13,"Den",1,"SMCA","ML",2734.933446,"PISCO","After"
"Campus Point SMCA",2013,"Semicossyphus pulcher",1.6094379124341,0.0396825396825397,0.00793650793650794,5,"Den",1,"SMCA","ML",2734.933446,"PISCO","After"
"Campus Point SMCA",2013,"Strongylocentrotus purpuratus",1.75702149225644,0.810988341743518,0.139942578736732,5.79515076157911,"Den",1,"SMCA","ML",2734.933446,"PISCO","After"
"Campus Point SMCA",2014,"Macrocystis pyrifera",-2.3487262489919,0.0644814615797958,0.675264194877306,0.0954907161803713,"Bio",2,"SMCA","ML",2734.933446,"PISCO","After"
"Campus Point SMCA",2014,"Mesocentrotus franciscanus",0.575478345179969,0.141345794863588,0.079497930406728,1.77798081208446,"Bio",2,"SMCA","ML",2734.933446,"PISCO","After"
"Campus Point SMCA",2014,"Semicossyphus pulcher",1.09861228866811,0.0583802473247076,0.0194600824415692,3,"Bio",2,"SMCA","ML",2734.933446,"PISCO","After"
"Campus Point SMCA",2014,"Strongylocentrotus purpuratus",0.72894475730733,0.340327338022695,0.164179962093788,2.07289204895956,"Bio",2,"SMCA","ML",2734.933446,"PISCO","After"
"Campus Point SMCA",2014,"Macrocystis pyrifera",-2.3487262489919,0.0644814615797958,0.675264194877306,0.0954907161803713,"Den",2,"SMCA","ML",2734.933446,"PISCO","After"
"Campus Point SMCA",2014,"Mesocentrotus franciscanus",0.665597228791714,0.152081563296517,0.0781648258283772,1.94565217391304,"Den",2,"SMCA","ML",2734.933446,"PISCO","After"
"Campus Point SMCA",2014,"Panulirus interruptus",1.6094379124341,0.0454545454545455,0.00909090909090909,5,"Den",2,"SMCA","ML",2734.933446,"PISCO","After"
"Campus Point SMCA",2014,"Semicossyphus pulcher",1.6094379124341,0.0396825396825397,0.00793650793650794,5,"Den",2,"SMCA","ML",2734.933446,"PISCO","After"
"Campus Point SMCA",2014,"Strongylocentrotus purpuratus",0.958844111082092,0.303332173307813,0.116278058117279,2.60867938645716,"Den",2,"SMCA","ML",2734.933446,"PISCO","After"
"Campus Point SMCA",2015,"Macrocystis pyrifera",0.533695709266855,0.953250940354648,0.559018448862619,1.70522268503685,"Bio",3,"SMCA","ML",2734.933446,"PISCO","After"
"Campus Point SMCA",2015,"Mesocentrotus franciscanus",0.950829507387514,0.193810258158978,0.0748922281667107,2.58785541441703,"Bio",3,"SMCA","ML",2734.933446,"PISCO","After"
"Campus Point SMCA",2015,"Semicossyphus pulcher",1.26458098536885,0.470952845842711,0.132977107407653,3.54160843940578,"Bio",3,"SMCA","ML",2734.933446,"PISCO","After"
"Campus Point SMCA",2015,"Strongylocentrotus purpuratus",0.00866808731476777,0.0949776264392039,0.094157909900041,1.00870576396644,"Bio",3,"SMCA","ML",2734.933446,"PISCO","After"
"Campus Point SMCA",2015,"Macrocystis pyrifera",0.533695709266855,0.953250940354648,0.559018448862619,1.70522268503685,"Den",3,"SMCA","ML",2734.933446,"PISCO","After"
"Campus Point SMCA",2015,"Mesocentrotus franciscanus",0.663294217410264,0.210280373831776,0.108326253186066,1.94117647058824,"Den",3,"SMCA","ML",2734.933446,"PISCO","After"
"Campus Point SMCA",2015,"Panulirus interruptus",1.46633706879343,0.118181818181818,0.0272727272727273,4.33333333333333,"Den",3,"SMCA","ML",2734.933446,"PISCO","After"
"Campus Point SMCA",2015,"Semicossyphus pulcher",-0.256719846847814,0.325396825396825,0.420634920634921,0.773584905660377,"Den",3,"SMCA","ML",2734.933446,"PISCO","After"
"Campus Point SMCA",2015,"Strongylocentrotus purpuratus",0.659603428928973,0.113493996867931,0.0586827910214025,1.93402520385471,"Den",3,"SMCA","ML",2734.933446,"PISCO","After"
"Campus Point SMCA",2016,"Macrocystis pyrifera",0.477525996640162,0.61185742432384,0.37954504746552,1.61208117036338,"Bio",4,"SMCA","ML",2734.933446,"PISCO","After"
"Campus Point SMCA",2016,"Mesocentrotus franciscanus",-2.14763335119517,0.00340441767572465,0.0291573567274748,0.116760161339203,"Bio",4,"SMCA","ML",2734.933446,"PISCO","After"
"Campus Point SMCA",2016,"Semicossyphus pulcher",-0.153779415337318,0.333122053939639,0.388498133923293,0.857461142928969,"Bio",4,"SMCA","ML",2734.933446,"PISCO","After"
"Campus Point SMCA",2016,"Strongylocentrotus purpuratus",0.233078778074012,0.13056791634368,0.103421693836493,1.26248093122613,"Bio",4,"SMCA","ML",2734.933446,"PISCO","After"
"Campus Point SMCA",2016,"Macrocystis pyrifera",0.477525996640161,0.61185742432384,0.37954504746552,1.61208117036338,"Den",4,"SMCA","ML",2734.933446,"PISCO","After"
"Campus Point SMCA",2016,"Mesocentrotus franciscanus",-0.697015657337865,0.0548003398470688,0.110025488530161,0.498069498069498,"Den",4,"SMCA","ML",2734.933446,"PISCO","After"
"Campus Point SMCA",2016,"Panulirus interruptus",2.65324196460721,0.645454545454546,0.0454545454545455,14.2,"Den",4,"SMCA","ML",2734.933446,"PISCO","After"
"Campus Point SMCA",2016,"Semicossyphus pulcher",-0.764972915131201,0.373015873015873,0.801587301587302,0.465346534653465,"Den",4,"SMCA","ML",2734.933446,"PISCO","After"
"Campus Point SMCA",2016,"Strongylocentrotus purpuratus",0.179471462758036,0.124978249521489,0.104445797807552,1.19658475635152,"Den",4,"SMCA","ML",2734.933446,"PISCO","After"
"Campus Point SMCA",2017,"Macrocystis pyrifera",0.49558987198857,0.770016120365395,0.469102632993014,1.64146620847652,"Bio",5,"SMCA","ML",2734.933446,"PISCO","After"
"Campus Point SMCA",2017,"Mesocentrotus franciscanus",-0.532797013008378,0.0101078093616178,0.017220582789908,0.586960934187509,"Bio",5,"SMCA","ML",2734.933446,"PISCO","After"
"Campus Point SMCA",2017,"Semicossyphus pulcher",-0.503664298446655,0.204352307346401,0.338156835947776,0.604312217358104,"Bio",5,"SMCA","ML",2734.933446,"PISCO","After"
"Campus Point SMCA",2017,"Strongylocentrotus purpuratus",-1.09672869317446,0.0795593792811813,0.238228987919852,0.333961790191325,"Bio",5,"SMCA","ML",2734.933446,"PISCO","After"
"Campus Point SMCA",2017,"Macrocystis pyrifera",0.49558987198857,0.770016120365395,0.469102632993015,1.64146620847652,"Den",5,"SMCA","ML",2734.933446,"PISCO","After"
"Campus Point SMCA",2017,"Mesocentrotus franciscanus",0.102779869064335,0.0456669498725574,0.0412064570943076,1.10824742268041,"Den",5,"SMCA","ML",2734.933446,"PISCO","After"
"Campus Point SMCA",2017,"Panulirus interruptus",3.10608033072286,0.609090909090909,0.0272727272727273,22.3333333333333,"Den",5,"SMCA","ML",2734.933446,"PISCO","After"
"Campus Point SMCA",2017,"Semicossyphus pulcher",-0.83685390122612,0.436507936507937,1.00793650793651,0.433070866141732,"Den",5,"SMCA","ML",2734.933446,"PISCO","After"
"Campus Point SMCA",2017,"Strongylocentrotus purpuratus",-0.59665520034232,0.0607708369584131,0.110361927962415,0.550650374458021,"Den",5,"SMCA","ML",2734.933446,"PISCO","After"
"Campus Point SMCA",2018,"Macrocystis pyrifera",0.12869934615504,0.77126992656278,0.678130037614186,1.13734812466984,"Bio",6,"SMCA","ML",2734.933446,"PISCO","After"
"Campus Point SMCA",2018,"Mesocentrotus franciscanus",-1.82741714000056,0.0135586559315721,0.0843050946138342,0.160828429096468,"Bio",6,"SMCA","ML",2734.933446,"PISCO","After"
"Campus Point SMCA",2018,"Semicossyphus pulcher",-0.457256453456618,0.645336561665658,1.01946008244157,0.63301797959573,"Bio",6,"SMCA","ML",2734.933446,"PISCO","After"
"Campus Point SMCA",2018,"Strongylocentrotus purpuratus",-1.59694507292112,0.0831601731476145,0.410638644791216,0.202514240202347,"Bio",6,"SMCA","ML",2734.933446,"PISCO","After"
"Campus Point SMCA",2018,"Macrocystis pyrifera",0.12869934615504,0.77126992656278,0.678130037614186,1.13734812466984,"Den",6,"SMCA","ML",2734.933446,"PISCO","After"
"Campus Point SMCA",2018,"Mesocentrotus franciscanus",-0.680724660561388,0.0344095157179269,0.0679694137638063,0.50625,"Den",6,"SMCA","ML",2734.933446,"PISCO","After"
"Campus Point SMCA",2018,"Panulirus interruptus",3.61091791264422,1.00909090909091,0.0272727272727273,37,"Den",6,"SMCA","ML",2734.933446,"PISCO","After"
"Campus Point SMCA",2018,"Semicossyphus pulcher",-0.476339447694821,0.468253968253968,0.753968253968254,0.621052631578948,"Den",6,"SMCA","ML",2734.933446,"PISCO","After"
"Campus Point SMCA",2018,"Strongylocentrotus purpuratus",-0.906869302415596,0.0621628675830868,0.153949886897512,0.403786380333428,"Den",6,"SMCA","ML",2734.933446,"PISCO","After"
"Campus Point SMCA",2019,"Macrocystis pyrifera",0.130707286637319,0.334766254701773,0.293748880530181,1.13963414634146,"Bio",7,"SMCA","ML",2734.933446,"PISCO","After"
"Campus Point SMCA",2019,"Mesocentrotus franciscanus",-0.506159145754547,0.039929882818633,0.0662399749664859,0.602806429785572,"Bio",7,"SMCA","ML",2734.933446,"PISCO","After"
"Campus Point SMCA",2019,"Semicossyphus pulcher",-1.45211924014306,0.161038539587957,0.687982191261705,0.234073703699546,"Bio",7,"SMCA","ML",2734.933446,"PISCO","After"
"Campus Point SMCA",2019,"Strongylocentrotus purpuratus",-0.49642760429988,0.129748975356353,0.21315705240665,0.608701302121707,"Bio",7,"SMCA","ML",2734.933446,"PISCO","After"
"Campus Point SMCA",2019,"Macrocystis pyrifera",0.130707286637319,0.334766254701773,0.293748880530181,1.13963414634146,"Den",7,"SMCA","ML",2734.933446,"PISCO","After"
"Campus Point SMCA",2019,"Mesocentrotus franciscanus",-0.417735200699979,0.0344095157179269,0.0522514868309261,0.658536585365854,"Den",7,"SMCA","ML",2734.933446,"PISCO","After"
"Campus Point SMCA",2019,"Panulirus interruptus",1.6094379124341,0.136363636363636,0.0272727272727273,5,"Den",7,"SMCA","ML",2734.933446,"PISCO","After"
"Campus Point SMCA",2019,"Semicossyphus pulcher",-1.2443240998495,0.134920634920635,0.468253968253968,0.288135593220339,"Den",7,"SMCA","ML",2734.933446,"PISCO","After"
"Campus Point SMCA",2019,"Strongylocentrotus purpuratus",-1.01134651700922,0.0777362101966243,0.213720201844441,0.363728882556483,"Den",7,"SMCA","ML",2734.933446,"PISCO","After"
"Campus Point SMCA",2020,"Macrocystis pyrifera",0.762592502355777,0.905068959340856,0.422174458176608,2.14382689859992,"Bio",8,"SMCA","ML",2734.933446,"PISCO","After"
"Campus Point SMCA",2020,"Semicossyphus pulcher",0.208826900154899,0.738531794879972,0.599344917270393,1.23223168095507,"Bio",8,"SMCA","ML",2734.933446,"PISCO","After"
"Campus Point SMCA",2020,"Strongylocentrotus purpuratus",0.0842894090735846,0.0952443686088615,0.0875453093924979,1.08794370903238,"Bio",8,"SMCA","ML",2734.933446,"PISCO","After"
"Campus Point SMCA",2020,"Macrocystis pyrifera",0.762592502355778,0.905068959340856,0.422174458176608,2.14382689859992,"Den",8,"SMCA","ML",2734.933446,"PISCO","After"
"Campus Point SMCA",2020,"Mesocentrotus franciscanus",0.0424091819250936,0.0613848768054376,0.0588360237892948,1.04332129963899,"Den",8,"SMCA","ML",2734.933446,"PISCO","After"
"Campus Point SMCA",2020,"Panulirus interruptus",3.55534806148941,0.318181818181818,0.00909090909090909,35,"Den",8,"SMCA","ML",2734.933446,"PISCO","After"
"Campus Point SMCA",2020,"Semicossyphus pulcher",-2.22044604925031e-16,0.30952380952381,0.30952380952381,1,"Den",8,"SMCA","ML",2734.933446,"PISCO","After"
"Campus Point SMCA",2020,"Strongylocentrotus purpuratus",0.373250371563963,0.112275970071342,0.0773012006264138,1.45244794597636,"Den",8,"SMCA","ML",2734.933446,"PISCO","After"
"Campus Point SMCA",2021,"Macrocystis pyrifera",0.513746399847512,0.491312914203833,0.293927995701236,1.67154174283973,"Bio",9,"SMCA","ML",2734.933446,"PISCO","After"
"Campus Point SMCA",2021,"Mesocentrotus franciscanus",1.72842019408647,0.0967273691898078,0.0171753668992038,5.63174980525695,"Bio",9,"SMCA","ML",2734.933446,"PISCO","After"
"Campus Point SMCA",2021,"Semicossyphus pulcher",0.765776819001286,0.782687955841005,0.36392844685078,2.15066440288996,"Bio",9,"SMCA","ML",2734.933446,"PISCO","After"
"Campus Point SMCA",2021,"Strongylocentrotus purpuratus",-1.07283068987452,0.0725605652375033,0.212141241342167,0.342038939616031,"Bio",9,"SMCA","ML",2734.933446,"PISCO","After"
"Campus Point SMCA",2021,"Macrocystis pyrifera",0.513746399847513,0.491312914203833,0.293927995701236,1.67154174283973,"Den",9,"SMCA","ML",2734.933446,"PISCO","After"
"Campus Point SMCA",2021,"Mesocentrotus franciscanus",0.324895668792215,0.0620220900594732,0.0448173322005098,1.38388625592417,"Den",9,"SMCA","ML",2734.933446,"PISCO","After"
"Campus Point SMCA",2021,"Panulirus interruptus",2.03688192726104,0.209090909090909,0.0272727272727273,7.66666666666667,"Den",9,"SMCA","ML",2734.933446,"PISCO","After"
"Campus Point SMCA",2021,"Semicossyphus pulcher",0.510825623765991,0.277777777777778,0.166666666666667,1.66666666666667,"Den",9,"SMCA","ML",2734.933446,"PISCO","After"
"Campus Point SMCA",2021,"Strongylocentrotus purpuratus",-1.6428140735911,0.0502436053593179,0.259744214372716,0.193434935521688,"Den",9,"SMCA","ML",2734.933446,"PISCO","After"
"Campus Point SMCA",2022,"Macrocystis pyrifera",1.53521285111685,0.546301271717715,0.117678667383127,4.64231354642313,"Bio",10,"SMCA","ML",2734.933446,"PISCO","After"
"Campus Point SMCA",2022,"Mesocentrotus franciscanus",0.283599154363471,0.0460611821569536,0.0346872229791143,1.32790054091928,"Bio",10,"SMCA","ML",2734.933446,"PISCO","After"
"Campus Point SMCA",2022,"Semicossyphus pulcher",-0.27684122257139,0.313682999205037,0.413734366822324,0.758174868610192,"Bio",10,"SMCA","ML",2734.933446,"PISCO","After"
"Campus Point SMCA",2022,"Strongylocentrotus purpuratus",-1.35603606164826,0.0564124780190709,0.218924393960961,0.257680183548346,"Bio",10,"SMCA","ML",2734.933446,"PISCO","After"
"Campus Point SMCA",2022,"Macrocystis pyrifera",1.53521285111685,0.546301271717715,0.117678667383127,4.64231354642314,"Den",10,"SMCA","ML",2734.933446,"PISCO","After"
"Campus Point SMCA",2022,"Mesocentrotus franciscanus",0.0176995770994009,0.072642310960068,0.0713678844519966,1.01785714285714,"Den",10,"SMCA","ML",2734.933446,"PISCO","After"
"Campus Point SMCA",2022,"Panulirus interruptus",2.19722457733622,0.0818181818181818,0.00909090909090909,9,"Den",10,"SMCA","ML",2734.933446,"PISCO","After"
"Campus Point SMCA",2022,"Semicossyphus pulcher",2.22044604925031e-16,0.182539682539683,0.182539682539683,1,"Den",10,"SMCA","ML",2734.933446,"PISCO","After"
"Campus Point SMCA",2022,"Strongylocentrotus purpuratus",-1.19645145519853,0.110883939446668,0.366843570558552,0.302264911656587,"Den",10,"SMCA","ML",2734.933446,"PISCO","After"
"Campus Point SMCA",2023,"Macrocystis pyrifera",1.76358859226136,0.482715385993194,0.0827512090274046,5.83333333333333,"Bio",11,"SMCA","ML",2734.933446,"PISCO","After"
"Campus Point SMCA",2023,"Mesocentrotus franciscanus",-2.54279024013084,0.00662511987739487,0.0842390597785828,0.0786466503164754,"Bio",11,"SMCA","ML",2734.933446,"PISCO","After"
"Campus Point SMCA",2023,"Semicossyphus pulcher",0.169157225519447,0.493241844536121,0.416481642542761,1.18430632746431,"Bio",11,"SMCA","ML",2734.933446,"PISCO","After"
"Campus Point SMCA",2023,"Strongylocentrotus purpuratus",-1.50505526003937,0.0637839468038864,0.287308571795175,0.22200502548653,"Bio",11,"SMCA","ML",2734.933446,"PISCO","After"
"Campus Point SMCA",2023,"Macrocystis pyrifera",1.76358859226136,0.482715385993194,0.0827512090274046,5.83333333333333,"Den",11,"SMCA","ML",2734.933446,"PISCO","After"
"Campus Point SMCA",2023,"Mesocentrotus franciscanus",-0.693147180559945,0.0373831775700935,0.0747663551401869,0.5,"Den",11,"SMCA","ML",2734.933446,"PISCO","After"
"Campus Point SMCA",2023,"Panulirus interruptus",3.04452243772342,0.572727272727273,0.0272727272727273,21,"Den",11,"SMCA","ML",2734.933446,"PISCO","After"
"Campus Point SMCA",2023,"Semicossyphus pulcher",0.427444014826939,0.182539682539683,0.119047619047619,1.53333333333333,"Den",11,"SMCA","ML",2734.933446,"PISCO","After"
"Campus Point SMCA",2023,"Strongylocentrotus purpuratus",-2.0676365635212,0.0505046111014442,0.399295284496259,0.126484366488724,"Den",11,"SMCA","ML",2734.933446,"PISCO","After"
"Gull Island SMR",2003,"Semicossyphus pulcher",-0.321126972538682,0.214598931634487,0.29586338905273,0.725331148005742,"Bio",0,"SMR","C",5162.300775,"PISCO","Before"
"Gull Island SMR",2003,"Semicossyphus pulcher",0.859382599602276,0.197508896797153,0.0836298932384342,2.36170212765957,"Den",0,"SMR","C",5162.300775,"PISCO","Before"
"Gull Island SMR",2004,"Macrocystis pyrifera",0.272320787290294,0.897902451352034,0.68385140257771,1.3130081300813,"Bio",1,"SMR","C",5162.300775,"PISCO","After"
"Gull Island SMR",2004,"Mesocentrotus franciscanus",-0.496617718865059,0.367958814716035,0.604613090876226,0.608585590137945,"Bio",1,"SMR","C",5162.300775,"PISCO","After"
"Gull Island SMR",2004,"Semicossyphus pulcher",0.202562165285305,0.230238874036801,0.188021287434174,1.22453620639848,"Bio",1,"SMR","C",5162.300775,"PISCO","After"
"Gull Island SMR",2004,"Strongylocentrotus purpuratus",-0.190097679245451,0.114553526487641,0.138537337377094,0.826878361144117,"Bio",1,"SMR","C",5162.300775,"PISCO","After"
"Gull Island SMR",2004,"Macrocystis pyrifera",0.272320787290294,0.897902451352034,0.68385140257771,1.3130081300813,"Den",1,"SMR","C",5162.300775,"PISCO","After"
"Gull Island SMR",2004,"Mesocentrotus franciscanus",-1.04494466780275,0.320821185617104,0.912172011661808,0.351711279797576,"Den",1,"SMR","C",5162.300775,"PISCO","After"
"Gull Island SMR",2004,"Panulirus interruptus",1.09861228866811,0.0483870967741935,0.0161290322580645,3,"Den",1,"SMR","C",5162.300775,"PISCO","After"
"Gull Island SMR",2004,"Semicossyphus pulcher",0.700164753218592,0.254448398576512,0.126334519572954,2.01408450704225,"Den",1,"SMR","C",5162.300775,"PISCO","After"
"Gull Island SMR",2004,"Strongylocentrotus purpuratus",-0.850116164639915,0.0840208953766538,0.196602060245081,0.427365284330767,"Den",1,"SMR","C",5162.300775,"PISCO","After"
"Gull Island SMR",2005,"Macrocystis pyrifera",0.0139785748799939,0.928481172605509,0.915592620672226,1.01407673199006,"Bio",2,"SMR","C",5162.300775,"PISCO","After"
"Gull Island SMR",2005,"Mesocentrotus franciscanus",0.123392293428396,0.531020546396592,0.469378003223617,1.13132814650372,"Bio",2,"SMR","C",5162.300775,"PISCO","After"
"Gull Island SMR",2005,"Semicossyphus pulcher",0.486836584248969,0.204058405914191,0.125407655141258,1.62716068396576,"Bio",2,"SMR","C",5162.300775,"PISCO","After"
"Gull Island SMR",2005,"Strongylocentrotus purpuratus",0.300424984523468,0.218553962110154,0.161839963236552,1.3504325985956,"Bio",2,"SMR","C",5162.300775,"PISCO","After"
"Gull Island SMR",2005,"Macrocystis pyrifera",0.0139785748799937,0.928481172605509,0.915592620672226,1.01407673199006,"Den",2,"SMR","C",5162.300775,"PISCO","After"
"Gull Island SMR",2005,"Mesocentrotus franciscanus",-0.397720747608742,0.35167638483965,0.523445092322643,0.671849617080529,"Den",2,"SMR","C",5162.300775,"PISCO","After"
"Gull Island SMR",2005,"Panulirus interruptus",0,0.0161290322580645,0.0161290322580645,1,"Den",2,"SMR","C",5162.300775,"PISCO","After"
"Gull Island SMR",2005,"Semicossyphus pulcher",1.15618214048959,0.254448398576512,0.0800711743772242,3.17777777777778,"Den",2,"SMR","C",5162.300775,"PISCO","After"
"Gull Island SMR",2005,"Strongylocentrotus purpuratus",0.000803858564187302,0.121515403017136,0.121417761070156,1.00080418174507,"Den",2,"SMR","C",5162.300775,"PISCO","After"
"Gull Island SMR",2006,"Macrocystis pyrifera",0.0029140380018495,0.521101844831943,0.519585544604498,1.00291828793774,"Bio",3,"SMR","C",5162.300775,"PISCO","After"
"Gull Island SMR",2006,"Mesocentrotus franciscanus",0.641751951978359,0.55005926302958,0.28953438722897,1.89980633490205,"Bio",3,"SMR","C",5162.300775,"PISCO","After"
"Gull Island SMR",2006,"Semicossyphus pulcher",1.4549390108872,0.408083292205246,0.095252598096984,4.284222166725,"Bio",3,"SMR","C",5162.300775,"PISCO","After"
"Gull Island SMR",2006,"Strongylocentrotus purpuratus",-0.486763179262554,0.167471114459996,0.272482410847444,0.614612568712773,"Bio",3,"SMR","C",5162.300775,"PISCO","After"
"Gull Island SMR",2006,"Macrocystis pyrifera",0.0029140380018495,0.521101844831943,0.519585544604498,1.00291828793774,"Den",3,"SMR","C",5162.300775,"PISCO","After"
"Gull Island SMR",2006,"Mesocentrotus franciscanus",-0.468759241441591,0.451773566569485,0.721938775510204,0.62577822648494,"Den",3,"SMR","C",5162.300775,"PISCO","After"
"Gull Island SMR",2006,"Panulirus interruptus",1.09861228866811,0.145161290322581,0.0483870967741935,3,"Den",3,"SMR","C",5162.300775,"PISCO","After"
"Gull Island SMR",2006,"Semicossyphus pulcher",1.18377009700842,0.261565836298932,0.0800711743772242,3.26666666666667,"Den",3,"SMR","C",5162.300775,"PISCO","After"
"Gull Island SMR",2006,"Strongylocentrotus purpuratus",-0.703509967595492,0.107796709466387,0.217839183713323,0.494845360824742,"Den",3,"SMR","C",5162.300775,"PISCO","After"
"Gull Island SMR",2007,"Macrocystis pyrifera",0.11980119981262,0.642405863027546,0.569876168814759,1.12727272727273,"Bio",4,"SMR","C",5162.300775,"PISCO","After"
"Gull Island SMR",2007,"Mesocentrotus franciscanus",1.06205459987046,0.758924574490688,0.262394159216722,2.89230742313842,"Bio",4,"SMR","C",5162.300775,"PISCO","After"
"Gull Island SMR",2007,"Semicossyphus pulcher",0.476662833166196,0.414118290081434,0.257106096018704,1.61069028114879,"Bio",4,"SMR","C",5162.300775,"PISCO","After"
"Gull Island SMR",2007,"Strongylocentrotus purpuratus",-0.301097359271131,0.300416265812042,0.405964787227015,0.740005722821594,"Bio",4,"SMR","C",5162.300775,"PISCO","After"
"Gull Island SMR",2007,"Macrocystis pyrifera",0.119801199812621,0.642405863027546,0.569876168814759,1.12727272727273,"Den",4,"SMR","C",5162.300775,"PISCO","After"
"Gull Island SMR",2007,"Mesocentrotus franciscanus",0.131695587699898,0.557215743440233,0.488459669582119,1.14076100472519,"Den",4,"SMR","C",5162.300775,"PISCO","After"
"Gull Island SMR",2007,"Panulirus interruptus",1.6094379124341,0.0806451612903226,0.0161290322580645,5,"Den",4,"SMR","C",5162.300775,"PISCO","After"
"Gull Island SMR",2007,"Semicossyphus pulcher",1.12345828725464,0.290035587188612,0.094306049822064,3.07547169811321,"Den",4,"SMR","C",5162.300775,"PISCO","After"
"Gull Island SMR",2007,"Strongylocentrotus purpuratus",-0.321954918919162,0.236635258507055,0.326514670702534,0.724730861244019,"Den",4,"SMR","C",5162.300775,"PISCO","After"
"Gull Island SMR",2008,"Macrocystis pyrifera",-0.0961723231459413,0.665908516552944,0.733131159969674,0.908307480179249,"Bio",5,"SMR","C",5162.300775,"PISCO","After"
"Gull Island SMR",2008,"Mesocentrotus franciscanus",1.9528320548476,0.94324201486438,0.13381936101777,7.04862142286816,"Bio",5,"SMR","C",5162.300775,"PISCO","After"
"Gull Island SMR",2008,"Semicossyphus pulcher",0.788740027960771,0.224771383483081,0.102139934943286,2.20062195661165,"Bio",5,"SMR","C",5162.300775,"PISCO","After"
"Gull Island SMR",2008,"Strongylocentrotus purpuratus",2.32412589190798,0.588400095260349,0.0575861022793367,10.2177447677594,"Bio",5,"SMR","C",5162.300775,"PISCO","After"
"Gull Island SMR",2008,"Macrocystis pyrifera",-0.0961723231459413,0.665908516552944,0.733131159969674,0.908307480179249,"Den",5,"SMR","C",5162.300775,"PISCO","After"
"Gull Island SMR",2008,"Mesocentrotus franciscanus",0.593217603668266,0.789480077745384,0.436224489795918,1.80980228348649,"Den",5,"SMR","C",5162.300775,"PISCO","After"
"Gull Island SMR",2008,"Panulirus interruptus",3.04452243772342,0.338709677419355,0.0161290322580645,21,"Den",5,"SMR","C",5162.300775,"PISCO","After"
"Gull Island SMR",2008,"Semicossyphus pulcher",1.11556184698188,0.211743772241993,0.0693950177935943,3.05128205128205,"Den",5,"SMR","C",5162.300775,"PISCO","After"
"Gull Island SMR",2008,"Strongylocentrotus purpuratus",1.71399165112199,0.30244593077186,0.0544842064150759,5.5510752688172,"Den",5,"SMR","C",5162.300775,"PISCO","After"
"Gull Island SMR",2009,"Macrocystis pyrifera",-0.299087764698346,0.561789234268385,0.757644680313369,0.741494329553035,"Bio",6,"SMR","C",5162.300775,"PISCO","After"
"Gull Island SMR",2009,"Mesocentrotus franciscanus",1.18417038025839,0.82228761594312,0.25161995934221,3.26797452035507,"Bio",6,"SMR","C",5162.300775,"PISCO","After"
"Gull Island SMR",2009,"Semicossyphus pulcher",1.12526414598815,0.377323637648396,0.122466696595774,3.08103058330892,"Bio",6,"SMR","C",5162.300775,"PISCO","After"
"Gull Island SMR",2009,"Strongylocentrotus purpuratus",1.64706564030878,0.619317863630277,0.119289464245843,5.19172307081475,"Bio",6,"SMR","C",5162.300775,"PISCO","After"
"Gull Island SMR",2009,"Macrocystis pyrifera",-0.299087764698347,0.561789234268385,0.757644680313369,0.741494329553035,"Den",6,"SMR","C",5162.300775,"PISCO","After"
"Gull Island SMR",2009,"Mesocentrotus franciscanus",-0.139885569598031,0.640792031098154,0.737001943634597,0.869457722103181,"Den",6,"SMR","C",5162.300775,"PISCO","After"
"Gull Island SMR",2009,"Panulirus interruptus",3.85014760171006,0.758064516129032,0.0161290322580645,47,"Den",6,"SMR","C",5162.300775,"PISCO","After"
"Gull Island SMR",2009,"Semicossyphus pulcher",1.413693335308,0.329181494661922,0.0800711743772242,4.11111111111111,"Den",6,"SMR","C",5162.300775,"PISCO","After"
"Gull Island SMR",2009,"Strongylocentrotus purpuratus",1.73386285340362,0.462774007713714,0.0817263096226139,5.66248506571087,"Den",6,"SMR","C",5162.300775,"PISCO","After"
"Gull Island SMR",2010,"Macrocystis pyrifera",0.0583521149136977,0.485974222896133,0.458428102097549,1.06008820286659,"Bio",7,"SMR","C",5162.300775,"PISCO","After"
"Gull Island SMR",2010,"Mesocentrotus franciscanus",0.782128316448101,0.673354193656535,0.308013362100946,2.18612007305012,"Bio",7,"SMR","C",5162.300775,"PISCO","After"
"Gull Island SMR",2010,"Semicossyphus pulcher",1.04386394251333,0.717384059875706,0.252584893234804,2.84017009365965,"Bio",7,"SMR","C",5162.300775,"PISCO","After"
"Gull Island SMR",2010,"Strongylocentrotus purpuratus",0.295192402130367,0.389755887808247,0.290129742922998,1.34338480392095,"Bio",7,"SMR","C",5162.300775,"PISCO","After"
"Gull Island SMR",2010,"Macrocystis pyrifera",0.0583521149136977,0.485974222896133,0.458428102097549,1.06008820286659,"Den",7,"SMR","C",5162.300775,"PISCO","After"
"Gull Island SMR",2010,"Mesocentrotus franciscanus",-0.234887694339079,0.52854713313897,0.668488824101069,0.790659640196256,"Den",7,"SMR","C",5162.300775,"PISCO","After"
"Gull Island SMR",2010,"Panulirus interruptus",1.09861228866811,0.0483870967741935,0.0161290322580645,3,"Den",7,"SMR","C",5162.300775,"PISCO","After"
"Gull Island SMR",2010,"Semicossyphus pulcher",1.28519824424852,0.418149466192171,0.115658362989324,3.61538461538462,"Den",7,"SMR","C",5162.300775,"PISCO","After"
"Gull Island SMR",2010,"Strongylocentrotus purpuratus",0.109040372616227,0.248108187277254,0.222477176194893,1.11520737327189,"Den",7,"SMR","C",5162.300775,"PISCO","After"
"Gull Island SMR",2011,"Macrocystis pyrifera",-0.837759577068853,0.0779631033611322,0.180187010361385,0.432678821879383,"Bio",8,"SMR","C",5162.300775,"PISCO","After"
"Gull Island SMR",2011,"Mesocentrotus franciscanus",1.05383151814637,0.561013779525783,0.195569135172728,2.86862126291192,"Bio",8,"SMR","C",5162.300775,"PISCO","After"
"Gull Island SMR",2011,"Semicossyphus pulcher",1.26042422585022,0.614477548711852,0.174225104413125,3.52691737956888,"Bio",8,"SMR","C",5162.300775,"PISCO","After"
"Gull Island SMR",2011,"Strongylocentrotus purpuratus",-0.213454647401043,0.376967176794774,0.466665518630121,0.807788794641067,"Bio",8,"SMR","C",5162.300775,"PISCO","After"
"Gull Island SMR",2011,"Macrocystis pyrifera",-0.837759577068853,0.0779631033611322,0.180187010361385,0.432678821879383,"Den",8,"SMR","C",5162.300775,"PISCO","After"
"Gull Island SMR",2011,"Mesocentrotus franciscanus",-0.265588239910737,0.599003887269193,0.781219630709427,0.766754781526979,"Den",8,"SMR","C",5162.300775,"PISCO","After"
"Gull Island SMR",2011,"Panulirus interruptus",2.19722457733622,0.145161290322581,0.0161290322580645,9,"Den",8,"SMR","C",5162.300775,"PISCO","After"
"Gull Island SMR",2011,"Semicossyphus pulcher",1.19869574722509,0.336298932384342,0.101423487544484,3.31578947368421,"Den",8,"SMR","C",5162.300775,"PISCO","After"
"Gull Island SMR",2011,"Strongylocentrotus purpuratus",-0.437863328845732,0.30369086559586,0.470536542498657,0.645413986304212,"Den",8,"SMR","C",5162.300775,"PISCO","After"
"Gull Island SMR",2012,"Macrocystis pyrifera",-0.794696093454446,0.139499620924943,0.308819812989639,0.451718494271686,"Bio",9,"SMR","C",5162.300775,"PISCO","After"
"Gull Island SMR",2012,"Mesocentrotus franciscanus",0.413892134354192,0.919300405759194,0.6077239917115,1.51269395037412,"Bio",9,"SMR","C",5162.300775,"PISCO","After"
"Gull Island SMR",2012,"Semicossyphus pulcher",0.728639756721388,0.287040909117119,0.138515881837217,2.07225991207599,"Bio",9,"SMR","C",5162.300775,"PISCO","After"
"Gull Island SMR",2012,"Strongylocentrotus purpuratus",-0.0972727260320514,0.289930914261386,0.319550523375691,0.907308525733563,"Bio",9,"SMR","C",5162.300775,"PISCO","After"
"Gull Island SMR",2012,"Macrocystis pyrifera",-0.794696093454446,0.139499620924943,0.308819812989639,0.451718494271686,"Den",9,"SMR","C",5162.300775,"PISCO","After"
"Gull Island SMR",2012,"Mesocentrotus franciscanus",-0.0998861712567127,0.821064139941691,0.907312925170068,0.904940420404338,"Den",9,"SMR","C",5162.300775,"PISCO","After"
"Gull Island SMR",2012,"Panulirus interruptus",2.56494935746154,0.209677419354839,0.0161290322580645,13,"Den",9,"SMR","C",5162.300775,"PISCO","After"
"Gull Island SMR",2012,"Semicossyphus pulcher",0.777704568588009,0.197508896797153,0.0907473309608541,2.17647058823529,"Den",9,"SMR","C",5162.300775,"PISCO","After"
"Gull Island SMR",2012,"Strongylocentrotus purpuratus",-0.246144028983484,0.242981985060782,0.310794317238686,0.781809613572102,"Den",9,"SMR","C",5162.300775,"PISCO","After"
"Gull Island SMR",2014,"Macrocystis pyrifera",-0.216586150768051,0.173995451099318,0.216072782410917,0.805263157894737,"Bio",11,"SMR","C",5162.300775,"PISCO","After"
"Gull Island SMR",2014,"Mesocentrotus franciscanus",0.672351044679423,1.01436397237464,0.517839848761422,1.95883722506257,"Bio",11,"SMR","C",5162.300775,"PISCO","After"
"Gull Island SMR",2014,"Semicossyphus pulcher",1.02354991380168,0.467309349530767,0.167912253650899,2.78305686077168,"Bio",11,"SMR","C",5162.300775,"PISCO","After"
"Gull Island SMR",2014,"Strongylocentrotus purpuratus",-0.777734350663245,0.462058228588899,1.0056860955488,0.459445776007031,"Bio",11,"SMR","C",5162.300775,"PISCO","After"
"Gull Island SMR",2014,"Macrocystis pyrifera",-0.216586150768051,0.173995451099318,0.216072782410917,0.805263157894737,"Den",11,"SMR","C",5162.300775,"PISCO","After"
"Gull Island SMR",2014,"Mesocentrotus franciscanus",-0.646955291978791,0.528790087463557,1.00983965014577,0.523637675929267,"Den",11,"SMR","C",5162.300775,"PISCO","After"
"Gull Island SMR",2014,"Panulirus interruptus",4.07753744390572,0.951612903225806,0.0161290322580645,59,"Den",11,"SMR","C",5162.300775,"PISCO","After"
"Gull Island SMR",2014,"Semicossyphus pulcher",1.27686052007443,0.261565836298932,0.0729537366548043,3.58536585365854,"Den",11,"SMR","C",5162.300775,"PISCO","After"
"Gull Island SMR",2014,"Strongylocentrotus purpuratus",-0.664181217281278,0.432627056583508,0.84055070058097,0.514694778416681,"Den",11,"SMR","C",5162.300775,"PISCO","After"
"Gull Island SMR",2015,"Macrocystis pyrifera",-0.35588905295221,0.546878948698509,0.780641900429619,0.70055033991583,"Bio",12,"SMR","C",5162.300775,"PISCO","After"
"Gull Island SMR",2015,"Mesocentrotus franciscanus",-0.0307338440940337,0.281860652156026,0.290657806227337,0.969733639066861,"Bio",12,"SMR","C",5162.300775,"PISCO","After"
"Gull Island SMR",2015,"Semicossyphus pulcher",1.29434767095148,0.649166157824015,0.177921249576227,3.64861510005241,"Bio",12,"SMR","C",5162.300775,"PISCO","After"
"Gull Island SMR",2015,"Strongylocentrotus purpuratus",-1.42119639181535,0.0822663230129102,0.340753116949371,0.241425005145685,"Bio",12,"SMR","C",5162.300775,"PISCO","After"
"Gull Island SMR",2015,"Macrocystis pyrifera",-0.35588905295221,0.546878948698509,0.780641900429618,0.70055033991583,"Den",12,"SMR","C",5162.300775,"PISCO","After"
"Gull Island SMR",2015,"Mesocentrotus franciscanus",-1.40984878397839,0.177113702623907,0.725340136054422,0.244180204320884,"Den",12,"SMR","C",5162.300775,"PISCO","After"
"Gull Island SMR",2015,"Panulirus interruptus",2.56494935746154,0.209677419354839,0.0161290322580645,13,"Den",12,"SMR","C",5162.300775,"PISCO","After"
"Gull Island SMR",2015,"Semicossyphus pulcher",1.14467306204464,0.553380782918149,0.176156583629893,3.14141414141414,"Den",12,"SMR","C",5162.300775,"PISCO","After"
"Gull Island SMR",2015,"Strongylocentrotus purpuratus",-1.92557185420108,0.0687643411609627,0.471659424888932,0.14579236103923,"Den",12,"SMR","C",5162.300775,"PISCO","After"
"Gull Island SMR",2016,"Semicossyphus pulcher",1.54249409381135,0.955137831702816,0.204253437332892,4.67623871683555,"Bio",13,"SMR","C",5162.300775,"PISCO","After"
"Gull Island SMR",2016,"Semicossyphus pulcher",1.17822030822352,1.02313167259786,0.314946619217082,3.24858757062147,"Den",13,"SMR","C",5162.300775,"PISCO","After"
"Gull Island SMR",2017,"Macrocystis pyrifera",1.06539158379038,1.00252716704574,0.345463735152894,2.90197512801756,"Bio",14,"SMR","C",5162.300775,"PISCO","After"
"Gull Island SMR",2017,"Mesocentrotus franciscanus",-2.46898187411917,0.043091917123932,0.50893347772319,0.0846710208900224,"Bio",14,"SMR","C",5162.300775,"PISCO","After"
"Gull Island SMR",2017,"Semicossyphus pulcher",1.31628200982991,0.952610591593275,0.255423818052462,3.72952921484251,"Bio",14,"SMR","C",5162.300775,"PISCO","After"
"Gull Island SMR",2017,"Strongylocentrotus purpuratus",-1.68375494867853,0.0696971561600566,0.375370847685586,0.18567546358431,"Bio",14,"SMR","C",5162.300775,"PISCO","After"
"Gull Island SMR",2017,"Macrocystis pyrifera",1.06539158379038,1.00252716704574,0.345463735152894,2.90197512801756,"Den",14,"SMR","C",5162.300775,"PISCO","After"
"Gull Island SMR",2017,"Mesocentrotus franciscanus",-2.93704764116858,0.0295189504373178,0.556729834791059,0.0530220379663976,"Den",14,"SMR","C",5162.300775,"PISCO","After"
"Gull Island SMR",2017,"Panulirus interruptus",-1.09861228866811,0.0161290322580645,0.0483870967741935,0.333333333333333,"Den",14,"SMR","C",5162.300775,"PISCO","After"
"Gull Island SMR",2017,"Semicossyphus pulcher",0.86903784702361,0.937722419928825,0.393238434163701,2.38461538461538,"Den",14,"SMR","C",5162.300775,"PISCO","After"
"Gull Island SMR",2017,"Strongylocentrotus purpuratus",-2.50732576242513,0.0403749450764048,0.495484059952155,0.0814858606759287,"Den",14,"SMR","C",5162.300775,"PISCO","After"
"Gull Island SMR",2018,"Macrocystis pyrifera",2.38233748276744,0.725296942127875,0.0669699267121557,10.8301886792453,"Bio",15,"SMR","C",5162.300775,"PISCO","After"
"Gull Island SMR",2018,"Mesocentrotus franciscanus",-0.684666249451562,0.105207008430522,0.208637055872494,0.504258498043693,"Bio",15,"SMR","C",5162.300775,"PISCO","After"
"Gull Island SMR",2018,"Semicossyphus pulcher",1.45885001652496,1.03175086603233,0.239885683589513,4.30101059218622,"Bio",15,"SMR","C",5162.300775,"PISCO","After"
"Gull Island SMR",2018,"Strongylocentrotus purpuratus",-0.867633375379956,0.0731220992491595,0.174123359690611,0.419944224480193,"Bio",15,"SMR","C",5162.300775,"PISCO","After"
"Gull Island SMR",2018,"Macrocystis pyrifera",2.38233748276744,0.725296942127875,0.0669699267121557,10.8301886792453,"Den",15,"SMR","C",5162.300775,"PISCO","After"
"Gull Island SMR",2018,"Mesocentrotus franciscanus",-0.73296026293812,0.130102040816327,0.270772594752187,0.480484522207268,"Den",15,"SMR","C",5162.300775,"PISCO","After"
"Gull Island SMR",2018,"Panulirus interruptus",4.14313472639153,1.01612903225806,0.0161290322580645,63,"Den",15,"SMR","C",5162.300775,"PISCO","After"
"Gull Island SMR",2018,"Semicossyphus pulcher",1.50131877433719,0.966192170818505,0.215302491103203,4.48760330578512,"Den",15,"SMR","C",5162.300775,"PISCO","After"
"Gull Island SMR",2018,"Strongylocentrotus purpuratus",-1.32580465002167,0.059366303764097,0.223526827124933,0.265589166757672,"Den",15,"SMR","C",5162.300775,"PISCO","After"
"Gull Island SMR",2019,"Macrocystis pyrifera",4.05294369648452,0.436441748799596,0.00758150113722517,57.5666666666666,"Bio",16,"SMR","C",5162.300775,"PISCO","After"
"Gull Island SMR",2019,"Mesocentrotus franciscanus",-1.43390687695818,0.106593007512062,0.447163719744844,0.23837579572172,"Bio",16,"SMR","C",5162.300775,"PISCO","After"
"Gull Island SMR",2019,"Semicossyphus pulcher",0.907927406693935,0.63856131910977,0.257569683843426,2.47917887532892,"Bio",16,"SMR","C",5162.300775,"PISCO","After"
"Gull Island SMR",2019,"Strongylocentrotus purpuratus",-1.45632775195262,0.0825193302556951,0.354022448150401,0.233090671754911,"Bio",16,"SMR","C",5162.300775,"PISCO","After"
"Gull Island SMR",2019,"Macrocystis pyrifera",4.05294369648452,0.436441748799596,0.00758150113722517,57.5666666666667,"Den",16,"SMR","C",5162.300775,"PISCO","After"
"Gull Island SMR",2019,"Mesocentrotus franciscanus",-1.62651865863173,0.0902575315840622,0.459062196307094,0.196612860545118,"Den",16,"SMR","C",5162.300775,"PISCO","After"
"Gull Island SMR",2019,"Panulirus interruptus",3.2188758248682,0.403225806451613,0.0161290322580645,25,"Den",16,"SMR","C",5162.300775,"PISCO","After"
"Gull Island SMR",2019,"Semicossyphus pulcher",1.05448748375917,0.709964412811388,0.247330960854093,2.8705035971223,"Den",16,"SMR","C",5162.300775,"PISCO","After"
"Gull Island SMR",2019,"Strongylocentrotus purpuratus",-2.34036327753839,0.0573158228775082,0.595225308792657,0.0962926509186351,"Den",16,"SMR","C",5162.300775,"PISCO","After"
"Gull Island SMR",2020,"Semicossyphus pulcher",1.35609378952518,0.845667638321366,0.217899213041512,3.88100363703589,"Bio",17,"SMR","C",5162.300775,"PISCO","After"
"Gull Island SMR",2020,"Semicossyphus pulcher",1.8542124838746,0.852313167259786,0.133451957295374,6.38666666666667,"Den",17,"SMR","C",5162.300775,"PISCO","After"
"Gull Island SMR",2021,"Macrocystis pyrifera",0.967005824453171,0.229972201162497,0.0874399797826637,2.63005780346821,"Bio",18,"SMR","C",5162.300775,"PISCO","After"
"Gull Island SMR",2021,"Mesocentrotus franciscanus",0.934242430573891,0.202896802795965,0.0797147835532227,2.54528449745457,"Bio",18,"SMR","C",5162.300775,"PISCO","After"
"Gull Island SMR",2021,"Semicossyphus pulcher",1.08598275323403,0.545494625266635,0.1841425524327,2.96234964737985,"Bio",18,"SMR","C",5162.300775,"PISCO","After"
"Gull Island SMR",2021,"Strongylocentrotus purpuratus",-1.61426172236647,0.0628097247255876,0.315567194201095,0.19903756119073,"Bio",18,"SMR","C",5162.300775,"PISCO","After"
"Gull Island SMR",2021,"Macrocystis pyrifera",0.967005824453171,0.229972201162497,0.0874399797826636,2.63005780346821,"Den",18,"SMR","C",5162.300775,"PISCO","After"
"Gull Island SMR",2021,"Mesocentrotus franciscanus",-0.392082759675814,0.161443148688047,0.238945578231293,0.675648195221149,"Den",18,"SMR","C",5162.300775,"PISCO","After"
"Gull Island SMR",2021,"Panulirus interruptus",1.6094379124341,0.403225806451613,0.0806451612903226,5,"Den",18,"SMR","C",5162.300775,"PISCO","After"
"Gull Island SMR",2021,"Semicossyphus pulcher",1.37276235490131,0.653024911032028,0.165480427046263,3.94623655913978,"Den",18,"SMR","C",5162.300775,"PISCO","After"
"Gull Island SMR",2021,"Strongylocentrotus purpuratus",-2.18890772305041,0.0425718888834643,0.379973636674315,0.112039059488629,"Den",18,"SMR","C",5162.300775,"PISCO","After"
"Gull Island SMR",2022,"Semicossyphus pulcher",1.44299000781608,0.783001054489809,0.18496082296657,4.23333461611667,"Bio",19,"SMR","C",5162.300775,"PISCO","After"
"Gull Island SMR",2022,"Semicossyphus pulcher",1.63000419001558,0.699288256227758,0.137010676156584,5.1038961038961,"Den",19,"SMR","C",5162.300775,"PISCO","After"
"Gull Island SMR",2023,"Macrocystis pyrifera",2.70627872145383,0.855193328278999,0.057113975233763,14.9734513274336,"Bio",20,"SMR","C",5162.300775,"PISCO","After"
"Gull Island SMR",2023,"Semicossyphus pulcher",1.70397948034041,0.947927705507355,0.17248301347144,5.49577425874644,"Bio",20,"SMR","C",5162.300775,"PISCO","After"
"Gull Island SMR",2023,"Macrocystis pyrifera",2.70627872145383,0.855193328278999,0.057113975233763,14.9734513274336,"Den",20,"SMR","C",5162.300775,"PISCO","After"
"Gull Island SMR",2023,"Mesocentrotus franciscanus",-1.83516804372181,0.0844266277939747,0.529033041788144,0.159586681974742,"Den",20,"SMR","C",5162.300775,"PISCO","After"
"Gull Island SMR",2023,"Panulirus interruptus",2.94443897916644,0.306451612903226,0.0161290322580645,19,"Den",20,"SMR","C",5162.300775,"PISCO","After"
"Gull Island SMR",2023,"Semicossyphus pulcher",1.66842306745512,0.745551601423488,0.140569395017794,5.30379746835443,"Den",20,"SMR","C",5162.300775,"PISCO","After"
"Gull Island SMR",2023,"Strongylocentrotus purpuratus",-2.15163979674728,0.0463799248157008,0.398818532441537,0.116293303953972,"Den",20,"SMR","C",5162.300775,"PISCO","After"
"Harris Point SMR",2004,"Macrocystis pyrifera",0.2871289095312,0.949774774774775,0.712725225225225,1.33259598672776,"Bio",1,"SMR","C",6577.874855,"PISCO","After"
"Harris Point SMR",2004,"Mesocentrotus franciscanus",-0.2974206451012,0.230549035260992,0.310406962637243,0.742731520266906,"Bio",1,"SMR","C",6577.874855,"PISCO","After"
"Harris Point SMR",2004,"Semicossyphus pulcher",0.648649881513635,0.140033299402035,0.0732025579980201,1.91295636698682,"Bio",1,"SMR","C",6577.874855,"PISCO","After"
"Harris Point SMR",2004,"Strongylocentrotus purpuratus",-0.122541032455075,0.00851123927407011,0.00962081124441248,0.884669604032947,"Bio",1,"SMR","C",6577.874855,"PISCO","After"
"Harris Point SMR",2004,"Macrocystis pyrifera",0.2871289095312,0.949774774774775,0.712725225225225,1.33259598672776,"Den",1,"SMR","C",6577.874855,"PISCO","After"
"Harris Point SMR",2004,"Mesocentrotus franciscanus",0.179551314239072,0.341177233242577,0.285103072734345,1.19668030923147,"Den",1,"SMR","C",6577.874855,"PISCO","After"
"Harris Point SMR",2004,"Panulirus interruptus",0,0.166666666666667,0.166666666666667,1,"Den",1,"SMR","C",6577.874855,"PISCO","After"
"Harris Point SMR",2004,"Semicossyphus pulcher",0.802346472524937,0.353658536585366,0.158536585365854,2.23076923076923,"Den",1,"SMR","C",6577.874855,"PISCO","After"
"Harris Point SMR",2004,"Strongylocentrotus purpuratus",0.362499072224721,0.0152174988865245,0.0105903894689959,1.43691588785047,"Den",1,"SMR","C",6577.874855,"PISCO","After"
"Harris Point SMR",2005,"Macrocystis pyrifera",0.205563120367987,0.779391891891892,0.634572072072072,1.2282165039929,"Bio",2,"SMR","C",6577.874855,"PISCO","After"
"Harris Point SMR",2005,"Mesocentrotus franciscanus",0.573555139740377,0.274009461392236,0.154409396929352,1.77456467573411,"Bio",2,"SMR","C",6577.874855,"PISCO","After"
"Harris Point SMR",2005,"Semicossyphus pulcher",1.79496103042717,0.0711446955989041,0.0118195476215841,6.0192401500193,"Bio",2,"SMR","C",6577.874855,"PISCO","After"
"Harris Point SMR",2005,"Strongylocentrotus purpuratus",-0.823997038312098,0.00738835162484931,0.0168424366675177,0.438674745863732,"Bio",2,"SMR","C",6577.874855,"PISCO","After"
"Harris Point SMR",2005,"Macrocystis pyrifera",0.205563120367987,0.779391891891892,0.634572072072072,1.2282165039929,"Den",2,"SMR","C",6577.874855,"PISCO","After"
"Harris Point SMR",2005,"Mesocentrotus franciscanus",1.01887732064926,0.388953714507974,0.140412290937378,2.77008310249307,"Den",2,"SMR","C",6577.874855,"PISCO","After"
"Harris Point SMR",2005,"Panulirus interruptus",0,0.166666666666667,0.166666666666667,1,"Den",2,"SMR","C",6577.874855,"PISCO","After"
"Harris Point SMR",2005,"Semicossyphus pulcher",1.6094379124341,0.182926829268293,0.0365853658536585,5,"Den",2,"SMR","C",6577.874855,"PISCO","After"
"Harris Point SMR",2005,"Strongylocentrotus purpuratus",-0.129534052191902,0.00930370663631415,0.0105903894689959,0.878504672897196,"Den",2,"SMR","C",6577.874855,"PISCO","After"
"Harris Point SMR",2006,"Macrocystis pyrifera",-0.138834050731309,0.871058558558558,1.00078828828829,0.870372454146506,"Bio",3,"SMR","C",6577.874855,"PISCO","After"
"Harris Point SMR",2006,"Mesocentrotus franciscanus",-0.710174964308458,0.357948456506288,0.728191427944267,0.491558184798742,"Bio",3,"SMR","C",6577.874855,"PISCO","After"
"Harris Point SMR",2006,"Semicossyphus pulcher",6.63118445840371,0.156226289537468,0.000206000037477669,758.379908326002,"Bio",3,"SMR","C",6577.874855,"PISCO","After"
"Harris Point SMR",2006,"Strongylocentrotus purpuratus",-0.0968897770953532,0.00746383533090756,0.00822319795164177,0.90765604510559,"Bio",3,"SMR","C",6577.874855,"PISCO","After"
"Harris Point SMR",2006,"Macrocystis pyrifera",-0.138834050731309,0.871058558558559,1.00078828828829,0.870372454146506,"Den",3,"SMR","C",6577.874855,"PISCO","After"
"Harris Point SMR",2006,"Mesocentrotus franciscanus",-0.272861789796196,0.3723583560223,0.489174121612861,0.761197985687782,"Den",3,"SMR","C",6577.874855,"PISCO","After"
"Harris Point SMR",2006,"Panulirus interruptus",0,0.166666666666667,0.166666666666667,1,"Den",3,"SMR","C",6577.874855,"PISCO","After"
"Harris Point SMR",2006,"Semicossyphus pulcher",3.29583686600433,0.329268292682927,0.0121951219512195,27,"Den",3,"SMR","C",6577.874855,"PISCO","After"
"Harris Point SMR",2006,"Strongylocentrotus purpuratus",0.798507696217772,0.00890780422625823,0.0040085119018162,2.22222222222222,"Den",3,"SMR","C",6577.874855,"PISCO","After"
"Harris Point SMR",2007,"Macrocystis pyrifera",-0.225085734639288,0.75304054054054,0.94313063063063,0.79844776119403,"Bio",4,"SMR","C",6577.874855,"PISCO","After"
"Harris Point SMR",2007,"Mesocentrotus franciscanus",-0.293093678441248,0.332363714680933,0.445556282208192,0.745952257779257,"Bio",4,"SMR","C",6577.874855,"PISCO","After"
"Harris Point SMR",2007,"Semicossyphus pulcher",5.15684429322999,0.107294528268645,0.000618000112433008,173.615709949043,"Bio",4,"SMR","C",6577.874855,"PISCO","After"
"Harris Point SMR",2007,"Strongylocentrotus purpuratus",-1.22326903636164,0.00806559969593163,0.0274091555847433,0.294266624558882,"Bio",4,"SMR","C",6577.874855,"PISCO","After"
"Harris Point SMR",2007,"Macrocystis pyrifera",-0.225085734639289,0.75304054054054,0.94313063063063,0.79844776119403,"Den",4,"SMR","C",6577.874855,"PISCO","After"
"Harris Point SMR",2007,"Mesocentrotus franciscanus",0.254825504457063,0.438610138726825,0.339945546479969,1.29023646071701,"Den",4,"SMR","C",6577.874855,"PISCO","After"
"Harris Point SMR",2007,"Panulirus interruptus",0,0.166666666666667,0.166666666666667,1,"Den",4,"SMR","C",6577.874855,"PISCO","After"
"Harris Point SMR",2007,"Semicossyphus pulcher",1.73460105538811,0.207317073170732,0.0365853658536585,5.66666666666667,"Den",4,"SMR","C",6577.874855,"PISCO","After"
"Harris Point SMR",2007,"Strongylocentrotus purpuratus",-0.592632222535642,0.0090562676300292,0.0163804622160637,0.552870090634441,"Den",4,"SMR","C",6577.874855,"PISCO","After"
"Harris Point SMR",2008,"Macrocystis pyrifera",0.28819022098727,0.51722972972973,0.387725225225225,1.33401103688644,"Bio",5,"SMR","C",6577.874855,"PISCO","After"
"Harris Point SMR",2008,"Mesocentrotus franciscanus",0.790753979767885,0.968851690731376,0.439376891031544,2.20505836903885,"Bio",5,"SMR","C",6577.874855,"PISCO","After"
"Harris Point SMR",2008,"Semicossyphus pulcher",-0.213127708051733,0.106782908887124,0.132148407810191,0.808052935760677,"Bio",5,"SMR","C",6577.874855,"PISCO","After"
"Harris Point SMR",2008,"Strongylocentrotus purpuratus",-0.930830495567025,0.0180103887219962,0.0456854212974499,0.394226171292887,"Bio",5,"SMR","C",6577.874855,"PISCO","After"
"Harris Point SMR",2008,"Macrocystis pyrifera",0.28819022098727,0.51722972972973,0.387725225225225,1.33401103688644,"Den",5,"SMR","C",6577.874855,"PISCO","After"
"Harris Point SMR",2008,"Mesocentrotus franciscanus",1.25457785102619,1.00103720990535,0.285492026448853,3.5063578564941,"Den",5,"SMR","C",6577.874855,"PISCO","After"
"Harris Point SMR",2008,"Panulirus interruptus",0,0.166666666666667,0.166666666666667,1,"Den",5,"SMR","C",6577.874855,"PISCO","After"
"Harris Point SMR",2008,"Semicossyphus pulcher",-0.167054084663166,0.134146341463415,0.158536585365854,0.846153846153846,"Den",5,"SMR","C",6577.874855,"PISCO","After"
"Harris Point SMR",2008,"Strongylocentrotus purpuratus",-1.02201481779594,0.0163309744148067,0.04538031375266,0.359869138495093,"Den",5,"SMR","C",6577.874855,"PISCO","After"
"Harris Point SMR",2009,"Macrocystis pyrifera",-0.973804638074762,0.239301801801802,0.633671171171171,0.377643504531722,"Bio",6,"SMR","C",6577.874855,"PISCO","After"
"Harris Point SMR",2009,"Mesocentrotus franciscanus",0.728222147137302,0.965749332991656,0.466231440256465,2.07139469714959,"Bio",6,"SMR","C",6577.874855,"PISCO","After"
"Harris Point SMR",2009,"Semicossyphus pulcher",7.66899900362047,0.441033164407931,0.000206000037477669,2140.93730179898,"Bio",6,"SMR","C",6577.874855,"PISCO","After"
"Harris Point SMR",2009,"Strongylocentrotus purpuratus",-0.179230002605838,0.0470269793806497,0.056258180915074,0.835913614975224,"Bio",6,"SMR","C",6577.874855,"PISCO","After"
"Harris Point SMR",2009,"Macrocystis pyrifera",-0.973804638074762,0.239301801801802,0.633671171171171,0.377643504531722,"Den",6,"SMR","C",6577.874855,"PISCO","After"
"Harris Point SMR",2009,"Mesocentrotus franciscanus",1.10778607223758,1.0080383767665,0.332944379618825,3.02764797507788,"Den",6,"SMR","C",6577.874855,"PISCO","After"
"Harris Point SMR",2009,"Panulirus interruptus",0,0.166666666666667,0.166666666666667,1,"Den",6,"SMR","C",6577.874855,"PISCO","After"
"Harris Point SMR",2009,"Semicossyphus pulcher",3.97029191355212,0.646341463414634,0.0121951219512195,53,"Den",6,"SMR","C",6577.874855,"PISCO","After"
"Harris Point SMR",2009,"Strongylocentrotus purpuratus",-0.353946867144477,0.0308803879843618,0.0439946553174642,0.701912260967379,"Den",6,"SMR","C",6577.874855,"PISCO","After"
"Harris Point SMR",2010,"Macrocystis pyrifera",-3.36914554149652,0.0167792792792793,0.4875,0.0344190344190344,"Bio",7,"SMR","C",6577.874855,"PISCO","After"
"Harris Point SMR",2010,"Mesocentrotus franciscanus",0.212477515154322,1.03098548580238,0.833632694414954,1.23673830538271,"Bio",7,"SMR","C",6577.874855,"PISCO","After"
"Harris Point SMR",2010,"Semicossyphus pulcher",1.64386916249487,0.418526029644011,0.0808721831854327,5.17515433810372,"Bio",7,"SMR","C",6577.874855,"PISCO","After"
"Harris Point SMR",2010,"Strongylocentrotus purpuratus",-2.26721345487187,0.0073172764859779,0.0706297644799874,0.10360046560896,"Bio",7,"SMR","C",6577.874855,"PISCO","After"
"Harris Point SMR",2010,"Macrocystis pyrifera",-3.36914554149652,0.0167792792792793,0.4875,0.0344190344190344,"Den",7,"SMR","C",6577.874855,"PISCO","After"
"Harris Point SMR",2010,"Mesocentrotus franciscanus",0.750495036638793,1.04680409697913,0.494230519901465,2.11804826862539,"Den",7,"SMR","C",6577.874855,"PISCO","After"
"Harris Point SMR",2010,"Panulirus interruptus",0,0.166666666666667,0.166666666666667,1,"Den",7,"SMR","C",6577.874855,"PISCO","After"
"Harris Point SMR",2010,"Semicossyphus pulcher",1.42138568093116,0.353658536585366,0.0853658536585366,4.14285714285714,"Den",7,"SMR","C",6577.874855,"PISCO","After"
"Harris Point SMR",2010,"Strongylocentrotus purpuratus",-1.60425207540173,0.00574058494581086,0.0285544613252833,0.20103986135182,"Den",7,"SMR","C",6577.874855,"PISCO","After"
"Harris Point SMR",2011,"Macrocystis pyrifera",-4.42014226759639,0.00416666666666667,0.346283783783784,0.0120325203252033,"Bio",8,"SMR","C",6577.874855,"PISCO","After"
"Harris Point SMR",2011,"Mesocentrotus franciscanus",0.746083857903186,0.701334545314098,0.33258689203845,2.10872575589364,"Bio",8,"SMR","C",6577.874855,"PISCO","After"
"Harris Point SMR",2011,"Semicossyphus pulcher",1.76109453923627,0.237280053863705,0.0407781568269179,5.81880281815668,"Bio",8,"SMR","C",6577.874855,"PISCO","After"
"Harris Point SMR",2011,"Strongylocentrotus purpuratus",-3.08738297265312,0.000939959295814021,0.0206035680204177,0.0456211902172742,"Bio",8,"SMR","C",6577.874855,"PISCO","After"
"Harris Point SMR",2011,"Macrocystis pyrifera",-4.42014226759639,0.00416666666666667,0.346283783783784,0.0120325203252033,"Den",8,"SMR","C",6577.874855,"PISCO","After"
"Harris Point SMR",2011,"Mesocentrotus franciscanus",1.17093295024774,1.00350058343057,0.311162971606379,3.225,"Den",8,"SMR","C",6577.874855,"PISCO","After"
"Harris Point SMR",2011,"Panulirus interruptus",1.09861228866811,0.5,0.166666666666667,3,"Den",8,"SMR","C",6577.874855,"PISCO","After"
"Harris Point SMR",2011,"Semicossyphus pulcher",2.03688192726104,0.280487804878049,0.0365853658536585,7.66666666666667,"Den",8,"SMR","C",6577.874855,"PISCO","After"
"Harris Point SMR",2011,"Strongylocentrotus purpuratus",-2.39029067341315,0.00118770723016776,0.0129658039293314,0.0916030534351145,"Den",8,"SMR","C",6577.874855,"PISCO","After"
"Harris Point SMR",2012,"Macrocystis pyrifera",-1.78445959989335,0.121283783783784,0.72240990990991,0.167887763055339,"Bio",9,"SMR","C",6577.874855,"PISCO","After"
"Harris Point SMR",2012,"Mesocentrotus franciscanus",0.637416819151483,0.694365504482311,0.367080682139941,1.89158824821406,"Bio",9,"SMR","C",6577.874855,"PISCO","After"
"Harris Point SMR",2012,"Semicossyphus pulcher",7.38481259173084,0.331933173317847,0.000206000037477669,1611.32579091802,"Bio",9,"SMR","C",6577.874855,"PISCO","After"
"Harris Point SMR",2012,"Strongylocentrotus purpuratus",-2.53736525927709,0.00123039892531605,0.0155600029074325,0.0790744662861429,"Bio",9,"SMR","C",6577.874855,"PISCO","After"
"Harris Point SMR",2012,"Macrocystis pyrifera",-1.78445959989335,0.121283783783784,0.72240990990991,0.167887763055339,"Den",9,"SMR","C",6577.874855,"PISCO","After"
"Harris Point SMR",2012,"Mesocentrotus franciscanus",1.18531077454129,0.90392843251653,0.276286788538831,3.27170342562177,"Den",9,"SMR","C",6577.874855,"PISCO","After"
"Harris Point SMR",2012,"Panulirus interruptus",0,0.166666666666667,0.166666666666667,1,"Den",9,"SMR","C",6577.874855,"PISCO","After"
"Harris Point SMR",2012,"Semicossyphus pulcher",3.13549421592915,0.280487804878049,0.0121951219512195,23,"Den",9,"SMR","C",6577.874855,"PISCO","After"
"Harris Point SMR",2012,"Strongylocentrotus purpuratus",-1.95571414915193,0.00143514623645271,0.010144999257683,0.141463414634146,"Den",9,"SMR","C",6577.874855,"PISCO","After"
"Harris Point SMR",2014,"Macrocystis pyrifera",0.496618449574056,0.398761261261261,0.24268018018018,1.6431554524362,"Bio",11,"SMR","C",6577.874855,"PISCO","After"
"Harris Point SMR",2014,"Mesocentrotus franciscanus",0.194659606775976,0.62803812420651,0.516947470648472,1.21489737326441,"Bio",11,"SMR","C",6577.874855,"PISCO","After"
"Harris Point SMR",2014,"Semicossyphus pulcher",1.56458376002655,0.20318421793234,0.0425010713992052,4.78068460966233,"Bio",11,"SMR","C",6577.874855,"PISCO","After"
"Harris Point SMR",2014,"Strongylocentrotus purpuratus",-1.3574160382277,0.04669894514137,0.18147857717923,0.257324836171984,"Bio",11,"SMR","C",6577.874855,"PISCO","After"
"Harris Point SMR",2014,"Macrocystis pyrifera",0.496618449574056,0.398761261261261,0.24268018018018,1.6431554524362,"Den",11,"SMR","C",6577.874855,"PISCO","After"
"Harris Point SMR",2014,"Mesocentrotus franciscanus",0.577046648156294,0.814080124465189,0.457150265785038,1.78077141236529,"Den",11,"SMR","C",6577.874855,"PISCO","After"
"Harris Point SMR",2014,"Panulirus interruptus",0,0.166666666666667,0.166666666666667,1,"Den",11,"SMR","C",6577.874855,"PISCO","After"
"Harris Point SMR",2014,"Semicossyphus pulcher",1.6094379124341,0.304878048780488,0.0609756097560976,5,"Den",11,"SMR","C",6577.874855,"PISCO","After"
"Harris Point SMR",2014,"Strongylocentrotus purpuratus",-0.360022227398789,0.118077893799179,0.169248280298906,0.69766081871345,"Den",11,"SMR","C",6577.874855,"PISCO","After"
"Harris Point SMR",2016,"Macrocystis pyrifera",-1.09324314825305,0.0280405405405405,0.0836711711711711,0.335127860026918,"Bio",13,"SMR","C",6577.874855,"PISCO","After"
"Harris Point SMR",2016,"Mesocentrotus franciscanus",-0.616625205000505,0.26331132691166,0.487827709695123,0.539762956631188,"Bio",13,"SMR","C",6577.874855,"PISCO","After"
"Harris Point SMR",2016,"Semicossyphus pulcher",0.687750998092204,0.0944214510881385,0.0474661718310704,1.98923670154357,"Bio",13,"SMR","C",6577.874855,"PISCO","After"
"Harris Point SMR",2016,"Strongylocentrotus purpuratus",-0.751630742436777,0.24732217476392,0.524435570481702,0.471596872303591,"Bio",13,"SMR","C",6577.874855,"PISCO","After"
"Harris Point SMR",2016,"Macrocystis pyrifera",-1.09324314825305,0.0280405405405405,0.0836711711711712,0.335127860026918,"Den",13,"SMR","C",6577.874855,"PISCO","After"
"Harris Point SMR",2016,"Mesocentrotus franciscanus",0.562608308871877,0.71593413717101,0.407882795280695,1.75524475524476,"Den",13,"SMR","C",6577.874855,"PISCO","After"
"Harris Point SMR",2016,"Panulirus interruptus",0,0.166666666666667,0.166666666666667,1,"Den",13,"SMR","C",6577.874855,"PISCO","After"
"Harris Point SMR",2016,"Semicossyphus pulcher",0.448548694244476,1.01219512195122,0.646341463414634,1.56603773584906,"Den",13,"SMR","C",6577.874855,"PISCO","After"
"Harris Point SMR",2016,"Strongylocentrotus purpuratus",0.0689928714869516,0.511456425990993,0.477359330924927,1.07142857142857,"Den",13,"SMR","C",6577.874855,"PISCO","After"
"Harris Point SMR",2018,"Macrocystis pyrifera",0,0.000788288288288288,0.000788288288288288,1,"Bio",15,"SMR","C",6577.874855,"PISCO","After"
"Harris Point SMR",2018,"Mesocentrotus franciscanus",-0.392996795914169,0.187817654597906,0.278235635869744,0.675030910439644,"Bio",15,"SMR","C",6577.874855,"PISCO","After"
"Harris Point SMR",2018,"Semicossyphus pulcher",0.0524829829714509,0.133713920053521,0.126877189882486,1.05388462794114,"Bio",15,"SMR","C",6577.874855,"PISCO","After"
"Harris Point SMR",2018,"Strongylocentrotus purpuratus",-0.965220459221591,0.285154987713002,0.748636317519687,0.380899217737327,"Bio",15,"SMR","C",6577.874855,"PISCO","After"
"Harris Point SMR",2018,"Macrocystis pyrifera",0,0.000788288288288288,0.000788288288288288,1,"Den",15,"SMR","C",6577.874855,"PISCO","After"
"Harris Point SMR",2018,"Mesocentrotus franciscanus",0.340877912142771,0.749124854142357,0.532736937637754,1.40618155268922,"Den",15,"SMR","C",6577.874855,"PISCO","After"
"Harris Point SMR",2018,"Panulirus interruptus",1.94591014905531,1.16666666666667,0.166666666666667,7,"Den",15,"SMR","C",6577.874855,"PISCO","After"
"Harris Point SMR",2018,"Semicossyphus pulcher",0.292987124681474,0.768292682926829,0.573170731707317,1.34042553191489,"Den",15,"SMR","C",6577.874855,"PISCO","After"
"Harris Point SMR",2018,"Strongylocentrotus purpuratus",0.221900095066914,0.686098876626911,0.549562032958876,1.24844664565511,"Den",15,"SMR","C",6577.874855,"PISCO","After"
"Harris Point SMR",2019,"Macrocystis pyrifera",0,0.000788288288288288,0.000788288288288288,1,"Bio",16,"SMR","C",6577.874855,"PISCO","After"
"Harris Point SMR",2019,"Mesocentrotus franciscanus",-0.176720333713725,0.194879832205543,0.232549581770952,0.838014116049834,"Bio",16,"SMR","C",6577.874855,"PISCO","After"
"Harris Point SMR",2019,"Semicossyphus pulcher",1.6117300635881,0.287948209756909,0.0574577889583487,5.01147390070375,"Bio",16,"SMR","C",6577.874855,"PISCO","After"
"Harris Point SMR",2019,"Strongylocentrotus purpuratus",-0.625508138177609,0.535157133631845,1.00031331976527,0.534989510843885,"Bio",16,"SMR","C",6577.874855,"PISCO","After"
"Harris Point SMR",2019,"Macrocystis pyrifera",0,0.000788288288288288,0.000788288288288288,1,"Den",16,"SMR","C",6577.874855,"PISCO","After"
"Harris Point SMR",2019,"Mesocentrotus franciscanus",0.154403940560535,0.511992739530662,0.438739789964994,1.1669621749409,"Den",16,"SMR","C",6577.874855,"PISCO","After"
"Harris Point SMR",2019,"Panulirus interruptus",0,0.166666666666667,0.166666666666667,1,"Den",16,"SMR","C",6577.874855,"PISCO","After"
"Harris Point SMR",2019,"Semicossyphus pulcher",0.595983432106298,0.597560975609756,0.329268292682927,1.81481481481481,"Den",16,"SMR","C",6577.874855,"PISCO","After"
"Harris Point SMR",2019,"Strongylocentrotus purpuratus",0.246258259719563,0.900974909684763,0.704310387489484,1.2792299044407,"Den",16,"SMR","C",6577.874855,"PISCO","After"
"Harris Point SMR",2020,"Macrocystis pyrifera",0,0.000788288288288288,0.000788288288288288,1,"Bio",17,"SMR","C",6577.874855,"PISCO","After"
"Harris Point SMR",2020,"Semicossyphus pulcher",1.90040912021521,0.305219056667812,0.0456325198604022,6.68863033646902,"Bio",17,"SMR","C",6577.874855,"PISCO","After"
"Harris Point SMR",2020,"Macrocystis pyrifera",0,0.000788288288288288,0.000788288288288288,1,"Den",17,"SMR","C",6577.874855,"PISCO","After"
"Harris Point SMR",2020,"Mesocentrotus franciscanus",-0.0927470354888371,0.520290418773499,0.570854401659536,0.911424029071088,"Den",17,"SMR","C",6577.874855,"PISCO","After"
"Harris Point SMR",2020,"Panulirus interruptus",1.6094379124341,0.833333333333333,0.166666666666667,5,"Den",17,"SMR","C",6577.874855,"PISCO","After"
"Harris Point SMR",2020,"Semicossyphus pulcher",1.86075234071501,0.548780487804878,0.0853658536585366,6.42857142857143,"Den",17,"SMR","C",6577.874855,"PISCO","After"
"Harris Point SMR",2020,"Strongylocentrotus purpuratus",-0.46858830627865,0.332409561043203,0.531103083090018,0.625885203130824,"Den",17,"SMR","C",6577.874855,"PISCO","After"
"Harris Point SMR",2021,"Macrocystis pyrifera",1.09861228866811,0.00236486486486486,0.000788288288288288,3,"Bio",18,"SMR","C",6577.874855,"PISCO","After"
"Harris Point SMR",2021,"Mesocentrotus franciscanus",-0.338456520006271,0.153751912669536,0.215680224095657,0.712869774288369,"Bio",18,"SMR","C",6577.874855,"PISCO","After"
"Harris Point SMR",2021,"Semicossyphus pulcher",1.83701618053683,0.370682310730403,0.0590467326932512,6.27777852935748,"Bio",18,"SMR","C",6577.874855,"PISCO","After"
"Harris Point SMR",2021,"Strongylocentrotus purpuratus",0.0606555352734989,0.438259623456036,0.412466894630956,1.06253284605582,"Bio",18,"SMR","C",6577.874855,"PISCO","After"
"Harris Point SMR",2021,"Macrocystis pyrifera",1.09861228866811,0.00236486486486486,0.000788288288288288,3,"Den",18,"SMR","C",6577.874855,"PISCO","After"
"Harris Point SMR",2021,"Mesocentrotus franciscanus",0.50370744242473,0.859069104109944,0.519123557629975,1.65484515484515,"Den",18,"SMR","C",6577.874855,"PISCO","After"
"Harris Point SMR",2021,"Panulirus interruptus",1.6094379124341,0.833333333333333,0.166666666666667,5,"Den",18,"SMR","C",6577.874855,"PISCO","After"
"Harris Point SMR",2021,"Semicossyphus pulcher",0.990398704027877,0.426829268292683,0.158536585365854,2.69230769230769,"Den",18,"SMR","C",6577.874855,"PISCO","After"
"Harris Point SMR",2021,"Strongylocentrotus purpuratus",0.80200405888592,1.00039590241006,0.448606918394616,2.2300055157198,"Den",18,"SMR","C",6577.874855,"PISCO","After"
"Harris Point SMR",2022,"Macrocystis pyrifera",0,0.000788288288288288,0.000788288288288288,1,"Bio",19,"SMR","C",6577.874855,"PISCO","After"
"Harris Point SMR",2022,"Mesocentrotus franciscanus",-0.903258946375575,0.0929564574071267,0.229382319738386,0.405246827711678,"Bio",19,"SMR","C",6577.874855,"PISCO","After"
"Harris Point SMR",2022,"Semicossyphus pulcher",1.23443683431205,0.819229496090818,0.238394633701201,3.43644268904821,"Bio",19,"SMR","C",6577.874855,"PISCO","After"
"Harris Point SMR",2022,"Strongylocentrotus purpuratus",-0.668708159617395,0.353376550197485,0.68969009737114,0.512370050758209,"Bio",19,"SMR","C",6577.874855,"PISCO","After"
"Harris Point SMR",2022,"Macrocystis pyrifera",0,0.000788288288288288,0.000788288288288288,1,"Den",19,"SMR","C",6577.874855,"PISCO","After"
"Harris Point SMR",2022,"Mesocentrotus franciscanus",0.219746240539611,0.638143394269415,0.512252042007001,1.24576056694508,"Den",19,"SMR","C",6577.874855,"PISCO","After"
"Harris Point SMR",2022,"Panulirus interruptus",0,0.166666666666667,0.166666666666667,1,"Den",19,"SMR","C",6577.874855,"PISCO","After"
"Harris Point SMR",2022,"Semicossyphus pulcher",1.33500106673234,0.695121951219512,0.182926829268293,3.8,"Den",19,"SMR","C",6577.874855,"PISCO","After"
"Harris Point SMR",2022,"Strongylocentrotus purpuratus",0.0978167957943937,0.747216311179294,0.677586974810709,1.10276073619632,"Den",19,"SMR","C",6577.874855,"PISCO","After"
"Harris Point SMR",2023,"Macrocystis pyrifera",0,0.000788288288288288,0.000788288288288288,1,"Bio",20,"SMR","C",6577.874855,"PISCO","After"
"Harris Point SMR",2023,"Semicossyphus pulcher",1.56761836438669,1.00020600003748,0.208584220184424,4.795214130547,"Bio",20,"SMR","C",6577.874855,"PISCO","After"
"Harris Point SMR",2023,"Macrocystis pyrifera",0,0.000788288288288288,0.000788288288288288,1,"Den",20,"SMR","C",6577.874855,"PISCO","After"
"Harris Point SMR",2023,"Mesocentrotus franciscanus",0.14805309995914,0.62180733826008,0.536237521068326,1.15957446808511,"Den",20,"SMR","C",6577.874855,"PISCO","After"
"Harris Point SMR",2023,"Panulirus interruptus",1.09861228866811,0.5,0.166666666666667,3,"Den",20,"SMR","C",6577.874855,"PISCO","After"
"Harris Point SMR",2023,"Semicossyphus pulcher",1.05860695405441,0.597560975609756,0.207317073170732,2.88235294117647,"Den",20,"SMR","C",6577.874855,"PISCO","After"
"Harris Point SMR",2023,"Strongylocentrotus purpuratus",-0.317013962309254,0.33458702429851,0.45939525906864,0.728320586017451,"Den",20,"SMR","C",6577.874855,"PISCO","After"
"Matlahuayl SMR",2011,"Macrocystis pyrifera",1.03757639808174,1.01418439716312,0.359338061465721,2.82236842105263,"Bio",0,"SMR","ML",268.4458073,"PISCO","Before"
"Matlahuayl SMR",2011,"Panulirus interruptus",0.036804707197716,0.256896242759549,0.247613130748815,1.03749038664735,"Bio",0,"SMR","ML",268.4458073,"PISCO","Before"
"Matlahuayl SMR",2011,"Semicossyphus pulcher",0.70274330556837,0.733744487737585,0.363368529879985,2.01928463089506,"Bio",0,"SMR","ML",268.4458073,"PISCO","Before"
"Matlahuayl SMR",2011,"Strongylocentrotus purpuratus",0,0.02532760088307,0.02532760088307,1,"Bio",0,"SMR","ML",268.4458073,"PISCO","Before"
"Matlahuayl SMR",2011,"Macrocystis pyrifera",1.03757639808174,1.01418439716312,0.359338061465721,2.82236842105263,"Den",0,"SMR","ML",268.4458073,"PISCO","Before"
"Matlahuayl SMR",2011,"Mesocentrotus franciscanus",3.27083556379891,0.572463768115942,0.0217391304347826,26.3333333333333,"Den",0,"SMR","ML",268.4458073,"PISCO","Before"
"Matlahuayl SMR",2011,"Panulirus interruptus",-0.219628609206765,0.243589743589744,0.303418803418803,0.802816901408451,"Den",0,"SMR","ML",268.4458073,"PISCO","Before"
"Matlahuayl SMR",2011,"Semicossyphus pulcher",0.0953101798043249,0.611111111111111,0.555555555555556,1.1,"Den",0,"SMR","ML",268.4458073,"PISCO","Before"
"Matlahuayl SMR",2011,"Strongylocentrotus purpuratus",0,0.0384615384615385,0.0384615384615385,1,"Den",0,"SMR","ML",268.4458073,"PISCO","Before"
"Matlahuayl SMR",2012,"Macrocystis pyrifera",0.076961041136128,0.638297872340425,0.591016548463357,1.08,"Bio",0,"SMR","ML",268.4458073,"PISCO","Before"
"Matlahuayl SMR",2012,"Mesocentrotus franciscanus",2.16081739782156,1.00095904681914,0.115341404872924,8.67822832504884,"Bio",0,"SMR","ML",268.4458073,"PISCO","Before"
"Matlahuayl SMR",2012,"Panulirus interruptus",2.66408175046715,1.00189940133861,0.0697956110095363,14.3547622385842,"Bio",0,"SMR","ML",268.4458073,"PISCO","Before"
"Matlahuayl SMR",2012,"Semicossyphus pulcher",1.70139524752453,1.05086936862554,0.191708851590846,5.48159023386334,"Bio",0,"SMR","ML",268.4458073,"PISCO","Before"
"Matlahuayl SMR",2012,"Macrocystis pyrifera",0.076961041136128,0.638297872340425,0.591016548463357,1.08,"Den",0,"SMR","ML",268.4458073,"PISCO","Before"
"Matlahuayl SMR",2012,"Mesocentrotus franciscanus",0.96418201957857,1.00724637681159,0.384057971014493,2.62264150943396,"Den",0,"SMR","ML",268.4458073,"PISCO","Before"
"Matlahuayl SMR",2012,"Panulirus interruptus",0.991366758314512,0.679487179487179,0.252136752136752,2.69491525423729,"Den",0,"SMR","ML",268.4458073,"PISCO","Before"
"Matlahuayl SMR",2012,"Semicossyphus pulcher",1.04982212449868,1.11111111111111,0.388888888888889,2.85714285714286,"Den",0,"SMR","ML",268.4458073,"PISCO","Before"
"Matlahuayl SMR",2012,"Strongylocentrotus purpuratus",-0.336472236621213,0.384615384615385,0.538461538461539,0.714285714285714,"Den",0,"SMR","ML",268.4458073,"PISCO","Before"
"Matlahuayl SMR",2019,"Macrocystis pyrifera",0.91902671169303,0.865248226950355,0.3451536643026,2.50684931506849,"Bio",7,"SMR","ML",268.4458073,"PISCO","After"
"Matlahuayl SMR",2019,"Mesocentrotus franciscanus",-4.67733945212335,0.00287714045741033,0.309245777225525,0.0093037340177231,"Bio",7,"SMR","ML",268.4458073,"PISCO","After"
"Matlahuayl SMR",2019,"Panulirus interruptus",-1.44231616729792,0.0563613875101868,0.238435890850617,0.236379629380116,"Bio",7,"SMR","ML",268.4458073,"PISCO","After"
"Matlahuayl SMR",2019,"Semicossyphus pulcher",0.837265764901741,0.352531154814335,0.152608105876611,2.31004213563445,"Bio",7,"SMR","ML",268.4458073,"PISCO","After"
"Matlahuayl SMR",2019,"Strongylocentrotus purpuratus",-1.89687447839791,0.153836903454588,1.02532760088307,0.150036830494073,"Bio",7,"SMR","ML",268.4458073,"PISCO","After"
"Matlahuayl SMR",2019,"Macrocystis pyrifera",0.91902671169303,0.865248226950355,0.3451536643026,2.50684931506849,"Den",7,"SMR","ML",268.4458073,"PISCO","After"
"Matlahuayl SMR",2019,"Mesocentrotus franciscanus",-2.25878247033565,0.0507246376811594,0.485507246376812,0.104477611940299,"Den",7,"SMR","ML",268.4458073,"PISCO","After"
"Matlahuayl SMR",2019,"Panulirus interruptus",-1.06853483343083,0.192307692307692,0.55982905982906,0.343511450381679,"Den",7,"SMR","ML",268.4458073,"PISCO","After"
"Matlahuayl SMR",2019,"Semicossyphus pulcher",0.847297860387203,0.777777777777778,0.333333333333333,2.33333333333333,"Den",7,"SMR","ML",268.4458073,"PISCO","After"
"Matlahuayl SMR",2019,"Strongylocentrotus purpuratus",-1.90954250488444,0.153846153846154,1.03846153846154,0.148148148148148,"Den",7,"SMR","ML",268.4458073,"PISCO","After"
"Matlahuayl SMR",2020,"Macrocystis pyrifera",2.21557371600442,0.390070921985816,0.0425531914893617,9.16666666666667,"Bio",8,"SMR","ML",268.4458073,"PISCO","After"
"Matlahuayl SMR",2020,"Mesocentrotus franciscanus",-4.57092029776199,0.000959046819136778,0.0926755712712135,0.010348431695448,"Bio",8,"SMR","ML",268.4458073,"PISCO","After"
"Matlahuayl SMR",2020,"Panulirus interruptus",0.20037216896114,0.0898418442538449,0.0735289105327517,1.22185741095439,"Bio",8,"SMR","ML",268.4458073,"PISCO","After"
"Matlahuayl SMR",2020,"Semicossyphus pulcher",0.262928163894271,0.399516701516834,0.307147290604304,1.30073327598234,"Bio",8,"SMR","ML",268.4458073,"PISCO","After"
"Matlahuayl SMR",2020,"Strongylocentrotus purpuratus",-1.09861228866811,0.02532760088307,0.07598280264921,0.333333333333333,"Bio",8,"SMR","ML",268.4458073,"PISCO","After"
"Matlahuayl SMR",2020,"Macrocystis pyrifera",2.21557371600442,0.390070921985816,0.0425531914893617,9.16666666666667,"Den",8,"SMR","ML",268.4458073,"PISCO","After"
"Matlahuayl SMR",2020,"Mesocentrotus franciscanus",-3.43398720448515,0.0072463768115942,0.22463768115942,0.032258064516129,"Den",8,"SMR","ML",268.4458073,"PISCO","After"
"Matlahuayl SMR",2020,"Panulirus interruptus",0.0816780310142671,0.217948717948718,0.200854700854701,1.08510638297872,"Den",8,"SMR","ML",268.4458073,"PISCO","After"
"Matlahuayl SMR",2020,"Semicossyphus pulcher",0.0953101798043251,0.611111111111111,0.555555555555555,1.1,"Den",8,"SMR","ML",268.4458073,"PISCO","After"
"Matlahuayl SMR",2020,"Strongylocentrotus purpuratus",-1.09861228866811,0.0384615384615385,0.115384615384615,0.333333333333333,"Den",8,"SMR","ML",268.4458073,"PISCO","After"
"Matlahuayl SMR",2021,"Macrocystis pyrifera",3.91202300542815,0.709219858156028,0.0141843971631206,50,"Bio",9,"SMR","ML",268.4458073,"PISCO","After"
"Matlahuayl SMR",2021,"Mesocentrotus franciscanus",-2.30498017337011,0.0218066723774051,0.218589637064545,0.0997607785540447,"Bio",9,"SMR","ML",268.4458073,"PISCO","After"
"Matlahuayl SMR",2021,"Panulirus interruptus",0.364764106294716,0.217746236574031,0.15119436976474,1.44017424003848,"Bio",9,"SMR","ML",268.4458073,"PISCO","After"
"Matlahuayl SMR",2021,"Semicossyphus pulcher",0.916093595853967,0.484730652724684,0.193930488006397,2.4995072085246,"Bio",9,"SMR","ML",268.4458073,"PISCO","After"
"Matlahuayl SMR",2021,"Strongylocentrotus purpuratus",-3.10476975587844,0.02532760088307,0.564908912287799,0.0448348403293849,"Bio",9,"SMR","ML",268.4458073,"PISCO","After"
"Matlahuayl SMR",2021,"Macrocystis pyrifera",3.91202300542815,0.709219858156028,0.0141843971631206,50,"Den",9,"SMR","ML",268.4458073,"PISCO","After"
"Matlahuayl SMR",2021,"Mesocentrotus franciscanus",-2.371577964481,0.0507246376811594,0.543478260869565,0.0933333333333333,"Den",9,"SMR","ML",268.4458073,"PISCO","After"
"Matlahuayl SMR",2021,"Panulirus interruptus",0.054808236494995,0.320512820512821,0.303418803418803,1.05633802816901,"Den",9,"SMR","ML",268.4458073,"PISCO","After"
"Matlahuayl SMR",2021,"Semicossyphus pulcher",0.45953232937844,0.527777777777778,0.333333333333333,1.58333333333333,"Den",9,"SMR","ML",268.4458073,"PISCO","After"
"Matlahuayl SMR",2021,"Strongylocentrotus purpuratus",-2.56494935746154,0.0384615384615385,0.5,0.0769230769230769,"Den",9,"SMR","ML",268.4458073,"PISCO","After"
"Matlahuayl SMR",2022,"Macrocystis pyrifera",4.06902675423781,0.829787234042553,0.0141843971631206,58.5,"Bio",10,"SMR","ML",268.4458073,"PISCO","After"
"Matlahuayl SMR",2022,"Mesocentrotus franciscanus",-5.8329181099718,0.000959046819136778,0.327373828864736,0.00292951584573071,"Bio",10,"SMR","ML",268.4458073,"PISCO","After"
"Matlahuayl SMR",2022,"Panulirus interruptus",1.97257594273587,0.97291511793626,0.135330630379533,7.18917155124253,"Bio",10,"SMR","ML",268.4458073,"PISCO","After"
"Matlahuayl SMR",2022,"Semicossyphus pulcher",-0.122134518015977,0.322206489187758,0.364063072528582,0.885029308108314,"Bio",10,"SMR","ML",268.4458073,"PISCO","After"
"Matlahuayl SMR",2022,"Strongylocentrotus purpuratus",-2.45852058033585,0.02532760088307,0.296016538305581,0.085561438654904,"Bio",10,"SMR","ML",268.4458073,"PISCO","After"
"Matlahuayl SMR",2022,"Macrocystis pyrifera",4.06902675423781,0.829787234042553,0.0141843971631206,58.5,"Den",10,"SMR","ML",268.4458073,"PISCO","After"
"Matlahuayl SMR",2022,"Mesocentrotus franciscanus",-4.70953020131233,0.0072463768115942,0.804347826086957,0.00900900900900901,"Den",10,"SMR","ML",268.4458073,"PISCO","After"
"Matlahuayl SMR",2022,"Panulirus interruptus",1.04921953333853,1.01282051282051,0.354700854700855,2.85542168674699,"Den",10,"SMR","ML",268.4458073,"PISCO","After"
"Matlahuayl SMR",2022,"Semicossyphus pulcher",-0.0870113769896294,0.611111111111111,0.666666666666667,0.916666666666667,"Den",10,"SMR","ML",268.4458073,"PISCO","After"
"Matlahuayl SMR",2022,"Strongylocentrotus purpuratus",-2.39789527279837,0.0384615384615385,0.423076923076923,0.0909090909090909,"Den",10,"SMR","ML",268.4458073,"PISCO","After"
"Matlahuayl SMR",2023,"Macrocystis pyrifera",1.50407739677627,0.234042553191489,0.0520094562647754,4.5,"Bio",11,"SMR","ML",268.4458073,"PISCO","After"
"Matlahuayl SMR",2023,"Panulirus interruptus",-2.17452691076858,0.00569820401581875,0.0501329236538139,0.113661913180387,"Bio",11,"SMR","ML",268.4458073,"PISCO","After"
"Matlahuayl SMR",2023,"Semicossyphus pulcher",-2.06427936766224,0.0508693686255369,0.400831169472258,0.126909712866174,"Bio",11,"SMR","ML",268.4458073,"PISCO","After"
"Matlahuayl SMR",2023,"Macrocystis pyrifera",1.50407739677627,0.234042553191489,0.0520094562647754,4.5,"Den",11,"SMR","ML",268.4458073,"PISCO","After"
"Matlahuayl SMR",2023,"Mesocentrotus franciscanus",-3.37587957367787,0.0289855072463768,0.847826086956522,0.0341880341880342,"Den",11,"SMR","ML",268.4458073,"PISCO","After"
"Matlahuayl SMR",2023,"Panulirus interruptus",-1.65292302437384,0.0384615384615385,0.200854700854701,0.191489361702128,"Den",11,"SMR","ML",268.4458073,"PISCO","After"
"Matlahuayl SMR",2023,"Semicossyphus pulcher",-1.70474809223843,0.111111111111111,0.611111111111111,0.181818181818182,"Den",11,"SMR","ML",268.4458073,"PISCO","After"
"Matlahuayl SMR",2023,"Strongylocentrotus purpuratus",-2.484906649788,0.0384615384615385,0.461538461538462,0.0833333333333333,"Den",11,"SMR","ML",268.4458073,"PISCO","After"
"Naples SMCA",2009,"Semicossyphus pulcher",2.15366751348375,0.122299181265111,0.0141937657243467,8.61640128773784,"Bio",0,"SMCA","ML",673.8031024,"PISCO","Before"
"Naples SMCA",2009,"Semicossyphus pulcher",1.6094379124341,0.120087336244541,0.0240174672489083,5,"Den",0,"SMCA","ML",673.8031024,"PISCO","Before"
"Naples SMCA",2010,"Macrocystis pyrifera",0.0622650065913354,0.275641025641026,0.259001636661211,1.06424433912586,"Bio",0,"SMCA","ML",673.8031024,"PISCO","Before"
"Naples SMCA",2010,"Semicossyphus pulcher",1.1150476402479,0.148782831790022,0.0487858395570419,3.04971346482744,"Bio",0,"SMCA","ML",673.8031024,"PISCO","Before"
"Naples SMCA",2010,"Macrocystis pyrifera",0.062265006591335,0.275641025641026,0.259001636661211,1.06424433912586,"Den",0,"SMCA","ML",673.8031024,"PISCO","Before"
"Naples SMCA",2010,"Mesocentrotus franciscanus",1.42393199333885,0.829763663220089,0.199778434268833,4.15341959334566,"Den",0,"SMCA","ML",673.8031024,"PISCO","Before"
"Naples SMCA",2010,"Panulirus interruptus",0,0.0208333333333333,0.0208333333333333,1,"Den",0,"SMCA","ML",673.8031024,"PISCO","Before"
"Naples SMCA",2010,"Semicossyphus pulcher",1.57818536893,0.137554585152838,0.0283842794759825,4.84615384615385,"Den",0,"SMCA","ML",673.8031024,"PISCO","Before"
"Naples SMCA",2010,"Strongylocentrotus purpuratus",-0.799660276464336,0.116815654576383,0.259889714696715,0.44948163767352,"Den",0,"SMCA","ML",673.8031024,"PISCO","Before"
"Naples SMCA",2011,"Macrocystis pyrifera",-1.7963642356148,0.0443262411347518,0.267184942716858,0.165900969882593,"Bio",0,"SMCA","ML",673.8031024,"PISCO","Before"
"Naples SMCA",2011,"Mesocentrotus franciscanus",3.12127625445475,1.00872156680469,0.0444854770807194,22.6753006374273,"Bio",0,"SMCA","ML",673.8031024,"PISCO","Before"
"Naples SMCA",2011,"Semicossyphus pulcher",0.833389194289919,0.148298740056895,0.0644467665939993,2.30110442919727,"Bio",0,"SMCA","ML",673.8031024,"PISCO","Before"
"Naples SMCA",2011,"Strongylocentrotus purpuratus",-0.599857624427409,0.557014311549652,1.01480175589422,0.54888977902765,"Bio",0,"SMCA","ML",673.8031024,"PISCO","Before"
"Naples SMCA",2011,"Macrocystis pyrifera",-1.7963642356148,0.0443262411347518,0.267184942716858,0.165900969882593,"Den",0,"SMCA","ML",673.8031024,"PISCO","Before"
"Naples SMCA",2011,"Mesocentrotus franciscanus",2.05675013047777,0.901033973412112,0.115214180206795,7.82051282051282,"Den",0,"SMCA","ML",673.8031024,"PISCO","Before"
"Naples SMCA",2011,"Panulirus interruptus",0,0.0208333333333333,0.0208333333333333,1,"Den",0,"SMCA","ML",673.8031024,"PISCO","Before"
"Naples SMCA",2011,"Semicossyphus pulcher",0.94204322797657,0.12882096069869,0.0502183406113537,2.56521739130435,"Den",0,"SMCA","ML",673.8031024,"PISCO","Before"
"Naples SMCA",2011,"Strongylocentrotus purpuratus",-0.741092928381967,0.123665673413935,0.259478713566462,0.476592749032031,"Den",0,"SMCA","ML",673.8031024,"PISCO","Before"
"Naples SMCA",2012,"Macrocystis pyrifera",-1.87397278769523,0.0724222585924714,0.47176759410802,0.153512575888985,"Bio",0,"SMCA","ML",673.8031024,"PISCO","Before"
"Naples SMCA",2012,"Mesocentrotus franciscanus",0.0945788054212294,0.568879164521375,0.517541254868754,1.09919578230655,"Bio",0,"SMCA","ML",673.8031024,"PISCO","Before"
"Naples SMCA",2012,"Semicossyphus pulcher",1.4690016990402,0.096496371519379,0.0222091353783324,4.34489546196033,"Bio",0,"SMCA","ML",673.8031024,"PISCO","Before"
"Naples SMCA",2012,"Strongylocentrotus purpuratus",-0.330273848556264,0.361951103525734,0.503600340411211,0.718726884160137,"Bio",0,"SMCA","ML",673.8031024,"PISCO","Before"
"Naples SMCA",2012,"Macrocystis pyrifera",-1.87397278769523,0.0724222585924714,0.47176759410802,0.153512575888985,"Den",0,"SMCA","ML",673.8031024,"PISCO","Before"
"Naples SMCA",2012,"Mesocentrotus franciscanus",0.70855005217286,0.797267355982275,0.392540620384047,2.0310442144873,"Den",0,"SMCA","ML",673.8031024,"PISCO","Before"
"Naples SMCA",2012,"Panulirus interruptus",1.09861228866811,0.0625,0.0208333333333333,3,"Den",0,"SMCA","ML",673.8031024,"PISCO","Before"
"Naples SMCA",2012,"Semicossyphus pulcher",1.6094379124341,0.0982532751091703,0.0196506550218341,5,"Den",0,"SMCA","ML",673.8031024,"PISCO","Before"
"Naples SMCA",2012,"Strongylocentrotus purpuratus",-0.323722008934978,0.0746652053293147,0.103206950485781,0.723451327433628,"Den",0,"SMCA","ML",673.8031024,"PISCO","Before"
"Naples SMCA",2013,"Macrocystis pyrifera",-2.37473140793725,0.0909710856519367,0.977768685215493,0.0930394755195983,"Bio",1,"SMCA","ML",673.8031024,"PISCO","After"
"Naples SMCA",2013,"Mesocentrotus franciscanus",0.243038730084035,0.64658598499625,0.507079329631113,1.27511800858975,"Bio",1,"SMCA","ML",673.8031024,"PISCO","After"
"Naples SMCA",2013,"Semicossyphus pulcher",3.17819780540088,0.113566475357083,0.00473125524144892,24.0034556500283,"Bio",1,"SMCA","ML",673.8031024,"PISCO","After"
"Naples SMCA",2013,"Strongylocentrotus purpuratus",-1.33858239262074,0.0633908751619589,0.241749561098946,0.262217126160629,"Bio",1,"SMCA","ML",673.8031024,"PISCO","After"
"Naples SMCA",2013,"Macrocystis pyrifera",-2.37473140793725,0.0909710856519367,0.977768685215494,0.0930394755195983,"Den",1,"SMCA","ML",673.8031024,"PISCO","After"
"Naples SMCA",2013,"Mesocentrotus franciscanus",-0.102245621561478,0.926144756277696,1.02584933530281,0.90280777537797,"Den",1,"SMCA","ML",673.8031024,"PISCO","After"
"Naples SMCA",2013,"Panulirus interruptus",1.09861228866811,0.0625,0.0208333333333333,3,"Den",1,"SMCA","ML",673.8031024,"PISCO","After"
"Naples SMCA",2013,"Semicossyphus pulcher",2.51230562397611,0.0807860262008734,0.00655021834061135,12.3333333333333,"Den",1,"SMCA","ML",673.8031024,"PISCO","After"
"Naples SMCA",2013,"Strongylocentrotus purpuratus",-0.892930564517562,0.0280850772339624,0.0685915219600187,0.409454061251664,"Den",1,"SMCA","ML",673.8031024,"PISCO","After"
"Naples SMCA",2014,"Macrocystis pyrifera",-0.901301811421422,0.405210038188762,0.997954173486088,0.406040727073937,"Bio",2,"SMCA","ML",673.8031024,"PISCO","After"
"Naples SMCA",2014,"Mesocentrotus franciscanus",1.87605759113952,0.756957034669997,0.115960417371232,6.52771912890501,"Bio",2,"SMCA","ML",673.8031024,"PISCO","After"
"Naples SMCA",2014,"Semicossyphus pulcher",3.8565109664806,0.223788523078714,0.00473125524144892,47.300031737493,"Bio",2,"SMCA","ML",673.8031024,"PISCO","After"
"Naples SMCA",2014,"Strongylocentrotus purpuratus",-1.74696804839777,0.0444052676826691,0.254761076821078,0.17430161717308,"Bio",2,"SMCA","ML",673.8031024,"PISCO","After"
"Naples SMCA",2014,"Macrocystis pyrifera",-0.901301811421422,0.405210038188762,0.997954173486088,0.406040727073937,"Den",2,"SMCA","ML",673.8031024,"PISCO","After"
"Naples SMCA",2014,"Mesocentrotus franciscanus",1.66564100899266,0.75,0.141802067946824,5.2890625,"Den",2,"SMCA","ML",673.8031024,"PISCO","After"
"Naples SMCA",2014,"Panulirus interruptus",1.6094379124341,0.104166666666667,0.0208333333333333,5,"Den",2,"SMCA","ML",673.8031024,"PISCO","After"
"Naples SMCA",2014,"Semicossyphus pulcher",2.83321334405622,0.111353711790393,0.00655021834061135,17,"Den",2,"SMCA","ML",673.8031024,"PISCO","After"
"Naples SMCA",2014,"Strongylocentrotus purpuratus",-1.56180986344485,0.0117820324005891,0.0561701544679248,0.209756097560976,"Den",2,"SMCA","ML",673.8031024,"PISCO","After"
"Naples SMCA",2015,"Macrocystis pyrifera",-0.114279461125201,0.732269503546099,0.820921985815603,0.892008639308855,"Bio",3,"SMCA","ML",673.8031024,"PISCO","After"
"Naples SMCA",2015,"Mesocentrotus franciscanus",0.8710247723024,0.40149362541334,0.168034091435866,2.38935814740059,"Bio",3,"SMCA","ML",673.8031024,"PISCO","After"
"Naples SMCA",2015,"Semicossyphus pulcher",2.53180115593451,0.197563986142188,0.0157094329442042,12.5761373337844,"Bio",3,"SMCA","ML",673.8031024,"PISCO","After"
"Naples SMCA",2015,"Strongylocentrotus purpuratus",-0.610574621335849,0.0513328189844707,0.0945288345289332,0.543038737759523,"Bio",3,"SMCA","ML",673.8031024,"PISCO","After"
"Naples SMCA",2015,"Macrocystis pyrifera",-0.114279461125201,0.732269503546099,0.820921985815603,0.892008639308855,"Den",3,"SMCA","ML",673.8031024,"PISCO","After"
"Naples SMCA",2015,"Mesocentrotus franciscanus",0.839253642219035,0.449593796159527,0.19423929098966,2.31463878326996,"Den",3,"SMCA","ML",673.8031024,"PISCO","After"
"Naples SMCA",2015,"Panulirus interruptus",2.79320800944252,1.02083333333333,0.0625,16.3333333333333,"Den",3,"SMCA","ML",673.8031024,"PISCO","After"
"Naples SMCA",2015,"Semicossyphus pulcher",2.12606485776418,1.00655021834061,0.120087336244542,8.38181818181818,"Den",3,"SMCA","ML",673.8031024,"PISCO","After"
"Naples SMCA",2015,"Strongylocentrotus purpuratus",-0.667081412930604,0.0133118699409757,0.0259387379981962,0.513204225352113,"Den",3,"SMCA","ML",673.8031024,"PISCO","After"
"Naples SMCA",2016,"Macrocystis pyrifera",0.12925701518241,0.62315875613748,0.54759956355701,1.13798256537983,"Bio",4,"SMCA","ML",673.8031024,"PISCO","After"
"Naples SMCA",2016,"Mesocentrotus franciscanus",0.44855212918706,0.213576300691441,0.136379578972647,1.566043115108,"Bio",4,"SMCA","ML",673.8031024,"PISCO","After"
"Naples SMCA",2016,"Semicossyphus pulcher",1.39169452276264,0.162558477505801,0.0404207503586384,4.02165907518985,"Bio",4,"SMCA","ML",673.8031024,"PISCO","After"
"Naples SMCA",2016,"Strongylocentrotus purpuratus",-0.821937139571519,0.0637256063226208,0.144969533197343,0.439579302748204,"Bio",4,"SMCA","ML",673.8031024,"PISCO","After"
"Naples SMCA",2016,"Macrocystis pyrifera",0.12925701518241,0.62315875613748,0.54759956355701,1.13798256537983,"Den",4,"SMCA","ML",673.8031024,"PISCO","After"
"Naples SMCA",2016,"Mesocentrotus franciscanus",0.283459687571933,0.261816838995569,0.197193500738552,1.32771535580524,"Den",4,"SMCA","ML",673.8031024,"PISCO","After"
"Naples SMCA",2016,"Panulirus interruptus",-1.11022302462516e-16,0.104166666666667,0.104166666666667,1,"Den",4,"SMCA","ML",673.8031024,"PISCO","After"
"Naples SMCA",2016,"Semicossyphus pulcher",1.14292333499302,0.705240174672489,0.224890829694323,3.13592233009709,"Den",4,"SMCA","ML",673.8031024,"PISCO","After"
"Naples SMCA",2016,"Strongylocentrotus purpuratus",-1.17455008749891,0.0154353757806167,0.0499594707218778,0.308957952468007,"Den",4,"SMCA","ML",673.8031024,"PISCO","After"
"Naples SMCA",2017,"Macrocystis pyrifera",-0.591062213089236,0.378750681942171,0.683987997817785,0.553738783649053,"Bio",5,"SMCA","ML",673.8031024,"PISCO","After"
"Naples SMCA",2017,"Mesocentrotus franciscanus",1.36107583871421,0.108265839380121,0.0277577155582613,3.90038723297957,"Bio",5,"SMCA","ML",673.8031024,"PISCO","After"
"Naples SMCA",2017,"Semicossyphus pulcher",2.29842498088626,0.354046730814506,0.0355522672819572,9.95848529171542,"Bio",5,"SMCA","ML",673.8031024,"PISCO","After"
"Naples SMCA",2017,"Strongylocentrotus purpuratus",-1.10779727706926,0.0763262202689072,0.231091515569532,0.330285688251249,"Bio",5,"SMCA","ML",673.8031024,"PISCO","After"
"Naples SMCA",2017,"Macrocystis pyrifera",-0.591062213089236,0.378750681942171,0.683987997817785,0.553738783649053,"Den",5,"SMCA","ML",673.8031024,"PISCO","After"
"Naples SMCA",2017,"Mesocentrotus franciscanus",1.14664630913422,0.244091580502216,0.0775480059084195,3.14761904761905,"Den",5,"SMCA","ML",673.8031024,"PISCO","After"
"Naples SMCA",2017,"Panulirus interruptus",-1.09861228866811,0.0208333333333333,0.0625,0.333333333333333,"Den",5,"SMCA","ML",673.8031024,"PISCO","After"
"Naples SMCA",2017,"Semicossyphus pulcher",0.657640492103036,0.543668122270742,0.281659388646288,1.93023255813953,"Den",5,"SMCA","ML",673.8031024,"PISCO","After"
"Naples SMCA",2017,"Strongylocentrotus purpuratus",-0.804069125836383,0.0237467319701796,0.0530648125949013,0.44750430292599,"Den",5,"SMCA","ML",673.8031024,"PISCO","After"
"Naples SMCA",2018,"Macrocystis pyrifera",-0.511823990158591,0.600791052918712,1.00231860338243,0.59940127908559,"Bio",6,"SMCA","ML",673.8031024,"PISCO","After"
"Naples SMCA",2018,"Mesocentrotus franciscanus",0.46628895548335,0.106772044317593,0.0669808782533016,1.59406754736498,"Bio",6,"SMCA","ML",673.8031024,"PISCO","After"
"Naples SMCA",2018,"Semicossyphus pulcher",1.50483888641108,0.456831256441324,0.101440781464809,4.50342800838738,"Bio",6,"SMCA","ML",673.8031024,"PISCO","After"
"Naples SMCA",2018,"Strongylocentrotus purpuratus",-0.956305559384314,0.148605827277104,0.3866820988347,0.384310077257108,"Bio",6,"SMCA","ML",673.8031024,"PISCO","After"
"Naples SMCA",2018,"Macrocystis pyrifera",-0.511823990158591,0.600791052918712,1.00231860338243,0.59940127908559,"Den",6,"SMCA","ML",673.8031024,"PISCO","After"
"Naples SMCA",2018,"Mesocentrotus franciscanus",1.53789076114205,0.577548005908419,0.124076809453471,4.6547619047619,"Den",6,"SMCA","ML",673.8031024,"PISCO","After"
"Naples SMCA",2018,"Panulirus interruptus",1.09861228866811,0.1875,0.0625,3,"Den",6,"SMCA","ML",673.8031024,"PISCO","After"
"Naples SMCA",2018,"Semicossyphus pulcher",1.02000040109846,0.587336244541485,0.2117903930131,2.77319587628866,"Den",6,"SMCA","ML",673.8031024,"PISCO","After"
"Naples SMCA",2018,"Strongylocentrotus purpuratus",-0.0774903453540485,0.0702811932732815,0.0759438755123243,0.925435959110042,"Den",6,"SMCA","ML",673.8031024,"PISCO","After"
"Naples SMCA",2019,"Macrocystis pyrifera",-0.432823193371039,0.270458265139116,0.416939443535188,0.648675171736997,"Bio",7,"SMCA","ML",673.8031024,"PISCO","After"
"Naples SMCA",2019,"Mesocentrotus franciscanus",1.93153899226388,0.321707136020264,0.0466234029342013,6.90012130762491,"Bio",7,"SMCA","ML",673.8031024,"PISCO","After"
"Naples SMCA",2019,"Semicossyphus pulcher",1.66016031207771,0.364969011387542,0.0693837116552857,5.26015404308135,"Bio",7,"SMCA","ML",673.8031024,"PISCO","After"
"Naples SMCA",2019,"Strongylocentrotus purpuratus",-0.561253900670759,0.331590653096456,0.581234991940106,0.570493273279433,"Bio",7,"SMCA","ML",673.8031024,"PISCO","After"
"Naples SMCA",2019,"Macrocystis pyrifera",-0.432823193371039,0.270458265139116,0.416939443535188,0.648675171736997,"Den",7,"SMCA","ML",673.8031024,"PISCO","After"
"Naples SMCA",2019,"Mesocentrotus franciscanus",1.79873255611992,0.584564254062038,0.0967503692762186,6.04198473282443,"Den",7,"SMCA","ML",673.8031024,"PISCO","After"
"Naples SMCA",2019,"Panulirus interruptus",0,0.0625,0.0625,1,"Den",7,"SMCA","ML",673.8031024,"PISCO","After"
"Naples SMCA",2019,"Semicossyphus pulcher",1.25041830153611,0.465065502183406,0.133187772925764,3.49180327868853,"Den",7,"SMCA","ML",673.8031024,"PISCO","After"
"Naples SMCA",2019,"Strongylocentrotus purpuratus",-0.191727355080831,0.08859357696567,0.107316961788312,0.825531914893617,"Den",7,"SMCA","ML",673.8031024,"PISCO","After"
"Naples SMCA",2020,"Macrocystis pyrifera",-0.802449247447947,0.274549918166939,0.612520458265139,0.448229792919172,"Bio",8,"SMCA","ML",673.8031024,"PISCO","After"
"Naples SMCA",2020,"Mesocentrotus franciscanus",1.37961186602585,0.229194866389496,0.0576828972027815,3.97335913249593,"Bio",8,"SMCA","ML",673.8031024,"PISCO","After"
"Naples SMCA",2020,"Semicossyphus pulcher",1.71890067616985,0.33923122061058,0.0608116428818559,5.5783926323062,"Bio",8,"SMCA","ML",673.8031024,"PISCO","After"
"Naples SMCA",2020,"Strongylocentrotus purpuratus",0.663989014294234,0.263410663303238,0.13560215361588,1.94252566260416,"Bio",8,"SMCA","ML",673.8031024,"PISCO","After"
"Naples SMCA",2020,"Macrocystis pyrifera",-0.802449247447947,0.274549918166939,0.612520458265139,0.448229792919172,"Den",8,"SMCA","ML",673.8031024,"PISCO","After"
"Naples SMCA",2020,"Mesocentrotus franciscanus",1.12665675137511,0.333825701624815,0.108197932053176,3.08532423208191,"Den",8,"SMCA","ML",673.8031024,"PISCO","After"
"Naples SMCA",2020,"Panulirus interruptus",1.09861228866811,0.0625,0.0208333333333333,3,"Den",8,"SMCA","ML",673.8031024,"PISCO","After"
"Naples SMCA",2020,"Semicossyphus pulcher",1.29037423924115,0.325327510917031,0.0895196506550218,3.63414634146342,"Den",8,"SMCA","ML",673.8031024,"PISCO","After"
"Naples SMCA",2020,"Strongylocentrotus purpuratus",0.800934416867137,0.0795515521001016,0.0357114315397701,2.22762148337596,"Den",8,"SMCA","ML",673.8031024,"PISCO","After"
"Naples SMCA",2021,"Macrocystis pyrifera",-0.489479405746392,0.255728314238952,0.41721222040371,0.61294540699575,"Bio",9,"SMCA","ML",673.8031024,"PISCO","After"
"Naples SMCA",2021,"Mesocentrotus franciscanus",2.09383778846493,0.212352786388251,0.026164700414081,8.11600297452556,"Bio",9,"SMCA","ML",673.8031024,"PISCO","After"
"Naples SMCA",2021,"Semicossyphus pulcher",2.35885487863835,0.40246766523919,0.0380446275623995,10.5788304690085,"Bio",9,"SMCA","ML",673.8031024,"PISCO","After"
"Naples SMCA",2021,"Strongylocentrotus purpuratus",-0.425371627876673,0.23809204683648,0.364318679662065,0.653526871192358,"Bio",9,"SMCA","ML",673.8031024,"PISCO","After"
"Naples SMCA",2021,"Macrocystis pyrifera",-0.489479405746392,0.255728314238953,0.41721222040371,0.61294540699575,"Den",9,"SMCA","ML",673.8031024,"PISCO","After"
"Naples SMCA",2021,"Mesocentrotus franciscanus",1.10007964036206,0.251846381093058,0.0838257016248154,3.00440528634361,"Den",9,"SMCA","ML",673.8031024,"PISCO","After"
"Naples SMCA",2021,"Panulirus interruptus",0,0.0625,0.0625,1,"Den",9,"SMCA","ML",673.8031024,"PISCO","After"
"Naples SMCA",2021,"Semicossyphus pulcher",1.9079309009901,0.338427947598253,0.0502183406113537,6.73913043478261,"Den",9,"SMCA","ML",673.8031024,"PISCO","After"
"Naples SMCA",2021,"Strongylocentrotus purpuratus",-0.32075752905561,0.0953979290109715,0.131474694888744,0.725599166377215,"Den",9,"SMCA","ML",673.8031024,"PISCO","After"
"Naples SMCA",2022,"Macrocystis pyrifera",-0.362848208437441,0.103518821603928,0.148799781778505,0.695692025664528,"Bio",10,"SMCA","ML",673.8031024,"PISCO","After"
"Naples SMCA",2022,"Mesocentrotus franciscanus",0.42801957618375,0.0568438749423863,0.0370507612292296,1.53421611477018,"Bio",10,"SMCA","ML",673.8031024,"PISCO","After"
"Naples SMCA",2022,"Semicossyphus pulcher",2.25937499189266,0.410487352070423,0.0428613344859661,9.57710152969754,"Bio",10,"SMCA","ML",673.8031024,"PISCO","After"
"Naples SMCA",2022,"Strongylocentrotus purpuratus",-0.964332998847311,0.211256658521242,0.554134138233747,0.381237400739474,"Bio",10,"SMCA","ML",673.8031024,"PISCO","After"
"Naples SMCA",2022,"Macrocystis pyrifera",-0.362848208437441,0.103518821603928,0.148799781778505,0.695692025664528,"Den",10,"SMCA","ML",673.8031024,"PISCO","After"
"Naples SMCA",2022,"Mesocentrotus franciscanus",0.305979556893359,0.176514032496307,0.129985228951256,1.35795454545455,"Den",10,"SMCA","ML",673.8031024,"PISCO","After"
"Naples SMCA",2022,"Panulirus interruptus",1.94591014905531,0.145833333333333,0.0208333333333333,7,"Den",10,"SMCA","ML",673.8031024,"PISCO","After"
"Naples SMCA",2022,"Semicossyphus pulcher",1.96850998097255,0.390829694323144,0.0545851528384279,7.16,"Den",10,"SMCA","ML",673.8031024,"PISCO","After"
"Naples SMCA",2022,"Strongylocentrotus purpuratus",-0.886330432278281,0.077359546072085,0.187690516148919,0.412165450121655,"Den",10,"SMCA","ML",673.8031024,"PISCO","After"
"Naples SMCA",2023,"Macrocystis pyrifera",0.0473626121782467,0.100245499181669,0.095608292416803,1.04850213980029,"Bio",11,"SMCA","ML",673.8031024,"PISCO","After"
"Naples SMCA",2023,"Mesocentrotus franciscanus",1.35843382675401,0.271271303032923,0.0697338331851278,3.89009596407469,"Bio",11,"SMCA","ML",673.8031024,"PISCO","After"
"Naples SMCA",2023,"Semicossyphus pulcher",2.43830639720478,0.493960800832751,0.0431270222192944,11.4536264136447,"Bio",11,"SMCA","ML",673.8031024,"PISCO","After"
"Naples SMCA",2023,"Strongylocentrotus purpuratus",-0.647959563284618,0.346906689190402,0.663159410759994,0.523112065608539,"Bio",11,"SMCA","ML",673.8031024,"PISCO","After"
"Naples SMCA",2023,"Macrocystis pyrifera",0.0473626121782467,0.100245499181669,0.095608292416803,1.04850213980029,"Den",11,"SMCA","ML",673.8031024,"PISCO","After"
"Naples SMCA",2023,"Mesocentrotus franciscanus",1.08033024383066,0.400295420974889,0.13589364844904,2.94565217391304,"Den",11,"SMCA","ML",673.8031024,"PISCO","After"
"Naples SMCA",2023,"Panulirus interruptus",-1.09861228866811,0.0208333333333333,0.0625,0.333333333333333,"Den",11,"SMCA","ML",673.8031024,"PISCO","After"
"Naples SMCA",2023,"Semicossyphus pulcher",2.10126058907448,0.303493449781659,0.037117903930131,8.17647058823529,"Den",11,"SMCA","ML",673.8031024,"PISCO","After"
"Naples SMCA",2023,"Strongylocentrotus purpuratus",-0.423244354421033,0.134077702047014,0.204724229658298,0.65491858130716,"Den",11,"SMCA","ML",673.8031024,"PISCO","After"
"Point Vicente SMCA",2004,"Semicossyphus pulcher",-1.11075689193704,0.130081863391045,0.395013863832711,0.329309614930718,"Bio",0,"SMCA","ML",3896.539074,"PISCO","Before"
"Point Vicente SMCA",2004,"Semicossyphus pulcher",-0.399760586078523,0.373724489795918,0.557397959183674,0.670480549199085,"Den",0,"SMCA","ML",3896.539074,"PISCO","Before"
"Point Vicente SMCA",2007,"Semicossyphus pulcher",0.906609336436082,0.591662943752641,0.238967553795204,2.47591329599373,"Bio",0,"SMCA","ML",3896.539074,"PISCO","Before"
"Point Vicente SMCA",2007,"Semicossyphus pulcher",0.957121103322674,1.05739795918367,0.406037414965986,2.60418848167539,"Den",0,"SMCA","ML",3896.539074,"PISCO","Before"
"Point Vicente SMCA",2008,"Macrocystis pyrifera",-0.351840022359626,0.41413525273474,0.588768248546216,0.703392640070726,"Bio",0,"SMCA","ML",3896.539074,"PISCO","Before"
"Point Vicente SMCA",2008,"Semicossyphus pulcher",0.439708550819938,0.435089981523273,0.280295474532247,1.55225474920473,"Bio",0,"SMCA","ML",3896.539074,"PISCO","Before"
"Point Vicente SMCA",2008,"Macrocystis pyrifera",-0.351840022359627,0.41413525273474,0.588768248546216,0.703392640070726,"Den",0,"SMCA","ML",3896.539074,"PISCO","Before"
"Point Vicente SMCA",2008,"Mesocentrotus franciscanus",1.08865001459302,1.07105943152455,0.360594315245478,2.97026155499821,"Den",0,"SMCA","ML",3896.539074,"PISCO","Before"
"Point Vicente SMCA",2008,"Panulirus interruptus",-1.52605630349505,0.005,0.023,0.217391304347826,"Den",0,"SMCA","ML",3896.539074,"PISCO","Before"
"Point Vicente SMCA",2008,"Semicossyphus pulcher",0.712398235861998,0.628826530612245,0.308418367346939,2.03887510339123,"Den",0,"SMCA","ML",3896.539074,"PISCO","Before"
"Point Vicente SMCA",2008,"Strongylocentrotus purpuratus",3.2393684708071,1.00842353085061,0.0395187427383355,25.5176015473888,"Den",0,"SMCA","ML",3896.539074,"PISCO","Before"
"Point Vicente SMCA",2009,"Macrocystis pyrifera",0.243901495891781,0.983774551665243,0.770851124395104,1.27621861152142,"Bio",0,"SMCA","ML",3896.539074,"PISCO","Before"
"Point Vicente SMCA",2009,"Mesocentrotus franciscanus",0.307584442861824,0.898953286573006,0.660929137238632,1.36013565740019,"Bio",0,"SMCA","ML",3896.539074,"PISCO","Before"
"Point Vicente SMCA",2009,"Semicossyphus pulcher",0.297691948531845,0.394692605837575,0.293071117185528,1.34674685662633,"Bio",0,"SMCA","ML",3896.539074,"PISCO","Before"
"Point Vicente SMCA",2009,"Strongylocentrotus purpuratus",-0.0709127665523384,0.478372927700435,0.513527395423752,0.931543150303972,"Bio",0,"SMCA","ML",3896.539074,"PISCO","Before"
"Point Vicente SMCA",2009,"Macrocystis pyrifera",0.243901495891781,0.983774551665243,0.770851124395104,1.27621861152142,"Den",0,"SMCA","ML",3896.539074,"PISCO","Before"
"Point Vicente SMCA",2009,"Mesocentrotus franciscanus",0.253401072150916,0.779198966408269,0.604780361757106,1.28839991454817,"Den",0,"SMCA","ML",3896.539074,"PISCO","Before"
"Point Vicente SMCA",2009,"Panulirus interruptus",-2.66258782702545,0.005,0.0716666666666667,0.0697674418604651,"Den",0,"SMCA","ML",3896.539074,"PISCO","Before"
"Point Vicente SMCA",2009,"Semicossyphus pulcher",0.1205759789471,0.628826530612245,0.557397959183674,1.12814645308924,"Den",0,"SMCA","ML",3896.539074,"PISCO","Before"
"Point Vicente SMCA",2009,"Strongylocentrotus purpuratus",-0.0156948749644593,0.330520393811533,0.335748792270531,0.984427647755214,"Den",0,"SMCA","ML",3896.539074,"PISCO","Before"
"Point Vicente SMCA",2010,"Macrocystis pyrifera",-0.423915816021281,0.655117725997316,1.00097596681713,0.654478976234004,"Bio",0,"SMCA","ML",3896.539074,"PISCO","Before"
"Point Vicente SMCA",2010,"Mesocentrotus franciscanus",0.204569274442098,1.07479792181275,0.875958459141122,1.22699645239638,"Bio",0,"SMCA","ML",3896.539074,"PISCO","Before"
"Point Vicente SMCA",2010,"Semicossyphus pulcher",0.970549994501776,0.719962057172733,0.272775337752219,2.63939571335707,"Bio",0,"SMCA","ML",3896.539074,"PISCO","Before"
"Point Vicente SMCA",2010,"Strongylocentrotus purpuratus",-0.171900904706836,0.405466063459531,0.481515337423573,0.842062613475706,"Bio",0,"SMCA","ML",3896.539074,"PISCO","Before"
"Point Vicente SMCA",2010,"Macrocystis pyrifera",-0.423915816021281,0.655117725997316,1.00097596681713,0.654478976234004,"Den",0,"SMCA","ML",3896.539074,"PISCO","Before"
"Point Vicente SMCA",2010,"Mesocentrotus franciscanus",-0.190034717996081,0.629198966408269,0.760885012919897,0.826930424077769,"Den",0,"SMCA","ML",3896.539074,"PISCO","Before"
"Point Vicente SMCA",2010,"Panulirus interruptus",-1.38629436111989,0.005,0.02,0.25,"Den",0,"SMCA","ML",3896.539074,"PISCO","Before"
"Point Vicente SMCA",2010,"Semicossyphus pulcher",0.678332094774805,0.769132653061225,0.39030612244898,1.97058823529412,"Den",0,"SMCA","ML",3896.539074,"PISCO","Before"
"Point Vicente SMCA",2010,"Strongylocentrotus purpuratus",-0.352046480513424,0.258973888583135,0.368254295847857,0.703247433914876,"Den",0,"SMCA","ML",3896.539074,"PISCO","Before"
"Point Vicente SMCA",2011,"Macrocystis pyrifera",0.139631710725428,0.79931682322801,0.695148631613192,1.14985024335455,"Bio",0,"SMCA","ML",3896.539074,"PISCO","Before"
"Point Vicente SMCA",2011,"Mesocentrotus franciscanus",-0.566822489664037,0.481608196509535,0.848910194586482,0.567325259586656,"Bio",0,"SMCA","ML",3896.539074,"PISCO","Before"
"Point Vicente SMCA",2011,"Panulirus interruptus",0.42134775593125,0.0223451970554619,0.0146620664539935,1.52401417123408,"Bio",0,"SMCA","ML",3896.539074,"PISCO","Before"
"Point Vicente SMCA",2011,"Semicossyphus pulcher",-0.176905850190135,0.274510774909302,0.327633748222919,0.837858665043651,"Bio",0,"SMCA","ML",3896.539074,"PISCO","Before"
"Point Vicente SMCA",2011,"Strongylocentrotus purpuratus",-0.774034417021989,0.306028272650935,0.663621468254582,0.461148843565643,"Bio",0,"SMCA","ML",3896.539074,"PISCO","Before"
"Point Vicente SMCA",2011,"Macrocystis pyrifera",0.139631710725428,0.79931682322801,0.695148631613192,1.14985024335455,"Den",0,"SMCA","ML",3896.539074,"PISCO","Before"
"Point Vicente SMCA",2011,"Mesocentrotus franciscanus",-0.548855800822315,0.346640826873385,0.600129198966408,0.577610333692142,"Den",0,"SMCA","ML",3896.539074,"PISCO","Before"
"Point Vicente SMCA",2011,"Panulirus interruptus",0.736497621433559,0.055,0.0263333333333333,2.08860759493671,"Den",0,"SMCA","ML",3896.539074,"PISCO","Before"
"Point Vicente SMCA",2011,"Semicossyphus pulcher",-0.18400364297694,0.378826530612245,0.455357142857143,0.831932773109244,"Den",0,"SMCA","ML",3896.539074,"PISCO","Before"
"Point Vicente SMCA",2011,"Strongylocentrotus purpuratus",-0.905216814261355,0.154337124686602,0.381593591389959,0.404454184160764,"Den",0,"SMCA","ML",3896.539074,"PISCO","Before"
"Point Vicente SMCA",2012,"Macrocystis pyrifera",0.0969384186825759,0.552397218494571,0.501362287015575,1.10179252169681,"Bio",0,"SMCA","ML",3896.539074,"PISCO","Before"
"Point Vicente SMCA",2012,"Mesocentrotus franciscanus",-0.229594927485484,0.807873658216629,1.0163780040626,0.794855511421393,"Bio",0,"SMCA","ML",3896.539074,"PISCO","Before"
"Point Vicente SMCA",2012,"Panulirus interruptus",-1.35186315874257,0.00440394711270609,0.0170195786830009,0.258757704566727,"Bio",0,"SMCA","ML",3896.539074,"PISCO","Before"
"Point Vicente SMCA",2012,"Semicossyphus pulcher",-0.556162057540509,0.111140746948184,0.193825728017939,0.573405543653617,"Bio",0,"SMCA","ML",3896.539074,"PISCO","Before"
"Point Vicente SMCA",2012,"Strongylocentrotus purpuratus",-0.874181496793975,0.423869914305887,1.01597914267959,0.417203362254025,"Bio",0,"SMCA","ML",3896.539074,"PISCO","Before"
"Point Vicente SMCA",2012,"Macrocystis pyrifera",0.0969384186825761,0.552397218494571,0.501362287015575,1.10179252169681,"Den",0,"SMCA","ML",3896.539074,"PISCO","Before"
"Point Vicente SMCA",2012,"Mesocentrotus franciscanus",-0.317012567061344,0.648385012919897,0.890245478036176,0.728321602205936,"Den",0,"SMCA","ML",3896.539074,"PISCO","Before"
"Point Vicente SMCA",2012,"Panulirus interruptus",-0.847297860387204,0.015,0.035,0.428571428571429,"Den",0,"SMCA","ML",3896.539074,"PISCO","Before"
"Point Vicente SMCA",2012,"Semicossyphus pulcher",-0.620178160693354,0.17219387755102,0.32015306122449,0.537848605577689,"Den",0,"SMCA","ML",3896.539074,"PISCO","Before"
"Point Vicente SMCA",2012,"Strongylocentrotus purpuratus",-1.01803846800767,0.215839601296398,0.597392298049288,0.361302952852249,"Den",0,"SMCA","ML",3896.539074,"PISCO","Before"
"Point Vicente SMCA",2013,"Macrocystis pyrifera",-5.00362666394178,0.00292790045138465,0.436117743425295,0.00671355498721228,"Bio",1,"SMCA","ML",3896.539074,"PISCO","After"
"Point Vicente SMCA",2013,"Mesocentrotus franciscanus",-0.460004670368213,0.488342140324661,0.77357369313037,0.631280697186739,"Bio",1,"SMCA","ML",3896.539074,"PISCO","After"
"Point Vicente SMCA",2013,"Panulirus interruptus",-3.17951908820692,0.00146798237090203,0.0352832380858231,0.0416056589627999,"Bio",1,"SMCA","ML",3896.539074,"PISCO","After"
"Point Vicente SMCA",2013,"Semicossyphus pulcher",-0.262343896100842,0.151720996278244,0.197233277801086,0.769246437364681,"Bio",1,"SMCA","ML",3896.539074,"PISCO","After"
"Point Vicente SMCA",2013,"Strongylocentrotus purpuratus",-3.5302627953601,0.0159791426795924,0.545415061025404,0.0292972156829534,"Bio",1,"SMCA","ML",3896.539074,"PISCO","After"
"Point Vicente SMCA",2013,"Macrocystis pyrifera",-5.00362666394178,0.00292790045138465,0.436117743425295,0.00671355498721228,"Den",1,"SMCA","ML",3896.539074,"PISCO","After"
"Point Vicente SMCA",2013,"Mesocentrotus franciscanus",-0.507758977712768,0.364082687338501,0.604946474713917,0.601842811813522,"Den",1,"SMCA","ML",3896.539074,"PISCO","After"
"Point Vicente SMCA",2013,"Panulirus interruptus",-2.83321334405622,0.005,0.085,0.0588235294117647,"Den",1,"SMCA","ML",3896.539074,"PISCO","After"
"Point Vicente SMCA",2013,"Semicossyphus pulcher",-0.323568831785305,0.248724489795918,0.34375,0.723562152133581,"Den",1,"SMCA","ML",3896.539074,"PISCO","After"
"Point Vicente SMCA",2013,"Strongylocentrotus purpuratus",-3.57247526388707,0.00842353085060845,0.299916572756419,0.0280862466958428,"Den",1,"SMCA","ML",3896.539074,"PISCO","After"
"Point Vicente SMCA",2014,"Semicossyphus pulcher",1.01559073479551,0.69925229460077,0.253261076300487,2.76099393090759,"Bio",2,"SMCA","ML",3896.539074,"PISCO","After"
"Point Vicente SMCA",2014,"Semicossyphus pulcher",0.291151981178224,0.531887755102041,0.397534013605442,1.3379679144385,"Den",2,"SMCA","ML",3896.539074,"PISCO","After"
"Point Vicente SMCA",2015,"Macrocystis pyrifera",-0.522560012079157,0.401610345248262,0.677251259171474,0.593000514668039,"Bio",3,"SMCA","ML",3896.539074,"PISCO","After"
"Point Vicente SMCA",2015,"Mesocentrotus franciscanus",0.691773629284286,0.624431645169326,0.312644961680863,1.99725478322828,"Bio",3,"SMCA","ML",3896.539074,"PISCO","After"
"Point Vicente SMCA",2015,"Panulirus interruptus",2.58559496155967,1.0014679823709,0.0754618494585539,13.2711825850616,"Bio",3,"SMCA","ML",3896.539074,"PISCO","After"
"Point Vicente SMCA",2015,"Semicossyphus pulcher",1.14031081672195,0.716535059571598,0.229090325678204,3.12774036812927,"Bio",3,"SMCA","ML",3896.539074,"PISCO","After"
"Point Vicente SMCA",2015,"Strongylocentrotus purpuratus",0.564839250164417,0.153665971958119,0.0873516550093921,1.75916497451132,"Bio",3,"SMCA","ML",3896.539074,"PISCO","After"
"Point Vicente SMCA",2015,"Macrocystis pyrifera",-0.522560012079157,0.401610345248262,0.677251259171474,0.593000514668039,"Den",3,"SMCA","ML",3896.539074,"PISCO","After"
"Point Vicente SMCA",2015,"Mesocentrotus franciscanus",0.410796662896525,0.440826873385013,0.292321889996309,1.50801868922844,"Den",3,"SMCA","ML",3896.539074,"PISCO","After"
"Point Vicente SMCA",2015,"Panulirus interruptus",1.9360090780726,1.005,0.145,6.93103448275862,"Den",3,"SMCA","ML",3896.539074,"PISCO","After"
"Point Vicente SMCA",2015,"Semicossyphus pulcher",0.466461245956559,0.822704081632653,0.516014739229025,1.59434221367756,"Den",3,"SMCA","ML",3896.539074,"PISCO","After"
"Point Vicente SMCA",2015,"Strongylocentrotus purpuratus",0.108113826012655,0.0575429584785666,0.0516462684872151,1.11417456021651,"Den",3,"SMCA","ML",3896.539074,"PISCO","After"
"Point Vicente SMCA",2016,"Macrocystis pyrifera",0.0703272493138156,0.515310479443699,0.480315097858101,1.07285921625544,"Bio",4,"SMCA","ML",3896.539074,"PISCO","After"
"Point Vicente SMCA",2016,"Mesocentrotus franciscanus",0.216465514146452,0.33123966108049,0.266767275463443,1.24168026421173,"Bio",4,"SMCA","ML",3896.539074,"PISCO","After"
"Point Vicente SMCA",2016,"Panulirus interruptus",-0.921626054475809,0.0188006618158672,0.0472530936874845,0.39787155398138,"Bio",4,"SMCA","ML",3896.539074,"PISCO","After"
"Point Vicente SMCA",2016,"Semicossyphus pulcher",0.565363193129667,0.409971952378263,0.232927106131045,1.76008691812628,"Bio",4,"SMCA","ML",3896.539074,"PISCO","After"
"Point Vicente SMCA",2016,"Strongylocentrotus purpuratus",0.203322645994171,0.0747153590321333,0.0609688473500829,1.2254677967441,"Bio",4,"SMCA","ML",3896.539074,"PISCO","After"
"Point Vicente SMCA",2016,"Macrocystis pyrifera",0.070327249313816,0.515310479443699,0.480315097858101,1.07285921625544,"Den",4,"SMCA","ML",3896.539074,"PISCO","After"
"Point Vicente SMCA",2016,"Mesocentrotus franciscanus",0.478549346395094,0.383268733850129,0.2375046142488,1.61373173764377,"Den",4,"SMCA","ML",3896.539074,"PISCO","After"
"Point Vicente SMCA",2016,"Panulirus interruptus",-1.31766585473079,0.035,0.130714285714286,0.26775956284153,"Den",4,"SMCA","ML",3896.539074,"PISCO","After"
"Point Vicente SMCA",2016,"Semicossyphus pulcher",0.0711386083846949,0.524234693877551,0.488236961451247,1.07373004354136,"Den",4,"SMCA","ML",3896.539074,"PISCO","After"
"Point Vicente SMCA",2016,"Strongylocentrotus purpuratus",0.362457577328587,0.0408258423530851,0.0284133099212901,1.43685626441199,"Den",4,"SMCA","ML",3896.539074,"PISCO","After"
"Point Vicente SMCA",2017,"Macrocystis pyrifera",-0.136754558584378,0.620714895693546,0.711678617741812,0.872184270005333,"Bio",5,"SMCA","ML",3896.539074,"PISCO","After"
"Point Vicente SMCA",2017,"Mesocentrotus franciscanus",0.640794511045777,0.473044452631923,0.249234657734591,1.89798825304491,"Bio",5,"SMCA","ML",3896.539074,"PISCO","After"
"Point Vicente SMCA",2017,"Panulirus interruptus",1.05689434672215,0.0967661059545627,0.0336294590791042,2.87742082698822,"Bio",5,"SMCA","ML",3896.539074,"PISCO","After"
"Point Vicente SMCA",2017,"Semicossyphus pulcher",0.497435707620447,0.313697958398252,0.190755957073615,1.64449888334125,"Bio",5,"SMCA","ML",3896.539074,"PISCO","After"
"Point Vicente SMCA",2017,"Strongylocentrotus purpuratus",0.481424225284425,0.0896761947859853,0.0554111657654347,1.61837769603333,"Bio",5,"SMCA","ML",3896.539074,"PISCO","After"
"Point Vicente SMCA",2017,"Macrocystis pyrifera",-0.136754558584378,0.620714895693546,0.711678617741812,0.872184270005333,"Den",5,"SMCA","ML",3896.539074,"PISCO","After"
"Point Vicente SMCA",2017,"Mesocentrotus franciscanus",0.423490674536036,0.332687338501292,0.217829457364341,1.52728351126928,"Den",5,"SMCA","ML",3896.539074,"PISCO","After"
"Point Vicente SMCA",2017,"Panulirus interruptus",0.427064219911626,0.195,0.127222222222222,1.53275109170306,"Den",5,"SMCA","ML",3896.539074,"PISCO","After"
"Point Vicente SMCA",2017,"Semicossyphus pulcher",0.375772352587913,0.58545918367347,0.402069160997732,1.45611561508636,"Den",5,"SMCA","ML",3896.539074,"PISCO","After"
"Point Vicente SMCA",2017,"Strongylocentrotus purpuratus",0.384270102344456,0.0371109276585336,0.0252705925518254,1.46854204476709,"Den",5,"SMCA","ML",3896.539074,"PISCO","After"
"Point Vicente SMCA",2018,"Macrocystis pyrifera",-0.246260685868369,0.554227156276687,0.708985672264921,0.781718415417559,"Bio",6,"SMCA","ML",3896.539074,"PISCO","After"
"Point Vicente SMCA",2018,"Mesocentrotus franciscanus",0.795585712345558,0.530737542887318,0.239530777808522,2.21573840215049,"Bio",6,"SMCA","ML",3896.539074,"PISCO","After"
"Point Vicente SMCA",2018,"Panulirus interruptus",2.25408119195586,0.362538996029049,0.0380556990800536,9.52653622960427,"Bio",6,"SMCA","ML",3896.539074,"PISCO","After"
"Point Vicente SMCA",2018,"Semicossyphus pulcher",1.32492135594579,0.773946535516659,0.205733458394004,3.76188949312493,"Bio",6,"SMCA","ML",3896.539074,"PISCO","After"
"Point Vicente SMCA",2018,"Strongylocentrotus purpuratus",-0.209811387774636,0.0855898001315812,0.105570344842813,0.810737146487665,"Bio",6,"SMCA","ML",3896.539074,"PISCO","After"
"Point Vicente SMCA",2018,"Macrocystis pyrifera",-0.246260685868369,0.554227156276687,0.708985672264921,0.781718415417559,"Den",6,"SMCA","ML",3896.539074,"PISCO","After"
"Point Vicente SMCA",2018,"Mesocentrotus franciscanus",0.628508343426905,0.402454780361757,0.214664082687338,1.87481191694252,"Den",6,"SMCA","ML",3896.539074,"PISCO","After"
"Point Vicente SMCA",2018,"Panulirus interruptus",1.80801999009984,0.62,0.101666666666667,6.0983606557377,"Den",6,"SMCA","ML",3896.539074,"PISCO","After"
"Point Vicente SMCA",2018,"Semicossyphus pulcher",0.665360333847736,0.799744897959184,0.411139455782313,1.94519131334023,"Den",6,"SMCA","ML",3896.539074,"PISCO","After"
"Point Vicente SMCA",2018,"Strongylocentrotus purpuratus",-0.23157344383035,0.047946095517642,0.0604399804317251,0.793284431516378,"Den",6,"SMCA","ML",3896.539074,"PISCO","After"
"Point Vicente SMCA",2019,"Macrocystis pyrifera",0.0264190749500423,0.466512138587288,0.454348700292338,1.0267711523927,"Bio",7,"SMCA","ML",3896.539074,"PISCO","After"
"Point Vicente SMCA",2019,"Mesocentrotus franciscanus",0.707637445239548,0.560523671426979,0.276230048908571,2.02919151497709,"Bio",7,"SMCA","ML",3896.539074,"PISCO","After"
"Point Vicente SMCA",2019,"Panulirus interruptus",0.646399390188546,0.050857686988723,0.026645809354664,1.90865611593145,"Bio",7,"SMCA","ML",3896.539074,"PISCO","After"
"Point Vicente SMCA",2019,"Semicossyphus pulcher",1.12355390466652,0.717869015879137,0.233395215057145,3.07576578081677,"Bio",7,"SMCA","ML",3896.539074,"PISCO","After"
"Point Vicente SMCA",2019,"Strongylocentrotus purpuratus",-0.317510576835647,0.0927546833609364,0.127417458610201,0.727958981231091,"Bio",7,"SMCA","ML",3896.539074,"PISCO","After"
"Point Vicente SMCA",2019,"Macrocystis pyrifera",0.0264190749500423,0.466512138587288,0.454348700292338,1.0267711523927,"Den",7,"SMCA","ML",3896.539074,"PISCO","After"
"Point Vicente SMCA",2019,"Mesocentrotus franciscanus",0.656153088811508,0.522803617571059,0.27125322997416,1.92736365801381,"Den",7,"SMCA","ML",3896.539074,"PISCO","After"
"Point Vicente SMCA",2019,"Panulirus interruptus",0.363162728417475,0.135,0.0938888888888889,1.43786982248521,"Den",7,"SMCA","ML",3896.539074,"PISCO","After"
"Point Vicente SMCA",2019,"Semicossyphus pulcher",0.3894163155061,0.696428571428572,0.471797052154195,1.47611895464103,"Den",7,"SMCA","ML",3896.539074,"PISCO","After"
"Point Vicente SMCA",2019,"Strongylocentrotus purpuratus",-0.212096656516048,0.0577493426282639,0.0713936280804745,0.808886509635974,"Den",7,"SMCA","ML",3896.539074,"PISCO","After"
"Point Vicente SMCA",2020,"Macrocystis pyrifera",-0.284920541311634,0.540685616689033,0.718926075031967,0.752074010759716,"Bio",8,"SMCA","ML",3896.539074,"PISCO","After"
"Point Vicente SMCA",2020,"Mesocentrotus franciscanus",0.488371985814721,0.442776467807699,0.271698520083893,1.62966094799111,"Bio",8,"SMCA","ML",3896.539074,"PISCO","After"
"Point Vicente SMCA",2020,"Panulirus interruptus",1.18102727775705,0.118170201703952,0.0362739079945117,3.25771906687945,"Bio",8,"SMCA","ML",3896.539074,"PISCO","After"
"Point Vicente SMCA",2020,"Semicossyphus pulcher",1.19625550491487,0.641422179055293,0.193917412736122,3.3077080082959,"Bio",8,"SMCA","ML",3896.539074,"PISCO","After"
"Point Vicente SMCA",2020,"Strongylocentrotus purpuratus",-0.953704524223826,0.0479374280387773,0.124412306492834,0.38531098241104,"Bio",8,"SMCA","ML",3896.539074,"PISCO","After"
"Point Vicente SMCA",2020,"Macrocystis pyrifera",-0.284920541311634,0.540685616689032,0.718926075031967,0.752074010759716,"Den",8,"SMCA","ML",3896.539074,"PISCO","After"
"Point Vicente SMCA",2020,"Mesocentrotus franciscanus",0.344755361797105,0.357105943152455,0.25297157622739,1.41164453524004,"Den",8,"SMCA","ML",3896.539074,"PISCO","After"
"Point Vicente SMCA",2020,"Panulirus interruptus",0.837708335297722,0.205,0.0887037037037037,2.31106471816284,"Den",8,"SMCA","ML",3896.539074,"PISCO","After"
"Point Vicente SMCA",2020,"Semicossyphus pulcher",0.874196908194545,0.868622448979592,0.362386621315193,2.3969495502542,"Den",8,"SMCA","ML",3896.539074,"PISCO","After"
"Point Vicente SMCA",2020,"Strongylocentrotus purpuratus",-0.972691838272176,0.027823640922155,0.0735950590105791,0.378063980058164,"Den",8,"SMCA","ML",3896.539074,"PISCO","After"
"Point Vicente SMCA",2021,"Macrocystis pyrifera",-0.660745249963193,0.21739660851531,0.420930873535485,0.516466294547016,"Bio",9,"SMCA","ML",3896.539074,"PISCO","After"
"Point Vicente SMCA",2021,"Mesocentrotus franciscanus",0.873258192537259,0.599226029818247,0.250230046230565,2.39470055193177,"Bio",9,"SMCA","ML",3896.539074,"PISCO","After"
"Point Vicente SMCA",2021,"Panulirus interruptus",-0.430088294892049,0.0117160214560058,0.0180121324383781,0.650451660628627,"Bio",9,"SMCA","ML",3896.539074,"PISCO","After"
"Point Vicente SMCA",2021,"Semicossyphus pulcher",1.03601175034462,0.624737596547059,0.221698858045085,2.81795586164007,"Bio",9,"SMCA","ML",3896.539074,"PISCO","After"
"Point Vicente SMCA",2021,"Strongylocentrotus purpuratus",0.423639186228556,0.107446208582871,0.0703407402468063,1.527510347572,"Bio",9,"SMCA","ML",3896.539074,"PISCO","After"
"Point Vicente SMCA",2021,"Macrocystis pyrifera",-0.660745249963193,0.21739660851531,0.420930873535485,0.516466294547016,"Den",9,"SMCA","ML",3896.539074,"PISCO","After"
"Point Vicente SMCA",2021,"Mesocentrotus franciscanus",0.544787779665805,0.367571059431525,0.213178294573643,1.72424242424242,"Den",9,"SMCA","ML",3896.539074,"PISCO","After"
"Point Vicente SMCA",2021,"Panulirus interruptus",-0.955511445027436,0.025,0.065,0.384615384615385,"Den",9,"SMCA","ML",3896.539074,"PISCO","After"
"Point Vicente SMCA",2021,"Semicossyphus pulcher",0.643061900160271,0.692602040816327,0.364087301587302,1.90229661346828,"Den",9,"SMCA","ML",3896.539074,"PISCO","After"
"Point Vicente SMCA",2021,"Strongylocentrotus purpuratus",0.354531120588874,0.0468109826943069,0.0328380113740598,1.42551210428305,"Den",9,"SMCA","ML",3896.539074,"PISCO","After"
"Point Vicente SMCA",2022,"Macrocystis pyrifera",0.10834338346977,0.441624984750518,0.396278674673209,1.1144303566542,"Bio",10,"SMCA","ML",3896.539074,"PISCO","After"
"Point Vicente SMCA",2022,"Mesocentrotus franciscanus",-0.0100210545167947,0.501685516115777,0.506738208392251,0.990028988947755,"Bio",10,"SMCA","ML",3896.539074,"PISCO","After"
"Point Vicente SMCA",2022,"Panulirus interruptus",2.01347733580085,0.304556804314921,0.0406655087957928,7.48931498298209,"Bio",10,"SMCA","ML",3896.539074,"PISCO","After"
"Point Vicente SMCA",2022,"Semicossyphus pulcher",1.2797692106726,0.857036184470526,0.23834302780094,3.59580975528393,"Bio",10,"SMCA","ML",3896.539074,"PISCO","After"
"Point Vicente SMCA",2022,"Strongylocentrotus purpuratus",0.12205382685947,0.135015918410235,0.119502687275227,1.12981491453226,"Bio",10,"SMCA","ML",3896.539074,"PISCO","After"
"Point Vicente SMCA",2022,"Macrocystis pyrifera",0.10834338346977,0.441624984750518,0.396278674673209,1.1144303566542,"Den",10,"SMCA","ML",3896.539074,"PISCO","After"
"Point Vicente SMCA",2022,"Mesocentrotus franciscanus",-0.0934945245048942,0.365826873385013,0.401679586563307,0.910743004181409,"Den",10,"SMCA","ML",3896.539074,"PISCO","After"
"Point Vicente SMCA",2022,"Panulirus interruptus",1.08698425067299,0.285,0.0961111111111111,2.96531791907514,"Den",10,"SMCA","ML",3896.539074,"PISCO","After"
"Point Vicente SMCA",2022,"Semicossyphus pulcher",0.683883478808262,0.746173469387755,0.3765589569161,1.98155814828754,"Den",10,"SMCA","ML",3896.539074,"PISCO","After"
"Point Vicente SMCA",2022,"Strongylocentrotus purpuratus",-0.315410642417205,0.048255671742188,0.0661499419066838,0.729489253524382,"Den",10,"SMCA","ML",3896.539074,"PISCO","After"
"Point Vicente SMCA",2023,"Macrocystis pyrifera",-0.984940469529192,0.256028628359969,0.685555691106502,0.373461458611383,"Bio",11,"SMCA","ML",3896.539074,"PISCO","After"
"Point Vicente SMCA",2023,"Mesocentrotus franciscanus",-0.0909418886558489,0.5990071357939,0.65603582553236,0.913070769127307,"Bio",11,"SMCA","ML",3896.539074,"PISCO","After"
"Point Vicente SMCA",2023,"Panulirus interruptus",0.433613745936971,0.0853950035681561,0.0553498443429381,1.54282283142593,"Bio",11,"SMCA","ML",3896.539074,"PISCO","After"
"Point Vicente SMCA",2023,"Semicossyphus pulcher",1.17573004048669,1.03704691564939,0.320026053102738,3.24050778239755,"Bio",11,"SMCA","ML",3896.539074,"PISCO","After"
"Point Vicente SMCA",2023,"Strongylocentrotus purpuratus",-1.67801568273143,0.0671380176624388,0.359518684151145,0.186744168306461,"Bio",11,"SMCA","ML",3896.539074,"PISCO","After"
"Point Vicente SMCA",2023,"Macrocystis pyrifera",-0.984940469529192,0.256028628359969,0.685555691106502,0.373461458611383,"Den",11,"SMCA","ML",3896.539074,"PISCO","After"
"Point Vicente SMCA",2023,"Mesocentrotus franciscanus",-0.165969103675012,0.379198966408269,0.44765826873385,0.847072405209423,"Den",11,"SMCA","ML",3896.539074,"PISCO","After"
"Point Vicente SMCA",2023,"Panulirus interruptus",0.0127390257774297,0.131666666666667,0.13,1.01282051282051,"Den",11,"SMCA","ML",3896.539074,"PISCO","After"
"Point Vicente SMCA",2023,"Semicossyphus pulcher",0.518537036256651,0.860969387755102,0.512613378684807,1.67956870334531,"Den",11,"SMCA","ML",3896.539074,"PISCO","After"
"Point Vicente SMCA",2023,"Strongylocentrotus purpuratus",-2.0618179476071,0.0282364092215496,0.22194513239161,0.127222475741112,"Den",11,"SMCA","ML",3896.539074,"PISCO","After"
"Scorpion SMR",2004,"Macrocystis pyrifera",0.715906469705695,0.401041666666667,0.196008663366337,2.04604051565378,"Bio",1,"SMR","C",2495.721854,"PISCO","After"
"Scorpion SMR",2004,"Mesocentrotus franciscanus",-0.466356683573491,0.145624099983684,0.232150374467277,0.627283502418863,"Bio",1,"SMR","C",2495.721854,"PISCO","After"
"Scorpion SMR",2004,"Semicossyphus pulcher",0.897618174899228,0.242311693033691,0.0987515115258824,2.45375173796891,"Bio",1,"SMR","C",2495.721854,"PISCO","After"
"Scorpion SMR",2004,"Strongylocentrotus purpuratus",-1.69572242532457,0.0783052113551025,0.426808989756721,0.183466640193629,"Bio",1,"SMR","C",2495.721854,"PISCO","After"
"Scorpion SMR",2004,"Macrocystis pyrifera",0.715906469705695,0.401041666666667,0.196008663366337,2.04604051565378,"Den",1,"SMR","C",2495.721854,"PISCO","After"
"Scorpion SMR",2004,"Mesocentrotus franciscanus",-0.267008775061246,0.228463968304958,0.298385801477674,0.765666352666756,"Den",1,"SMR","C",2495.721854,"PISCO","After"
"Scorpion SMR",2004,"Panulirus interruptus",3.48242282158474,0.218041237113402,0.00670103092783505,32.5384615384615,"Den",1,"SMR","C",2495.721854,"PISCO","After"
"Scorpion SMR",2004,"Semicossyphus pulcher",0.604736223215892,0.160714285714286,0.0877851140456182,1.83076923076923,"Den",1,"SMR","C",2495.721854,"PISCO","After"
"Scorpion SMR",2004,"Strongylocentrotus purpuratus",-1.58413552905051,0.0935226164578801,0.45592978771285,0.205125041131951,"Den",1,"SMR","C",2495.721854,"PISCO","After"
"Scorpion SMR",2005,"Macrocystis pyrifera",1.63672126476259,0.90434199669967,0.176000412541254,5.1382947553472,"Bio",2,"SMR","C",2495.721854,"PISCO","After"
"Scorpion SMR",2005,"Mesocentrotus franciscanus",-0.478382609203654,0.125225045294773,0.202045938558992,0.619785016159635,"Bio",2,"SMR","C",2495.721854,"PISCO","After"
"Scorpion SMR",2005,"Semicossyphus pulcher",0.318759047912692,0.199936712182783,0.145364129065252,1.3754198746861,"Bio",2,"SMR","C",2495.721854,"PISCO","After"
"Scorpion SMR",2005,"Strongylocentrotus purpuratus",-1.07877327598214,0.125189862168751,0.368192079910841,0.340012371257595,"Bio",2,"SMR","C",2495.721854,"PISCO","After"
"Scorpion SMR",2005,"Macrocystis pyrifera",1.63672126476259,0.90434199669967,0.176000412541254,5.1382947553472,"Den",2,"SMR","C",2495.721854,"PISCO","After"
"Scorpion SMR",2005,"Mesocentrotus franciscanus",-0.232022913686398,0.200195417068209,0.252476175179355,0.792927954196045,"Den",2,"SMR","C",2495.721854,"PISCO","After"
"Scorpion SMR",2005,"Panulirus interruptus",1.74344089195725,0.156185567010309,0.027319587628866,5.71698113207547,"Den",2,"SMR","C",2495.721854,"PISCO","After"
"Scorpion SMR",2005,"Semicossyphus pulcher",-0.0305155439259505,0.149159663865546,0.153781512605042,0.969945355191257,"Den",2,"SMR","C",2495.721854,"PISCO","After"
"Scorpion SMR",2005,"Strongylocentrotus purpuratus",-1.04802668360792,0.136167579326382,0.388352336658915,0.350628968780935,"Den",2,"SMR","C",2495.721854,"PISCO","After"
"Scorpion SMR",2006,"Macrocystis pyrifera",1.0641608050806,0.403104372937294,0.13907797029703,2.89840563589173,"Bio",3,"SMR","C",2495.721854,"PISCO","After"
"Scorpion SMR",2006,"Mesocentrotus franciscanus",0.518100267638346,0.333246494516292,0.198498624827929,1.67883528062308,"Bio",3,"SMR","C",2495.721854,"PISCO","After"
"Scorpion SMR",2006,"Semicossyphus pulcher",0.178623741221489,0.166774275175957,0.139493431097426,1.19557081551372,"Bio",3,"SMR","C",2495.721854,"PISCO","After"
"Scorpion SMR",2006,"Strongylocentrotus purpuratus",-0.0495630400293147,0.53850539072347,0.565867836887265,0.951645164506414,"Bio",3,"SMR","C",2495.721854,"PISCO","After"
"Scorpion SMR",2006,"Macrocystis pyrifera",1.0641608050806,0.403104372937294,0.13907797029703,2.89840563589173,"Den",3,"SMR","C",2495.721854,"PISCO","After"
"Scorpion SMR",2006,"Mesocentrotus franciscanus",0.826401464170479,0.696822464932006,0.304944319520291,2.28508098143353,"Den",3,"SMR","C",2495.721854,"PISCO","After"
"Scorpion SMR",2006,"Panulirus interruptus",2.24723499791088,0.0634020618556701,0.00670103092783505,9.46153846153846,"Den",3,"SMR","C",2495.721854,"PISCO","After"
"Scorpion SMR",2006,"Semicossyphus pulcher",0.0605464998680339,0.168067226890756,0.158193277310924,1.06241699867198,"Den",3,"SMR","C",2495.721854,"PISCO","After"
"Scorpion SMR",2006,"Strongylocentrotus purpuratus",0.350481814424418,0.898713524866852,0.633007651338984,1.41975144054867,"Den",3,"SMR","C",2495.721854,"PISCO","After"
"Scorpion SMR",2007,"Macrocystis pyrifera",0.0525384877365016,0.111231435643564,0.105538366336634,1.05394312518323,"Bio",4,"SMR","C",2495.721854,"PISCO","After"
"Scorpion SMR",2007,"Mesocentrotus franciscanus",0.260871153595683,0.234155798022414,0.180388984408637,1.29806040424275,"Bio",4,"SMR","C",2495.721854,"PISCO","After"
"Scorpion SMR",2007,"Semicossyphus pulcher",0.215585426885621,0.181781256077023,0.146528309347478,1.24058795796208,"Bio",4,"SMR","C",2495.721854,"PISCO","After"
"Scorpion SMR",2007,"Strongylocentrotus purpuratus",0.682875317515241,0.675167151063678,0.341069058340478,1.97956142474138,"Bio",4,"SMR","C",2495.721854,"PISCO","After"
"Scorpion SMR",2007,"Macrocystis pyrifera",0.0525384877365014,0.111231435643564,0.105538366336634,1.05394312518323,"Den",4,"SMR","C",2495.721854,"PISCO","After"
"Scorpion SMR",2007,"Mesocentrotus franciscanus",0.0164074444286636,0.33425687975158,0.328817325195417,1.01654278573348,"Den",4,"SMR","C",2495.721854,"PISCO","After"
"Scorpion SMR",2007,"Panulirus interruptus",1.29928298413026,0.0170103092783505,0.00463917525773196,3.66666666666667,"Den",4,"SMR","C",2495.721854,"PISCO","After"
"Scorpion SMR",2007,"Semicossyphus pulcher",0.194364586764166,0.14390756302521,0.118487394957983,1.2145390070922,"Den",4,"SMR","C",2495.721854,"PISCO","After"
"Scorpion SMR",2007,"Strongylocentrotus purpuratus",0.090877845444841,0.540919660940665,0.493929562673468,1.09513522133167,"Den",4,"SMR","C",2495.721854,"PISCO","After"
"Scorpion SMR",2008,"Macrocystis pyrifera",-0.591037378857731,0.126701732673267,0.228805693069307,0.553752535496957,"Bio",5,"SMR","C",2495.721854,"PISCO","After"
"Scorpion SMR",2008,"Mesocentrotus franciscanus",0.924660834325823,0.343135715624414,0.136110248348281,2.52101307424252,"Bio",5,"SMR","C",2495.721854,"PISCO","After"
"Scorpion SMR",2008,"Semicossyphus pulcher",0.573872867643774,0.354282241205981,0.199581169723464,1.77512859402952,"Bio",5,"SMR","C",2495.721854,"PISCO","After"
"Scorpion SMR",2008,"Strongylocentrotus purpuratus",-0.0722243547094358,0.384740308161392,0.413556001071455,0.930322150239857,"Bio",5,"SMR","C",2495.721854,"PISCO","After"
"Scorpion SMR",2008,"Macrocystis pyrifera",-0.59103737885773,0.126701732673267,0.228805693069307,0.553752535496957,"Den",5,"SMR","C",2495.721854,"PISCO","After"
"Scorpion SMR",2008,"Mesocentrotus franciscanus",0.328380388153909,0.43887193489667,0.316026876539244,1.3887171233747,"Den",5,"SMR","C",2495.721854,"PISCO","After"
"Scorpion SMR",2008,"Panulirus interruptus",0.606135803570316,0.0170103092783505,0.00927835051546392,1.83333333333333,"Den",5,"SMR","C",2495.721854,"PISCO","After"
"Scorpion SMR",2008,"Semicossyphus pulcher",0.0919631860860047,0.18172268907563,0.165756302521008,1.09632446134347,"Den",5,"SMR","C",2495.721854,"PISCO","After"
"Scorpion SMR",2008,"Strongylocentrotus purpuratus",-0.323900539658898,0.344610306803691,0.476427124746831,0.723322180673096,"Den",5,"SMR","C",2495.721854,"PISCO","After"
"Scorpion SMR",2009,"Macrocystis pyrifera",-0.126159501798049,0.111575220022002,0.12657797029703,0.881474238844075,"Bio",6,"SMR","C",2495.721854,"PISCO","After"
"Scorpion SMR",2009,"Mesocentrotus franciscanus",0.119655635462111,0.30086728564882,0.266937252279265,1.12710864849263,"Bio",6,"SMR","C",2495.721854,"PISCO","After"
"Scorpion SMR",2009,"Semicossyphus pulcher",0.257058327095974,0.337802435104126,0.261230428585449,1.29312054852611,"Bio",6,"SMR","C",2495.721854,"PISCO","After"
"Scorpion SMR",2009,"Strongylocentrotus purpuratus",0.418041551969218,0.70429532898808,0.463662175785056,1.51898378985862,"Bio",6,"SMR","C",2495.721854,"PISCO","After"
"Scorpion SMR",2009,"Macrocystis pyrifera",-0.126159501798049,0.111575220022002,0.12657797029703,0.881474238844075,"Den",6,"SMR","C",2495.721854,"PISCO","After"
"Scorpion SMR",2009,"Mesocentrotus franciscanus",0.126582160242958,0.433946353999358,0.382350894100011,1.1349426945131,"Den",6,"SMR","C",2495.721854,"PISCO","After"
"Scorpion SMR",2009,"Panulirus interruptus",2.316769727986,0.10979381443299,0.0108247422680412,10.1428571428571,"Den",6,"SMR","C",2495.721854,"PISCO","After"
"Scorpion SMR",2009,"Semicossyphus pulcher",-0.148420005118273,0.39390756302521,0.456932773109244,0.862068965517241,"Den",6,"SMR","C",2495.721854,"PISCO","After"
"Scorpion SMR",2009,"Strongylocentrotus purpuratus",0.4933222773321,0.822743980196534,0.502362913509864,1.63774824548305,"Den",6,"SMR","C",2495.721854,"PISCO","After"
"Scorpion SMR",2010,"Macrocystis pyrifera",0.643460969276602,0.5341549779978,0.280682755775578,1.90305591279319,"Bio",7,"SMR","C",2495.721854,"PISCO","After"
"Scorpion SMR",2010,"Mesocentrotus franciscanus",0.721751092665797,0.48552242789279,0.235915664996929,2.05803386519124,"Bio",7,"SMR","C",2495.721854,"PISCO","After"
"Scorpion SMR",2010,"Semicossyphus pulcher",1.04585889363626,0.517309583874302,0.181777354254058,2.84584174963452,"Bio",7,"SMR","C",2495.721854,"PISCO","After"
"Scorpion SMR",2010,"Strongylocentrotus purpuratus",0.206998543693805,0.702168459643378,0.570877586663531,1.22998078055082,"Bio",7,"SMR","C",2495.721854,"PISCO","After"
"Scorpion SMR",2010,"Macrocystis pyrifera",0.643460969276602,0.5341549779978,0.280682755775578,1.90305591279319,"Den",7,"SMR","C",2495.721854,"PISCO","After"
"Scorpion SMR",2010,"Mesocentrotus franciscanus",0.321746811054654,0.364881143591391,0.264495663347253,1.3795354486109,"Den",7,"SMR","C",2495.721854,"PISCO","After"
"Scorpion SMR",2010,"Panulirus interruptus",4.79579054559674,0.187113402061856,0.00154639175257732,121,"Den",7,"SMR","C",2495.721854,"PISCO","After"
"Scorpion SMR",2010,"Semicossyphus pulcher",0.0320883145515004,0.29936974789916,0.289915966386555,1.03260869565217,"Den",7,"SMR","C",2495.721854,"PISCO","After"
"Scorpion SMR",2010,"Strongylocentrotus purpuratus",0.0603791203960059,0.503619383392094,0.474111094441527,1.06223918675712,"Den",7,"SMR","C",2495.721854,"PISCO","After"
"Scorpion SMR",2011,"Macrocystis pyrifera",0.744874649361405,0.352224284928493,0.167233910891089,2.10617740775003,"Bio",8,"SMR","C",2495.721854,"PISCO","After"
"Scorpion SMR",2011,"Mesocentrotus franciscanus",0.475028105480065,0.421057809788283,0.26184220051106,1.60805939213186,"Bio",8,"SMR","C",2495.721854,"PISCO","After"
"Scorpion SMR",2011,"Semicossyphus pulcher",1.11794275402856,0.65282275291119,0.213441524100158,3.05855552551644,"Bio",8,"SMR","C",2495.721854,"PISCO","After"
"Scorpion SMR",2011,"Strongylocentrotus purpuratus",0.245431836338286,1.01100219772193,0.790974363094712,1.27817315565873,"Bio",8,"SMR","C",2495.721854,"PISCO","After"
"Scorpion SMR",2011,"Macrocystis pyrifera",0.744874649361405,0.352224284928493,0.167233910891089,2.10617740775003,"Den",8,"SMR","C",2495.721854,"PISCO","After"
"Scorpion SMR",2011,"Mesocentrotus franciscanus",0.0333135062517612,0.336612592354642,0.325583574258486,1.03387461459404,"Den",8,"SMR","C",2495.721854,"PISCO","After"
"Scorpion SMR",2011,"Panulirus interruptus",2.25029825654762,0.259278350515464,0.027319587628866,9.49056603773585,"Den",8,"SMR","C",2495.721854,"PISCO","After"
"Scorpion SMR",2011,"Semicossyphus pulcher",0,0.236344537815126,0.236344537815126,1,"Den",8,"SMR","C",2495.721854,"PISCO","After"
"Scorpion SMR",2011,"Strongylocentrotus purpuratus",-0.181242425244216,0.48250318805791,0.578379341384742,0.834233095018076,"Den",8,"SMR","C",2495.721854,"PISCO","After"
"Scorpion SMR",2012,"Macrocystis pyrifera",3.25290030043051,0.313445407040704,0.012118399339934,25.8652482269504,"Bio",9,"SMR","C",2495.721854,"PISCO","After"
"Scorpion SMR",2012,"Mesocentrotus franciscanus",0.108807592747276,0.344010987653908,0.308544477067168,1.11494780565792,"Bio",9,"SMR","C",2495.721854,"PISCO","After"
"Scorpion SMR",2012,"Semicossyphus pulcher",0.589115994090975,0.509921226829943,0.282913235558072,1.80239438364938,"Bio",9,"SMR","C",2495.721854,"PISCO","After"
"Scorpion SMR",2012,"Strongylocentrotus purpuratus",0.459750707430469,0.943086364117313,0.595503434046313,1.5836791363389,"Bio",9,"SMR","C",2495.721854,"PISCO","After"
"Scorpion SMR",2012,"Macrocystis pyrifera",3.25290030043051,0.313445407040704,0.012118399339934,25.8652482269504,"Den",9,"SMR","C",2495.721854,"PISCO","After"
"Scorpion SMR",2012,"Mesocentrotus franciscanus",-0.045307224717197,0.371948281400578,0.389187814541171,0.955703820889363,"Den",9,"SMR","C",2495.721854,"PISCO","After"
"Scorpion SMR",2012,"Panulirus interruptus",3.21270296576112,0.166494845360825,0.00670103092783505,24.8461538461538,"Den",9,"SMR","C",2495.721854,"PISCO","After"
"Scorpion SMR",2012,"Semicossyphus pulcher",0.204014381405214,0.244747899159664,0.199579831932773,1.22631578947368,"Den",9,"SMR","C",2495.721854,"PISCO","After"
"Scorpion SMR",2012,"Strongylocentrotus purpuratus",0.0664453717348206,0.525673242817493,0.49187982897007,1.06870258111251,"Den",9,"SMR","C",2495.721854,"PISCO","After"
"Scorpion SMR",2013,"Macrocystis pyrifera",4.32044669557606,0.128008113311331,0.00170173267326733,75.2222222222222,"Bio",10,"SMR","C",2495.721854,"PISCO","After"
"Scorpion SMR",2013,"Mesocentrotus franciscanus",-1.54558477055501,0.21595097929694,1.01296424227268,0.213187169186184,"Bio",10,"SMR","C",2495.721854,"PISCO","After"
"Scorpion SMR",2013,"Semicossyphus pulcher",0.62411285461966,0.591667998407885,0.316978139030199,1.86658928662433,"Bio",10,"SMR","C",2495.721854,"PISCO","After"
"Scorpion SMR",2013,"Strongylocentrotus purpuratus",0.151238425738919,0.780896653928425,0.671292118369745,1.16327397947835,"Bio",10,"SMR","C",2495.721854,"PISCO","After"
"Scorpion SMR",2013,"Macrocystis pyrifera",4.32044669557606,0.128008113311331,0.00170173267326733,75.2222222222222,"Den",10,"SMR","C",2495.721854,"PISCO","After"
"Scorpion SMR",2013,"Mesocentrotus franciscanus",-0.894450681964867,0.414244030410108,1.01323749866153,0.408832115824097,"Den",10,"SMR","C",2495.721854,"PISCO","After"
"Scorpion SMR",2013,"Panulirus interruptus",1.71945716283974,0.279896907216495,0.0501472754050074,5.58149779735683,"Den",10,"SMR","C",2495.721854,"PISCO","After"
"Scorpion SMR",2013,"Semicossyphus pulcher",0.439216091387867,0.240546218487395,0.155042016806723,1.55149051490515,"Den",10,"SMR","C",2495.721854,"PISCO","After"
"Scorpion SMR",2013,"Strongylocentrotus purpuratus",0.187279342505846,1.00530717875628,0.833612846533858,1.20596411504012,"Den",10,"SMR","C",2495.721854,"PISCO","After"
"Scorpion SMR",2014,"Macrocystis pyrifera",3.27926875422603,0.3848150440044,0.0144905115511551,26.5563463819692,"Bio",11,"SMR","C",2495.721854,"PISCO","After"
"Scorpion SMR",2014,"Mesocentrotus franciscanus",-0.802810539751702,0.204176367702014,0.455681776638391,0.448067880195348,"Bio",11,"SMR","C",2495.721854,"PISCO","After"
"Scorpion SMR",2014,"Semicossyphus pulcher",0.464789828395517,0.538297737888786,0.338194777682307,1.59167962786951,"Bio",11,"SMR","C",2495.721854,"PISCO","After"
"Scorpion SMR",2014,"Strongylocentrotus purpuratus",-0.366056505514316,0.510499012898907,0.736158323849034,0.693463615584406,"Bio",11,"SMR","C",2495.721854,"PISCO","After"
"Scorpion SMR",2014,"Macrocystis pyrifera",3.27926875422603,0.3848150440044,0.0144905115511551,26.5563463819692,"Den",11,"SMR","C",2495.721854,"PISCO","After"
"Scorpion SMR",2014,"Mesocentrotus franciscanus",-0.471206268546291,0.30170521469108,0.483309240818075,0.624248802237669,"Den",11,"SMR","C",2495.721854,"PISCO","After"
"Scorpion SMR",2014,"Panulirus interruptus",5.08140436498446,0.248969072164948,0.00154639175257732,161,"Den",11,"SMR","C",2495.721854,"PISCO","After"
"Scorpion SMR",2014,"Semicossyphus pulcher",0.835985522558476,0.307773109243697,0.133403361344538,2.30708661417323,"Den",11,"SMR","C",2495.721854,"PISCO","After"
"Scorpion SMR",2014,"Strongylocentrotus purpuratus",-0.507873406361763,0.47012602205386,0.781233590878404,0.601773947693748,"Den",11,"SMR","C",2495.721854,"PISCO","After"
"Scorpion SMR",2015,"Macrocystis pyrifera",6.01628033516196,0.697796342134213,0.00170173267326733,410.050505050505,"Bio",12,"SMR","C",2495.721854,"PISCO","After"
"Scorpion SMR",2015,"Mesocentrotus franciscanus",-0.470967956633633,0.114252099173538,0.182979725987279,0.62439758589146,"Bio",12,"SMR","C",2495.721854,"PISCO","After"
"Scorpion SMR",2015,"Semicossyphus pulcher",0.207343431628036,0.271745379347731,0.220858470392881,1.23040505924146,"Bio",12,"SMR","C",2495.721854,"PISCO","After"
"Scorpion SMR",2015,"Strongylocentrotus purpuratus",-1.56552684023086,0.0758433840222549,0.362925405162901,0.208977886208358,"Bio",12,"SMR","C",2495.721854,"PISCO","After"
"Scorpion SMR",2015,"Macrocystis pyrifera",6.01628033516196,0.697796342134213,0.00170173267326733,410.050505050505,"Den",12,"SMR","C",2495.721854,"PISCO","After"
"Scorpion SMR",2015,"Mesocentrotus franciscanus",-0.780719116535802,0.112391583681336,0.245355498447371,0.458076482461404,"Den",12,"SMR","C",2495.721854,"PISCO","After"
"Scorpion SMR",2015,"Panulirus interruptus",1.57059807911784,0.156185567010309,0.0324742268041237,4.80952380952381,"Den",12,"SMR","C",2495.721854,"PISCO","After"
"Scorpion SMR",2015,"Semicossyphus pulcher",-0.31347482701351,0.442226890756302,0.605042016806723,0.730902777777778,"Den",12,"SMR","C",2495.721854,"PISCO","After"
"Scorpion SMR",2015,"Strongylocentrotus purpuratus",-2.11333075612979,0.0475020628610007,0.393115670242292,0.120834824090638,"Den",12,"SMR","C",2495.721854,"PISCO","After"
"Scorpion SMR",2016,"Macrocystis pyrifera",2.09326915266144,0.33420998349835,0.0412025577557756,8.11138923654568,"Bio",13,"SMR","C",2495.721854,"PISCO","After"
"Scorpion SMR",2016,"Mesocentrotus franciscanus",0.357208446318749,0.055590688166086,0.0388927268180359,1.42933377816818,"Bio",13,"SMR","C",2495.721854,"PISCO","After"
"Scorpion SMR",2016,"Semicossyphus pulcher",0.833696662084633,0.700990722498674,0.304538644429433,2.30181205348179,"Bio",13,"SMR","C",2495.721854,"PISCO","After"
"Scorpion SMR",2016,"Strongylocentrotus purpuratus",-0.91172936230136,0.0330065931657758,0.0821409518590952,0.401828715381767,"Bio",13,"SMR","C",2495.721854,"PISCO","After"
"Scorpion SMR",2016,"Macrocystis pyrifera",2.09326915266144,0.33420998349835,0.0412025577557756,8.11138923654568,"Den",13,"SMR","C",2495.721854,"PISCO","After"
"Scorpion SMR",2016,"Mesocentrotus franciscanus",0.0993770284079927,0.0438617625013385,0.0397124959845808,1.10448264239973,"Den",13,"SMR","C",2495.721854,"PISCO","After"
"Scorpion SMR",2016,"Panulirus interruptus",4.21886811449233,0.805670103092784,0.0118556701030928,67.9565217391304,"Den",13,"SMR","C",2495.721854,"PISCO","After"
"Scorpion SMR",2016,"Semicossyphus pulcher",-0.299744944901056,0.75735294117647,1.02205882352941,0.741007194244604,"Den",13,"SMR","C",2495.721854,"PISCO","After"
"Scorpion SMR",2016,"Strongylocentrotus purpuratus",-1.44129103686734,0.015921536268847,0.0672867751856575,0.236622073578595,"Den",13,"SMR","C",2495.721854,"PISCO","After"
"Scorpion SMR",2017,"Macrocystis pyrifera",5.16854992513431,0.896778740374037,0.00510519801980198,175.659932659933,"Bio",14,"SMR","C",2495.721854,"PISCO","After"
"Scorpion SMR",2017,"Mesocentrotus franciscanus",0.631951549936695,0.0967195615938214,0.0514116152019599,1.88127840788271,"Bio",14,"SMR","C",2495.721854,"PISCO","After"
"Scorpion SMR",2017,"Semicossyphus pulcher",0.28871384946627,0.426136271509145,0.319272615484348,1.33470974597267,"Bio",14,"SMR","C",2495.721854,"PISCO","After"
"Scorpion SMR",2017,"Strongylocentrotus purpuratus",-1.30966711427865,0.0520046606654454,0.192674157118332,0.269909890580221,"Bio",14,"SMR","C",2495.721854,"PISCO","After"
"Scorpion SMR",2017,"Macrocystis pyrifera",5.16854992513431,0.896778740374037,0.00510519801980198,175.659932659933,"Den",14,"SMR","C",2495.721854,"PISCO","After"
"Scorpion SMR",2017,"Mesocentrotus franciscanus",-0.300614248222142,0.0670976549951815,0.0906280115644073,0.740363314133806,"Den",14,"SMR","C",2495.721854,"PISCO","After"
"Scorpion SMR",2017,"Panulirus interruptus",3.38617279501206,0.578865979381443,0.0195876288659794,29.5526315789474,"Den",14,"SMR","C",2495.721854,"PISCO","After"
"Scorpion SMR",2017,"Semicossyphus pulcher",-0.373492728864892,0.656512605042017,0.953781512605042,0.688325991189427,"Den",14,"SMR","C",2495.721854,"PISCO","After"
"Scorpion SMR",2017,"Strongylocentrotus purpuratus",-1.96604849388327,0.0233103293076288,0.166491636036306,0.140009011038522,"Den",14,"SMR","C",2495.721854,"PISCO","After"
"Scorpion SMR",2018,"Macrocystis pyrifera",4.17114764132429,0.805194581958196,0.0124278052805281,64.789764868603,"Bio",15,"SMR","C",2495.721854,"PISCO","After"
"Scorpion SMR",2018,"Mesocentrotus franciscanus",0.400397907147101,0.14657793845507,0.0982150422095339,1.49241842346672,"Bio",15,"SMR","C",2495.721854,"PISCO","After"
"Scorpion SMR",2018,"Semicossyphus pulcher",0.393342139410475,0.552400870488689,0.372758910437652,1.4819253276605,"Bio",15,"SMR","C",2495.721854,"PISCO","After"
"Scorpion SMR",2018,"Strongylocentrotus purpuratus",-1.16920970804513,0.0870020931217504,0.280098656367706,0.310612318709363,"Bio",15,"SMR","C",2495.721854,"PISCO","After"
"Scorpion SMR",2018,"Macrocystis pyrifera",4.17114764132429,0.805194581958196,0.0124278052805281,64.789764868603,"Den",15,"SMR","C",2495.721854,"PISCO","After"
"Scorpion SMR",2018,"Mesocentrotus franciscanus",-0.365340614865092,0.098578541599743,0.142052146910804,0.693960237444643,"Den",15,"SMR","C",2495.721854,"PISCO","After"
"Scorpion SMR",2018,"Panulirus interruptus",2.86073460500694,0.702577319587629,0.0402061855670103,17.474358974359,"Den",15,"SMR","C",2495.721854,"PISCO","After"
"Scorpion SMR",2018,"Semicossyphus pulcher",-0.281891668317077,0.454831932773109,0.602941176470588,0.754355400696864,"Den",15,"SMR","C",2495.721854,"PISCO","After"
"Scorpion SMR",2018,"Strongylocentrotus purpuratus",-1.73171457073687,0.0365501462755982,0.206520516090316,0.176980703745743,"Den",15,"SMR","C",2495.721854,"PISCO","After"
"Scorpion SMR",2019,"Macrocystis pyrifera",4.36594089032869,0.929644526952695,0.0118089933993399,78.7234352256186,"Bio",16,"SMR","C",2495.721854,"PISCO","After"
"Scorpion SMR",2019,"Mesocentrotus franciscanus",-0.291240840073841,0.0634946632725235,0.0849613714349356,0.747335667964687,"Bio",16,"SMR","C",2495.721854,"PISCO","After"
"Scorpion SMR",2019,"Semicossyphus pulcher",0.826658125409855,0.802491103157878,0.351097036711247,2.28566754842158,"Bio",16,"SMR","C",2495.721854,"PISCO","After"
"Scorpion SMR",2019,"Strongylocentrotus purpuratus",-1.85666698953559,0.0443505795230607,0.283948466367102,0.156192354515915,"Bio",16,"SMR","C",2495.721854,"PISCO","After"
"Scorpion SMR",2019,"Macrocystis pyrifera",4.36594089032869,0.929644526952695,0.0118089933993399,78.7234352256186,"Den",16,"SMR","C",2495.721854,"PISCO","After"
"Scorpion SMR",2019,"Mesocentrotus franciscanus",-0.704154709745773,0.0417202055894635,0.0843639575971732,0.494526415992385,"Den",16,"SMR","C",2495.721854,"PISCO","After"
"Scorpion SMR",2019,"Panulirus interruptus",2.20631554903747,0.341752577319588,0.0376288659793814,9.08219178082192,"Den",16,"SMR","C",2495.721854,"PISCO","After"
"Scorpion SMR",2019,"Semicossyphus pulcher",0.0173540146931516,0.48844537815126,0.480042016806723,1.01750547045952,"Den",16,"SMR","C",2495.721854,"PISCO","After"
"Scorpion SMR",2019,"Strongylocentrotus purpuratus",-2.45745204109438,0.0179468907058735,0.209530417823119,0.085652913273069,"Den",16,"SMR","C",2495.721854,"PISCO","After"
"Scorpion SMR",2020,"Macrocystis pyrifera",5.02489347472331,1.00170173267327,0.00658347084708471,152.154046997389,"Bio",17,"SMR","C",2495.721854,"PISCO","After"
"Scorpion SMR",2020,"Semicossyphus pulcher",0.641386088706182,0.750642902786379,0.395260070410744,1.89911139267453,"Bio",17,"SMR","C",2495.721854,"PISCO","After"
"Scorpion SMR",2020,"Macrocystis pyrifera",5.02489347472331,1.00170173267327,0.00658347084708471,152.154046997389,"Den",17,"SMR","C",2495.721854,"PISCO","After"
"Scorpion SMR",2020,"Mesocentrotus franciscanus",-0.390356297281398,0.0609942177963379,0.090119391797837,0.67681568394475,"Den",17,"SMR","C",2495.721854,"PISCO","After"
"Scorpion SMR",2020,"Panulirus interruptus",3.16929465025806,0.527319587628866,0.0221649484536082,23.7906976744186,"Den",17,"SMR","C",2495.721854,"PISCO","After"
"Scorpion SMR",2020,"Semicossyphus pulcher",0.110916897843184,0.400210084033613,0.358193277310924,1.11730205278592,"Den",17,"SMR","C",2495.721854,"PISCO","After"
"Scorpion SMR",2020,"Strongylocentrotus purpuratus",-2.45920502491454,0.0229727702347911,0.268678268697022,0.0855028966287429,"Den",17,"SMR","C",2495.721854,"PISCO","After"
"Scorpion SMR",2021,"Macrocystis pyrifera",3.17961876243802,1.00032659515952,0.041615099009901,24.0375877736473,"Bio",18,"SMR","C",2495.721854,"PISCO","After"
"Scorpion SMR",2021,"Mesocentrotus franciscanus",0.18382891069016,0.163240132860313,0.135828547972603,1.20181018863014,"Bio",18,"SMR","C",2495.721854,"PISCO","After"
"Scorpion SMR",2021,"Semicossyphus pulcher",0.329941177375311,0.571908907696167,0.411183073260147,1.390886310474,"Bio",18,"SMR","C",2495.721854,"PISCO","After"
"Scorpion SMR",2021,"Strongylocentrotus purpuratus",-1.96225683834874,0.0557759971716666,0.396866700371118,0.140540884683722,"Bio",18,"SMR","C",2495.721854,"PISCO","After"
"Scorpion SMR",2021,"Macrocystis pyrifera",3.17961876243802,1.00032659515952,0.041615099009901,24.0375877736473,"Den",18,"SMR","C",2495.721854,"PISCO","After"
"Scorpion SMR",2021,"Mesocentrotus franciscanus",-0.391772006074668,0.0803753078488061,0.118923332262555,0.675858187957231,"Den",18,"SMR","C",2495.721854,"PISCO","After"
"Scorpion SMR",2021,"Panulirus interruptus",2.541550527985,1.00154639175258,0.0788659793814433,12.6993464052288,"Den",18,"SMR","C",2495.721854,"PISCO","After"
"Scorpion SMR",2021,"Semicossyphus pulcher",0.273509263312321,0.417016806722689,0.317226890756303,1.31456953642384,"Den",18,"SMR","C",2495.721854,"PISCO","After"
"Scorpion SMR",2021,"Strongylocentrotus purpuratus",-2.42125796526464,0.0248105918535744,0.279367639336884,0.0888098274820434,"Den",18,"SMR","C",2495.721854,"PISCO","After"
"Scorpion SMR",2022,"Macrocystis pyrifera",3.41151227175323,0.91960602310231,0.0303389713971397,30.3110481586402,"Bio",19,"SMR","C",2495.721854,"PISCO","After"
"Scorpion SMR",2022,"Mesocentrotus franciscanus",0.533921209107935,0.407058453391865,0.238658959733016,1.70560725584003,"Bio",19,"SMR","C",2495.721854,"PISCO","After"
"Scorpion SMR",2022,"Semicossyphus pulcher",0.330944676686319,1.03291717050863,0.741887493589265,1.39228276448139,"Bio",19,"SMR","C",2495.721854,"PISCO","After"
"Scorpion SMR",2022,"Strongylocentrotus purpuratus",-1.50445663147645,0.0757357235986801,0.340940027969623,0.222137963822271,"Bio",19,"SMR","C",2495.721854,"PISCO","After"
"Scorpion SMR",2022,"Macrocystis pyrifera",3.41151227175323,0.91960602310231,0.0303389713971397,30.3110481586402,"Den",19,"SMR","C",2495.721854,"PISCO","After"
"Scorpion SMR",2022,"Mesocentrotus franciscanus",-0.183987925353475,0.143122925366742,0.172033943677053,0.831945849218081,"Den",19,"SMR","C",2495.721854,"PISCO","After"
"Scorpion SMR",2022,"Panulirus interruptus",2.56147310830618,0.888144329896907,0.0685567010309278,12.9548872180451,"Den",19,"SMR","C",2495.721854,"PISCO","After"
"Scorpion SMR",2022,"Semicossyphus pulcher",0.142956533084106,0.559873949579832,0.485294117647059,1.15367965367965,"Den",19,"SMR","C",2495.721854,"PISCO","After"
"Scorpion SMR",2022,"Strongylocentrotus purpuratus",-2.30594633510503,0.0297989648188433,0.298992948766034,0.0996644400539405,"Den",19,"SMR","C",2495.721854,"PISCO","After"
"Scorpion SMR",2023,"Macrocystis pyrifera",3.08887560527323,0.626014163916392,0.0285169141914192,21.9523809523809,"Bio",20,"SMR","C",2495.721854,"PISCO","After"
"Scorpion SMR",2023,"Semicossyphus pulcher",0.0690256834257118,0.553683760873753,0.516754554151873,1.07146372765401,"Bio",20,"SMR","C",2495.721854,"PISCO","After"
"Scorpion SMR",2023,"Macrocystis pyrifera",3.08887560527323,0.626014163916392,0.0285169141914191,21.952380952381,"Den",20,"SMR","C",2495.721854,"PISCO","After"
"Scorpion SMR",2023,"Mesocentrotus franciscanus",-0.840926579380595,0.0933317271656494,0.216390941214263,0.431310694624853,"Den",20,"SMR","C",2495.721854,"PISCO","After"
"Scorpion SMR",2023,"Panulirus interruptus",1.55183772264769,0.712886597938144,0.151030927835052,4.72013651877133,"Den",20,"SMR","C",2495.721854,"PISCO","After"
"Scorpion SMR",2023,"Semicossyphus pulcher",0.208868923521616,0.328781512605042,0.266806722689076,1.23228346456693,"Den",20,"SMR","C",2495.721854,"PISCO","After"
"Scorpion SMR",2023,"Strongylocentrotus purpuratus",-2.09895147176918,0.0314117470557348,0.256244842847498,0.122584894613583,"Den",20,"SMR","C",2495.721854,"PISCO","After"
"South Point SMR",2004,"Semicossyphus pulcher",1.02495030851457,0.468116559730716,0.167966913347429,2.78695696909334,"Bio",1,"SMR","C",3387.008573,"PISCO","After"
"South Point SMR",2004,"Semicossyphus pulcher",0.581921545449721,0.421985815602837,0.235815602836879,1.78947368421053,"Den",1,"SMR","C",3387.008573,"PISCO","After"
"South Point SMR",2005,"Macrocystis pyrifera",-0.214347583513363,0.698250929624019,0.865170086764908,0.807067812798472,"Bio",2,"SMR","C",3387.008573,"PISCO","After"
"South Point SMR",2005,"Mesocentrotus franciscanus",2.01286895888222,0.231008975292009,0.0308639120006689,7.48476004231099,"Bio",2,"SMR","C",3387.008573,"PISCO","After"
"South Point SMR",2005,"Semicossyphus pulcher",0.737629294011179,0.382396162972453,0.182879570781395,2.09097255280389,"Bio",2,"SMR","C",3387.008573,"PISCO","After"
"South Point SMR",2005,"Strongylocentrotus purpuratus",1.55305794522531,0.0120318848130507,0.00254594589404644,4.72589965135814,"Bio",2,"SMR","C",3387.008573,"PISCO","After"
"South Point SMR",2005,"Macrocystis pyrifera",-0.214347583513363,0.698250929624019,0.865170086764908,0.807067812798472,"Den",2,"SMR","C",3387.008573,"PISCO","After"
"South Point SMR",2005,"Mesocentrotus franciscanus",1.61038309208859,0.208777120315582,0.041715976331361,5.00472813238771,"Den",2,"SMR","C",3387.008573,"PISCO","After"
"South Point SMR",2005,"Panulirus interruptus",0,0.0238095238095238,0.0238095238095238,1,"Den",2,"SMR","C",3387.008573,"PISCO","After"
"South Point SMR",2005,"Semicossyphus pulcher",0.624154309072994,0.397163120567376,0.212765957446809,1.86666666666667,"Den",2,"SMR","C",3387.008573,"PISCO","After"
"South Point SMR",2005,"Strongylocentrotus purpuratus",1.09861228866811,0.00554073466037349,0.00184691155345783,3,"Den",2,"SMR","C",3387.008573,"PISCO","After"
"South Point SMR",2006,"Semicossyphus pulcher",0.846302505187586,0.512232404125511,0.219746790488181,2.33101199333813,"Bio",3,"SMR","C",3387.008573,"PISCO","After"
"South Point SMR",2006,"Semicossyphus pulcher",0.711109880934118,0.481382978723404,0.236406619385343,2.03625,"Den",3,"SMR","C",3387.008573,"PISCO","After"
"South Point SMR",2007,"Macrocystis pyrifera",0.269804138136926,0.839829224624707,0.641233989808566,1.30970790378007,"Bio",4,"SMR","C",3387.008573,"PISCO","After"
"South Point SMR",2007,"Mesocentrotus franciscanus",1.43949038794794,0.207808427923134,0.0492606825050583,4.21854544751376,"Bio",4,"SMR","C",3387.008573,"PISCO","After"
"South Point SMR",2007,"Semicossyphus pulcher",0.473636302079037,0.623335808451779,0.388172213303473,1.60582284637787,"Bio",4,"SMR","C",3387.008573,"PISCO","After"
"South Point SMR",2007,"Strongylocentrotus purpuratus",1.90696267236129,0.0330291663947063,0.0049058497956096,6.73260857359824,"Bio",4,"SMR","C",3387.008573,"PISCO","After"
"South Point SMR",2007,"Macrocystis pyrifera",0.269804138136926,0.839829224624707,0.641233989808566,1.30970790378007,"Den",4,"SMR","C",3387.008573,"PISCO","After"
"South Point SMR",2007,"Mesocentrotus franciscanus",1.14014562042453,0.190696909927679,0.0609796186719264,3.12722371967655,"Den",4,"SMR","C",3387.008573,"PISCO","After"
"South Point SMR",2007,"Panulirus interruptus",0,0.0238095238095238,0.0238095238095238,1,"Den",4,"SMR","C",3387.008573,"PISCO","After"
"South Point SMR",2007,"Semicossyphus pulcher",0.356674943938732,0.354609929078014,0.24822695035461,1.42857142857143,"Den",4,"SMR","C",3387.008573,"PISCO","After"
"South Point SMR",2007,"Strongylocentrotus purpuratus",1.94591014905531,0.0253779328271428,0.00362541897530611,7,"Den",4,"SMR","C",3387.008573,"PISCO","After"
"South Point SMR",2008,"Macrocystis pyrifera",0.0739073692886517,1.00330532984437,0.931827571959785,1.07670706473544,"Bio",5,"SMR","C",3387.008573,"PISCO","After"
"South Point SMR",2008,"Mesocentrotus franciscanus",1.40652858481884,0.22737561597887,0.055705270258612,4.08176129337992,"Bio",5,"SMR","C",3387.008573,"PISCO","After"
"South Point SMR",2008,"Semicossyphus pulcher",1.54577216203367,0.292038323307197,0.0622471577598154,4.69159289865162,"Bio",5,"SMR","C",3387.008573,"PISCO","After"
"South Point SMR",2008,"Strongylocentrotus purpuratus",1.53469279781252,0.0588658216409144,0.0126868731245051,4.63989992358425,"Bio",5,"SMR","C",3387.008573,"PISCO","After"
"South Point SMR",2008,"Macrocystis pyrifera",0.0739073692886515,1.00330532984437,0.931827571959785,1.07670706473544,"Den",5,"SMR","C",3387.008573,"PISCO","After"
"South Point SMR",2008,"Mesocentrotus franciscanus",1.02425041274255,0.194181459566075,0.069723865877712,2.78500707213578,"Den",5,"SMR","C",3387.008573,"PISCO","After"
"South Point SMR",2008,"Panulirus interruptus",0,0.0238095238095238,0.0238095238095238,1,"Den",5,"SMR","C",3387.008573,"PISCO","After"
"South Point SMR",2008,"Semicossyphus pulcher",0.810930216216329,0.191489361702128,0.0851063829787234,2.25,"Den",5,"SMR","C",3387.008573,"PISCO","After"
"South Point SMR",2008,"Strongylocentrotus purpuratus",1.62477425271684,0.0382037075039332,0.00752445447705041,5.07727272727273,"Den",5,"SMR","C",3387.008573,"PISCO","After"
"South Point SMR",2009,"Macrocystis pyrifera",0.375324887589481,0.780149657990176,0.536014323095992,1.45546420006852,"Bio",6,"SMR","C",3387.008573,"PISCO","After"
"South Point SMR",2009,"Mesocentrotus franciscanus",1.55776644898794,0.541928005540264,0.114133259936821,4.74820403658189,"Bio",6,"SMR","C",3387.008573,"PISCO","After"
"South Point SMR",2009,"Semicossyphus pulcher",0.995132566168896,0.556925629060137,0.205881167244255,2.70508291999047,"Bio",6,"SMR","C",3387.008573,"PISCO","After"
"South Point SMR",2009,"Strongylocentrotus purpuratus",0.61681757211711,0.16726678200005,0.090267046716752,1.85302154090534,"Bio",6,"SMR","C",3387.008573,"PISCO","After"
"South Point SMR",2009,"Macrocystis pyrifera",0.375324887589481,0.780149657990176,0.536014323095992,1.45546420006852,"Den",6,"SMR","C",3387.008573,"PISCO","After"
"South Point SMR",2009,"Mesocentrotus franciscanus",1.07866048677085,0.479585798816568,0.163083497698882,2.94073775448498,"Den",6,"SMR","C",3387.008573,"PISCO","After"
"South Point SMR",2009,"Panulirus interruptus",1.09861228866811,0.0714285714285714,0.0238095238095238,3,"Den",6,"SMR","C",3387.008573,"PISCO","After"
"South Point SMR",2009,"Semicossyphus pulcher",0.351397886837888,0.382978723404255,0.269503546099291,1.42105263157895,"Den",6,"SMR","C",3387.008573,"PISCO","After"
"South Point SMR",2009,"Strongylocentrotus purpuratus",0.901514105181118,0.113345646077023,0.0460131791960234,2.46333002973241,"Den",6,"SMR","C",3387.008573,"PISCO","After"
"South Point SMR",2010,"Macrocystis pyrifera",0.352456669337038,0.7260707891475,0.510398016802093,1.4225580140313,"Bio",7,"SMR","C",3387.008573,"PISCO","After"
"South Point SMR",2010,"Mesocentrotus franciscanus",1.27892733934464,0.23408723769359,0.0651548351968862,3.59278382005296,"Bio",7,"SMR","C",3387.008573,"PISCO","After"
"South Point SMR",2010,"Semicossyphus pulcher",1.05077334034924,0.484338909134679,0.169357446067438,2.85986190971382,"Bio",7,"SMR","C",3387.008573,"PISCO","After"
"South Point SMR",2010,"Strongylocentrotus purpuratus",1.92539213984451,0.183544615588091,0.0267642123436467,6.85783736997068,"Bio",7,"SMR","C",3387.008573,"PISCO","After"
"South Point SMR",2010,"Macrocystis pyrifera",0.352456669337038,0.7260707891475,0.510398016802093,1.4225580140313,"Den",7,"SMR","C",3387.008573,"PISCO","After"
"South Point SMR",2010,"Mesocentrotus franciscanus",0.901306224371666,0.248224852071006,0.100788954635108,2.46281800391389,"Den",7,"SMR","C",3387.008573,"PISCO","After"
"South Point SMR",2010,"Panulirus interruptus",0,0.0238095238095238,0.0238095238095238,1,"Den",7,"SMR","C",3387.008573,"PISCO","After"
"South Point SMR",2010,"Semicossyphus pulcher",0.493657820143625,0.273049645390071,0.166666666666667,1.63829787234043,"Den",7,"SMR","C",3387.008573,"PISCO","After"
"South Point SMR",2010,"Strongylocentrotus purpuratus",2.10466423644535,0.129078596347219,0.0157329502701963,8.20434782608696,"Den",7,"SMR","C",3387.008573,"PISCO","After"
"South Point SMR",2011,"Macrocystis pyrifera",-0.616369608830808,0.270210714777579,0.500482027268971,0.539900935608145,"Bio",8,"SMR","C",3387.008573,"PISCO","After"
"South Point SMR",2011,"Mesocentrotus franciscanus",-0.80033698960365,0.0533091453890506,0.118681672678017,0.449177570438176,"Bio",8,"SMR","C",3387.008573,"PISCO","After"
"South Point SMR",2011,"Semicossyphus pulcher",2.05059595626278,1.02074905258661,0.131327741955716,7.77253181533267,"Bio",8,"SMR","C",3387.008573,"PISCO","After"
"South Point SMR",2011,"Strongylocentrotus purpuratus",-0.782218390470875,0.0453272366019441,0.0990997076987283,0.457390214911056,"Bio",8,"SMR","C",3387.008573,"PISCO","After"
"South Point SMR",2011,"Macrocystis pyrifera",-0.616369608830808,0.270210714777579,0.500482027268971,0.539900935608145,"Den",8,"SMR","C",3387.008573,"PISCO","After"
"South Point SMR",2011,"Mesocentrotus franciscanus",-1.01294349411331,0.0600591715976331,0.165384615384615,0.363148479427549,"Den",8,"SMR","C",3387.008573,"PISCO","After"
"South Point SMR",2011,"Panulirus interruptus",0,0.0238095238095238,0.0238095238095238,1,"Den",8,"SMR","C",3387.008573,"PISCO","After"
"South Point SMR",2011,"Semicossyphus pulcher",1.65225790961703,0.592198581560284,0.113475177304965,5.21875,"Den",8,"SMR","C",3387.008573,"PISCO","After"
"South Point SMR",2011,"Strongylocentrotus purpuratus",-0.458790764642936,0.029140160065668,0.0461043847048362,0.632047477744807,"Den",8,"SMR","C",3387.008573,"PISCO","After"
"South Point SMR",2012,"Macrocystis pyrifera",0.424222826965906,0.515080567414957,0.337005922049305,1.52840212505108,"Bio",9,"SMR","C",3387.008573,"PISCO","After"
"South Point SMR",2012,"Mesocentrotus franciscanus",0.79317636811668,0.1803834911268,0.0816064842550929,2.21040635157056,"Bio",9,"SMR","C",3387.008573,"PISCO","After"
"South Point SMR",2012,"Semicossyphus pulcher",0.957614793940417,0.57210688493929,0.219578772761649,2.60547446250785,"Bio",9,"SMR","C",3387.008573,"PISCO","After"
"South Point SMR",2012,"Strongylocentrotus purpuratus",1.27965126995075,0.0452592020737066,0.012588135460989,3.59538568789368,"Bio",9,"SMR","C",3387.008573,"PISCO","After"
"South Point SMR",2012,"Macrocystis pyrifera",0.424222826965906,0.515080567414957,0.337005922049305,1.52840212505108,"Den",9,"SMR","C",3387.008573,"PISCO","After"
"South Point SMR",2012,"Mesocentrotus franciscanus",0.34102564100465,0.186686390532544,0.132741617357002,1.40638930163447,"Den",9,"SMR","C",3387.008573,"PISCO","After"
"South Point SMR",2012,"Panulirus interruptus",0,0.0238095238095238,0.0238095238095238,1,"Den",9,"SMR","C",3387.008573,"PISCO","After"
"South Point SMR",2012,"Semicossyphus pulcher",0.402836985701895,0.336879432624113,0.225177304964539,1.49606299212598,"Den",9,"SMR","C",3387.008573,"PISCO","After"
"South Point SMR",2012,"Strongylocentrotus purpuratus",1.29307623228779,0.0238046378001231,0.00653259456871195,3.64397905759162,"Den",9,"SMR","C",3387.008573,"PISCO","After"
"South Point SMR",2013,"Semicossyphus pulcher",0.364583147008866,0.5843162901484,0.405799535172235,1.43991365071524,"Bio",10,"SMR","C",3387.008573,"PISCO","After"
"South Point SMR",2013,"Semicossyphus pulcher",0.032435275753154,0.333333333333333,0.322695035460993,1.03296703296703,"Den",10,"SMR","C",3387.008573,"PISCO","After"
"South Point SMR",2014,"Macrocystis pyrifera",0.784622264580328,0.860212091998347,0.392507919019419,2.19157894736842,"Bio",11,"SMR","C",3387.008573,"PISCO","After"
"South Point SMR",2014,"Mesocentrotus franciscanus",1.89064618170594,1.00760216687807,0.152121951749262,6.62364737824869,"Bio",11,"SMR","C",3387.008573,"PISCO","After"
"South Point SMR",2014,"Semicossyphus pulcher",-0.0103147169589473,0.242686995220672,0.245203197534429,0.989738297301757,"Bio",11,"SMR","C",3387.008573,"PISCO","After"
"South Point SMR",2014,"Strongylocentrotus purpuratus",-0.104378401805506,0.162461755497334,0.180335864313549,0.900884336655646,"Bio",11,"SMR","C",3387.008573,"PISCO","After"
"South Point SMR",2014,"Macrocystis pyrifera",0.784622264580328,0.860212091998347,0.392507919019419,2.19157894736842,"Den",11,"SMR","C",3387.008573,"PISCO","After"
"South Point SMR",2014,"Mesocentrotus franciscanus",1.30242980548994,1.00443786982249,0.273076923076923,3.67822318526544,"Den",11,"SMR","C",3387.008573,"PISCO","After"
"South Point SMR",2014,"Panulirus interruptus",0,0.0238095238095238,0.0238095238095238,1,"Den",11,"SMR","C",3387.008573,"PISCO","After"
"South Point SMR",2014,"Semicossyphus pulcher",-0.267595313885044,0.156028368794326,0.203900709219858,0.765217391304348,"Den",11,"SMR","C",3387.008573,"PISCO","After"
"South Point SMR",2014,"Strongylocentrotus purpuratus",-0.118511584882237,0.114713728709214,0.129147000478829,0.888241525423729,"Den",11,"SMR","C",3387.008573,"PISCO","After"
"South Point SMR",2015,"Macrocystis pyrifera",0.643831200858751,0.64839553780471,0.340586696047376,1.90376061463809,"Bio",12,"SMR","C",3387.008573,"PISCO","After"
"South Point SMR",2015,"Mesocentrotus franciscanus",1.28023116690394,0.569189208299369,0.158219251640305,3.59747124574549,"Bio",12,"SMR","C",3387.008573,"PISCO","After"
"South Point SMR",2015,"Semicossyphus pulcher",1.37436570743556,0.461562646804912,0.116775359312868,3.95256884261243,"Bio",12,"SMR","C",3387.008573,"PISCO","After"
"South Point SMR",2015,"Strongylocentrotus purpuratus",-1.09461543402414,0.334952300021262,1.00084864863135,0.334668284239886,"Bio",12,"SMR","C",3387.008573,"PISCO","After"
"South Point SMR",2015,"Macrocystis pyrifera",0.643831200858751,0.64839553780471,0.340586696047376,1.90376061463809,"Den",12,"SMR","C",3387.008573,"PISCO","After"
"South Point SMR",2015,"Mesocentrotus franciscanus",0.329246018338076,0.546646942800789,0.393293885601578,1.38991975927783,"Den",12,"SMR","C",3387.008573,"PISCO","After"
"South Point SMR",2015,"Panulirus interruptus",1.94591014905531,0.166666666666667,0.0238095238095238,7,"Den",12,"SMR","C",3387.008573,"PISCO","After"
"South Point SMR",2015,"Semicossyphus pulcher",0.729187117043142,0.400709219858156,0.193262411347518,2.07339449541284,"Den",12,"SMR","C",3387.008573,"PISCO","After"
"South Point SMR",2015,"Strongylocentrotus purpuratus",-0.708728302600915,0.341952253916136,0.694643956494972,0.492269817823732,"Den",12,"SMR","C",3387.008573,"PISCO","After"
"South Point SMR",2016,"Macrocystis pyrifera",1.06389585171034,0.658862415645228,0.227379148877565,2.89763779527559,"Bio",13,"SMR","C",3387.008573,"PISCO","After"
"South Point SMR",2016,"Mesocentrotus franciscanus",0.630430286119513,0.457914287408479,0.243776478832192,1.87841866287556,"Bio",13,"SMR","C",3387.008573,"PISCO","After"
"South Point SMR",2016,"Semicossyphus pulcher",0.122974653018914,0.267867517419141,0.236871515935867,1.13085575680474,"Bio",13,"SMR","C",3387.008573,"PISCO","After"
"South Point SMR",2016,"Strongylocentrotus purpuratus",-0.448875323208221,0.541393607564841,0.848119794647121,0.638345680624162,"Bio",13,"SMR","C",3387.008573,"PISCO","After"
"South Point SMR",2016,"Macrocystis pyrifera",1.06389585171034,0.658862415645228,0.227379148877565,2.89763779527559,"Den",13,"SMR","C",3387.008573,"PISCO","After"
"South Point SMR",2016,"Mesocentrotus franciscanus",-0.186656949000239,0.472879684418146,0.569921104536489,0.829728326700121,"Den",13,"SMR","C",3387.008573,"PISCO","After"
"South Point SMR",2016,"Panulirus interruptus",2.56494935746154,0.30952380952381,0.0238095238095238,13,"Den",13,"SMR","C",3387.008573,"PISCO","After"
"South Point SMR",2016,"Semicossyphus pulcher",0.110541874399824,0.762411347517731,0.682624113475177,1.11688311688312,"Den",13,"SMR","C",3387.008573,"PISCO","After"
"South Point SMR",2016,"Strongylocentrotus purpuratus",-0.375464889071663,0.398864491415281,0.580614269101854,0.686969839773798,"Den",13,"SMR","C",3387.008573,"PISCO","After"
"South Point SMR",2017,"Macrocystis pyrifera",1.49020130689021,0.547032089243906,0.123261258779782,4.43798882681564,"Bio",14,"SMR","C",3387.008573,"PISCO","After"
"South Point SMR",2017,"Mesocentrotus franciscanus",1.27751349302383,0.587106784921642,0.163643981997034,3.58770776509388,"Bio",14,"SMR","C",3387.008573,"PISCO","After"
"South Point SMR",2017,"Semicossyphus pulcher",0.460783538931231,0.289504208597113,0.182616129274325,1.58531565501655,"Bio",14,"SMR","C",3387.008573,"PISCO","After"
"South Point SMR",2017,"Strongylocentrotus purpuratus",-0.254842397695496,0.56744969691252,0.732156656971855,0.77503863621134,"Bio",14,"SMR","C",3387.008573,"PISCO","After"
"South Point SMR",2017,"Macrocystis pyrifera",1.49020130689021,0.547032089243906,0.123261258779782,4.43798882681564,"Den",14,"SMR","C",3387.008573,"PISCO","After"
"South Point SMR",2017,"Mesocentrotus franciscanus",0.339920278103693,0.716272189349112,0.509861932938856,1.40483558994197,"Den",14,"SMR","C",3387.008573,"PISCO","After"
"South Point SMR",2017,"Panulirus interruptus",3.61091791264422,0.880952380952381,0.0238095238095238,37,"Den",14,"SMR","C",3387.008573,"PISCO","After"
"South Point SMR",2017,"Semicossyphus pulcher",0.641853886172395,0.74113475177305,0.390070921985816,1.9,"Den",14,"SMR","C",3387.008573,"PISCO","After"
"South Point SMR",2017,"Strongylocentrotus purpuratus",-0.466194470800836,0.396949175730214,0.632704015322526,0.627385264068328,"Den",14,"SMR","C",3387.008573,"PISCO","After"
"South Point SMR",2018,"Macrocystis pyrifera",0.717244732139006,0.485883487122986,0.237157416333838,2.04878048780488,"Bio",15,"SMR","C",3387.008573,"PISCO","After"
"South Point SMR",2018,"Mesocentrotus franciscanus",1.23051436513816,0.355555110344326,0.10387267748281,3.42298975015029,"Bio",15,"SMR","C",3387.008573,"PISCO","After"
"South Point SMR",2018,"Semicossyphus pulcher",0.69668109888468,0.615313849922677,0.306571609354346,2.00708033995241,"Bio",15,"SMR","C",3387.008573,"PISCO","After"
"South Point SMR",2018,"Strongylocentrotus purpuratus",0.596646705849746,0.600979096385343,0.330932175555001,1.81601893311659,"Bio",15,"SMR","C",3387.008573,"PISCO","After"
"South Point SMR",2018,"Macrocystis pyrifera",0.717244732139006,0.485883487122986,0.237157416333838,2.04878048780488,"Den",15,"SMR","C",3387.008573,"PISCO","After"
"South Point SMR",2018,"Mesocentrotus franciscanus",0.566555149185641,0.588264299802761,0.333826429980276,1.76218611521418,"Den",15,"SMR","C",3387.008573,"PISCO","After"
"South Point SMR",2018,"Panulirus interruptus",2.37490575457367,1.02380952380952,0.0952380952380952,10.75,"Den",15,"SMR","C",3387.008573,"PISCO","After"
"South Point SMR",2018,"Semicossyphus pulcher",0.171094494200171,0.879432624113475,0.74113475177305,1.1866028708134,"Den",15,"SMR","C",3387.008573,"PISCO","After"
"South Point SMR",2018,"Strongylocentrotus purpuratus",0.225761555427516,0.444763663725289,0.354880634790341,1.2532767925983,"Den",15,"SMR","C",3387.008573,"PISCO","After"
"South Point SMR",2019,"Macrocystis pyrifera",-1.79867991207263,0.00330532984437405,0.0199697011430932,0.16551724137931,"Bio",16,"SMR","C",3387.008573,"PISCO","After"
"South Point SMR",2019,"Mesocentrotus franciscanus",2.50930413503863,0.751989046769399,0.0611553668332267,12.2963704693344,"Bio",16,"SMR","C",3387.008573,"PISCO","After"
"South Point SMR",2019,"Semicossyphus pulcher",0.930319313254835,0.914983405251853,0.360894840563818,2.53531860921701,"Bio",16,"SMR","C",3387.008573,"PISCO","After"
"South Point SMR",2019,"Strongylocentrotus purpuratus",0.796982116871471,0.55873039244514,0.251812543731835,2.21883463057406,"Bio",16,"SMR","C",3387.008573,"PISCO","After"
"South Point SMR",2019,"Macrocystis pyrifera",-1.79867991207263,0.00330532984437405,0.0199697011430932,0.16551724137931,"Den",16,"SMR","C",3387.008573,"PISCO","After"
"South Point SMR",2019,"Mesocentrotus franciscanus",1.48636246187857,1.01390532544379,0.229339250493097,4.42098473446571,"Den",16,"SMR","C",3387.008573,"PISCO","After"
"South Point SMR",2019,"Panulirus interruptus",3.61091791264422,0.880952380952381,0.0238095238095238,37,"Den",16,"SMR","C",3387.008573,"PISCO","After"
"South Point SMR",2019,"Semicossyphus pulcher",0.865859878247263,1.02836879432624,0.432624113475177,2.37704918032787,"Den",16,"SMR","C",3387.008573,"PISCO","After"
"South Point SMR",2019,"Strongylocentrotus purpuratus",0.349246241871019,0.40365278062795,0.284663793693139,1.41799831791421,"Den",16,"SMR","C",3387.008573,"PISCO","After"
"South Point SMR",2020,"Macrocystis pyrifera",0.347873437470138,0.529679107560942,0.374053160721664,1.4160530191458,"Bio",17,"SMR","C",3387.008573,"PISCO","After"
"South Point SMR",2020,"Semicossyphus pulcher",1.20020974851633,0.686981755713616,0.206871532962196,3.3208133853736,"Bio",17,"SMR","C",3387.008573,"PISCO","After"
"South Point SMR",2020,"Macrocystis pyrifera",0.347873437470138,0.529679107560942,0.374053160721664,1.4160530191458,"Den",17,"SMR","C",3387.008573,"PISCO","After"
"South Point SMR",2020,"Mesocentrotus franciscanus",0.295577649454561,0.271696252465483,0.202169625246548,1.34390243902439,"Den",17,"SMR","C",3387.008573,"PISCO","After"
"South Point SMR",2020,"Panulirus interruptus",2.94443897916644,0.452380952380952,0.0238095238095238,19,"Den",17,"SMR","C",3387.008573,"PISCO","After"
"South Point SMR",2020,"Semicossyphus pulcher",0.889174803258267,0.677304964539007,0.278368794326241,2.43312101910828,"Den",17,"SMR","C",3387.008573,"PISCO","After"
"South Point SMR",2020,"Strongylocentrotus purpuratus",-0.647204660089472,0.363704767767973,0.694746562692387,0.523507113671048,"Den",17,"SMR","C",3387.008573,"PISCO","After"
"South Point SMR",2021,"Macrocystis pyrifera",2.35006378156567,0.314832667676629,0.0300234127530643,10.4862385321101,"Bio",18,"SMR","C",3387.008573,"PISCO","After"
"South Point SMR",2021,"Mesocentrotus franciscanus",0.324595016888095,0.158875315788761,0.114838259615531,1.3834702504258,"Bio",18,"SMR","C",3387.008573,"PISCO","After"
"South Point SMR",2021,"Semicossyphus pulcher",0.789604825878343,0.53343815309812,0.242193819210075,2.20252587302991,"Bio",18,"SMR","C",3387.008573,"PISCO","After"
"South Point SMR",2021,"Strongylocentrotus purpuratus",-0.334262353775379,0.232793166848445,0.325191004930665,0.715865947454725,"Bio",18,"SMR","C",3387.008573,"PISCO","After"
"South Point SMR",2021,"Macrocystis pyrifera",2.35006378156567,0.314832667676629,0.0300234127530643,10.4862385321101,"Den",18,"SMR","C",3387.008573,"PISCO","After"
"South Point SMR",2021,"Mesocentrotus franciscanus",-0.638318261755563,0.201479289940828,0.381459566074951,0.52817993795243,"Den",18,"SMR","C",3387.008573,"PISCO","After"
"South Point SMR",2021,"Panulirus interruptus",2.94443897916644,0.452380952380952,0.0238095238095238,19,"Den",18,"SMR","C",3387.008573,"PISCO","After"
"South Point SMR",2021,"Semicossyphus pulcher",0.633508914240214,0.634751773049645,0.336879432624114,1.88421052631579,"Den",18,"SMR","C",3387.008573,"PISCO","After"
"South Point SMR",2021,"Strongylocentrotus purpuratus",-1.04765794860971,0.141596552431767,0.403686982693755,0.350758281792765,"Den",18,"SMR","C",3387.008573,"PISCO","After"
"South Point SMR",2022,"Semicossyphus pulcher",0.61486124797717,0.830190001281209,0.44889694660799,1.84939997376768,"Bio",19,"SMR","C",3387.008573,"PISCO","After"
"South Point SMR",2022,"Semicossyphus pulcher",0.472798228176751,0.762411347517731,0.475177304964539,1.6044776119403,"Den",19,"SMR","C",3387.008573,"PISCO","After"
"South Point SMR",2023,"Macrocystis pyrifera",3.29891853254174,0.268558049855392,0.00991598953312216,27.0833333333333,"Bio",20,"SMR","C",3387.008573,"PISCO","After"
"South Point SMR",2023,"Semicossyphus pulcher",0.600327400638583,0.576526793355013,0.316301038596996,1.82271546091752,"Bio",20,"SMR","C",3387.008573,"PISCO","After"
"South Point SMR",2023,"Macrocystis pyrifera",3.29891853254174,0.268558049855392,0.00991598953312216,27.0833333333333,"Den",20,"SMR","C",3387.008573,"PISCO","After"
"South Point SMR",2023,"Mesocentrotus franciscanus",0.635668151135333,0.61508875739645,0.325739644970414,1.88828337874659,"Den",20,"SMR","C",3387.008573,"PISCO","After"
"South Point SMR",2023,"Panulirus interruptus",2.94443897916644,0.452380952380952,0.0238095238095238,19,"Den",20,"SMR","C",3387.008573,"PISCO","After"
"South Point SMR",2023,"Semicossyphus pulcher",0.22314355131421,0.390070921985816,0.312056737588652,1.25,"Den",20,"SMR","C",3387.008573,"PISCO","After"
"South Point SMR",2023,"Strongylocentrotus purpuratus",0.295216780008743,0.829263287502565,0.617278883644572,1.34341755319149,"Den",20,"SMR","C",3387.008573,"PISCO","After"
"Anacapa Island SMR 2003",2005,"Macrocystis pyrifera",-7.17956375486508,0.000210327723557431,0.276020566298844,0.000762000188528386,"Den",2,"SMR","C",NA,"KFM","After"
"Anacapa Island SMR 2003",2005,"Mesocentrotus franciscanus",-0.71605176516022,0.363192182410423,0.743213897937025,0.488677867056245,"Den",2,"SMR","C",NA,"KFM","After"
"Anacapa Island SMR 2003",2005,"Panulirus interruptus",1.56397553835734,0.037521815008726,0.00785340314136125,4.77777777777778,"Den",2,"SMR","C",NA,"KFM","After"
"Anacapa Island SMR 2003",2005,"Strongylocentrotus purpuratus",-3.71750617554037,0.0087953091684435,0.362029140014215,0.0242944785276074,"Den",2,"SMR","C",NA,"KFM","After"
"Anacapa Island SMR 2003",2006,"Macrocystis pyrifera",0,0.000210327723557431,0.000210327723557431,1,"Den",3,"SMR","C",NA,"KFM","After"
"Anacapa Island SMR 2003",2006,"Mesocentrotus franciscanus",-0.783267598472772,0.457654723127036,1.00162866449511,0.456910569105691,"Den",3,"SMR","C",NA,"KFM","After"
"Anacapa Island SMR 2003",2006,"Panulirus interruptus",3.19184715248028,0.0636998254799302,0.00261780104712042,24.3333333333333,"Den",3,"SMR","C",NA,"KFM","After"
"Anacapa Island SMR 2003",2006,"Strongylocentrotus purpuratus",-3.00258944328013,0.0290511727078891,0.58502132196162,0.0496583143507973,"Den",3,"SMR","C",NA,"KFM","After"
"Anacapa Island SMR 2003",2007,"Macrocystis pyrifera",0,0.000210327723557431,0.000210327723557431,1,"Den",4,"SMR","C",NA,"KFM","After"
"Anacapa Island SMR 2003",2007,"Mesocentrotus franciscanus",-1.68134171628123,0.151465798045603,0.813789359391965,0.186124082721815,"Den",4,"SMR","C",NA,"KFM","After"
"Anacapa Island SMR 2003",2007,"Panulirus interruptus",3.3770998300831,0.178883071553229,0.00610820244328098,29.2857142857143,"Den",4,"SMR","C",NA,"KFM","After"
"Anacapa Island SMR 2003",2007,"Strongylocentrotus purpuratus",-2.60717941842228,0.0285181236673774,0.386727078891258,0.0737422467263956,"Den",4,"SMR","C",NA,"KFM","After"
"Anacapa Island SMR 2003",2008,"Macrocystis pyrifera",6.49443212231748,0.139120956581682,0.000210327723557431,661.448496796451,"Den",5,"SMR","C",NA,"KFM","After"
"Anacapa Island SMR 2003",2008,"Mesocentrotus franciscanus",-1.46767396738827,0.187296416938111,0.812703583061889,0.230460921843687,"Den",5,"SMR","C",NA,"KFM","After"
"Anacapa Island SMR 2003",2008,"Panulirus interruptus",2.66258782702545,0.037521815008726,0.00261780104712042,14.3333333333333,"Den",5,"SMR","C",NA,"KFM","After"
"Anacapa Island SMR 2003",2008,"Strongylocentrotus purpuratus",-1.73336189785656,0.0759594882729211,0.429904051172708,0.176689398636082,"Den",5,"SMR","C",NA,"KFM","After"
"Anacapa Island SMR 2003",2009,"Macrocystis pyrifera",5.00612043533316,0.0314070396036012,0.000210327723557431,149.324297683588,"Den",6,"SMR","C",NA,"KFM","After"
"Anacapa Island SMR 2003",2009,"Mesocentrotus franciscanus",-1.18187615704835,0.245928338762215,0.801845819761129,0.306702775897089,"Den",6,"SMR","C",NA,"KFM","After"
"Anacapa Island SMR 2003",2009,"Panulirus interruptus",3.02185857814621,0.304537521815009,0.0148342059336824,20.5294117647059,"Den",6,"SMR","C",NA,"KFM","After"
"Anacapa Island SMR 2003",2009,"Strongylocentrotus purpuratus",-0.440192062821579,0.406449893390192,0.631218905472637,0.643912737508797,"Den",6,"SMR","C",NA,"KFM","After"
"Anacapa Island SMR 2003",2010,"Macrocystis pyrifera",6.41671698138411,0.128718597262319,0.000210327723557431,611.990635781173,"Den",7,"SMR","C",NA,"KFM","After"
"Anacapa Island SMR 2003",2010,"Mesocentrotus franciscanus",-1.3163167529704,0.206840390879479,0.771444082519001,0.268121041520056,"Den",7,"SMR","C",NA,"KFM","After"
"Anacapa Island SMR 2003",2010,"Panulirus interruptus",3.25258688221051,0.157940663176265,0.00610820244328098,25.8571428571429,"Den",7,"SMR","C",NA,"KFM","After"
"Anacapa Island SMR 2003",2010,"Strongylocentrotus purpuratus",-0.525793829098197,0.445362473347548,0.753464818763326,0.591085956844712,"Den",7,"SMR","C",NA,"KFM","After"
"Anacapa Island SMR 2003",2011,"Macrocystis pyrifera",0,0.000210327723557431,0.000210327723557431,1,"Den",8,"SMR","C",NA,"KFM","After"
"Anacapa Island SMR 2003",2011,"Mesocentrotus franciscanus",-1.62775104685379,0.164495114006515,0.837676438653637,0.196370706416073,"Den",8,"SMR","C",NA,"KFM","After"
"Anacapa Island SMR 2003",2011,"Panulirus interruptus",4.11087386417331,0.0532286212914485,0.000872600349040139,61,"Den",8,"SMR","C",NA,"KFM","After"
"Anacapa Island SMR 2003",2011,"Strongylocentrotus purpuratus",-1.05414698577759,0.298240938166311,0.855810234541578,0.348489567113049,"Den",8,"SMR","C",NA,"KFM","After"
"Anacapa Island SMR 2003",2012,"Macrocystis pyrifera",0,0.000210327723557431,0.000210327723557431,1,"Den",9,"SMR","C",NA,"KFM","After"
"Anacapa Island SMR 2003",2012,"Mesocentrotus franciscanus",-3.32982071881993,0.0244299674267101,0.682410423452769,0.035799522673031,"Den",9,"SMR","C",NA,"KFM","After"
"Anacapa Island SMR 2003",2012,"Panulirus interruptus",5.0260711022261,0.398778359511344,0.00261780104712042,152.333333333333,"Den",9,"SMR","C",NA,"KFM","After"
"Anacapa Island SMR 2003",2012,"Strongylocentrotus purpuratus",-2.330007671294,0.0610341151385927,0.627309879175551,0.097295000708115,"Den",9,"SMR","C",NA,"KFM","After"
"Anacapa Island SMR 2003",2013,"Macrocystis pyrifera",5.01466527681006,0.0316765576328024,0.000210327723557431,150.605717102021,"Den",10,"SMR","C",NA,"KFM","After"
"Anacapa Island SMR 2003",2013,"Mesocentrotus franciscanus",-3.84699053515729,0.0146579804560261,0.686753528773073,0.0213438735177866,"Den",10,"SMR","C",NA,"KFM","After"
"Anacapa Island SMR 2003",2013,"Panulirus interruptus",5.93753620508243,0.330715532286213,0.000872600349040139,379,"Den",10,"SMR","C",NA,"KFM","After"
"Anacapa Island SMR 2003",2013,"Strongylocentrotus purpuratus",-4.4824179276184,0.00772921108742004,0.68363539445629,0.0113060428849903,"Den",10,"SMR","C",NA,"KFM","After"
"Anacapa Island SMR 2003",2014,"Macrocystis pyrifera",5.5489341636651,0.0540465540565055,0.000210327723557431,256.963528831937,"Den",11,"SMR","C",NA,"KFM","After"
"Anacapa Island SMR 2003",2014,"Mesocentrotus franciscanus",-3.18183455318785,0.0179153094462541,0.431596091205212,0.0415094339622641,"Den",11,"SMR","C",NA,"KFM","After"
"Anacapa Island SMR 2003",2014,"Panulirus interruptus",3.2099471941239,0.194589877835951,0.00785340314136126,24.7777777777778,"Den",11,"SMR","C",NA,"KFM","After"
"Anacapa Island SMR 2003",2014,"Strongylocentrotus purpuratus",-5.0842669623591,0.00346481876332623,0.559434968017057,0.00619342544068604,"Den",11,"SMR","C",NA,"KFM","After"
"Anacapa Island SMR 2003",2015,"Macrocystis pyrifera",2.69568941837774,0.432195898142917,0.0291714221049704,14.8157294693315,"Den",12,"SMR","C",NA,"KFM","After"
"Anacapa Island SMR 2003",2015,"Mesocentrotus franciscanus",-4.85463104561967,0.00162866449511401,0.209011943539631,0.00779220779220779,"Den",12,"SMR","C",NA,"KFM","After"
"Anacapa Island SMR 2003",2015,"Panulirus interruptus",5.38724357574244,0.953752181500873,0.0043630017452007,218.6,"Den",12,"SMR","C",NA,"KFM","After"
"Anacapa Island SMR 2003",2015,"Strongylocentrotus purpuratus",-6.04051922655471,0.000799573560767591,0.33590973702914,0.00238032266596139,"Den",12,"SMR","C",NA,"KFM","After"
"Anacapa Island SMR 2003",2016,"Macrocystis pyrifera",-7.23559321975497,0.000210327723557431,0.29192731306074,0.000720479770639579,"Den",13,"SMR","C",NA,"KFM","After"
"Anacapa Island SMR 2003",2016,"Mesocentrotus franciscanus",-3.05714090168263,0.00814332247557003,0.173181324647123,0.0470219435736677,"Den",13,"SMR","C",NA,"KFM","After"
"Anacapa Island SMR 2003",2016,"Panulirus interruptus",3.78017087432334,0.650087260034904,0.0148342059336824,43.8235294117647,"Den",13,"SMR","C",NA,"KFM","After"
"Anacapa Island SMR 2003",2016,"Strongylocentrotus purpuratus",-6.25702881430614,0.000266524520255863,0.139036958066809,0.00191693290734824,"Den",13,"SMR","C",NA,"KFM","After"
"Anacapa Island SMR 2003",2017,"Macrocystis pyrifera",-1.94743853146449,0.0476921482141839,0.334355670503843,0.142638969281772,"Den",14,"SMR","C",NA,"KFM","After"
"Anacapa Island SMR 2003",2017,"Mesocentrotus franciscanus",-2.81626378574244,0.011400651465798,0.190553745928339,0.0598290598290598,"Den",14,"SMR","C",NA,"KFM","After"
"Anacapa Island SMR 2003",2017,"Panulirus interruptus",2.28608609361401,0.472076788830716,0.0479930191972077,9.83636363636364,"Den",14,"SMR","C",NA,"KFM","After"
"Anacapa Island SMR 2003",2017,"Strongylocentrotus purpuratus",-3.25037449192757,0.00399786780383795,0.103144989339019,0.0387596899224806,"Den",14,"SMR","C",NA,"KFM","After"
"Anacapa Island SMR 2003",2018,"Macrocystis pyrifera",0.0924639914575444,0.091452546686224,0.0833756442085586,1.096873644028,"Den",15,"SMR","C",NA,"KFM","After"
"Anacapa Island SMR 2003",2018,"Mesocentrotus franciscanus",-3.69717825692863,0.00488599348534202,0.197068403908795,0.0247933884297521,"Den",15,"SMR","C",NA,"KFM","After"
"Anacapa Island SMR 2003",2018,"Panulirus interruptus",3.11307948440504,1.00087260034904,0.0445026178010471,22.4901960784314,"Den",15,"SMR","C",NA,"KFM","After"
"Anacapa Island SMR 2003",2018,"Strongylocentrotus purpuratus",-5.51118608992115,0.000799573560767591,0.197850035536603,0.00404131118096094,"Den",15,"SMR","C",NA,"KFM","After"
"Anacapa Island SMR 2003",2019,"Macrocystis pyrifera",-1.44337751760136,0.236178545328268,1.00021032772356,0.236128880878286,"Den",16,"SMR","C",NA,"KFM","After"
"Anacapa Island SMR 2003",2019,"Mesocentrotus franciscanus",-2.65324196460721,0.00814332247557003,0.115635179153094,0.0704225352112676,"Den",16,"SMR","C",NA,"KFM","After"
"Anacapa Island SMR 2003",2019,"Panulirus interruptus",1.59451226221743,0.116055846422339,0.0235602094240838,4.92592592592593,"Den",16,"SMR","C",NA,"KFM","After"
"Anacapa Island SMR 2003",2019,"Strongylocentrotus purpuratus",-3.65165674362333,0.00346481876332623,0.133528784648188,0.0259481037924152,"Den",16,"SMR","C",NA,"KFM","After"
"Anacapa Island SMR 2003",2021,"Macrocystis pyrifera",-7.24365669863117,0.000210327723557431,0.294290778855274,0.000714693557085135,"Den",18,"SMR","C",NA,"KFM","After"
"Anacapa Island SMR 2003",2021,"Mesocentrotus franciscanus",-5.3197526472681,0.00162866449511401,0.332790445168295,0.00489396411092985,"Den",18,"SMR","C",NA,"KFM","After"
"Anacapa Island SMR 2003",2021,"Panulirus interruptus",1.92558424604127,0.424956369982548,0.0619546247818499,6.85915492957746,"Den",18,"SMR","C",NA,"KFM","After"
"Anacapa Island SMR 2003",2021,"Strongylocentrotus purpuratus",-5.64936539795497,0.000799573560767591,0.227167732764748,0.00351974970668752,"Den",18,"SMR","C",NA,"KFM","After"
"Anacapa Island SMR 2003",2022,"Macrocystis pyrifera",-0.117267317430432,0.175267470728787,0.197074243578647,0.889347423316853,"Den",19,"SMR","C",NA,"KFM","After"
"Anacapa Island SMR 2003",2022,"Mesocentrotus franciscanus",-5.3890717298165,0.00162866449511401,0.356677524429967,0.0045662100456621,"Den",19,"SMR","C",NA,"KFM","After"
"Anacapa Island SMR 2003",2022,"Panulirus interruptus",3.43777508780208,0.461605584642234,0.0148342059336824,31.1176470588235,"Den",19,"SMR","C",NA,"KFM","After"
"Anacapa Island SMR 2003",2022,"Strongylocentrotus purpuratus",-5.67332326717149,0.00079957356076759,0.232675906183369,0.00343642611683849,"Den",19,"SMR","C",NA,"KFM","After"
"Anacapa Island SMR 2003",2019,"Macrocystis pyrifera",-1.39508806845392,0.205227605656601,0.828161102082896,0.24781121105596,"Bio",16,"SMR","C",NA,"KFM","After"
"Anacapa Island SMR 2003",2019,"Mesocentrotus franciscanus",-2.33933880751678,0.0124467125207996,0.129126861164982,0.0963913504015002,"Bio",16,"SMR","C",NA,"KFM","After"
"Anacapa Island SMR 2003",2019,"Strongylocentrotus purpuratus",-3.15822139743355,0.00734891891946494,0.172910585497825,0.0425012667576525,"Bio",16,"SMR","C",NA,"KFM","After"
"Anacapa Island SMR 2003",2021,"Macrocystis pyrifera",-11.7705004071007,2.2730350714973e-06,0.294082724166788,7.72923699594183e-06,"Bio",18,"SMR","C",NA,"KFM","After"
"Anacapa Island SMR 2003",2021,"Mesocentrotus franciscanus",-5.1800982505458,0.00189254784484809,0.336306261662649,0.00562745348686525,"Bio",18,"SMR","C",NA,"KFM","After"
"Anacapa Island SMR 2003",2021,"Strongylocentrotus purpuratus",-6.07959200436564,0.00077066527249115,0.336665837217832,0.00228911040947855,"Bio",18,"SMR","C",NA,"KFM","After"
"Anacapa Island SMR 2003",2022,"Macrocystis pyrifera",-0.117398817204885,0.175059416040301,0.196866188890161,0.889230482020322,"Bio",19,"SMR","C",NA,"KFM","After"
"Anacapa Island SMR 2003",2022,"Mesocentrotus franciscanus",-5.511471654017,0.00189254784484809,0.468434198943604,0.00404015729234992,"Bio",19,"SMR","C",NA,"KFM","After"
"Anacapa Island SMR 2003",2022,"Strongylocentrotus purpuratus",-5.64457295680016,0.00136604040528994,0.386251725990779,0.00353665838459595,"Bio",19,"SMR","C",NA,"KFM","After"
"Anacapa Island SMR 2003",2011,"Strongylocentrotus purpuratus",-0.751998720530745,0.245034295960152,0.519775456965625,0.471423366910449,"Bio",8,"SMR","C",NA,"KFM","After"
"Anacapa Island SMR 2003",2012,"Macrocystis pyrifera",0,2.2730350714973e-06,2.2730350714973e-06,1,"Bio",9,"SMR","C",NA,"KFM","After"
"Anacapa Island SMR 2003",2012,"Mesocentrotus franciscanus",-1.82905728297898,0.0316499830306172,0.19711649426507,0.160564863679324,"Bio",9,"SMR","C",NA,"KFM","After"
"Anacapa Island SMR 2003",2012,"Strongylocentrotus purpuratus",-1.98111347931886,0.0490841254716527,0.355899771931366,0.137915585630435,"Bio",9,"SMR","C",NA,"KFM","After"
"Anacapa Island SMR 2003",2013,"Macrocystis pyrifera",9.53562644368544,0.0314685029443165,2.2730350714973e-06,13844.2663463118,"Bio",10,"SMR","C",NA,"KFM","After"
"Anacapa Island SMR 2003",2013,"Mesocentrotus franciscanus",-2.21211917571899,0.0199558012367636,0.182297335506188,0.109468419718544,"Bio",10,"SMR","C",NA,"KFM","After"
"Anacapa Island SMR 2003",2013,"Strongylocentrotus purpuratus",-3.37179287591446,0.0120776751027487,0.351831226877109,0.0343280362290505,"Bio",10,"SMR","C",NA,"KFM","After"
"Anacapa Island SMR 2003",2014,"Macrocystis pyrifera",5.5489341636651,0.000584087113130699,2.2730350714973e-06,256.963528831937,"Bio",11,"SMR","C",NA,"KFM","After"
"Anacapa Island SMR 2003",2014,"Mesocentrotus franciscanus",-1.59257754187789,0.0355146732941822,0.174604512034137,0.203400661760898,"Bio",11,"SMR","C",NA,"KFM","After"
"Anacapa Island SMR 2003",2014,"Strongylocentrotus purpuratus",-3.87355098064994,0.00739822143072745,0.355950118610809,0.0207844331099004,"Bio",11,"SMR","C",NA,"KFM","After"
"Anacapa Island SMR 2003",2005,"Macrocystis pyrifera",-11.7063606337484,2.2730350714973e-06,0.275812511610358,8.24123263381332e-06,"Bio",2,"SMR","C",NA,"KFM","After"
"Anacapa Island SMR 2003",2005,"Mesocentrotus franciscanus",-1.15229943493309,0.124690324114694,0.394702647906476,0.315909520181986,"Bio",2,"SMR","C",NA,"KFM","After"
"Anacapa Island SMR 2003",2005,"Strongylocentrotus purpuratus",-3.8788112140801,0.00881553294563042,0.426378089657468,0.0206753891897034,"Bio",2,"SMR","C",NA,"KFM","After"
"Anacapa Island SMR 2003",2006,"Macrocystis pyrifera",0,2.2730350714973e-06,2.2730350714973e-06,1,"Bio",3,"SMR","C",NA,"KFM","After"
"Anacapa Island SMR 2003",2006,"Mesocentrotus franciscanus",-1.08815063151153,0.159205666914266,0.472646381222081,0.336838857207839,"Bio",3,"SMR","C",NA,"KFM","After"
"Anacapa Island SMR 2003",2006,"Strongylocentrotus purpuratus",-3.63980405715131,0.0173408253826534,0.660414472987865,0.0262574884287432,"Bio",3,"SMR","C",NA,"KFM","After"
"Anacapa Island SMR 2003",2007,"Macrocystis pyrifera",0,2.2730350714973e-06,2.2730350714973e-06,1,"Bio",4,"SMR","C",NA,"KFM","After"
"Anacapa Island SMR 2003",2007,"Mesocentrotus franciscanus",-1.46991018280356,0.0361062687364688,0.157020549022437,0.22994613737664,"Bio",4,"SMR","C",NA,"KFM","After"
"Anacapa Island SMR 2003",2007,"Strongylocentrotus purpuratus",-3.05571791641829,0.0158397399666507,0.336379466206986,0.047088902736126,"Bio",4,"SMR","C",NA,"KFM","After"
"Anacapa Island SMR 2003",2008,"Macrocystis pyrifera",11.0204864362703,0.138912901893196,2.2730350714973e-06,61113.4001560703,"Bio",5,"SMR","C",NA,"KFM","After"
"Anacapa Island SMR 2003",2008,"Mesocentrotus franciscanus",-0.972774563038161,0.109370492232899,0.289314893840691,0.37803270609747,"Bio",5,"SMR","C",NA,"KFM","After"
"Anacapa Island SMR 2003",2008,"Strongylocentrotus purpuratus",-1.98261518453472,0.0433462376379908,0.314767758920255,0.137708632506331,"Bio",5,"SMR","C",NA,"KFM","After"
"Anacapa Island SMR 2003",2009,"Macrocystis pyrifera",5.00612043533316,0.000339419365661498,2.2730350714973e-06,149.324297683588,"Bio",6,"SMR","C",NA,"KFM","After"
"Anacapa Island SMR 2003",2009,"Mesocentrotus franciscanus",-0.748672161250935,0.0965369635358233,0.204097564746453,0.472994195965784,"Bio",6,"SMR","C",NA,"KFM","After"
"Anacapa Island SMR 2003",2009,"Strongylocentrotus purpuratus",-0.685463993131082,0.235284457673038,0.466967299832136,0.503856389425164,"Bio",6,"SMR","C",NA,"KFM","After"
"Anacapa Island SMR 2003",2010,"Macrocystis pyrifera",10.9426502489695,0.128510542573833,2.2730350714973e-06,56536.9818465582,"Bio",7,"SMR","C",NA,"KFM","After"
"Anacapa Island SMR 2003",2010,"Mesocentrotus franciscanus",-0.378494949978599,0.14996786200906,0.218965890785078,0.684891429762721,"Bio",7,"SMR","C",NA,"KFM","After"
"Anacapa Island SMR 2003",2010,"Strongylocentrotus purpuratus",-0.0701494340067167,0.498896861535518,0.535150929371667,0.932254498971504,"Bio",7,"SMR","C",NA,"KFM","After"
"Anacapa Island SMR 2003",2011,"Macrocystis pyrifera",0,2.2730350714973e-06,2.2730350714973e-06,1,"Bio",8,"SMR","C",NA,"KFM","After"
"Anacapa Island SMR 2003",2011,"Mesocentrotus franciscanus",-1.05532889998177,0.0827014698730707,0.237594698709136,0.348077925654032,"Bio",8,"SMR","C",NA,"KFM","After"
"Anacapa Island SMR 2003",2015,"Macrocystis pyrifera",7.22275884096706,0.431987843454431,0.000315258799023437,1370.2641918087,"Bio",12,"SMR","C",NA,"KFM","After"
"Anacapa Island SMR 2003",2015,"Mesocentrotus franciscanus",-3.75938367276174,0.00189254784484809,0.0812318701800094,0.0232980952014796,"Bio",12,"SMR","C",NA,"KFM","After"
"Anacapa Island SMR 2003",2015,"Strongylocentrotus purpuratus",-4.7832925857937,0.00142711291316449,0.170535936779112,0.00836839988167988,"Bio",12,"SMR","C",NA,"KFM","After"
"Anacapa Island SMR 2003",2016,"Macrocystis pyrifera",-11.7624312004775,2.2730350714973e-06,0.291719258372254,7.79185811790576e-06,"Bio",13,"SMR","C",NA,"KFM","After"
"Anacapa Island SMR 2003",2016,"Mesocentrotus franciscanus",-2.73394879468374,0.00840857809298674,0.129437893730274,0.0649622598966944,"Bio",13,"SMR","C",NA,"KFM","After"
"Anacapa Island SMR 2003",2016,"Strongylocentrotus purpuratus",-6.08702684127787,0.000256888424163717,0.113059406939868,0.00227215435775588,"Bio",13,"SMR","C",NA,"KFM","After"
"Anacapa Island SMR 2003",2017,"Macrocystis pyrifera",-6.47436701045771,0.000515414343351111,0.334147615815357,0.00154247499894154,"Bio",14,"SMR","C",NA,"KFM","After"
"Anacapa Island SMR 2003",2017,"Mesocentrotus franciscanus",-2.26987562290491,0.014909282328988,0.144294971406925,0.103325030551082,"Bio",14,"SMR","C",NA,"KFM","After"
"Anacapa Island SMR 2003",2017,"Strongylocentrotus purpuratus",-2.795585225164,0.00705005411293541,0.115424947961728,0.0610791188337638,"Bio",14,"SMR","C",NA,"KFM","After"
"Anacapa Island SMR 2003",2018,"Macrocystis pyrifera",-4.15910872082081,0.000988337830503691,0.0632678951490343,0.0156214748123919,"Bio",15,"SMR","C",NA,"KFM","After"
"Anacapa Island SMR 2003",2018,"Mesocentrotus franciscanus",-3.27052444872453,0.00567764353454428,0.149464771765123,0.0379864998788238,"Bio",15,"SMR","C",NA,"KFM","After"
"Anacapa Island SMR 2003",2018,"Strongylocentrotus purpuratus",-5.28250012601087,0.000917230861814598,0.180567387365256,0.00507971497621108,"Bio",15,"SMR","C",NA,"KFM","After"
"Gull Island SMR",1990,"Mesocentrotus franciscanus",1.96635379120113,0.17969696969697,0.0251515151515152,7.14457831325301,"Den",0,"SMR","C",5162.300775,"KFM","Before"
"Gull Island SMR",1990,"Panulirus interruptus",-1.94591014905531,0.0131578947368421,0.0921052631578947,0.142857142857143,"Den",0,"SMR","C",5162.300775,"KFM","Before"
"Gull Island SMR",1990,"Strongylocentrotus purpuratus",1.36372190055946,0.48744918699187,0.124644308943089,3.91072156543009,"Den",0,"SMR","C",5162.300775,"KFM","Before"
"Gull Island SMR",1991,"Macrocystis pyrifera",1.72755385882586,0.658720484277942,0.117066884561051,5.62687293462922,"Den",0,"SMR","C",5162.300775,"KFM","Before"
"Gull Island SMR",1991,"Mesocentrotus franciscanus",-1.4614018336067,0.0378787878787879,0.163333333333333,0.23191094619666,"Den",0,"SMR","C",5162.300775,"KFM","Before"
"Gull Island SMR",1991,"Panulirus interruptus",0,0.0131578947368421,0.0131578947368421,1,"Den",0,"SMR","C",5162.300775,"KFM","Before"
"Gull Island SMR",1991,"Strongylocentrotus purpuratus",0.367167008964358,0.202388211382114,0.140193089430894,1.44363899963755,"Den",0,"SMR","C",5162.300775,"KFM","Before"
"Gull Island SMR",1992,"Macrocystis pyrifera",0.5286306302421,0.258982302794553,0.152647157830531,1.69660743426402,"Den",0,"SMR","C",5162.300775,"KFM","Before"
"Gull Island SMR",1992,"Mesocentrotus franciscanus",1.78919207372281,0.117878787878788,0.0196969696969697,5.98461538461538,"Den",0,"SMR","C",5162.300775,"KFM","Before"
"Gull Island SMR",1989,"Mesocentrotus franciscanus",0.870155998463254,0.125151515151515,0.0524242424242424,2.38728323699422,"Den",0,"SMR","C",5162.300775,"KFM","Before"
"Gull Island SMR",1989,"Panulirus interruptus",-1.6094379124341,0.0131578947368421,0.0657894736842105,0.2,"Den",0,"SMR","C",5162.300775,"KFM","Before"
"Gull Island SMR",1989,"Strongylocentrotus purpuratus",1.2548203140871,0.877693089430894,0.25025406504065,3.50720812182741,"Den",0,"SMR","C",5162.300775,"KFM","Before"
"Gull Island SMR",1990,"Macrocystis pyrifera",-0.727035570418837,0.187338398994157,0.387591586131099,0.48333969491998,"Den",0,"SMR","C",5162.300775,"KFM","Before"
"Gull Island SMR",1996,"Panulirus interruptus",-1.09861228866811,0.0131578947368421,0.0394736842105263,0.333333333333333,"Den",0,"SMR","C",5162.300775,"KFM","Before"
"Gull Island SMR",1996,"Strongylocentrotus purpuratus",1.07212067322113,0.340701219512195,0.116615853658537,2.92156862745098,"Den",0,"SMR","C",5162.300775,"KFM","Before"
"Gull Island SMR",1997,"Macrocystis pyrifera",-4.71853104727119,0.00190011192022303,0.212819382626184,0.00892828414769238,"Den",0,"SMR","C",5162.300775,"KFM","Before"
"Gull Island SMR",1997,"Mesocentrotus franciscanus",1.26743315824316,0.468181818181818,0.131818181818182,3.55172413793103,"Den",0,"SMR","C",5162.300775,"KFM","Before"
"Gull Island SMR",1997,"Panulirus interruptus",0,0.0131578947368421,0.0131578947368421,1,"Den",0,"SMR","C",5162.300775,"KFM","Before"
"Gull Island SMR",1997,"Strongylocentrotus purpuratus",0.99332204954849,0.361534552845528,0.133892276422764,2.70018975332068,"Den",0,"SMR","C",5162.300775,"KFM","Before"
"Gull Island SMR",1998,"Macrocystis pyrifera",0,0.00190011192022303,0.00190011192022303,1,"Den",0,"SMR","C",5162.300775,"KFM","Before"
"Gull Island SMR",1998,"Mesocentrotus franciscanus",1.05464916524699,0.404545454545455,0.140909090909091,2.87096774193548,"Den",0,"SMR","C",5162.300775,"KFM","Before"
"Gull Island SMR",1998,"Panulirus interruptus",-2.39789527279837,0.0131578947368421,0.144736842105263,0.0909090909090909,"Den",0,"SMR","C",5162.300775,"KFM","Before"
"Gull Island SMR",1998,"Strongylocentrotus purpuratus",1.03437001993976,0.37525406504065,0.133384146341463,2.81333333333333,"Den",0,"SMR","C",5162.300775,"KFM","Before"
"Gull Island SMR",1999,"Mesocentrotus franciscanus",2.149948417998,1.00151515151515,0.116666666666667,8.58441558441558,"Den",0,"SMR","C",5162.300775,"KFM","Before"
"Gull Island SMR",1999,"Panulirus interruptus",0,0.0131578947368421,0.0131578947368421,1,"Den",0,"SMR","C",5162.300775,"KFM","Before"
"Gull Island SMR",1999,"Strongylocentrotus purpuratus",1.31259116533276,0.627794715447154,0.16895325203252,3.71578947368421,"Den",0,"SMR","C",5162.300775,"KFM","Before"
"Gull Island SMR",2000,"Macrocystis pyrifera",0,0.00190011192022303,0.00190011192022303,1,"Den",0,"SMR","C",5162.300775,"KFM","Before"
"Gull Island SMR",2000,"Mesocentrotus franciscanus",0.821724461347209,0.740909090909091,0.325757575757576,2.27441860465116,"Den",0,"SMR","C",5162.300775,"KFM","Before"
"Gull Island SMR",2000,"Panulirus interruptus",0,0.0131578947368421,0.0131578947368421,1,"Den",0,"SMR","C",5162.300775,"KFM","Before"
"Gull Island SMR",2000,"Strongylocentrotus purpuratus",0.935395101611892,1.00025406504065,0.392530487804878,2.54822006472492,"Den",0,"SMR","C",5162.300775,"KFM","Before"
"Gull Island SMR",2001,"Macrocystis pyrifera",0,0.00190011192022303,0.00190011192022303,1,"Den",0,"SMR","C",5162.300775,"KFM","Before"
"Gull Island SMR",2001,"Mesocentrotus franciscanus",0.950192283549836,0.568181818181818,0.21969696969697,2.58620689655172,"Den",0,"SMR","C",5162.300775,"KFM","Before"
"Gull Island SMR",2001,"Panulirus interruptus",0,0.0131578947368421,0.0131578947368421,1,"Den",0,"SMR","C",5162.300775,"KFM","Before"
"Gull Island SMR",1992,"Panulirus interruptus",0,0.0131578947368421,0.0131578947368421,1,"Den",0,"SMR","C",5162.300775,"KFM","Before"
"Gull Island SMR",1992,"Strongylocentrotus purpuratus",1.00031304032822,0.146595528455285,0.0539126016260163,2.7191328934967,"Den",0,"SMR","C",5162.300775,"KFM","Before"
"Gull Island SMR",1993,"Macrocystis pyrifera",-1.62793840740934,0.0612235843818062,0.311833966780697,0.196333917737906,"Den",0,"SMR","C",5162.300775,"KFM","Before"
"Gull Island SMR",1993,"Mesocentrotus franciscanus",1.50488809807726,0.186969696969697,0.0415151515151515,4.5036496350365,"Den",0,"SMR","C",5162.300775,"KFM","Before"
"Gull Island SMR",1993,"Panulirus interruptus",-1.09861228866811,0.0131578947368421,0.0394736842105263,0.333333333333333,"Den",0,"SMR","C",5162.300775,"KFM","Before"
"Gull Island SMR",1993,"Strongylocentrotus purpuratus",2.57289817387815,0.23104674796748,0.0176321138211382,13.1037463976945,"Den",0,"SMR","C",5162.300775,"KFM","Before"
"Gull Island SMR",1994,"Macrocystis pyrifera",-0.178636621505353,0.398439504098467,0.476368778573463,0.836409777508165,"Den",0,"SMR","C",5162.300775,"KFM","Before"
"Gull Island SMR",1994,"Mesocentrotus franciscanus",1.83850448205143,0.192424242424242,0.0306060606060606,6.28712871287129,"Den",0,"SMR","C",5162.300775,"KFM","Before"
"Gull Island SMR",1994,"Panulirus interruptus",0,0.0131578947368421,0.0131578947368421,1,"Den",0,"SMR","C",5162.300775,"KFM","Before"
"Gull Island SMR",1994,"Strongylocentrotus purpuratus",1.94591014905531,0.170376016260163,0.024339430894309,7,"Den",0,"SMR","C",5162.300775,"KFM","Before"
"Gull Island SMR",1995,"Macrocystis pyrifera",-1.69098676022709,0.0508141405015982,0.27565812831409,0.184337537268989,"Den",0,"SMR","C",5162.300775,"KFM","Before"
"Gull Island SMR",1995,"Mesocentrotus franciscanus",2.27312306026373,0.456060606060606,0.046969696969697,9.70967741935484,"Den",0,"SMR","C",5162.300775,"KFM","Before"
"Gull Island SMR",1995,"Panulirus interruptus",0,0.0131578947368421,0.0131578947368421,1,"Den",0,"SMR","C",5162.300775,"KFM","Before"
"Gull Island SMR",1995,"Strongylocentrotus purpuratus",1.04143137991763,0.376473577235772,0.132876016260163,2.83326959847036,"Den",0,"SMR","C",5162.300775,"KFM","Before"
"Gull Island SMR",1996,"Macrocystis pyrifera",-2.43157003764458,0.00190011192022303,0.0216170602096274,0.0878987198905425,"Den",0,"SMR","C",5162.300775,"KFM","Before"
"Gull Island SMR",1996,"Mesocentrotus franciscanus",2.66503281601852,0.413636363636364,0.0287878787878788,14.3684210526316,"Den",0,"SMR","C",5162.300775,"KFM","Before"
"Gull Island SMR",1986,"Macrocystis pyrifera",-4.06998528040077,0.00190011192022303,0.111263144871953,0.0170776398816496,"Den",0,"SMR","C",5162.300775,"KFM","Before"
"Gull Island SMR",1986,"Mesocentrotus franciscanus",1.03390949262785,0.806969696969697,0.286969696969697,2.81203801478353,"Den",0,"SMR","C",5162.300775,"KFM","Before"
"Gull Island SMR",1986,"Panulirus interruptus",0,0.0131578947368421,0.0131578947368421,1,"Den",0,"SMR","C",5162.300775,"KFM","Before"
"Gull Island SMR",1986,"Strongylocentrotus purpuratus",1.15026637891777,0.83775406504065,0.265193089430894,3.15903429775819,"Den",0,"SMR","C",5162.300775,"KFM","Before"
"Gull Island SMR",1987,"Macrocystis pyrifera",0,0.00190011192022303,0.00190011192022303,1,"Den",0,"SMR","C",5162.300775,"KFM","Before"
"Gull Island SMR",1987,"Mesocentrotus franciscanus",1.29378846481262,0.403333333333333,0.110606060606061,3.64657534246575,"Den",0,"SMR","C",5162.300775,"KFM","Before"
"Gull Island SMR",1987,"Panulirus interruptus",0,0.0131578947368421,0.0131578947368421,1,"Den",0,"SMR","C",5162.300775,"KFM","Before"
"Gull Island SMR",1987,"Strongylocentrotus purpuratus",0.864987796191007,0.658790650406504,0.277388211382114,2.37497710203334,"Den",0,"SMR","C",5162.300775,"KFM","Before"
"Gull Island SMR",1988,"Mesocentrotus franciscanus",0.541546635417109,0.186969696969697,0.108787878787879,1.71866295264624,"Den",0,"SMR","C",5162.300775,"KFM","Before"
"Gull Island SMR",1988,"Panulirus interruptus",0,0.0131578947368421,0.0131578947368421,1,"Den",0,"SMR","C",5162.300775,"KFM","Before"
"Gull Island SMR",1988,"Strongylocentrotus purpuratus",1.69539181993079,0.624339430894309,0.114583333333333,5.44878048780488,"Den",0,"SMR","C",5162.300775,"KFM","Before"
"Gull Island SMR",2015,"Mesocentrotus franciscanus",0.173769274978637,0.246969696969697,0.207575757575758,1.18978102189781,"Den",12,"SMR","C",5162.300775,"KFM","After"
"Gull Island SMR",2015,"Panulirus interruptus",0.251314428280906,0.355263157894737,0.276315789473684,1.28571428571429,"Den",12,"SMR","C",5162.300775,"KFM","After"
"Gull Island SMR",2015,"Strongylocentrotus purpuratus",-2.15373946539648,0.0597052845528455,0.514481707317073,0.116049382716049,"Den",12,"SMR","C",5162.300775,"KFM","After"
"Gull Island SMR",2016,"Macrocystis pyrifera",5.27602738378759,0.371645399906206,0.00190011192022303,195.591320674722,"Den",13,"SMR","C",5162.300775,"KFM","After"
"Gull Island SMR",2016,"Mesocentrotus franciscanus",2.20885261533134,0.262121212121212,0.0287878787878788,9.10526315789474,"Den",13,"SMR","C",5162.300775,"KFM","After"
"Gull Island SMR",2016,"Panulirus interruptus",-0.897941593205958,0.144736842105263,0.355263157894737,0.407407407407407,"Den",13,"SMR","C",5162.300775,"KFM","After"
"Gull Island SMR",2016,"Strongylocentrotus purpuratus",-1.22195683598564,0.0658028455284553,0.223323170731707,0.294653014789534,"Den",13,"SMR","C",5162.300775,"KFM","After"
"Gull Island SMR",2017,"Macrocystis pyrifera",4.96412885318429,0.27206517267075,0.00190011192022303,143.183761848521,"Den",14,"SMR","C",5162.300775,"KFM","After"
"Gull Island SMR",2017,"Mesocentrotus franciscanus",2.56494935746154,0.295454545454545,0.0227272727272727,13,"Den",14,"SMR","C",5162.300775,"KFM","After"
"Gull Island SMR",2017,"Panulirus interruptus",1.29928298413026,0.144736842105263,0.0394736842105263,3.66666666666667,"Den",14,"SMR","C",5162.300775,"KFM","After"
"Gull Island SMR",2017,"Strongylocentrotus purpuratus",-1.21453139088643,0.0454776422764228,0.153201219512195,0.296849087893864,"Den",14,"SMR","C",5162.300775,"KFM","After"
"Gull Island SMR",2018,"Macrocystis pyrifera",4.99169546640233,0.279669418158697,0.00190011192022303,147.185760576603,"Den",15,"SMR","C",5162.300775,"KFM","After"
"Gull Island SMR",2018,"Mesocentrotus franciscanus",0.804851170139947,0.186363636363636,0.0833333333333333,2.23636363636364,"Den",15,"SMR","C",5162.300775,"KFM","After"
"Gull Island SMR",2018,"Panulirus interruptus",-0.211309093667207,0.223684210526316,0.276315789473684,0.80952380952381,"Den",15,"SMR","C",5162.300775,"KFM","After"
"Gull Island SMR",2018,"Strongylocentrotus purpuratus",-0.857571923363388,0.0632621951219512,0.149136178861789,0.424190800681431,"Den",15,"SMR","C",5162.300775,"KFM","After"
"Gull Island SMR",2019,"Macrocystis pyrifera",5.17158031977768,0.334786531595165,0.00190011192022303,176.193058962478,"Den",16,"SMR","C",5162.300775,"KFM","After"
"Gull Island SMR",2019,"Mesocentrotus franciscanus",2.085998942226,0.231818181818182,0.0287878787878788,8.05263157894737,"Den",16,"SMR","C",5162.300775,"KFM","After"
"Gull Island SMR",2019,"Panulirus interruptus",-1.17007125265025,0.118421052631579,0.381578947368421,0.310344827586207,"Den",16,"SMR","C",5162.300775,"KFM","After"
"Gull Island SMR",2019,"Strongylocentrotus purpuratus",-0.265281135762614,0.0602134146341463,0.0785060975609756,0.766990291262136,"Den",16,"SMR","C",5162.300775,"KFM","After"
"Gull Island SMR",2021,"Macrocystis pyrifera",-1.6073038252143,0.0803507217271966,0.400897145602744,0.200427273200936,"Den",18,"SMR","C",5162.300775,"KFM","After"
"Gull Island SMR",2021,"Mesocentrotus franciscanus",-0.0483965408618502,0.183333333333333,0.192424242424242,0.952755905511811,"Den",18,"SMR","C",5162.300775,"KFM","After"
"Gull Island SMR",2021,"Panulirus interruptus",2.70805020110221,0.592105263157895,0.0394736842105263,15,"Den",18,"SMR","C",5162.300775,"KFM","After"
"Gull Island SMR",2021,"Strongylocentrotus purpuratus",-1.09559113833393,0.0561483739837398,0.167936991869919,0.334341906202723,"Den",18,"SMR","C",5162.300775,"KFM","After"
"Gull Island SMR",2022,"Macrocystis pyrifera",4.30478795892561,0.140709959748999,0.00190011192022303,74.0535114018352,"Den",19,"SMR","C",5162.300775,"KFM","After"
"Gull Island SMR",2022,"Mesocentrotus franciscanus",0.0454623740767572,0.204545454545455,0.195454545454545,1.04651162790698,"Den",19,"SMR","C",5162.300775,"KFM","After"
"Gull Island SMR",2022,"Panulirus interruptus",1.20831120592453,1.01315789473684,0.302631578947368,3.34782608695652,"Den",19,"SMR","C",5162.300775,"KFM","After"
"Gull Island SMR",2022,"Strongylocentrotus purpuratus",-3.17100658483254,0.0226117886178862,0.538871951219512,0.041961338991042,"Den",19,"SMR","C",5162.300775,"KFM","After"
"Gull Island SMR",1997,"Macrocystis pyrifera",-8.65989310832431,3.37208208018355e-05,0.194465214998936,0.000173402841233173,"Bio",0,"SMR","C",5162.300775,"KFM","Before"
"Gull Island SMR",1997,"Mesocentrotus franciscanus",0.313115226116795,0.105037894221036,0.0768001010782758,1.36767911430194,"Bio",0,"SMR","C",5162.300775,"KFM","Before"
"Gull Island SMR",1997,"Strongylocentrotus purpuratus",0.565361262754218,0.459938464777739,0.261316272449858,1.76008352050098,"Bio",0,"SMR","C",5162.300775,"KFM","Before"
"Gull Island SMR",1998,"Macrocystis pyrifera",0,3.37208208018355e-05,3.37208208018355e-05,1,"Bio",0,"SMR","C",5162.300775,"KFM","Before"
"Gull Island SMR",1998,"Mesocentrotus franciscanus",0.305167423627861,0.068320551780995,0.0503522448078653,1.35685215310049,"Bio",0,"SMR","C",5162.300775,"KFM","Before"
"Gull Island SMR",1998,"Strongylocentrotus purpuratus",0.154696564784648,0.316293593479976,0.27096084058528,1.16730370630965,"Bio",0,"SMR","C",5162.300775,"KFM","Before"
"Gull Island SMR",1999,"Mesocentrotus franciscanus",1.27442683736412,0.145499581333984,0.0406803986917152,3.57665081988531,"Bio",0,"SMR","C",5162.300775,"KFM","Before"
"Gull Island SMR",1999,"Strongylocentrotus purpuratus",0.532653563683108,0.494172707051894,0.29010168568755,1.70344652041814,"Bio",0,"SMR","C",5162.300775,"KFM","Before"
"Gull Island SMR",2000,"Macrocystis pyrifera",0,3.37208208018355e-05,3.37208208018355e-05,1,"Bio",0,"SMR","C",5162.300775,"KFM","Before"
"Gull Island SMR",2000,"Mesocentrotus franciscanus",-0.132847957561302,0.0685253792387415,0.0782612143905606,0.875598210075904,"Bio",0,"SMR","C",5162.300775,"KFM","Before"
"Gull Island SMR",2000,"Strongylocentrotus purpuratus",0.395556328910514,0.711194866677406,0.478851312751278,1.48521022651307,"Bio",0,"SMR","C",5162.300775,"KFM","Before"
"Gull Island SMR",2001,"Macrocystis pyrifera",0,3.37208208018355e-05,3.37208208018355e-05,1,"Bio",0,"SMR","C",5162.300775,"KFM","Before"
"Gull Island SMR",2001,"Mesocentrotus franciscanus",-0.439790209888062,0.0307926548045719,0.0478019479641718,0.644171547729634,"Bio",0,"SMR","C",5162.300775,"KFM","Before"
"Gull Island SMR",2001,"Strongylocentrotus purpuratus",-0.21001170741589,0.262039678351044,0.323276386728758,0.810574756178857,"Bio",0,"SMR","C",5162.300775,"KFM","Before"
"Gull Island SMR",2002,"Macrocystis pyrifera",9.90581192454651,0.675985833926401,3.37208208018355e-05,20046.541509144,"Bio",0,"SMR","C",5162.300775,"KFM","Before"
"Gull Island SMR",2002,"Mesocentrotus franciscanus",0.0314662643797121,0.0164412938682271,0.0159320025376325,1.03196656097635,"Bio",0,"SMR","C",5162.300775,"KFM","Before"
"Gull Island SMR",2002,"Strongylocentrotus purpuratus",-1.69281661434984,0.0135414505238274,0.0735946258618057,0.184000534893066,"Bio",0,"SMR","C",5162.300775,"KFM","Before"
"Gull Island SMR",2003,"Macrocystis pyrifera",-0.308685316540077,0.354205122758259,0.482297674165318,0.734411840926373,"Bio",0,"SMR","C",5162.300775,"KFM","Before"
"Gull Island SMR",2003,"Mesocentrotus franciscanus",-1.85347815234076,0.0066028607111355,0.042139314816325,0.156691221485583,"Bio",0,"SMR","C",5162.300775,"KFM","Before"
"Gull Island SMR",2003,"Strongylocentrotus purpuratus",-2.33106599530152,0.00111022097796677,0.0114229566304884,0.0971920855414556,"Bio",0,"SMR","C",5162.300775,"KFM","Before"
"Gull Island SMR",2004,"Macrocystis pyrifera",-1.14095234721484,0.231406484214545,0.72424387765297,0.319514588047959,"Bio",1,"SMR","C",5162.300775,"KFM","After"
"Gull Island SMR",2004,"Mesocentrotus franciscanus",0.234673366535646,0.00808184034060921,0.00639135467405047,1.26449567466851,"Bio",1,"SMR","C",5162.300775,"KFM","After"
"Gull Island SMR",2004,"Strongylocentrotus purpuratus",-3.24280345479823,0.00112155424753367,0.0287178505303883,0.0390542546471882,"Bio",1,"SMR","C",5162.300775,"KFM","After"
"Gull Island SMR",2005,"Macrocystis pyrifera",-0.0641942632206442,0.4632510963635,0.49396442235057,0.937822797356704,"Bio",2,"SMR","C",5162.300775,"KFM","After"
"Gull Island SMR",2005,"Mesocentrotus franciscanus",2.36223787198261,0.0292340263000501,0.00275411303423693,10.6146791858707,"Bio",2,"SMR","C",5162.300775,"KFM","After"
"Gull Island SMR",2005,"Strongylocentrotus purpuratus",-1.69818652797083,0.00839873824652276,0.0458909538511667,0.183015116089361,"Bio",2,"SMR","C",5162.300775,"KFM","After"
"Gull Island SMR",2006,"Macrocystis pyrifera",7.22434595420811,0.247017772908301,0.000179984298028054,1372.44068296335,"Bio",3,"SMR","C",5162.300775,"KFM","After"
"Gull Island SMR",2006,"Mesocentrotus franciscanus",0.393647464470659,0.0360694569866884,0.0243321610648059,1.48237786568244,"Bio",3,"SMR","C",5162.300775,"KFM","After"
"Gull Island SMR",2006,"Strongylocentrotus purpuratus",-2.401703780746,0.0142082283054616,0.156886879931106,0.0905635213836936,"Bio",3,"SMR","C",5162.300775,"KFM","After"
"Gull Island SMR",2007,"Macrocystis pyrifera",0.368389960885596,0.441868291798075,0.305705400400972,1.44540558072742,"Bio",4,"SMR","C",5162.300775,"KFM","After"
"Gull Island SMR",2007,"Mesocentrotus franciscanus",2.68208348401142,0.0919839364094434,0.00629358256369626,14.6155127828212,"Bio",4,"SMR","C",5162.300775,"KFM","After"
"Gull Island SMR",2007,"Strongylocentrotus purpuratus",0.0192090144308694,0.035098871349008,0.0344310908586534,1.01939469455371,"Bio",4,"SMR","C",5162.300775,"KFM","After"
"Gull Island SMR",2008,"Macrocystis pyrifera",0.607838329936714,0.213223044379577,0.1161056374762,1.83645729022663,"Bio",5,"SMR","C",5162.300775,"KFM","After"
"Gull Island SMR",2008,"Mesocentrotus franciscanus",1.6387072448357,0.103565149123373,0.020115559699017,5.14850944606992,"Bio",5,"SMR","C",5162.300775,"KFM","After"
"Gull Island SMR",2008,"Strongylocentrotus purpuratus",-0.555571282902082,0.0854736262208278,0.148975095250636,0.573744397189523,"Bio",5,"SMR","C",5162.300775,"KFM","After"
"Gull Island SMR",2009,"Macrocystis pyrifera",2.20846791756751,0.286477563626115,0.031474959826582,9.10176105718719,"Bio",6,"SMR","C",5162.300775,"KFM","After"
"Gull Island SMR",2009,"Mesocentrotus franciscanus",0.974074581809756,0.0567362808173008,0.0214203048643266,2.64871490749832,"Bio",6,"SMR","C",5162.300775,"KFM","After"
"Gull Island SMR",2009,"Strongylocentrotus purpuratus",-2.3113191714278,0.029401692944616,0.296596143501653,0.0991303952826079,"Bio",6,"SMR","C",5162.300775,"KFM","After"
"Gull Island SMR",2010,"Macrocystis pyrifera",-0.945292961360546,0.135313334365163,0.348237962280771,0.388565719483693,"Bio",7,"SMR","C",5162.300775,"KFM","After"
"Gull Island SMR",2010,"Mesocentrotus franciscanus",1.19729074848061,0.0801186376853119,0.0241967362591712,3.31113406482433,"Bio",7,"SMR","C",5162.300775,"KFM","After"
"Gull Island SMR",2010,"Strongylocentrotus purpuratus",-0.3748024647249,0.119105092526957,0.173262658196585,0.687425056077692,"Bio",7,"SMR","C",5162.300775,"KFM","After"
"Gull Island SMR",2011,"Macrocystis pyrifera",6.93382765720899,0.103834692714153,0.000101162462405506,1026.4152358998,"Bio",8,"SMR","C",5162.300775,"KFM","After"
"Gull Island SMR",2011,"Mesocentrotus franciscanus",1.06497235561826,0.289383304462221,0.0997612435524911,2.90075879326782,"Bio",8,"SMR","C",5162.300775,"KFM","After"
"Gull Island SMR",2011,"Strongylocentrotus purpuratus",0.515845368832847,0.597664177465739,0.356802943799371,1.67505394182455,"Bio",8,"SMR","C",5162.300775,"KFM","After"
"Gull Island SMR",2012,"Macrocystis pyrifera",2.43768009306229,0.146114067457009,0.0127650058318356,11.4464552058883,"Bio",9,"SMR","C",5162.300775,"KFM","After"
"Gull Island SMR",2012,"Mesocentrotus franciscanus",1.48570405748652,0.393796184013848,0.0891329805896594,4.41807489672945,"Bio",9,"SMR","C",5162.300775,"KFM","After"
"Gull Island SMR",2012,"Strongylocentrotus purpuratus",2.90674334399194,0.365908855978174,0.0199981732326507,18.2971140274333,"Bio",9,"SMR","C",5162.300775,"KFM","After"
"Gull Island SMR",2013,"Macrocystis pyrifera",-2.55531858022101,0.0776701038123805,1.0000337208208,0.0776674848010434,"Bio",10,"SMR","C",5162.300775,"KFM","After"
"Gull Island SMR",2013,"Mesocentrotus franciscanus",1.6155386032805,0.424554461418045,0.0843944540969046,5.03059668980804,"Bio",10,"SMR","C",5162.300775,"KFM","After"
"Gull Island SMR",2013,"Strongylocentrotus purpuratus",1.37879374914073,0.236443844472497,0.0595559964333532,3.97010978965136,"Bio",10,"SMR","C",5162.300775,"KFM","After"
"Gull Island SMR",2014,"Macrocystis pyrifera",-1.00420676031037,0.0472934016323817,0.129098741003845,0.366335111129963,"Bio",11,"SMR","C",5162.300775,"KFM","After"
"Gull Island SMR",2014,"Mesocentrotus franciscanus",0.637058373026151,0.473356107186951,0.250332391686955,1.8909103372403,"Bio",11,"SMR","C",5162.300775,"KFM","After"
"Gull Island SMR",2014,"Strongylocentrotus purpuratus",-1.02479091082101,0.176905888070617,0.492950516194048,0.358871493707858,"Bio",11,"SMR","C",5162.300775,"KFM","After"
"Gull Island SMR",2015,"Macrocystis pyrifera",9.31649175365519,0.374972222240664,3.37208208018355e-05,11119.9019870908,"Bio",12,"SMR","C",5162.300775,"KFM","After"
"Gull Island SMR",2015,"Mesocentrotus franciscanus",1.58427686883967,0.271004318049373,0.0555819153954063,4.87576428630545,"Bio",12,"SMR","C",5162.300775,"KFM","After"
"Gull Island SMR",2015,"Strongylocentrotus purpuratus",-1.62450043281755,0.0778788545292414,0.395303927230244,0.197010070390424,"Bio",12,"SMR","C",5162.300775,"KFM","After"
"Gull Island SMR",2016,"Macrocystis pyrifera",9.30254535815752,0.369779008806784,3.37208208018355e-05,10965.8958475488,"Bio",13,"SMR","C",5162.300775,"KFM","After"
"Gull Island SMR",2016,"Mesocentrotus franciscanus",3.01611516219775,0.220343492610109,0.0107948859257924,20.411840766528,"Bio",13,"SMR","C",5162.300775,"KFM","After"
"Gull Island SMR",2016,"Strongylocentrotus purpuratus",-0.65464524986879,0.0911506260289645,0.175415705870026,0.519626367416055,"Bio",13,"SMR","C",5162.300775,"KFM","After"
"Gull Island SMR",2017,"Macrocystis pyrifera",8.98879772061071,0.270198781571329,3.37208208018355e-05,8012.81745658522,"Bio",14,"SMR","C",5162.300775,"KFM","After"
"Gull Island SMR",2017,"Mesocentrotus franciscanus",3.06168367557517,0.29749336494407,0.0139253127679168,21.3634960953609,"Bio",14,"SMR","C",5162.300775,"KFM","After"
"Gull Island SMR",2017,"Strongylocentrotus purpuratus",-0.308538303789252,0.0907662090820377,0.123572171927798,0.734519816768064,"Bio",14,"SMR","C",5162.300775,"KFM","After"
"Gull Island SMR",2018,"Macrocystis pyrifera",9.01655213125584,0.277803027059275,3.37208208018355e-05,8238.32339941601,"Bio",15,"SMR","C",5162.300775,"KFM","After"
"Gull Island SMR",2018,"Mesocentrotus franciscanus",0.819522596385141,0.0967957138321179,0.0426522538725955,2.26941615140085,"Bio",15,"SMR","C",5162.300775,"KFM","After"
"Gull Island SMR",2018,"Strongylocentrotus purpuratus",-0.367686355785017,0.0854397412377875,0.123408217595241,0.692334294285132,"Bio",15,"SMR","C",5162.300775,"KFM","After"
"Gull Island SMR",2019,"Macrocystis pyrifera",9.19754244734162,0.332920140495744,3.37208208018355e-05,9872.83620562471,"Bio",16,"SMR","C",5162.300775,"KFM","After"
"Gull Island SMR",2019,"Mesocentrotus franciscanus",2.26208069696586,0.18252502361872,0.0190069857448979,9.60304942974539,"Bio",16,"SMR","C",5162.300775,"KFM","After"
"Gull Island SMR",2019,"Strongylocentrotus purpuratus",0.659825650099201,0.0963384966312538,0.0498013626525416,1.93445503295555,"Bio",16,"SMR","C",5162.300775,"KFM","After"
"Gull Island SMR",2021,"Macrocystis pyrifera",-1.62613949784872,0.0784843306277754,0.399030754503322,0.196687422565876,"Bio",18,"SMR","C",5162.300775,"KFM","After"
"Gull Island SMR",2021,"Mesocentrotus franciscanus",1.40527499865047,0.156015856505418,0.0382706256530827,4.07664765973981,"Bio",18,"SMR","C",5162.300775,"KFM","After"
"Gull Island SMR",2021,"Strongylocentrotus purpuratus",-0.458046318877938,0.0938344721490469,0.148350633093675,0.632518177996558,"Bio",18,"SMR","C",5162.300775,"KFM","After"
"Gull Island SMR",2022,"Macrocystis pyrifera",8.32298769844109,0.138843568649578,3.37208208018355e-05,4117.44332872291,"Bio",19,"SMR","C",5162.300775,"KFM","After"
"Gull Island SMR",2022,"Mesocentrotus franciscanus",1.60566824603935,0.211915144739666,0.0425431003461948,4.98118714938979,"Bio",19,"SMR","C",5162.300775,"KFM","After"
"Gull Island SMR",2022,"Strongylocentrotus purpuratus",-2.75339432308427,0.0361838960577806,0.567935855936014,0.0637112372455267,"Bio",19,"SMR","C",5162.300775,"KFM","After"
"Gull Island SMR",1988,"Strongylocentrotus purpuratus",0.918871023808611,0.336800442419617,0.134373007673492,2.5064590593819,"Bio",0,"SMR","C",5162.300775,"KFM","Before"
"Gull Island SMR",1989,"Mesocentrotus franciscanus",-1.69271003795629,0.00755374371589864,0.041048460605961,0.184020146051511,"Bio",0,"SMR","C",5162.300775,"KFM","Before"
"Gull Island SMR",1989,"Strongylocentrotus purpuratus",0.158584385268491,0.474795668845958,0.40516733530463,1.171850806998,"Bio",0,"SMR","C",5162.300775,"KFM","Before"
"Gull Island SMR",1990,"Macrocystis pyrifera",-0.732221216128793,0.185472007894735,0.385725195031678,0.480839754010633,"Bio",0,"SMR","C",5162.300775,"KFM","Before"
"Gull Island SMR",1990,"Mesocentrotus franciscanus",0.687848414878358,0.0152731806670682,0.0076771622318813,1.98943049602919,"Bio",0,"SMR","C",5162.300775,"KFM","Before"
"Gull Island SMR",1990,"Strongylocentrotus purpuratus",0.0174303406780589,0.240985403044409,0.236821341303729,1.01758313553059,"Bio",0,"SMR","C",5162.300775,"KFM","Before"
"Gull Island SMR",1991,"Macrocystis pyrifera",1.74078788164941,0.656854093178521,0.11520049346163,5.7018340238039,"Bio",0,"SMR","C",5162.300775,"KFM","Before"
"Gull Island SMR",1991,"Mesocentrotus franciscanus",-2.7016127499607,0.0061563236616607,0.0917522987551882,0.0670972144042612,"Bio",0,"SMR","C",5162.300775,"KFM","Before"
"Gull Island SMR",1991,"Strongylocentrotus purpuratus",0.358903807948387,0.288894649861143,0.201776022021763,1.43175907110501,"Bio",0,"SMR","C",5162.300775,"KFM","Before"
"Gull Island SMR",1992,"Macrocystis pyrifera",0.533700095617196,0.257115911695132,0.15078076673111,1.70523016475736,"Bio",0,"SMR","C",5162.300775,"KFM","Before"
"Gull Island SMR",1992,"Mesocentrotus franciscanus",1.15209277259313,0.0505154492783508,0.0159616096660731,3.16480921004622,"Bio",0,"SMR","C",5162.300775,"KFM","Before"
"Gull Island SMR",1992,"Strongylocentrotus purpuratus",0.968497060947744,0.237050877017912,0.0899971252461367,2.63398276744498,"Bio",0,"SMR","C",5162.300775,"KFM","Before"
"Gull Island SMR",1993,"Macrocystis pyrifera",-1.65289438266971,0.059357193282385,0.309967575681276,0.191494846362315,"Bio",0,"SMR","C",5162.300775,"KFM","Before"
"Gull Island SMR",1993,"Mesocentrotus franciscanus",1.30044946514396,0.133191901817679,0.0362827163382134,3.67094625926337,"Bio",0,"SMR","C",5162.300775,"KFM","Before"
"Gull Island SMR",1993,"Strongylocentrotus purpuratus",1.79909301016934,0.361280028003788,0.0597733762318051,6.04416298324392,"Bio",0,"SMR","C",5162.300775,"KFM","Before"
"Gull Island SMR",1994,"Macrocystis pyrifera",-0.179406229556501,0.396573112999046,0.474502387474042,0.835766317447118,"Bio",0,"SMR","C",5162.300775,"KFM","Before"
"Gull Island SMR",1994,"Mesocentrotus franciscanus",1.51634934199424,0.11333123667533,0.0248775424496585,4.55556399530474,"Bio",0,"SMR","C",5162.300775,"KFM","Before"
"Gull Island SMR",1994,"Strongylocentrotus purpuratus",1.92275044113129,0.273502942091913,0.0399873013661416,6.83974493771404,"Bio",0,"SMR","C",5162.300775,"KFM","Before"
"Gull Island SMR",1995,"Macrocystis pyrifera",-1.72161434378436,0.048947749402177,0.273791737214669,0.178777306795782,"Bio",0,"SMR","C",5162.300775,"KFM","Before"
"Gull Island SMR",1995,"Mesocentrotus franciscanus",2.09840358082894,0.213008759958838,0.0261259666511686,8.1531436827931,"Bio",0,"SMR","C",5162.300775,"KFM","Before"
"Gull Island SMR",1995,"Strongylocentrotus purpuratus",1.29043836435386,0.550035290067339,0.151342287416458,3.63437938897919,"Bio",0,"SMR","C",5162.300775,"KFM","Before"
"Gull Island SMR",1996,"Macrocystis pyrifera",-1.99047931293402,3.37208208018355e-05,0.000246804071106103,0.136629921259843,"Bio",0,"SMR","C",5162.300775,"KFM","Before"
"Gull Island SMR",1996,"Mesocentrotus franciscanus",1.552504951258,0.0771456082677961,0.0163330343037263,4.7232869798232,"Bio",0,"SMR","C",5162.300775,"KFM","Before"
"Gull Island SMR",1996,"Strongylocentrotus purpuratus",0.852933384067448,0.411932269607446,0.17555029053492,2.34652001060349,"Bio",0,"SMR","C",5162.300775,"KFM","Before"
"Gull Island SMR",2005,"Strongylocentrotus purpuratus",-1.99510039324608,0.00431910569105691,0.0317581300813008,0.136,"Den",2,"SMR","C",5162.300775,"KFM","After"
"Gull Island SMR",2006,"Macrocystis pyrifera",2.78040724876781,0.248884164007722,0.0154341152404271,16.1255867363107,"Den",3,"SMR","C",5162.300775,"KFM","After"
"Gull Island SMR",2006,"Mesocentrotus franciscanus",-0.710241613919245,0.0439393939393939,0.0893939393939394,0.491525423728814,"Den",3,"SMR","C",5162.300775,"KFM","After"
"Gull Island SMR",2006,"Panulirus interruptus",-1.6094379124341,0.0131578947368421,0.0657894736842105,0.2,"Den",3,"SMR","C",5162.300775,"KFM","After"
"Gull Island SMR",2006,"Strongylocentrotus purpuratus",-2.63254264859407,0.00838414634146342,0.116615853658537,0.0718954248366013,"Den",3,"SMR","C",5162.300775,"KFM","After"
"Gull Island SMR",2007,"Macrocystis pyrifera",0.366518294488742,0.443734682897497,0.307571791500393,1.44270279381889,"Den",4,"SMR","C",5162.300775,"KFM","After"
"Gull Island SMR",2007,"Mesocentrotus franciscanus",1.77649199709727,0.0984848484848485,0.0166666666666667,5.90909090909091,"Den",4,"SMR","C",5162.300775,"KFM","After"
"Gull Island SMR",2007,"Panulirus interruptus",0,0.0131578947368421,0.0131578947368421,1,"Den",4,"SMR","C",5162.300775,"KFM","After"
"Gull Island SMR",2007,"Strongylocentrotus purpuratus",0,0.0256605691056911,0.0256605691056911,1,"Den",4,"SMR","C",5162.300775,"KFM","After"
"Gull Island SMR",2008,"Macrocystis pyrifera",0.600606370207968,0.215089435478998,0.117972028575621,1.82322401399688,"Den",5,"SMR","C",5162.300775,"KFM","After"
"Gull Island SMR",2008,"Mesocentrotus franciscanus",0.214147988405632,0.125757575757576,0.101515151515152,1.23880597014925,"Den",5,"SMR","C",5162.300775,"KFM","After"
"Gull Island SMR",2008,"Panulirus interruptus",0,0.0394736842105263,0.0394736842105263,1,"Den",5,"SMR","C",5162.300775,"KFM","After"
"Gull Island SMR",2008,"Strongylocentrotus purpuratus",-1.15887148018631,0.0409044715447154,0.130335365853659,0.313840155945419,"Den",5,"SMR","C",5162.300775,"KFM","After"
"Gull Island SMR",2009,"Macrocystis pyrifera",2.15735565860578,0.288343954725537,0.0333413509260032,8.64823850015792,"Den",6,"SMR","C",5162.300775,"KFM","After"
"Gull Island SMR",2009,"Mesocentrotus franciscanus",-0.349673748479749,0.0651515151515151,0.0924242424242424,0.704918032786885,"Den",6,"SMR","C",5162.300775,"KFM","After"
"Gull Island SMR",2009,"Panulirus interruptus",0.587786664902119,0.118421052631579,0.0657894736842105,1.8,"Den",6,"SMR","C",5162.300775,"KFM","After"
"Gull Island SMR",2001,"Strongylocentrotus purpuratus",0.433995319742229,0.383892276422764,0.248729674796748,1.54341164453524,"Den",0,"SMR","C",5162.300775,"KFM","Before"
"Gull Island SMR",2002,"Macrocystis pyrifera",5.87701651717714,0.677852225025822,0.00190011192022303,356.74331486024,"Den",0,"SMR","C",5162.300775,"KFM","Before"
"Gull Island SMR",2002,"Mesocentrotus franciscanus",-0.336472236621213,0.0378787878787879,0.053030303030303,0.714285714285714,"Den",0,"SMR","C",5162.300775,"KFM","Before"
"Gull Island SMR",2002,"Panulirus interruptus",0,0.0131578947368421,0.0131578947368421,1,"Den",0,"SMR","C",5162.300775,"KFM","Before"
"Gull Island SMR",2002,"Strongylocentrotus purpuratus",-1.49893599727586,0.0165142276422764,0.0739329268292683,0.223367697594502,"Den",0,"SMR","C",5162.300775,"KFM","Before"
"Gull Island SMR",2003,"Macrocystis pyrifera",-0.307292234795624,0.35607151385768,0.484164065264739,0.7354356496139,"Den",0,"SMR","C",5162.300775,"KFM","Before"
"Gull Island SMR",2003,"Mesocentrotus franciscanus",-1.34992671694902,0.0106060606060606,0.0409090909090909,0.259259259259259,"Den",0,"SMR","C",5162.300775,"KFM","Before"
"Gull Island SMR",2003,"Panulirus interruptus",-2.19722457733622,0.0131578947368421,0.118421052631579,0.111111111111111,"Den",0,"SMR","C",5162.300775,"KFM","Before"
"Gull Island SMR",2003,"Strongylocentrotus purpuratus",-2.97892515523761,0.000762195121951219,0.014989837398374,0.0508474576271186,"Den",0,"SMR","C",5162.300775,"KFM","Before"
"Gull Island SMR",2004,"Macrocystis pyrifera",-1.13549298162096,0.233272875313966,0.726110268752392,0.321263705187337,"Den",1,"SMR","C",5162.300775,"KFM","After"
"Gull Island SMR",2004,"Mesocentrotus franciscanus",-0.251314428280906,0.0106060606060606,0.0136363636363636,0.777777777777778,"Den",1,"SMR","C",5162.300775,"KFM","After"
"Gull Island SMR",2004,"Panulirus interruptus",0,0.0131578947368421,0.0131578947368421,1,"Den",1,"SMR","C",5162.300775,"KFM","After"
"Gull Island SMR",2004,"Strongylocentrotus purpuratus",-3.91866754814681,0.000762195121951219,0.0383638211382114,0.0198675496688742,"Den",1,"SMR","C",5162.300775,"KFM","After"
"Gull Island SMR",2005,"Macrocystis pyrifera",-0.0639447317366256,0.465117487462921,0.495830813449991,0.938056842870723,"Den",2,"SMR","C",5162.300775,"KFM","After"
"Gull Island SMR",2005,"Mesocentrotus franciscanus",1.84582669049833,0.0287878787878788,0.00454545454545454,6.33333333333333,"Den",2,"SMR","C",5162.300775,"KFM","After"
"Gull Island SMR",2005,"Panulirus interruptus",0,0.0131578947368421,0.0131578947368421,1,"Den",2,"SMR","C",5162.300775,"KFM","After"
"Gull Island SMR",2013,"Strongylocentrotus purpuratus",0.939838020344789,0.180132113821138,0.0703760162601626,2.55956678700361,"Den",10,"SMR","C",5162.300775,"KFM","After"
"Gull Island SMR",2014,"Macrocystis pyrifera",-0.979855052128836,0.0491597927318029,0.130965132103266,0.375365503339014,"Den",11,"SMR","C",5162.300775,"KFM","After"
"Gull Island SMR",2014,"Mesocentrotus franciscanus",-0.69945634975321,0.359090909090909,0.722727272727273,0.49685534591195,"Den",11,"SMR","C",5162.300775,"KFM","After"
"Gull Island SMR",2014,"Panulirus interruptus",0.510825623765991,0.0657894736842105,0.0394736842105263,1.66666666666667,"Den",11,"SMR","C",5162.300775,"KFM","After"
"Gull Island SMR",2014,"Strongylocentrotus purpuratus",-0.911352450233572,0.154725609756098,0.384908536585366,0.401980198019802,"Den",11,"SMR","C",5162.300775,"KFM","After"
"Gull Island SMR",2015,"Macrocystis pyrifera",5.28990422465092,0.376838613340085,0.00190011192022303,198.32442990824,"Den",12,"SMR","C",5162.300775,"KFM","After"
"Gull Island SMR",1986,"Macrocystis pyrifera",-8.08462102098933,3.37208208018355e-05,0.109396753772532,0.000308243340309264,"Bio",0,"SMR","C",5162.300775,"KFM","Before"
"Gull Island SMR",1986,"Mesocentrotus franciscanus",1.85359629215307,0.362241759596544,0.0567533985523465,6.38273246777336,"Bio",0,"SMR","C",5162.300775,"KFM","Before"
"Gull Island SMR",1986,"Strongylocentrotus purpuratus",1.12094229935242,1.00037007365932,0.326093120025667,3.06774357453656,"Bio",0,"SMR","C",5162.300775,"KFM","Before"
"Gull Island SMR",1987,"Macrocystis pyrifera",0,3.37208208018355e-05,3.37208208018355e-05,1,"Bio",0,"SMR","C",5162.300775,"KFM","Before"
"Gull Island SMR",1987,"Mesocentrotus franciscanus",1.27227649592563,0.181576504621718,0.0508764722558981,3.56896806265235,"Bio",0,"SMR","C",5162.300775,"KFM","Before"
"Gull Island SMR",1987,"Strongylocentrotus purpuratus",0.65495004713462,0.617156024072667,0.320592812211939,1.92504635339321,"Bio",0,"SMR","C",5162.300775,"KFM","Before"
"Gull Island SMR",1988,"Mesocentrotus franciscanus",-1.53255655927942,0.0188434797588105,0.0872452843403111,0.215982788081809,"Bio",0,"SMR","C",5162.300775,"KFM","Before"
"Gull Island SMR",2011,"Mesocentrotus franciscanus",-0.301702920693719,0.456060606060606,0.616666666666667,0.73955773955774,"Den",8,"SMR","C",5162.300775,"KFM","After"
"Gull Island SMR",2011,"Panulirus interruptus",0,0.0131578947368421,0.0131578947368421,1,"Den",8,"SMR","C",5162.300775,"KFM","After"
"Gull Island SMR",2011,"Strongylocentrotus purpuratus",0.287870733899374,0.448932926829268,0.336636178861789,1.33358490566038,"Den",8,"SMR","C",5162.300775,"KFM","After"
"Gull Island SMR",2012,"Macrocystis pyrifera",2.31391053376887,0.147980458556431,0.0146313969312568,10.1138981637702,"Den",9,"SMR","C",5162.300775,"KFM","After"
"Gull Island SMR",2009,"Strongylocentrotus purpuratus",-2.19722457733622,0.0205792682926829,0.185213414634146,0.111111111111111,"Den",6,"SMR","C",5162.300775,"KFM","After"
"Gull Island SMR",2010,"Macrocystis pyrifera",-0.936939331769222,0.137179725464584,0.350104353380192,0.391825249072568,"Den",7,"SMR","C",5162.300775,"KFM","After"
"Gull Island SMR",2010,"Mesocentrotus franciscanus",0.179048231448986,0.0924242424242424,0.0772727272727273,1.19607843137255,"Den",7,"SMR","C",5162.300775,"KFM","After"
"Gull Island SMR",2010,"Panulirus interruptus",0,0.0131578947368421,0.0131578947368421,1,"Den",7,"SMR","C",5162.300775,"KFM","After"
"Gull Island SMR",2010,"Strongylocentrotus purpuratus",-0.560131384750145,0.0703760162601626,0.123221544715447,0.571134020618557,"Den",7,"SMR","C",5162.300775,"KFM","After"
"Gull Island SMR",2011,"Macrocystis pyrifera",2.56375133030878,0.105701083813574,0.00814059942054671,12.9844349725385,"Den",8,"SMR","C",5162.300775,"KFM","After"
"Gull Island SMR",2013,"Macrocystis pyrifera",-2.53343761615228,0.0795364949118017,1.00190011192022,0.0793856532856988,"Den",10,"SMR","C",5162.300775,"KFM","After"
"Gull Island SMR",2012,"Mesocentrotus franciscanus",0.966187703018778,0.513636363636364,0.195454545454545,2.62790697674418,"Den",9,"SMR","C",5162.300775,"KFM","After"
"Gull Island SMR",2012,"Panulirus interruptus",-1.6094379124341,0.0131578947368421,0.0657894736842105,0.2,"Den",9,"SMR","C",5162.300775,"KFM","After"
"Gull Island SMR",2012,"Strongylocentrotus purpuratus",2.7628584375972,0.285823170731707,0.0180386178861789,15.8450704225352,"Den",9,"SMR","C",5162.300775,"KFM","After"
"Gull Island SMR",2013,"Mesocentrotus franciscanus",0.615008976250802,0.428787878787879,0.231818181818182,1.84967320261438,"Den",10,"SMR","C",5162.300775,"KFM","After"
"Gull Island SMR",2013,"Panulirus interruptus",-1.09861228866811,0.0131578947368421,0.0394736842105263,0.333333333333333,"Den",10,"SMR","C",5162.300775,"KFM","After"
"Harris Point SMR",2013,"Macrocystis pyrifera",-3.83865777758315,0.0116788572293592,0.542635546900982,0.0215224699083164,"Den",10,"SMR","C",6577.874855,"KFM","After"
"Harris Point SMR",2014,"Macrocystis pyrifera",-4.29040079135276,0.0038929524097864,0.284168858980152,0.013699433582405,"Den",11,"SMR","C",6577.874855,"KFM","After"
"Harris Point SMR",2013,"Mesocentrotus franciscanus",2.0051468455969,0.731357552581262,0.0984703632887189,7.42718446601942,"Den",10,"SMR","C",6577.874855,"KFM","After"
"Harris Point SMR",2013,"Panulirus interruptus",0,0.5,0.5,1,"Den",10,"SMR","C",6577.874855,"KFM","After"
"Harris Point SMR",2013,"Strongylocentrotus purpuratus",0.30656103404925,0.00903937947494033,0.0066527446300716,1.35874439461883,"Den",10,"SMR","C",6577.874855,"KFM","After"
"Harris Point SMR",2010,"Macrocystis pyrifera",-5.1149516071905,0.0038929524097864,0.648148250086584,0.00600626848759732,"Den",7,"SMR","C",6577.874855,"KFM","After"
"Harris Point SMR",2010,"Mesocentrotus franciscanus",3.16572321789047,0.38527724665392,0.0162523900573614,23.7058823529412,"Den",7,"SMR","C",6577.874855,"KFM","After"
"Harris Point SMR",2010,"Panulirus interruptus",0,0.5,0.5,1,"Den",7,"SMR","C",6577.874855,"KFM","After"
"Harris Point SMR",2010,"Strongylocentrotus purpuratus",-3.62877553004423,8.94988066825776e-05,0.00337112171837709,0.0265486725663717,"Den",7,"SMR","C",6577.874855,"KFM","After"
"Harris Point SMR",2011,"Macrocystis pyrifera",-4.74786241496056,0.0038929524097864,0.449003309686165,0.00867020871740881,"Den",8,"SMR","C",6577.874855,"KFM","After"
"Harris Point SMR",2011,"Mesocentrotus franciscanus",2.6457732715807,0.71414913957935,0.0506692160611855,14.0943396226415,"Den",8,"SMR","C",6577.874855,"KFM","After"
"Harris Point SMR",2011,"Panulirus interruptus",0,0.5,0.5,1,"Den",8,"SMR","C",6577.874855,"KFM","After"
"Harris Point SMR",2011,"Strongylocentrotus purpuratus",-0.448548694244476,0.00158114558472554,0.00247613365155131,0.63855421686747,"Den",8,"SMR","C",6577.874855,"KFM","After"
"Harris Point SMR",2012,"Macrocystis pyrifera",-1.55867716900925,0.0446810690385702,0.212348134029675,0.210414229645767,"Den",9,"SMR","C",6577.874855,"KFM","After"
"Harris Point SMR",2012,"Mesocentrotus franciscanus",2.20034957987935,0.612810707456979,0.0678776290630975,9.02816901408451,"Den",9,"SMR","C",6577.874855,"KFM","After"
"Harris Point SMR",2012,"Panulirus interruptus",0,0.5,0.5,1,"Den",9,"SMR","C",6577.874855,"KFM","After"
"Harris Point SMR",2012,"Strongylocentrotus purpuratus",0.49783842823918,0.00456443914081146,0.0027744630071599,1.64516129032258,"Den",9,"SMR","C",6577.874855,"KFM","After"
"Harris Point SMR",2005,"Macrocystis pyrifera",1.33389436015577,0.926101948119962,0.243980904892204,3.79579684126975,"Den",2,"SMR","C",6577.874855,"KFM","After"
"Harris Point SMR",2005,"Mesocentrotus franciscanus",2.84988039654143,0.347036328871893,0.020076481835564,17.2857142857143,"Den",2,"SMR","C",6577.874855,"KFM","After"
"Harris Point SMR",2005,"Panulirus interruptus",0,0.5,0.5,1,"Den",2,"SMR","C",6577.874855,"KFM","After"
"Harris Point SMR",2005,"Strongylocentrotus purpuratus",3.71357206670431,0.00366945107398568,8.94988066825776e-05,41,"Den",2,"SMR","C",6577.874855,"KFM","After"
"Harris Point SMR",2006,"Macrocystis pyrifera",-0.33433764606851,0.591031583840413,0.825679846541879,0.715812050295012,"Den",3,"SMR","C",6577.874855,"KFM","After"
"Harris Point SMR",2006,"Mesocentrotus franciscanus",1.99283233642295,0.792543021032505,0.108030592734226,7.33628318584071,"Den",3,"SMR","C",6577.874855,"KFM","After"
"Harris Point SMR",2006,"Panulirus interruptus",0,0.5,0.5,1,"Den",3,"SMR","C",6577.874855,"KFM","After"
"Harris Point SMR",2006,"Strongylocentrotus purpuratus",2.1624384612508,0.00337112171837709,0.000387828162291169,8.69230769230769,"Den",3,"SMR","C",6577.874855,"KFM","After"
"Harris Point SMR",2007,"Macrocystis pyrifera",-0.329182873236058,0.708502888807848,0.984699983715335,0.719511425332437,"Den",4,"SMR","C",6577.874855,"KFM","After"
"Harris Point SMR",2007,"Mesocentrotus franciscanus",3.50053982499442,0.475143403441683,0.01434034416826,33.1333333333333,"Den",4,"SMR","C",6577.874855,"KFM","After"
"Harris Point SMR",2007,"Panulirus interruptus",0,0.5,0.5,1,"Den",4,"SMR","C",6577.874855,"KFM","After"
"Harris Point SMR",2007,"Strongylocentrotus purpuratus",0.887303195000903,0.00963603818615752,0.00396778042959427,2.42857142857143,"Den",4,"SMR","C",6577.874855,"KFM","After"
"Harris Point SMR",2008,"Macrocystis pyrifera",-4.71687399993444,0.0038929524097864,0.435302783913197,0.00894309100160195,"Den",5,"SMR","C",6577.874855,"KFM","After"
"Harris Point SMR",2008,"Mesocentrotus franciscanus",3.82719106991145,0.658699808795411,0.01434034416826,45.9333333333333,"Den",5,"SMR","C",6577.874855,"KFM","After"
"Harris Point SMR",2008,"Panulirus interruptus",0,0.5,0.5,1,"Den",5,"SMR","C",6577.874855,"KFM","After"
"Harris Point SMR",2008,"Strongylocentrotus purpuratus",0.920057214669632,0.00396778042959427,0.00158114558472554,2.50943396226415,"Den",5,"SMR","C",6577.874855,"KFM","After"
"Harris Point SMR",2009,"Macrocystis pyrifera",-5.31489872668331,0.0038929524097864,0.791608198602577,0.00491777676969315,"Den",6,"SMR","C",6577.874855,"KFM","After"
"Harris Point SMR",2009,"Mesocentrotus franciscanus",3.08922261664133,0.524856596558317,0.0239005736137667,21.96,"Den",6,"SMR","C",6577.874855,"KFM","After"
"Harris Point SMR",2009,"Panulirus interruptus",0,0.5,0.5,1,"Den",6,"SMR","C",6577.874855,"KFM","After"
"Harris Point SMR",2009,"Strongylocentrotus purpuratus",-2.87167962488401,8.94988066825776e-05,0.00158114558472554,0.0566037735849057,"Den",6,"SMR","C",6577.874855,"KFM","After"
"Harris Point SMR",1982,"Mesocentrotus franciscanus",2.50387671365466,0.376481835564054,0.0307839388145316,12.2298136645963,"Den",0,"SMR","C",6577.874855,"KFM","Before"
"Harris Point SMR",1982,"Strongylocentrotus purpuratus",4.57776092368121,0.0783711217183771,0.000805489260143198,97.2962962962963,"Den",0,"SMR","C",6577.874855,"KFM","Before"
"Harris Point SMR",1983,"Mesocentrotus franciscanus",2.03772992391987,0.300764818355641,0.0391969407265774,7.67317073170732,"Den",0,"SMR","C",6577.874855,"KFM","Before"
"Harris Point SMR",1983,"Panulirus interruptus",0,0.5,0.5,1,"Den",0,"SMR","C",6577.874855,"KFM","Before"
"Harris Point SMR",1983,"Strongylocentrotus purpuratus",4.46129981556839,0.0387529832935561,0.000447494033412888,86.6,"Den",0,"SMR","C",6577.874855,"KFM","Before"
"Harris Point SMR",1984,"Macrocystis pyrifera",-4.77793751662269,0.0038929524097864,0.462712245380086,0.00841333344568956,"Den",0,"SMR","C",6577.874855,"KFM","Before"
"Harris Point SMR",1984,"Mesocentrotus franciscanus",2.77451984610995,0.297323135755258,0.018546845124283,16.0309278350515,"Den",0,"SMR","C",6577.874855,"KFM","Before"
"Harris Point SMR",1984,"Panulirus interruptus",0,0.5,0.5,1,"Den",0,"SMR","C",6577.874855,"KFM","Before"
"Harris Point SMR",1984,"Strongylocentrotus purpuratus",6.61338421837956,0.0666766109785203,8.94988066825776e-05,745,"Den",0,"SMR","C",6577.874855,"KFM","Before"
"Harris Point SMR",1985,"Macrocystis pyrifera",-5.3615781355446,0.0038929524097864,0.829436023055416,0.00469349329131597,"Den",0,"SMR","C",6577.874855,"KFM","Before"
"Harris Point SMR",1985,"Mesocentrotus franciscanus",1.82385719063057,0.441873804971319,0.0713193116634799,6.19571045576407,"Den",0,"SMR","C",6577.874855,"KFM","Before"
"Harris Point SMR",1985,"Panulirus interruptus",0,0.5,0.5,1,"Den",0,"SMR","C",6577.874855,"KFM","Before"
"Harris Point SMR",1985,"Strongylocentrotus purpuratus",3.09196966714751,0.0965692124105012,0.0043854415274463,22.0204081632653,"Den",0,"SMR","C",6577.874855,"KFM","Before"
"Harris Point SMR",1986,"Macrocystis pyrifera",-5.32409231830286,0.0038929524097864,0.798919478065015,0.00487277193343081,"Den",0,"SMR","C",6577.874855,"KFM","Before"
"Harris Point SMR",1986,"Mesocentrotus franciscanus",1.54449420133617,0.678202676864245,0.144741873804971,4.68560105680317,"Den",0,"SMR","C",6577.874855,"KFM","Before"
"Harris Point SMR",1986,"Panulirus interruptus",0,0.5,0.5,1,"Den",0,"SMR","C",6577.874855,"KFM","Before"
"Harris Point SMR",1986,"Strongylocentrotus purpuratus",3.16255401320959,0.315125298329356,0.0133353221957041,23.6308724832215,"Den",0,"SMR","C",6577.874855,"KFM","Before"
"Harris Point SMR",1987,"Macrocystis pyrifera",-5.15947203394656,0.0038929524097864,0.67765606328542,0.0057447319085622,"Den",0,"SMR","C",6577.874855,"KFM","Before"
"Harris Point SMR",1987,"Mesocentrotus franciscanus",1.75319771494364,0.491204588910134,0.0850860420650096,5.77303370786517,"Den",0,"SMR","C",6577.874855,"KFM","Before"
"Harris Point SMR",1987,"Panulirus interruptus",0,0.5,0.5,1,"Den",0,"SMR","C",6577.874855,"KFM","Before"
"Harris Point SMR",2014,"Mesocentrotus franciscanus",2.79394984923915,0.859464627151052,0.0525812619502868,16.3454545454545,"Den",11,"SMR","C",6577.874855,"KFM","After"
"Harris Point SMR",2014,"Panulirus interruptus",0,0.5,0.5,1,"Den",11,"SMR","C",6577.874855,"KFM","After"
"Harris Point SMR",2014,"Strongylocentrotus purpuratus",1.725203236387,0.149552505966587,0.0266408114558473,5.61366181410974,"Den",11,"SMR","C",6577.874855,"KFM","After"
"Harris Point SMR",2015,"Macrocystis pyrifera",-4.28943176486047,0.0038929524097864,0.283893625203463,0.0137127151305225,"Den",12,"SMR","C",6577.874855,"KFM","After"
"Harris Point SMR",2015,"Mesocentrotus franciscanus",3.7634125059765,0.865200764818356,0.0200764818355641,43.0952380952381,"Den",12,"SMR","C",6577.874855,"KFM","After"
"Harris Point SMR",2015,"Panulirus interruptus",0,0.5,0.5,1,"Den",12,"SMR","C",6577.874855,"KFM","After"
"Harris Point SMR",2015,"Strongylocentrotus purpuratus",3.52769103584963,0.246807875894988,0.00724940334128878,34.0452674897119,"Den",12,"SMR","C",6577.874855,"KFM","After"
"Harris Point SMR",2016,"Macrocystis pyrifera",-4.32423266726408,0.0038929524097864,0.2939473034353,0.0132437085296932,"Den",13,"SMR","C",6577.874855,"KFM","After"
"Harris Point SMR",2016,"Mesocentrotus franciscanus",1.02670632238763,0.589866156787763,0.211281070745698,2.79185520361991,"Den",13,"SMR","C",6577.874855,"KFM","After"
"Harris Point SMR",2016,"Panulirus interruptus",0,0.5,0.5,1,"Den",13,"SMR","C",6577.874855,"KFM","After"
"Harris Point SMR",2016,"Strongylocentrotus purpuratus",2.77154997695058,0.430578758949881,0.0269391408114559,15.9833887043189,"Den",13,"SMR","C",6577.874855,"KFM","After"
"Harris Point SMR",2017,"Macrocystis pyrifera",-5.23196585550285,0.0038929524097864,0.728606422580179,0.00534301138329315,"Den",14,"SMR","C",6577.874855,"KFM","After"
"Harris Point SMR",2017,"Mesocentrotus franciscanus",2.88530845593962,0.565009560229445,0.0315487571701721,17.9090909090909,"Den",14,"SMR","C",6577.874855,"KFM","After"
"Harris Point SMR",2017,"Panulirus interruptus",0,0.5,0.5,1,"Den",14,"SMR","C",6577.874855,"KFM","After"
"Harris Point SMR",2017,"Strongylocentrotus purpuratus",4.24241754439334,0.670435560859189,0.00963603818615752,69.5758513931889,"Den",14,"SMR","C",6577.874855,"KFM","After"
"Harris Point SMR",2018,"Macrocystis pyrifera",-3.87536847382519,0.0038929524097864,0.187642079880487,0.0207466918522001,"Den",15,"SMR","C",6577.874855,"KFM","After"
"Harris Point SMR",2018,"Mesocentrotus franciscanus",-0.057466437868258,0.517208413001912,0.547801147227533,0.944153577661431,"Den",15,"SMR","C",6577.874855,"KFM","After"
"Harris Point SMR",2018,"Panulirus interruptus",0,0.5,0.5,1,"Den",15,"SMR","C",6577.874855,"KFM","After"
"Harris Point SMR",2018,"Strongylocentrotus purpuratus",1.97471959755327,1.00008949880668,0.138812649164678,7.20459918332259,"Den",15,"SMR","C",6577.874855,"KFM","After"
"Harris Point SMR",2019,"Macrocystis pyrifera",0,0.0038929524097864,0.0038929524097864,1,"Den",16,"SMR","C",6577.874855,"KFM","After"
"Harris Point SMR",2019,"Mesocentrotus franciscanus",0.698707899244642,0.517208413001912,0.25717017208413,2.01115241635688,"Den",16,"SMR","C",6577.874855,"KFM","After"
"Harris Point SMR",2019,"Panulirus interruptus",0,0.5,0.5,1,"Den",16,"SMR","C",6577.874855,"KFM","After"
"Harris Point SMR",2019,"Strongylocentrotus purpuratus",1.54307386595117,0.670435560859189,0.143287589498807,4.6789506558401,"Den",16,"SMR","C",6577.874855,"KFM","After"
"Harris Point SMR",2021,"Macrocystis pyrifera",0,0.0038929524097864,0.0038929524097864,1,"Den",18,"SMR","C",6577.874855,"KFM","After"
"Harris Point SMR",2021,"Mesocentrotus franciscanus",0.406536345489663,0.446462715105162,0.297323135755258,1.5016077170418,"Den",18,"SMR","C",6577.874855,"KFM","After"
"Harris Point SMR",2021,"Panulirus interruptus",1.09861228866811,1.5,0.5,3,"Den",18,"SMR","C",6577.874855,"KFM","After"
"Harris Point SMR",2021,"Strongylocentrotus purpuratus",1.71101703719557,0.842571599045346,0.152237470167064,5.53458749755046,"Den",18,"SMR","C",6577.874855,"KFM","After"
"Harris Point SMR",2022,"Macrocystis pyrifera",0,0.0038929524097864,0.0038929524097864,1,"Den",19,"SMR","C",6577.874855,"KFM","After"
"Harris Point SMR",2022,"Mesocentrotus franciscanus",0.392168079964675,0.607074569789675,0.410133843212237,1.48018648018648,"Den",19,"SMR","C",6577.874855,"KFM","After"
"Harris Point SMR",2022,"Panulirus interruptus",0,0.5,0.5,1,"Den",19,"SMR","C",6577.874855,"KFM","After"
"Harris Point SMR",2022,"Strongylocentrotus purpuratus",1.13803883582534,0.643585918854415,0.20623508353222,3.12064226819037,"Den",19,"SMR","C",6577.874855,"KFM","After"
"Harris Point SMR",2009,"Strongylocentrotus purpuratus",-3.008210786492,0.000236395927304016,0.0047872855745932,0.0493799510433643,"Bio",6,"SMR","C",6577.874855,"KFM","After"
"Harris Point SMR",2010,"Macrocystis pyrifera",-9.35722223568953,7.05406668132525e-05,0.817014084867446,8.6339596978548e-05,"Bio",7,"SMR","C",6577.874855,"KFM","After"
"Harris Point SMR",2010,"Mesocentrotus franciscanus",2.68604883456174,0.489205671304822,0.0333392093472837,14.6735834737089,"Bio",7,"SMR","C",6577.874855,"KFM","After"
"Harris Point SMR",2010,"Strongylocentrotus purpuratus",-4.45096285535314,0.000236395927304016,0.0202613601996966,0.0116673276114777,"Bio",7,"SMR","C",6577.874855,"KFM","After"
"Harris Point SMR",2011,"Macrocystis pyrifera",-8.75004661303272,7.05406668132525e-05,0.445180897943191,0.000158453938924967,"Bio",8,"SMR","C",6577.874855,"KFM","After"
"Harris Point SMR",2011,"Mesocentrotus franciscanus",2.16451077072858,0.638766997656789,0.0733343397349325,8.71033952123408,"Bio",8,"SMR","C",6577.874855,"KFM","After"
"Harris Point SMR",2011,"Strongylocentrotus purpuratus",-1.13686956888124,0.00305208482545441,0.00951333477874993,0.32082176192011,"Bio",8,"SMR","C",6577.874855,"KFM","After"
"Harris Point SMR",2012,"Macrocystis pyrifera",-1.62994367415812,0.040858657295597,0.208525722286702,0.19594061033593,"Bio",9,"SMR","C",6577.874855,"KFM","After"
"Harris Point SMR",2012,"Mesocentrotus franciscanus",1.58346617917606,0.603035860553099,0.123780580493533,4.87181315638283,"Bio",9,"SMR","C",6577.874855,"KFM","After"
"Harris Point SMR",2012,"Strongylocentrotus purpuratus",-0.0496722667968494,0.00977119308654089,0.0102688068884739,0.951541225057844,"Bio",9,"SMR","C",6577.874855,"KFM","After"
"Harris Point SMR",2013,"Macrocystis pyrifera",-8.47709766936708,7.05406668132525e-05,0.338841270166293,0.000208182039863778,"Bio",10,"SMR","C",6577.874855,"KFM","After"
"Harris Point SMR",2013,"Mesocentrotus franciscanus",1.28772758611472,0.616552339782175,0.170104955383217,3.62454073364995,"Bio",10,"SMR","C",6577.874855,"KFM","After"
"Harris Point SMR",2013,"Strongylocentrotus purpuratus",-0.640513824471263,0.0102286615060087,0.0194084309321644,0.527021557886853,"Bio",10,"SMR","C",6577.874855,"KFM","After"
"Harris Point SMR",2014,"Macrocystis pyrifera",-8.28759205112978,7.05406668132525e-05,0.280346447237179,0.0002516196210383,"Bio",11,"SMR","C",6577.874855,"KFM","After"
"Harris Point SMR",2014,"Mesocentrotus franciscanus",2.37372841456096,0.849768822118651,0.07914138401214,10.7373510423864,"Bio",11,"SMR","C",6577.874855,"KFM","After"
"Harris Point SMR",2014,"Strongylocentrotus purpuratus",0.721185826875237,0.14200736581959,0.0690404870495409,2.05687085778655,"Bio",11,"SMR","C",6577.874855,"KFM","After"
"Harris Point SMR",2015,"Macrocystis pyrifera",-8.28660980585765,7.05406668132525e-05,0.28007121346049,0.000251866894643222,"Bio",12,"SMR","C",6577.874855,"KFM","After"
"Harris Point SMR",2015,"Mesocentrotus franciscanus",3.22860876275924,0.712297194988359,0.0282159231769579,25.2445114243168,"Bio",12,"SMR","C",6577.874855,"KFM","After"
"Harris Point SMR",2015,"Strongylocentrotus purpuratus",2.60440292179782,0.230992801707897,0.0170812885371631,13.5231485145476,"Bio",12,"SMR","C",6577.874855,"KFM","After"
"Harris Point SMR",2016,"Macrocystis pyrifera",-8.321877392519,7.05406668132525e-05,0.290124891692327,0.000243138968193256,"Bio",13,"SMR","C",6577.874855,"KFM","After"
"Harris Point SMR",2016,"Mesocentrotus franciscanus",-0.242908952390559,0.265007826502775,0.337872400844656,0.784342923068811,"Bio",13,"SMR","C",6577.874855,"KFM","After"
"Harris Point SMR",2016,"Strongylocentrotus purpuratus",1.949110156203,0.501386205084348,0.0713977614310139,7.02243592845413,"Bio",13,"SMR","C",6577.874855,"KFM","After"
"Harris Point SMR",2017,"Macrocystis pyrifera",-9.23743959562055,7.05406668132525e-05,0.724784010837206,9.73264665866045e-05,"Bio",14,"SMR","C",6577.874855,"KFM","After"
"Harris Point SMR",2017,"Mesocentrotus franciscanus",1.63716451742971,0.175120114495208,0.0340662646991728,5.14057282304449,"Bio",14,"SMR","C",6577.874855,"KFM","After"
"Harris Point SMR",2017,"Strongylocentrotus purpuratus",3.05724324842729,0.756126766394753,0.0355509114376971,21.2688433521561,"Bio",14,"SMR","C",6577.874855,"KFM","After"
"Harris Point SMR",2018,"Macrocystis pyrifera",-7.86552111380004,7.05406668132525e-05,0.183819668137514,0.000383749288245268,"Bio",15,"SMR","C",6577.874855,"KFM","After"
"Harris Point SMR",2018,"Mesocentrotus franciscanus",-0.854985914740115,0.152098819596587,0.357636230280373,0.425289181348733,"Bio",15,"SMR","C",6577.874855,"KFM","After"
"Harris Point SMR",2018,"Strongylocentrotus purpuratus",0.787929940960475,1.0002363959273,0.454892763251751,2.19883998324621,"Bio",15,"SMR","C",6577.874855,"KFM","After"
"Harris Point SMR",2019,"Macrocystis pyrifera",0,7.05406668132525e-05,7.05406668132525e-05,1,"Bio",16,"SMR","C",6577.874855,"KFM","After"
"Harris Point SMR",2019,"Mesocentrotus franciscanus",0.321421702524672,0.235947377720074,0.171089549698418,1.37908702276663,"Bio",16,"SMR","C",6577.874855,"KFM","After"
"Harris Point SMR",2019,"Strongylocentrotus purpuratus",0.670305165421365,0.958762783559206,0.490457446916821,1.95483377729568,"Bio",16,"SMR","C",6577.874855,"KFM","After"
"Harris Point SMR",2021,"Macrocystis pyrifera",0,7.05406668132525e-05,7.05406668132525e-05,1,"Bio",18,"SMR","C",6577.874855,"KFM","After"
"Harris Point SMR",2021,"Mesocentrotus franciscanus",-0.50797603766991,0.0916873940296438,0.152377491350616,0.601712190015478,"Bio",18,"SMR","C",6577.874855,"KFM","After"
"Harris Point SMR",2021,"Strongylocentrotus purpuratus",0.968482509141897,0.887885920717246,0.337093640903379,2.63394443851802,"Bio",18,"SMR","C",6577.874855,"KFM","After"
"Harris Point SMR",2022,"Macrocystis pyrifera",0,7.05406668132525e-05,7.05406668132525e-05,1,"Bio",19,"SMR","C",6577.874855,"KFM","After"
"Harris Point SMR",2022,"Mesocentrotus franciscanus",-0.950465759993827,0.0873082597158519,0.22585898206917,0.386560936899616,"Bio",19,"SMR","C",6577.874855,"KFM","After"
"Harris Point SMR",2022,"Strongylocentrotus purpuratus",0.372017414399733,0.733022663024662,0.505303482988995,1.45065824341572,"Bio",19,"SMR","C",6577.874855,"KFM","After"
"Harris Point SMR",1988,"Strongylocentrotus purpuratus",2.33620352015778,0.101850760144498,0.00984836139846669,10.3418991265243,"Bio",0,"SMR","C",6577.874855,"KFM","Before"
"Harris Point SMR",1989,"Macrocystis pyrifera",-8.29987560410393,7.05406668132525e-05,0.283811334670387,0.000248547743504244,"Bio",0,"SMR","C",6577.874855,"KFM","Before"
"Harris Point SMR",1989,"Mesocentrotus franciscanus",1.0542493874321,0.357909248528852,0.124714867422901,2.86982022211676,"Bio",0,"SMR","C",6577.874855,"KFM","Before"
"Harris Point SMR",1989,"Strongylocentrotus purpuratus",1.80223367396607,0.0746911233548354,0.0123188126853713,6.06317550745225,"Bio",0,"SMR","C",6577.874855,"KFM","Before"
"Harris Point SMR",1990,"Mesocentrotus franciscanus",0.798696161669273,0.289487488179439,0.130244820718562,2.22264107380496,"Bio",0,"SMR","C",6577.874855,"KFM","Before"
"Harris Point SMR",1990,"Strongylocentrotus purpuratus",1.58379369272901,0.0438700548278438,0.00900192345953744,4.87340900253534,"Bio",0,"SMR","C",6577.874855,"KFM","Before"
"Harris Point SMR",1991,"Macrocystis pyrifera",-9.4640752901171,7.05406668132525e-05,0.909149356152383,7.75897451127152e-05,"Bio",0,"SMR","C",6577.874855,"KFM","Before"
"Harris Point SMR",1991,"Mesocentrotus franciscanus",2.06214255126907,0.354928708339832,0.0451402539164492,7.86279822432491,"Bio",0,"SMR","C",6577.874855,"KFM","Before"
"Harris Point SMR",1991,"Strongylocentrotus purpuratus",1.99908551757188,0.0309420299665125,0.00419137958036414,7.38230202567915,"Bio",0,"SMR","C",6577.874855,"KFM","Before"
"Harris Point SMR",1992,"Macrocystis pyrifera",-9.44811029827413,7.05406668132525e-05,0.894750042401933,7.88384056667804e-05,"Bio",0,"SMR","C",6577.874855,"KFM","Before"
"Harris Point SMR",1992,"Mesocentrotus franciscanus",1.82427020169402,0.314934783496768,0.0508101114555538,6.19826988122743,"Bio",0,"SMR","C",6577.874855,"KFM","Before"
"Harris Point SMR",1992,"Strongylocentrotus purpuratus",2.66716994994259,0.00340390304744932,0.000236395927304016,14.3991611288283,"Bio",0,"SMR","C",6577.874855,"KFM","Before"
"Harris Point SMR",1993,"Macrocystis pyrifera",-9.11210988022044,7.05406668132525e-05,0.63940878692306,0.000110321703823787,"Bio",0,"SMR","C",6577.874855,"KFM","Before"
"Harris Point SMR",1994,"Macrocystis pyrifera",-8.84230972288804,7.05406668132525e-05,0.488209111698917,0.000144488632274351,"Bio",0,"SMR","C",6577.874855,"KFM","Before"
"Harris Point SMR",1994,"Mesocentrotus franciscanus",2.70155604293651,0.358019805468503,0.0240234939107172,14.9029032495888,"Bio",0,"SMR","C",6577.874855,"KFM","Before"
"Harris Point SMR",1994,"Strongylocentrotus purpuratus",0.235014452732465,0.0122297752590693,0.00966836408204167,1.26492705025303,"Bio",0,"SMR","C",6577.874855,"KFM","Before"
"Harris Point SMR",1995,"Macrocystis pyrifera",-8.26391247732748,7.05406668132525e-05,0.273785944354487,0.000257648970912544,"Bio",0,"SMR","C",6577.874855,"KFM","Before"
"Harris Point SMR",1995,"Mesocentrotus franciscanus",2.72939020187763,0.409867584227946,0.0267475783523122,15.3235399044083,"Bio",0,"SMR","C",6577.874855,"KFM","Before"
"Harris Point SMR",1995,"Strongylocentrotus purpuratus",0.261804997609341,0.0130020658513569,0.0100071842381873,1.29927315635313,"Bio",0,"SMR","C",6577.874855,"KFM","Before"
"Harris Point SMR",1996,"Macrocystis pyrifera",-8.66382916571443,7.05406668132525e-05,0.408406607224457,0.000172721659163766,"Bio",0,"SMR","C",6577.874855,"KFM","Before"
"Harris Point SMR",1996,"Mesocentrotus franciscanus",3.49674152746751,0.242378116226982,0.0073430731703568,33.0077217813158,"Bio",0,"SMR","C",6577.874855,"KFM","Before"
"Harris Point SMR",1996,"Strongylocentrotus purpuratus",2.20432656679014,0.00214272706071616,0.000236395927304016,9.06414541550249,"Bio",0,"SMR","C",6577.874855,"KFM","Before"
"Harris Point SMR",1997,"Macrocystis pyrifera",-9.34815574556358,7.05406668132525e-05,0.809640113266985,8.71259534419723e-05,"Bio",0,"SMR","C",6577.874855,"KFM","Before"
"Harris Point SMR",1997,"Mesocentrotus franciscanus",2.36040230895901,0.259614942119601,0.0245030410039039,10.5952131442884,"Bio",0,"SMR","C",6577.874855,"KFM","Before"
"Harris Point SMR",1997,"Strongylocentrotus purpuratus",-2.63756906501385,0.000709187781912049,0.0099138635099305,0.0715349551869129,"Bio",0,"SMR","C",6577.874855,"KFM","Before"
"Harris Point SMR",1998,"Macrocystis pyrifera",-8.3452658689652,7.05406668132525e-05,0.296990445344182,0.000237518303767325,"Bio",0,"SMR","C",6577.874855,"KFM","Before"
"Harris Point SMR",1998,"Mesocentrotus franciscanus",0.874135871522461,0.255473329281685,0.106589194992571,2.3968032528953,"Bio",0,"SMR","C",6577.874855,"KFM","Before"
"Harris Point SMR",1998,"Strongylocentrotus purpuratus",0.761627467071978,0.0293024158237943,0.0136814718376185,2.14175902794496,"Bio",0,"SMR","C",6577.874855,"KFM","Before"
"Harris Point SMR",1999,"Macrocystis pyrifera",-9.32442484137913,7.05406668132525e-05,0.790652805366781,8.92182590568675e-05,"Bio",0,"SMR","C",6577.874855,"KFM","Before"
"Harris Point SMR",1987,"Strongylocentrotus purpuratus",3.76120011569356,0.111605011933174,0.00259546539379475,43,"Den",0,"SMR","C",6577.874855,"KFM","Before"
"Harris Point SMR",1988,"Macrocystis pyrifera",-5.29114891945583,0.0038929524097864,0.773029154137796,0.00503597100956487,"Den",0,"SMR","C",6577.874855,"KFM","Before"
"Harris Point SMR",1988,"Mesocentrotus franciscanus",1.71354494302365,0.491204588910134,0.088527724665392,5.54859611231101,"Den",0,"SMR","C",6577.874855,"KFM","Before"
"Harris Point SMR",1988,"Panulirus interruptus",0,0.5,0.5,1,"Den",0,"SMR","C",6577.874855,"KFM","Before"
"Harris Point SMR",1988,"Strongylocentrotus purpuratus",3.19184715248028,0.0588007159904535,0.00241646778042959,24.3333333333333,"Den",0,"SMR","C",6577.874855,"KFM","Before"
"Harris Point SMR",1989,"Macrocystis pyrifera",-4.30252011298597,0.0038929524097864,0.28763374641336,0.0135344077610136,"Den",0,"SMR","C",6577.874855,"KFM","Before"
"Harris Point SMR",1989,"Mesocentrotus franciscanus",1.47708358034611,0.548565965583174,0.125239005736138,4.38015267175572,"Den",0,"SMR","C",6577.874855,"KFM","Before"
"Harris Point SMR",1989,"Panulirus interruptus",0,0.5,0.5,1,"Den",0,"SMR","C",6577.874855,"KFM","Before"
"Harris Point SMR",1989,"Strongylocentrotus purpuratus",2.36289169922504,0.035173031026253,0.00331145584725537,10.6216216216216,"Den",0,"SMR","C",6577.874855,"KFM","Before"
"Harris Point SMR",1990,"Mesocentrotus franciscanus",1.27603296686235,0.42810707456979,0.119502868068834,3.5824,"Den",0,"SMR","C",6577.874855,"KFM","Before"
"Harris Point SMR",1990,"Panulirus interruptus",0,0.5,0.5,1,"Den",0,"SMR","C",6577.874855,"KFM","Before"
"Harris Point SMR",1990,"Strongylocentrotus purpuratus",1.56963166203368,0.0176312649164678,0.00366945107398568,4.80487804878049,"Den",0,"SMR","C",6577.874855,"KFM","Before"
"Harris Point SMR",1991,"Macrocystis pyrifera",-5.45753711377465,0.0038929524097864,0.912971767895356,0.00426404467989267,"Den",0,"SMR","C",6577.874855,"KFM","Before"
"Harris Point SMR",1991,"Mesocentrotus franciscanus",2.77591159773586,0.518738049713193,0.0323135755258126,16.0532544378698,"Den",0,"SMR","C",6577.874855,"KFM","Before"
"Harris Point SMR",1991,"Panulirus interruptus",0,0.5,0.5,1,"Den",0,"SMR","C",6577.874855,"KFM","Before"
"Harris Point SMR",1991,"Strongylocentrotus purpuratus",3.0231312477421,0.0165572792362768,0.000805489260143198,20.5555555555556,"Den",0,"SMR","C",6577.874855,"KFM","Before"
"Harris Point SMR",1992,"Macrocystis pyrifera",-5.44163949798305,0.0038929524097864,0.898572454144906,0.004332374525648,"Den",0,"SMR","C",6577.874855,"KFM","Before"
"Harris Point SMR",1992,"Mesocentrotus franciscanus",2.64908575462399,0.440726577437858,0.0311663479923518,14.1411042944785,"Den",0,"SMR","C",6577.874855,"KFM","Before"
"Harris Point SMR",1992,"Panulirus interruptus",0,0.5,0.5,1,"Den",0,"SMR","C",6577.874855,"KFM","Before"
"Harris Point SMR",1992,"Strongylocentrotus purpuratus",3.2188758248682,0.00223747016706444,8.94988066825776e-05,25,"Den",0,"SMR","C",6577.874855,"KFM","Before"
"Harris Point SMR",1993,"Macrocystis pyrifera",-5.10733637808394,0.0038929524097864,0.643231198666034,0.00605218219803362,"Den",0,"SMR","C",6577.874855,"KFM","Before"
"Harris Point SMR",1993,"Mesocentrotus franciscanus",2.32338634726124,0.306500956022945,0.030019120458891,10.2101910828025,"Den",0,"SMR","C",6577.874855,"KFM","Before"
"Harris Point SMR",1993,"Panulirus interruptus",0,0.5,0.5,1,"Den",0,"SMR","C",6577.874855,"KFM","Before"
"Harris Point SMR",1993,"Strongylocentrotus purpuratus",3.47609868983527,0.00868138424821003,0.000268496420047733,32.3333333333333,"Den",0,"SMR","C",6577.874855,"KFM","Before"
"Harris Point SMR",1994,"Macrocystis pyrifera",-4.83937494248294,0.0038929524097864,0.49203152344189,0.00791199796011883,"Den",0,"SMR","C",6577.874855,"KFM","Before"
"Harris Point SMR",1994,"Mesocentrotus franciscanus",2.8261116719546,0.42925430210325,0.0254302103250478,16.8796992481203,"Den",0,"SMR","C",6577.874855,"KFM","Before"
"Harris Point SMR",1994,"Panulirus interruptus",0,0.5,0.5,1,"Den",0,"SMR","C",6577.874855,"KFM","Before"
"Harris Point SMR",1994,"Strongylocentrotus purpuratus",0.800119300112113,0.00617541766109785,0.0027744630071599,2.2258064516129,"Den",0,"SMR","C",6577.874855,"KFM","Before"
"Harris Point SMR",1995,"Macrocystis pyrifera",-4.26704348540205,0.0038929524097864,0.27760835609746,0.014023181666836,"Den",0,"SMR","C",6577.874855,"KFM","Before"
"Harris Point SMR",1995,"Mesocentrotus franciscanus",3.08064374613742,0.603632887189293,0.0277246653919694,21.7724137931034,"Den",0,"SMR","C",6577.874855,"KFM","Before"
"Harris Point SMR",1995,"Panulirus interruptus",0,0.5,0.5,1,"Den",0,"SMR","C",6577.874855,"KFM","Before"
"Harris Point SMR",1995,"Strongylocentrotus purpuratus",1.17007125265025,0.00778639618138425,0.00241646778042959,3.22222222222222,"Den",0,"SMR","C",6577.874855,"KFM","Before"
"Harris Point SMR",1996,"Macrocystis pyrifera",-4.66241122219728,0.0038929524097864,0.41222901896743,0.00944366415430345,"Den",0,"SMR","C",6577.874855,"KFM","Before"
"Harris Point SMR",1996,"Mesocentrotus franciscanus",4.58292457704077,0.467495219885277,0.00478011472275335,97.8,"Den",0,"SMR","C",6577.874855,"KFM","Before"
"Harris Point SMR",1996,"Panulirus interruptus",0,0.5,0.5,1,"Den",0,"SMR","C",6577.874855,"KFM","Before"
"Harris Point SMR",1996,"Strongylocentrotus purpuratus",2.87167962488401,0.00158114558472554,8.94988066825776e-05,17.6666666666667,"Den",0,"SMR","C",6577.874855,"KFM","Before"
"Harris Point SMR",1997,"Macrocystis pyrifera",-5.3421320152372,0.0038929524097864,0.813462525009958,0.0047856567329131,"Den",0,"SMR","C",6577.874855,"KFM","Before"
"Harris Point SMR",1997,"Mesocentrotus franciscanus",3.50603144297774,0.605162523900574,0.0181644359464627,33.3157894736842,"Den",0,"SMR","C",6577.874855,"KFM","Before"
"Harris Point SMR",1997,"Panulirus interruptus",0,0.5,0.5,1,"Den",0,"SMR","C",6577.874855,"KFM","Before"
"Harris Point SMR",1997,"Strongylocentrotus purpuratus",-1.57818536893,0.00038782816229117,0.00187947494033413,0.206349206349206,"Den",0,"SMR","C",6577.874855,"KFM","Before"
"Harris Point SMR",1998,"Macrocystis pyrifera",-4.34732049014494,0.0038929524097864,0.300812857087155,0.0129414428873912,"Den",0,"SMR","C",6577.874855,"KFM","Before"
"Harris Point SMR",1998,"Mesocentrotus franciscanus",1.97091145126073,0.542065009560229,0.0755258126195029,7.17721518987342,"Den",0,"SMR","C",6577.874855,"KFM","Before"
"Harris Point SMR",1998,"Panulirus interruptus",0,0.5,0.5,1,"Den",0,"SMR","C",6577.874855,"KFM","Before"
"Harris Point SMR",1998,"Strongylocentrotus purpuratus",1.87617035857434,0.0239558472553699,0.00366945107398568,6.52845528455285,"Den",0,"SMR","C",6577.874855,"KFM","Before"
"Harris Point SMR",1999,"Macrocystis pyrifera",-5.31851394843192,0.0038929524097864,0.794475217109755,0.00490003001471674,"Den",0,"SMR","C",6577.874855,"KFM","Before"
"Harris Point SMR",1999,"Mesocentrotus franciscanus",3.02567173815263,1.00478011472275,0.0487571701720841,20.6078431372549,"Den",0,"SMR","C",6577.874855,"KFM","Before"
"Harris Point SMR",1999,"Panulirus interruptus",0,0.5,0.5,1,"Den",0,"SMR","C",6577.874855,"KFM","Before"
"Harris Point SMR",1999,"Strongylocentrotus purpuratus",0.646627164925052,0.0394689737470167,0.0206742243436754,1.90909090909091,"Den",0,"SMR","C",6577.874855,"KFM","Before"
"Harris Point SMR",2000,"Macrocystis pyrifera",-1.47094914340063,0.0038929524097864,0.016947443345803,0.229707356463917,"Den",0,"SMR","C",6577.874855,"KFM","Before"
"Harris Point SMR",2000,"Mesocentrotus franciscanus",2.01560452881376,0.681644359464627,0.0908221797323136,7.50526315789474,"Den",0,"SMR","C",6577.874855,"KFM","Before"
"Harris Point SMR",2000,"Panulirus interruptus",0,0.5,0.5,1,"Den",0,"SMR","C",6577.874855,"KFM","Before"
"Harris Point SMR",2000,"Strongylocentrotus purpuratus",1.51229198754499,0.216974940334129,0.0478221957040573,4.53711790393013,"Den",0,"SMR","C",6577.874855,"KFM","Before"
"Harris Point SMR",2001,"Macrocystis pyrifera",-3.82870330022539,0.0038929524097864,0.179086896655069,0.021737784743037,"Den",0,"SMR","C",6577.874855,"KFM","Before"
"Harris Point SMR",2001,"Mesocentrotus franciscanus",0.880174628391312,0.610898661567878,0.253346080305927,2.41132075471698,"Den",0,"SMR","C",6577.874855,"KFM","Before"
"Harris Point SMR",2001,"Panulirus interruptus",0,0.5,0.5,1,"Den",0,"SMR","C",6577.874855,"KFM","Before"
"Harris Point SMR",2001,"Strongylocentrotus purpuratus",0.691909811872476,0.0722852028639618,0.0361873508353222,1.99752679307502,"Den",0,"SMR","C",6577.874855,"KFM","Before"
"Harris Point SMR",2002,"Macrocystis pyrifera",-5.07061935504589,0.0038929524097864,0.62004198844171,0.00627853029690806,"Den",0,"SMR","C",6577.874855,"KFM","Before"
"Harris Point SMR",2002,"Mesocentrotus franciscanus",0.746862289150526,0.603250478011472,0.28585086042065,2.11036789297659,"Den",0,"SMR","C",6577.874855,"KFM","Before"
"Harris Point SMR",2002,"Panulirus interruptus",0,0.5,0.5,1,"Den",0,"SMR","C",6577.874855,"KFM","Before"
"Harris Point SMR",2002,"Strongylocentrotus purpuratus",1.21902916495388,0.0326073985680191,0.00963603818615752,3.38390092879257,"Den",0,"SMR","C",6577.874855,"KFM","Before"
"Harris Point SMR",2003,"Macrocystis pyrifera",-1.13011948003447,0.197500800853836,0.611467691759577,0.322994662703278,"Den",0,"SMR","C",6577.874855,"KFM","Before"
"Harris Point SMR",2003,"Mesocentrotus franciscanus",-0.794305330246693,0.148183556405354,0.32791586998088,0.451895043731779,"Den",0,"SMR","C",6577.874855,"KFM","Before"
"Harris Point SMR",2003,"Panulirus interruptus",0,0.5,0.5,1,"Den",0,"SMR","C",6577.874855,"KFM","Before"
"Harris Point SMR",2003,"Strongylocentrotus purpuratus",0.399985642343539,0.00814439140811456,0.00545942720763723,1.49180327868852,"Den",0,"SMR","C",6577.874855,"KFM","Before"
"Harris Point SMR",2004,"Macrocystis pyrifera",1.42102653581306,0.932478197279926,0.225161795411088,4.14136952309097,"Den",1,"SMR","C",6577.874855,"KFM","After"
"Harris Point SMR",2004,"Mesocentrotus franciscanus",0.32799760963024,0.31453154875717,0.226577437858509,1.38818565400844,"Den",1,"SMR","C",6577.874855,"KFM","After"
"Harris Point SMR",2004,"Panulirus interruptus",0,0.5,0.5,1,"Den",1,"SMR","C",6577.874855,"KFM","After"
"Harris Point SMR",2004,"Strongylocentrotus purpuratus",0.683143249495426,0.0385739856801909,0.0194809069212411,1.98009188361409,"Den",1,"SMR","C",6577.874855,"KFM","After"
"Harris Point SMR",1984,"Macrocystis pyrifera",-8.78037606862841,7.05406668132525e-05,0.458889833637113,0.00015372026495805,"Bio",0,"SMR","C",6577.874855,"KFM","Before"
"Harris Point SMR",1985,"Macrocystis pyrifera",-9.3676927824,7.05406668132525e-05,0.825613611312442,8.54402905266024e-05,"Bio",0,"SMR","C",6577.874855,"KFM","Before"
"Harris Point SMR",1985,"Mesocentrotus franciscanus",1.05308028647203,0.201937478862636,0.0704482115857066,2.86646707300668,"Bio",0,"SMR","C",6577.874855,"KFM","Before"
"Harris Point SMR",1985,"Strongylocentrotus purpuratus",2.86666816281913,0.206008276452728,0.0117194303980447,17.5783523137012,"Bio",0,"SMR","C",6577.874855,"KFM","Before"
"Harris Point SMR",1986,"Macrocystis pyrifera",-9.33003010444209,7.05406668132525e-05,0.795097066322041,8.8719566202853e-05,"Bio",0,"SMR","C",6577.874855,"KFM","Before"
"Harris Point SMR",1986,"Mesocentrotus franciscanus",0.553137953350318,0.230228621866248,0.132414197547798,1.73870042737027,"Bio",0,"SMR","C",6577.874855,"KFM","Before"
"Harris Point SMR",1986,"Strongylocentrotus purpuratus",2.57856425464803,0.54728745953704,0.0415297455162079,13.1782040254364,"Bio",0,"SMR","C",6577.874855,"KFM","Before"
"Harris Point SMR",1987,"Macrocystis pyrifera",-9.16454917388802,7.05406668132525e-05,0.673833651542446,0.00010468558026418,"Bio",0,"SMR","C",6577.874855,"KFM","Before"
"Harris Point SMR",1987,"Mesocentrotus franciscanus",1.01211084361865,0.200827386790221,0.0729909107627017,2.7514026704383,"Bio",0,"SMR","C",6577.874855,"KFM","Before"
"Harris Point SMR",1987,"Strongylocentrotus purpuratus",3.12569826380161,0.190774903451802,0.00837621342086709,22.7757930542383,"Bio",0,"SMR","C",6577.874855,"KFM","Before"
"Harris Point SMR",1988,"Macrocystis pyrifera",-9.29692568037839,7.05406668132525e-05,0.769206742394822,9.17057312753572e-05,"Bio",0,"SMR","C",6577.874855,"KFM","Before"
"Harris Point SMR",1988,"Mesocentrotus franciscanus",0.755507997817032,0.266162626381591,0.12503572563203,2.12869261993876,"Bio",0,"SMR","C",6577.874855,"KFM","Before"
"Harris Point SMR",2001,"Macrocystis pyrifera",-7.73636193898362,7.05406668132525e-05,0.161546986389566,0.000436657274702394,"Bio",0,"SMR","C",6577.874855,"KFM","Before"
"Harris Point SMR",2001,"Mesocentrotus franciscanus",0.217558244787428,0.336427120036865,0.270649140752572,1.24303782787335,"Bio",0,"SMR","C",6577.874855,"KFM","Before"
"Harris Point SMR",2001,"Strongylocentrotus purpuratus",-0.127596392034862,0.129657790294924,0.147303486023071,0.880208566650052,"Bio",0,"SMR","C",6577.874855,"KFM","Before"
"Harris Point SMR",2002,"Macrocystis pyrifera",-9.07516925693635,7.05406668132525e-05,0.616219576698737,0.000114473264856594,"Bio",0,"SMR","C",6577.874855,"KFM","Before"
"Harris Point SMR",2002,"Mesocentrotus franciscanus",-0.165673722567195,0.30994541583385,0.365793851184409,0.847322651352047,"Bio",0,"SMR","C",6577.874855,"KFM","Before"
"Harris Point SMR",2002,"Strongylocentrotus purpuratus",0.116197234808367,0.0515518116347092,0.0458965576852644,1.12321738785348,"Bio",0,"SMR","C",6577.874855,"KFM","Before"
"Harris Point SMR",2003,"Macrocystis pyrifera",-1.14339229536082,0.193678389110863,0.607645280016604,0.318735939338772,"Bio",0,"SMR","C",6577.874855,"KFM","Before"
"Harris Point SMR",2003,"Mesocentrotus franciscanus",-0.888894761311411,0.166560024757939,0.40514722307661,0.411109876289202,"Bio",0,"SMR","C",6577.874855,"KFM","Before"
"Harris Point SMR",2003,"Strongylocentrotus purpuratus",-0.212621800931601,0.0143602255486207,0.0177624036872537,0.808461838919111,"Bio",0,"SMR","C",6577.874855,"KFM","Before"
"Harris Point SMR",2004,"Macrocystis pyrifera",1.43404095238042,0.928655785536952,0.221339383668115,4.19561927998053,"Bio",1,"SMR","C",6577.874855,"KFM","After"
"Harris Point SMR",2004,"Mesocentrotus franciscanus",-0.207325669667436,0.273596728923696,0.336628820218687,0.81275491725859,"Bio",1,"SMR","C",6577.874855,"KFM","After"
"Harris Point SMR",2004,"Strongylocentrotus purpuratus",0.181640728166524,0.0514750076244832,0.0429250543466858,1.19918328370055,"Bio",1,"SMR","C",6577.874855,"KFM","After"
"Harris Point SMR",2005,"Macrocystis pyrifera",1.34554926889253,0.922279536376989,0.240158493149231,3.84029531615981,"Bio",2,"SMR","C",6577.874855,"KFM","After"
"Harris Point SMR",2005,"Mesocentrotus franciscanus",2.26621025905116,0.315357167437684,0.032703941385834,9.64278781316199,"Bio",2,"SMR","C",6577.874855,"KFM","After"
"Harris Point SMR",2005,"Strongylocentrotus purpuratus",3.39920928399821,0.00707779247955002,0.000236395927304016,29.9404163187957,"Bio",2,"SMR","C",6577.874855,"KFM","After"
"Harris Point SMR",2006,"Macrocystis pyrifera",-0.336185845794685,0.58720917209744,0.821857434798905,0.714490308457355,"Bio",3,"SMR","C",6577.874855,"KFM","After"
"Harris Point SMR",2006,"Mesocentrotus franciscanus",1.55301863720579,1.00734307317036,0.213162095035234,4.7257138892534,"Bio",3,"SMR","C",6577.874855,"KFM","After"
"Harris Point SMR",2006,"Strongylocentrotus purpuratus",1.33607606198309,0.00686078251507671,0.00180352925506508,3.80408717840795,"Bio",3,"SMR","C",6577.874855,"KFM","After"
"Harris Point SMR",2007,"Macrocystis pyrifera",-0.33070317651085,0.704680477064874,0.980877571972361,0.718418380846341,"Bio",4,"SMR","C",6577.874855,"KFM","After"
"Harris Point SMR",2007,"Mesocentrotus franciscanus",2.9498314061196,0.466911217252114,0.024442116258875,19.1027328528714,"Bio",4,"SMR","C",6577.874855,"KFM","After"
"Harris Point SMR",2007,"Strongylocentrotus purpuratus",0.2603732260272,0.0207870425451758,0.0160219012120409,1.29741422507048,"Bio",4,"SMR","C",6577.874855,"KFM","After"
"Harris Point SMR",2008,"Macrocystis pyrifera",-8.71878792328855,7.05406668132525e-05,0.431480372170224,0.00016348522751673,"Bio",5,"SMR","C",6577.874855,"KFM","After"
"Harris Point SMR",2008,"Mesocentrotus franciscanus",3.3678844028887,0.820381354705921,0.0282723669841597,29.0170736382122,"Bio",5,"SMR","C",6577.874855,"KFM","After"
"Harris Point SMR",2008,"Strongylocentrotus purpuratus",0.992445226949724,0.0105592079843081,0.00391397329900139,2.69782320359777,"Bio",5,"SMR","C",6577.874855,"KFM","After"
"Harris Point SMR",2009,"Macrocystis pyrifera",-9.32079211005308,7.05406668132525e-05,0.787785786859603,8.95429544298494e-05,"Bio",6,"SMR","C",6577.874855,"KFM","After"
"Harris Point SMR",2009,"Mesocentrotus franciscanus",2.68664526106478,0.648036535712491,0.0441371493164178,14.6823377981831,"Bio",6,"SMR","C",6577.874855,"KFM","After"
"Harris Point SMR",1999,"Mesocentrotus franciscanus",2.99773202638616,0.44146633164208,0.0220292195110704,20.0400350734273,"Bio",0,"SMR","C",6577.874855,"KFM","Before"
"Harris Point SMR",1999,"Strongylocentrotus purpuratus",0.155186327542569,0.0550227227065231,0.0471135154688863,1.16787554821419,"Bio",0,"SMR","C",6577.874855,"KFM","Before"
"Harris Point SMR",2000,"Macrocystis pyrifera",-1.09861228866811,7.05406668132525e-05,0.000211622000439758,0.333333333333333,"Bio",0,"SMR","C",6577.874855,"KFM","Before"
"Harris Point SMR",2000,"Mesocentrotus franciscanus",1.64436288150617,0.272048044528812,0.0525421551946266,5.17771004103451,"Bio",0,"SMR","C",6577.874855,"KFM","Before"
"Harris Point SMR",2000,"Strongylocentrotus purpuratus",0.728934549368238,0.217813464728235,0.105078162789757,2.07287088911177,"Bio",0,"SMR","C",6577.874855,"KFM","Before"
"Scorpion SMR",1986,"Mesocentrotus franciscanus",0.0989040740589141,0.820858895705522,0.743558282208589,1.1039603960396,"Den",0,"SMR","C",2495.721854,"KFM","Before"
"Scorpion SMR",1986,"Panulirus interruptus",0,0.00666666666666667,0.00666666666666667,1,"Den",0,"SMR","C",2495.721854,"KFM","Before"
"Scorpion SMR",1986,"Strongylocentrotus purpuratus",1.39438429288186,0.629802658074909,0.15618203785743,4.03249097472924,"Den",0,"SMR","C",2495.721854,"KFM","Before"
"Scorpion SMR",1987,"Macrocystis pyrifera",0,0.000394338828075758,0.000394338828075758,1,"Den",0,"SMR","C",2495.721854,"KFM","Before"
"Scorpion SMR",1987,"Mesocentrotus franciscanus",0.310154928303839,0.496932515337423,0.36441717791411,1.36363636363636,"Den",0,"SMR","C",2495.721854,"KFM","Before"
"Scorpion SMR",1987,"Panulirus interruptus",1.94591014905531,0.0466666666666667,0.00666666666666667,7,"Den",0,"SMR","C",2495.721854,"KFM","Before"
"Scorpion SMR",1987,"Strongylocentrotus purpuratus",1.25454798199992,0.564559001208216,0.161014901329037,3.50625312656328,"Den",0,"SMR","C",2495.721854,"KFM","Before"
"Scorpion SMR",1988,"Macrocystis pyrifera",0,0.000394338828075758,0.000394338828075758,1,"Den",0,"SMR","C",2495.721854,"KFM","Before"
"Scorpion SMR",1985,"Macrocystis pyrifera",5.91259464959728,0.145772892542876,0.000394338828075758,369.664060864103,"Den",0,"SMR","C",2495.721854,"KFM","Before"
"Scorpion SMR",1985,"Mesocentrotus franciscanus",-0.20875481386211,0.412269938650307,0.507975460122699,0.811594202898551,"Den",0,"SMR","C",2495.721854,"KFM","Before"
"Scorpion SMR",1985,"Panulirus interruptus",0,0.00666666666666667,0.00666666666666667,1,"Den",0,"SMR","C",2495.721854,"KFM","Before"
"Scorpion SMR",1985,"Strongylocentrotus purpuratus",-0.251421362997364,0.0836890857833266,0.107611759967781,0.777694610778443,"Den",0,"SMR","C",2495.721854,"KFM","Before"
"Scorpion SMR",1986,"Macrocystis pyrifera",0,0.000394338828075758,0.000394338828075758,1,"Den",0,"SMR","C",2495.721854,"KFM","Before"
"Scorpion SMR",1982,"Mesocentrotus franciscanus",-0.221187241593449,0.376687116564417,0.469938650306748,0.801566579634465,"Den",0,"SMR","C",2495.721854,"KFM","Before"
"Scorpion SMR",1982,"Strongylocentrotus purpuratus",-0.112342454524945,0.0379379782521144,0.0424486508256142,0.893738140417457,"Den",0,"SMR","C",2495.721854,"KFM","Before"
"Scorpion SMR",1983,"Mesocentrotus franciscanus",-0.251314428280906,0.360736196319018,0.463803680981595,0.777777777777778,"Den",0,"SMR","C",2495.721854,"KFM","Before"
"Scorpion SMR",1983,"Panulirus interruptus",0,0.00666666666666667,0.00666666666666667,1,"Den",0,"SMR","C",2495.721854,"KFM","Before"
"Scorpion SMR",1983,"Strongylocentrotus purpuratus",0.533277743270341,0.0882803060813532,0.0517921868707209,1.7045101088647,"Den",0,"SMR","C",2495.721854,"KFM","Before"
"Scorpion SMR",1984,"Macrocystis pyrifera",2.00242971878791,0.0823230677342376,0.0111141785272916,7.40703125580428,"Den",0,"SMR","C",2495.721854,"KFM","Before"
"Scorpion SMR",1984,"Mesocentrotus franciscanus",-0.538109582714459,0.34601226993865,0.592638036809816,0.583850931677019,"Den",0,"SMR","C",2495.721854,"KFM","Before"
"Scorpion SMR",1984,"Panulirus interruptus",2.10413415427021,0.0546666666666667,0.00666666666666667,8.2,"Den",0,"SMR","C",2495.721854,"KFM","Before"
"Scorpion SMR",1984,"Strongylocentrotus purpuratus",0.106691348834709,0.0740233588401127,0.066532420459122,1.11259079903148,"Den",0,"SMR","C",2495.721854,"KFM","Before"
"Scorpion SMR",1995,"Panulirus interruptus",2.83321334405622,0.113333333333333,0.00666666666666667,17,"Den",0,"SMR","C",2495.721854,"KFM","Before"
"Scorpion SMR",1995,"Strongylocentrotus purpuratus",0.0898710807124518,0.466693515908176,0.426580749093838,1.0940332326284,"Den",0,"SMR","C",2495.721854,"KFM","Before"
"Scorpion SMR",1996,"Macrocystis pyrifera",0,0.000394338828075758,0.000394338828075758,1,"Den",0,"SMR","C",2495.721854,"KFM","Before"
"Scorpion SMR",1996,"Mesocentrotus franciscanus",-0.332133835022615,0.202453987730061,0.282208588957055,0.717391304347826,"Den",0,"SMR","C",2495.721854,"KFM","Before"
"Scorpion SMR",1996,"Panulirus interruptus",0,0.00666666666666667,0.00666666666666667,1,"Den",0,"SMR","C",2495.721854,"KFM","Before"
"Scorpion SMR",1996,"Strongylocentrotus purpuratus",0.221236973043628,0.527587595650423,0.422875553765606,1.24761904761905,"Den",0,"SMR","C",2495.721854,"KFM","Before"
"Scorpion SMR",1997,"Macrocystis pyrifera",0,0.000394338828075758,0.000394338828075758,1,"Den",0,"SMR","C",2495.721854,"KFM","Before"
"Scorpion SMR",1997,"Mesocentrotus franciscanus",-0.344840486291729,0.208588957055215,0.294478527607362,0.708333333333333,"Den",0,"SMR","C",2495.721854,"KFM","Before"
"Scorpion SMR",1997,"Panulirus interruptus",2.19722457733622,0.06,0.00666666666666667,9,"Den",0,"SMR","C",2495.721854,"KFM","Before"
"Scorpion SMR",1997,"Strongylocentrotus purpuratus",0.384898830526687,0.465163109142167,0.316552557390254,1.46946564885496,"Den",0,"SMR","C",2495.721854,"KFM","Before"
"Scorpion SMR",1998,"Macrocystis pyrifera",0,0.000394338828075758,0.000394338828075758,1,"Den",0,"SMR","C",2495.721854,"KFM","Before"
"Scorpion SMR",1998,"Mesocentrotus franciscanus",-0.54654370636807,0.202453987730061,0.349693251533742,0.578947368421053,"Den",0,"SMR","C",2495.721854,"KFM","Before"
"Scorpion SMR",1998,"Panulirus interruptus",0,0.02,0.02,1,"Den",0,"SMR","C",2495.721854,"KFM","Before"
"Scorpion SMR",1998,"Strongylocentrotus purpuratus",0.150282203049338,0.294401933145389,0.25332259363673,1.16216216216216,"Den",0,"SMR","C",2495.721854,"KFM","Before"
"Scorpion SMR",1999,"Macrocystis pyrifera",0,0.000394338828075758,0.000394338828075758,1,"Den",0,"SMR","C",2495.721854,"KFM","Before"
"Scorpion SMR",1999,"Mesocentrotus franciscanus",-1.25708262963988,0.202453987730061,0.711656441717791,0.28448275862069,"Den",0,"SMR","C",2495.721854,"KFM","Before"
"Scorpion SMR",1999,"Panulirus interruptus",0,0.02,0.02,1,"Den",0,"SMR","C",2495.721854,"KFM","Before"
"Scorpion SMR",1999,"Strongylocentrotus purpuratus",0.309339932333708,0.269432138542086,0.19774466371325,1.36252545824847,"Den",0,"SMR","C",2495.721854,"KFM","Before"
"Scorpion SMR",2000,"Macrocystis pyrifera",0,0.000394338828075758,0.000394338828075758,1,"Den",0,"SMR","C",2495.721854,"KFM","Before"
"Scorpion SMR",2000,"Mesocentrotus franciscanus",-0.37204911118832,0.43558282208589,0.631901840490798,0.689320388349514,"Den",0,"SMR","C",2495.721854,"KFM","Before"
"Scorpion SMR",2000,"Panulirus interruptus",1.6094379124341,0.0333333333333333,0.00666666666666667,5,"Den",0,"SMR","C",2495.721854,"KFM","Before"
"Scorpion SMR",2000,"Strongylocentrotus purpuratus",1.25216170582569,1.00443012484897,0.287152637937978,3.49789621318373,"Den",0,"SMR","C",2495.721854,"KFM","Before"
"Scorpion SMR",2001,"Macrocystis pyrifera",0,0.000394338828075758,0.000394338828075758,1,"Den",0,"SMR","C",2495.721854,"KFM","Before"
"Scorpion SMR",2001,"Mesocentrotus franciscanus",-0.0853598489511565,0.619631901840491,0.674846625766871,0.918181818181818,"Den",0,"SMR","C",2495.721854,"KFM","Before"
"Scorpion SMR",2001,"Panulirus interruptus",2.56494935746154,0.0866666666666667,0.00666666666666667,13,"Den",0,"SMR","C",2495.721854,"KFM","Before"
"Scorpion SMR",2001,"Strongylocentrotus purpuratus",0.79452656774605,0.998389045509464,0.45106725734998,2.21339285714286,"Den",0,"SMR","C",2495.721854,"KFM","Before"
"Scorpion SMR",2002,"Macrocystis pyrifera",0,0.000394338828075758,0.000394338828075758,1,"Den",0,"SMR","C",2495.721854,"KFM","Before"
"Scorpion SMR",2002,"Mesocentrotus franciscanus",0.18805223150294,0.429447852760736,0.355828220858896,1.20689655172414,"Den",0,"SMR","C",2495.721854,"KFM","Before"
"Scorpion SMR",2002,"Panulirus interruptus",-1.09861228866811,0.00666666666666667,0.02,0.333333333333333,"Den",0,"SMR","C",2495.721854,"KFM","Before"
"Scorpion SMR",2002,"Strongylocentrotus purpuratus",0.804316037813518,0.834474426097463,0.373338703181635,2.23516720604099,"Den",0,"SMR","C",2495.721854,"KFM","Before"
"Scorpion SMR",2003,"Macrocystis pyrifera",0,0.000394338828075758,0.000394338828075758,1,"Den",0,"SMR","C",2495.721854,"KFM","Before"
"Scorpion SMR",2003,"Mesocentrotus franciscanus",0.38641691313747,0.478527607361963,0.325153374233129,1.47169811320755,"Den",0,"SMR","C",2495.721854,"KFM","Before"
"Scorpion SMR",2003,"Panulirus interruptus",1.09861228866811,0.02,0.00666666666666667,3,"Den",0,"SMR","C",2495.721854,"KFM","Before"
"Scorpion SMR",2003,"Strongylocentrotus purpuratus",0.951442723320443,0.711236407571486,0.274667740636327,2.58944281524927,"Den",0,"SMR","C",2495.721854,"KFM","Before"
"Scorpion SMR",2004,"Macrocystis pyrifera",0,0.000394338828075758,0.000394338828075758,1,"Den",1,"SMR","C",2495.721854,"KFM","After"
"Scorpion SMR",2004,"Mesocentrotus franciscanus",0.466619531261495,0.361963190184049,0.226993865030675,1.5945945945946,"Den",1,"SMR","C",2495.721854,"KFM","After"
"Scorpion SMR",2004,"Panulirus interruptus",1.09861228866811,0.02,0.00666666666666667,3,"Den",1,"SMR","C",2495.721854,"KFM","After"
"Scorpion SMR",2004,"Strongylocentrotus purpuratus",0.634250769324003,0.411598872331857,0.21828433346758,1.88560885608856,"Den",1,"SMR","C",2495.721854,"KFM","After"
"Scorpion SMR",2005,"Macrocystis pyrifera",0,0.000394338828075758,0.000394338828075758,1,"Den",2,"SMR","C",2495.721854,"KFM","After"
"Scorpion SMR",2005,"Mesocentrotus franciscanus",0.418710334858185,0.466257668711656,0.306748466257669,1.52,"Den",2,"SMR","C",2495.721854,"KFM","After"
"Scorpion SMR",2005,"Panulirus interruptus",1.94591014905531,0.0466666666666667,0.00666666666666667,7,"Den",2,"SMR","C",2495.721854,"KFM","After"
"Scorpion SMR",2005,"Strongylocentrotus purpuratus",0.580351686414601,0.377768828030608,0.211437776882803,1.78666666666667,"Den",2,"SMR","C",2495.721854,"KFM","After"
"Scorpion SMR",2006,"Macrocystis pyrifera",0,0.000394338828075758,0.000394338828075758,1,"Den",3,"SMR","C",2495.721854,"KFM","After"
"Scorpion SMR",2006,"Mesocentrotus franciscanus",1.14117190308691,0.441717791411043,0.141104294478528,3.1304347826087,"Den",3,"SMR","C",2495.721854,"KFM","After"
"Scorpion SMR",2006,"Panulirus interruptus",1.94591014905531,0.233333333333333,0.0333333333333333,7,"Den",3,"SMR","C",2495.721854,"KFM","After"
"Scorpion SMR",2006,"Strongylocentrotus purpuratus",1.17764233802726,0.39750302053967,0.122432541280709,3.24671052631579,"Den",3,"SMR","C",2495.721854,"KFM","After"
"Scorpion SMR",2007,"Macrocystis pyrifera",1.81227381609118,0.00241507187020334,0.000394338828075758,6.12435727414439,"Den",4,"SMR","C",2495.721854,"KFM","After"
"Scorpion SMR",2007,"Mesocentrotus franciscanus",0.663294217410264,0.607361963190184,0.312883435582822,1.94117647058824,"Den",4,"SMR","C",2495.721854,"KFM","After"
"Scorpion SMR",2007,"Panulirus interruptus",2.39789527279837,0.0733333333333333,0.00666666666666667,11,"Den",4,"SMR","C",2495.721854,"KFM","After"
"Scorpion SMR",2007,"Strongylocentrotus purpuratus",1.39273906656253,0.376157873540072,0.0934353604510672,4.02586206896552,"Den",4,"SMR","C",2495.721854,"KFM","After"
"Scorpion SMR",2008,"Macrocystis pyrifera",1.1675836691028,0.00643405987975606,0.00200175053740948,3.21421663664572,"Den",5,"SMR","C",2495.721854,"KFM","After"
"Scorpion SMR",2008,"Mesocentrotus franciscanus",0.132267968577751,0.693251533742331,0.607361963190184,1.14141414141414,"Den",5,"SMR","C",2495.721854,"KFM","After"
"Scorpion SMR",2008,"Panulirus interruptus",3.49650756146648,0.22,0.00666666666666667,33,"Den",5,"SMR","C",2495.721854,"KFM","After"
"Scorpion SMR",2008,"Strongylocentrotus purpuratus",0.710899126018396,0.274667740636327,0.13491743858236,2.03582089552239,"Den",5,"SMR","C",2495.721854,"KFM","After"
"Scorpion SMR",2009,"Macrocystis pyrifera",-1.89121593846258,0.0241481589539346,0.160040047671868,0.150888226448457,"Den",6,"SMR","C",2495.721854,"KFM","After"
"Scorpion SMR",2009,"Mesocentrotus franciscanus",1.43074612369072,0.56441717791411,0.134969325153374,4.18181818181818,"Den",6,"SMR","C",2495.721854,"KFM","After"
"Scorpion SMR",2009,"Panulirus interruptus",1.52605630349505,0.153333333333333,0.0333333333333333,4.6,"Den",6,"SMR","C",2495.721854,"KFM","After"
"Scorpion SMR",2009,"Strongylocentrotus purpuratus",2.71090327008462,0.424083769633508,0.0281917035843737,15.0428571428571,"Den",6,"SMR","C",2495.721854,"KFM","After"
"Scorpion SMR",2010,"Macrocystis pyrifera",-4.49438977848058,0.000394338828075758,0.0352986602150005,0.0111714956226067,"Den",7,"SMR","C",2495.721854,"KFM","After"
"Scorpion SMR",2010,"Mesocentrotus franciscanus",0.470003629245735,0.588957055214724,0.368098159509202,1.6,"Den",7,"SMR","C",2495.721854,"KFM","After"
"Scorpion SMR",2010,"Panulirus interruptus",2.83321334405622,0.113333333333333,0.00666666666666667,17,"Den",7,"SMR","C",2495.721854,"KFM","After"
"Scorpion SMR",2010,"Strongylocentrotus purpuratus",0.634571879769489,0.347160692710431,0.184051550543697,1.88621444201313,"Den",7,"SMR","C",2495.721854,"KFM","After"
"Scorpion SMR",2011,"Macrocystis pyrifera",0,0.000394338828075758,0.000394338828075758,1,"Den",8,"SMR","C",2495.721854,"KFM","After"
"Scorpion SMR",2011,"Mesocentrotus franciscanus",0.506817602368452,1.01840490797546,0.613496932515337,1.66,"Den",8,"SMR","C",2495.721854,"KFM","After"
"Scorpion SMR",2011,"Panulirus interruptus",3.29583686600433,0.18,0.00666666666666667,27,"Den",8,"SMR","C",2495.721854,"KFM","After"
"Scorpion SMR",2011,"Strongylocentrotus purpuratus",0.995388811355314,0.603705195328232,0.223117196939186,2.7057761732852,"Den",8,"SMR","C",2495.721854,"KFM","After"
"Scorpion SMR",2012,"Macrocystis pyrifera",0,0.000394338828075758,0.000394338828075758,1,"Den",9,"SMR","C",2495.721854,"KFM","After"
"Scorpion SMR",2012,"Mesocentrotus franciscanus",0.196710294246054,0.858895705521472,0.705521472392638,1.21739130434783,"Den",9,"SMR","C",2495.721854,"KFM","After"
"Scorpion SMR",2012,"Panulirus interruptus",3.71357206670431,0.273333333333333,0.00666666666666667,41,"Den",9,"SMR","C",2495.721854,"KFM","After"
"Scorpion SMR",2012,"Strongylocentrotus purpuratus",0.892139178297007,0.799033427305679,0.327426500201369,2.44034440344403,"Den",9,"SMR","C",2495.721854,"KFM","After"
"Scorpion SMR",2013,"Macrocystis pyrifera",0,0.000394338828075758,0.000394338828075758,1,"Den",10,"SMR","C",2495.721854,"KFM","After"
"Scorpion SMR",2013,"Mesocentrotus franciscanus",0.254642218373581,0.791411042944785,0.613496932515337,1.29,"Den",10,"SMR","C",2495.721854,"KFM","After"
"Scorpion SMR",2013,"Panulirus interruptus",2.56494935746154,0.0866666666666667,0.00666666666666667,13,"Den",10,"SMR","C",2495.721854,"KFM","After"
"Scorpion SMR",2013,"Strongylocentrotus purpuratus",0.722682700185454,0.691904953685058,0.335884011276681,2.0599520383693,"Den",10,"SMR","C",2495.721854,"KFM","After"
"Scorpion SMR",2014,"Macrocystis pyrifera",0,0.000394338828075758,0.000394338828075758,1,"Den",11,"SMR","C",2495.721854,"KFM","After"
"Scorpion SMR",2014,"Mesocentrotus franciscanus",0.483796951378071,0.447852760736196,0.276073619631902,1.62222222222222,"Den",11,"SMR","C",2495.721854,"KFM","After"
"Scorpion SMR",2014,"Panulirus interruptus",3.29583686600433,0.18,0.00666666666666667,27,"Den",11,"SMR","C",2495.721854,"KFM","After"
"Scorpion SMR",1988,"Mesocentrotus franciscanus",-0.528844129268669,0.121472392638037,0.206134969325153,0.589285714285714,"Den",0,"SMR","C",2495.721854,"KFM","Before"
"Scorpion SMR",1988,"Panulirus interruptus",2.19722457733622,0.06,0.00666666666666667,9,"Den",0,"SMR","C",2495.721854,"KFM","Before"
"Scorpion SMR",1988,"Strongylocentrotus purpuratus",1.65217481610077,0.454369714055578,0.0870720902134515,5.21831637372803,"Den",0,"SMR","C",2495.721854,"KFM","Before"
"Scorpion SMR",1989,"Macrocystis pyrifera",0,0.000394338828075758,0.000394338828075758,1,"Den",0,"SMR","C",2495.721854,"KFM","Before"
"Scorpion SMR",1989,"Mesocentrotus franciscanus",-0.134919317899371,0.331288343558282,0.379141104294479,0.87378640776699,"Den",0,"SMR","C",2495.721854,"KFM","Before"
"Scorpion SMR",1989,"Panulirus interruptus",0.510825623765991,0.0333333333333333,0.02,1.66666666666667,"Den",0,"SMR","C",2495.721854,"KFM","Before"
"Scorpion SMR",1989,"Strongylocentrotus purpuratus",1.86349727487095,0.545710833668949,0.084655658477648,6.44624167459562,"Den",0,"SMR","C",2495.721854,"KFM","Before"
"Scorpion SMR",1990,"Macrocystis pyrifera",0,0.000394338828075758,0.000394338828075758,1,"Den",0,"SMR","C",2495.721854,"KFM","Before"
"Scorpion SMR",1990,"Mesocentrotus franciscanus",-0.658661004488776,0.217177914110429,0.419631901840491,0.517543859649123,"Den",0,"SMR","C",2495.721854,"KFM","Before"
"Scorpion SMR",1990,"Panulirus interruptus",1.09861228866811,0.02,0.00666666666666667,3,"Den",0,"SMR","C",2495.721854,"KFM","Before"
"Scorpion SMR",1990,"Strongylocentrotus purpuratus",1.62311497041855,0.509947643979057,0.100604107933951,5.06885508406725,"Den",0,"SMR","C",2495.721854,"KFM","Before"
"Scorpion SMR",1991,"Macrocystis pyrifera",0,0.000394338828075758,0.000394338828075758,1,"Den",0,"SMR","C",2495.721854,"KFM","Before"
"Scorpion SMR",1991,"Mesocentrotus franciscanus",-1.49877234454658,0.0773006134969325,0.34601226993865,0.223404255319149,"Den",0,"SMR","C",2495.721854,"KFM","Before"
"Scorpion SMR",1991,"Panulirus interruptus",0,0.00666666666666667,0.00666666666666667,1,"Den",0,"SMR","C",2495.721854,"KFM","Before"
"Scorpion SMR",1991,"Strongylocentrotus purpuratus",1.82545879643389,0.549335481272654,0.0885219492549335,6.2056414922657,"Den",0,"SMR","C",2495.721854,"KFM","Before"
"Scorpion SMR",1992,"Mesocentrotus franciscanus",-0.505935638471799,0.150920245398773,0.250306748466258,0.602941176470588,"Den",0,"SMR","C",2495.721854,"KFM","Before"
"Scorpion SMR",1992,"Panulirus interruptus",0,0.00666666666666667,0.00666666666666667,1,"Den",0,"SMR","C",2495.721854,"KFM","Before"
"Scorpion SMR",1992,"Strongylocentrotus purpuratus",2.27587643084919,0.419573097060008,0.0430930326218284,9.73644859813084,"Den",0,"SMR","C",2495.721854,"KFM","Before"
"Scorpion SMR",1993,"Macrocystis pyrifera",-5.07083123521298,0.000394338828075758,0.0628208148806689,0.00627720014178139,"Den",0,"SMR","C",2495.721854,"KFM","Before"
"Scorpion SMR",1993,"Mesocentrotus franciscanus",-1.13309846473928,0.0699386503067485,0.217177914110429,0.322033898305085,"Den",0,"SMR","C",2495.721854,"KFM","Before"
"Scorpion SMR",1993,"Panulirus interruptus",0,0.00666666666666667,0.00666666666666667,1,"Den",0,"SMR","C",2495.721854,"KFM","Before"
"Scorpion SMR",1993,"Strongylocentrotus purpuratus",2.57993914547606,0.406041079339509,0.0307692307692308,13.196335078534,"Den",0,"SMR","C",2495.721854,"KFM","Before"
"Scorpion SMR",1994,"Macrocystis pyrifera",-4.62090186757116,0.000394338828075758,0.0400591494480027,0.00984391414969043,"Den",0,"SMR","C",2495.721854,"KFM","Before"
"Scorpion SMR",1994,"Mesocentrotus franciscanus",-1.87445118507317,0.106748466257669,0.695705521472393,0.153439153439153,"Den",0,"SMR","C",2495.721854,"KFM","Before"
"Scorpion SMR",1994,"Panulirus interruptus",0.367724780125318,0.0866666666666667,0.06,1.44444444444444,"Den",0,"SMR","C",2495.721854,"KFM","Before"
"Scorpion SMR",1994,"Strongylocentrotus purpuratus",0.365305931284988,0.369552960128876,0.256463954893274,1.44095477386935,"Den",0,"SMR","C",2495.721854,"KFM","Before"
"Scorpion SMR",1995,"Mesocentrotus franciscanus",-0.84308732785086,0.250306748466258,0.58159509202454,0.430379746835443,"Den",0,"SMR","C",2495.721854,"KFM","Before"
"Scorpion SMR",2021,"Macrocystis pyrifera",5.99663941521985,0.158553907469235,0.000394338828075758,402.075312347316,"Den",18,"SMR","C",2495.721854,"KFM","After"
"Scorpion SMR",2021,"Mesocentrotus franciscanus",-0.255933374137201,0.147239263803681,0.190184049079755,0.774193548387097,"Den",18,"SMR","C",2495.721854,"KFM","After"
"Scorpion SMR",2021,"Panulirus interruptus",4.31748811353631,0.5,0.00666666666666667,75,"Den",18,"SMR","C",2495.721854,"KFM","After"
"Scorpion SMR",2021,"Strongylocentrotus purpuratus",0.0953101798043249,0.0265807490938381,0.0241643173580346,1.1,"Den",18,"SMR","C",2495.721854,"KFM","After"
"Scorpion SMR",2022,"Macrocystis pyrifera",5.38914524372283,0.0863665522578538,0.000394338828075758,219.01610013727,"Den",19,"SMR","C",2495.721854,"KFM","After"
"Scorpion SMR",2022,"Mesocentrotus franciscanus",-1.75604138662598,0.116564417177914,0.674846625766871,0.172727272727273,"Den",19,"SMR","C",2495.721854,"KFM","After"
"Scorpion SMR",2022,"Panulirus interruptus",5.01727983681492,1.00666666666667,0.00666666666666667,151,"Den",19,"SMR","C",2495.721854,"KFM","After"
"Scorpion SMR",2022,"Strongylocentrotus purpuratus",-0.214890409557489,0.0587998389045509,0.0728956906967378,0.806629834254144,"Den",19,"SMR","C",2495.721854,"KFM","After"
"Scorpion SMR",1987,"Strongylocentrotus purpuratus",1.07677118228177,0.247966904177755,0.0844807843264153,2.93518705058022,"Bio",0,"SMR","C",2495.721854,"KFM","Before"
"Scorpion SMR",1988,"Macrocystis pyrifera",0,6.24659271822929e-06,6.24659271822929e-06,1,"Bio",0,"SMR","C",2495.721854,"KFM","Before"
"Scorpion SMR",1988,"Mesocentrotus franciscanus",-0.964448970671609,0.0393615895996941,0.103258900158789,0.38119319050624,"Bio",0,"SMR","C",2495.721854,"KFM","Before"
"Scorpion SMR",1988,"Strongylocentrotus purpuratus",1.22218038063967,0.181782729462701,0.0535508569269432,3.39458114947999,"Bio",0,"SMR","C",2495.721854,"KFM","Before"
"Scorpion SMR",1989,"Macrocystis pyrifera",0,6.24659271822929e-06,6.24659271822929e-06,1,"Bio",0,"SMR","C",2495.721854,"KFM","Before"
"Scorpion SMR",1989,"Mesocentrotus franciscanus",-0.931305124363269,0.139756980135679,0.354677945679156,0.39403910459689,"Bio",0,"SMR","C",2495.721854,"KFM","Before"
"Scorpion SMR",1989,"Strongylocentrotus purpuratus",1.33938762406504,0.233992395384631,0.0613074269121478,3.81670553096179,"Bio",0,"SMR","C",2495.721854,"KFM","Before"
"Scorpion SMR",1990,"Macrocystis pyrifera",0,6.24659271822929e-06,6.24659271822929e-06,1,"Bio",0,"SMR","C",2495.721854,"KFM","Before"
"Scorpion SMR",1990,"Mesocentrotus franciscanus",-0.762580587848935,0.0530491505399434,0.113726840868111,0.466461128569152,"Bio",0,"SMR","C",2495.721854,"KFM","Before"
"Scorpion SMR",1990,"Strongylocentrotus purpuratus",1.39734140734027,0.193001494918105,0.0477202829801796,4.04443316059688,"Bio",0,"SMR","C",2495.721854,"KFM","Before"
"Scorpion SMR",1991,"Macrocystis pyrifera",0,6.24659271822929e-06,6.24659271822929e-06,1,"Bio",0,"SMR","C",2495.721854,"KFM","Before"
"Scorpion SMR",1991,"Mesocentrotus franciscanus",-2.31114505152552,0.0280423995717576,0.28283471660755,0.0991476573601399,"Bio",0,"SMR","C",2495.721854,"KFM","Before"
"Scorpion SMR",1991,"Strongylocentrotus purpuratus",1.8572239775674,0.272667058336378,0.0425647951552245,6.40592906278582,"Bio",0,"SMR","C",2495.721854,"KFM","Before"
"Scorpion SMR",1992,"Mesocentrotus franciscanus",-1.66347609140446,0.0338066275834832,0.178418686037481,0.189479187041997,"Bio",0,"SMR","C",2495.721854,"KFM","Before"
"Scorpion SMR",1992,"Strongylocentrotus purpuratus",1.83833440092167,0.148427546872601,0.0236121766428115,6.2860594818474,"Bio",0,"SMR","C",2495.721854,"KFM","Before"
"Scorpion SMR",1993,"Macrocystis pyrifera",-9.20980866826586,6.24659271822929e-06,0.0624327226453114,0.00010005318450898,"Bio",0,"SMR","C",2495.721854,"KFM","Before"
"Scorpion SMR",1993,"Mesocentrotus franciscanus",-2.22059564395239,0.0273630385847032,0.252090661312169,0.108544435729093,"Bio",0,"SMR","C",2495.721854,"KFM","Before"
"Scorpion SMR",1993,"Strongylocentrotus purpuratus",1.80389913724069,0.183344880769638,0.0301887650318091,6.07328191717852,"Bio",0,"SMR","C",2495.721854,"KFM","Before"
"Scorpion SMR",1994,"Macrocystis pyrifera",-8.7563410133249,6.24659271822929e-06,0.0396710572126452,0.000157459698760894,"Bio",0,"SMR","C",2495.721854,"KFM","Before"
"Scorpion SMR",1994,"Mesocentrotus franciscanus",-2.91244096016191,0.0501154533557291,0.92220760922651,0.0543429189418236,"Bio",0,"SMR","C",2495.721854,"KFM","Before"
"Scorpion SMR",1994,"Strongylocentrotus purpuratus",0.0303602489236227,0.178905617049778,0.173555622503186,1.03082582096407,"Bio",0,"SMR","C",2495.721854,"KFM","Before"
"Scorpion SMR",1995,"Mesocentrotus franciscanus",-0.825062292784447,0.174343005217551,0.397854732882853,0.43820769443727,"Bio",0,"SMR","C",2495.721854,"KFM","Before"
"Scorpion SMR",1995,"Strongylocentrotus purpuratus",0.265129812354226,0.330048644489645,0.253182415495205,1.3036001882046,"Bio",0,"SMR","C",2495.721854,"KFM","Before"
"Scorpion SMR",1996,"Macrocystis pyrifera",0,6.24659271822929e-06,6.24659271822929e-06,1,"Bio",0,"SMR","C",2495.721854,"KFM","Before"
"Scorpion SMR",1996,"Mesocentrotus franciscanus",-0.718731139771722,0.075055914069762,0.154001831696422,0.48737026854146,"Bio",0,"SMR","C",2495.721854,"KFM","Before"
"Scorpion SMR",1996,"Strongylocentrotus purpuratus",0.0955583352607212,0.23087429659225,0.209833646349065,1.10027300487446,"Bio",0,"SMR","C",2495.721854,"KFM","Before"
"Scorpion SMR",1997,"Macrocystis pyrifera",0,6.24659271822929e-06,6.24659271822929e-06,1,"Bio",0,"SMR","C",2495.721854,"KFM","Before"
"Scorpion SMR",1997,"Mesocentrotus franciscanus",-0.920619014069665,0.0592339824836191,0.148727298805638,0.398272428527249,"Bio",0,"SMR","C",2495.721854,"KFM","Before"
"Scorpion SMR",1997,"Strongylocentrotus purpuratus",0.161782049827969,0.188394297577182,0.160253196765934,1.17560399030511,"Bio",0,"SMR","C",2495.721854,"KFM","Before"
"Scorpion SMR",1998,"Macrocystis pyrifera",0,6.24659271822929e-06,6.24659271822929e-06,1,"Bio",0,"SMR","C",2495.721854,"KFM","Before"
"Scorpion SMR",1998,"Mesocentrotus franciscanus",-0.81397664471861,0.0812567554363319,0.183385520496339,0.443092536512194,"Bio",0,"SMR","C",2495.721854,"KFM","Before"
"Scorpion SMR",1998,"Strongylocentrotus purpuratus",0.334059206660047,0.116363220351712,0.0833173909545045,1.39662583067744,"Bio",0,"SMR","C",2495.721854,"KFM","Before"
"Scorpion SMR",1999,"Macrocystis pyrifera",0,6.24659271822929e-06,6.24659271822929e-06,1,"Bio",0,"SMR","C",2495.721854,"KFM","Before"
"Scorpion SMR",1999,"Mesocentrotus franciscanus",-0.763304456334556,0.0948953762807678,0.203584151185955,0.466123594238384,"Bio",0,"SMR","C",2495.721854,"KFM","Before"
"Scorpion SMR",1999,"Strongylocentrotus purpuratus",0.400615765856662,0.12030187478947,0.0805911177065109,1.49274359523805,"Bio",0,"SMR","C",2495.721854,"KFM","Before"
"Scorpion SMR",2000,"Macrocystis pyrifera",0,6.24659271822929e-06,6.24659271822929e-06,1,"Bio",0,"SMR","C",2495.721854,"KFM","Before"
"Scorpion SMR",2000,"Mesocentrotus franciscanus",0.179782273497326,0.146088831472269,0.122050219823506,1.19695672554728,"Bio",0,"SMR","C",2495.721854,"KFM","Before"
"Scorpion SMR",2000,"Strongylocentrotus purpuratus",1.3999742348192,0.517993084209859,0.127738813080116,4.05509548523033,"Bio",0,"SMR","C",2495.721854,"KFM","Before"
"Scorpion SMR",2001,"Macrocystis pyrifera",0,6.24659271822929e-06,6.24659271822929e-06,1,"Bio",0,"SMR","C",2495.721854,"KFM","Before"
"Scorpion SMR",2001,"Mesocentrotus franciscanus",0.0688146674951815,0.162847603084616,0.152018184045875,1.07123765559173,"Bio",0,"SMR","C",2495.721854,"KFM","Before"
"Scorpion SMR",2001,"Strongylocentrotus purpuratus",0.860830679433296,0.489588694874233,0.207003346740583,2.36512453824134,"Bio",0,"SMR","C",2495.721854,"KFM","Before"
"Scorpion SMR",2002,"Macrocystis pyrifera",0,6.24659271822929e-06,6.24659271822929e-06,1,"Bio",0,"SMR","C",2495.721854,"KFM","Before"
"Scorpion SMR",2002,"Mesocentrotus franciscanus",0.505557802794145,0.145088005692164,0.0875125919774444,1.65791004944247,"Bio",0,"SMR","C",2495.721854,"KFM","Before"
"Scorpion SMR",2002,"Strongylocentrotus purpuratus",0.442069601195258,0.287595645022964,0.184839130524973,1.55592403083777,"Bio",0,"SMR","C",2495.721854,"KFM","Before"
"Scorpion SMR",2003,"Macrocystis pyrifera",0,6.24659271822929e-06,6.24659271822929e-06,1,"Bio",0,"SMR","C",2495.721854,"KFM","Before"
"Scorpion SMR",2003,"Mesocentrotus franciscanus",0.795303594800718,0.212699835619786,0.0960220982016303,2.21511339163982,"Bio",0,"SMR","C",2495.721854,"KFM","Before"
"Scorpion SMR",2003,"Strongylocentrotus purpuratus",1.0006410635904,0.269846894674032,0.0992075061048329,2.72002497864308,"Bio",0,"SMR","C",2495.721854,"KFM","Before"
"Scorpion SMR",2004,"Macrocystis pyrifera",0,6.24659271822929e-06,6.24659271822929e-06,1,"Bio",1,"SMR","C",2495.721854,"KFM","After"
"Scorpion SMR",2004,"Mesocentrotus franciscanus",0.262681742824971,0.169796346145792,0.130571113874543,1.30041278738679,"Bio",1,"SMR","C",2495.721854,"KFM","After"
"Scorpion SMR",2004,"Strongylocentrotus purpuratus",0.444206754008029,0.170174144960892,0.109138262405247,1.55925283407032,"Bio",1,"SMR","C",2495.721854,"KFM","After"
"Scorpion SMR",2005,"Macrocystis pyrifera",0,6.24659271822929e-06,6.24659271822929e-06,1,"Bio",2,"SMR","C",2495.721854,"KFM","After"
"Scorpion SMR",2005,"Mesocentrotus franciscanus",0.161195140221353,0.212833601794267,0.18114820492257,1.17491421946599,"Bio",2,"SMR","C",2495.721854,"KFM","After"
"Scorpion SMR",2005,"Strongylocentrotus purpuratus",0.511875439026413,0.178438419681894,0.106950714360621,1.66841727751558,"Bio",2,"SMR","C",2495.721854,"KFM","After"
"Scorpion SMR",2006,"Macrocystis pyrifera",0,6.24659271822929e-06,6.24659271822929e-06,1,"Bio",3,"SMR","C",2495.721854,"KFM","After"
"Scorpion SMR",2006,"Mesocentrotus franciscanus",0.84805621655948,0.159714147818286,0.0683970315098613,2.33510350219305,"Bio",3,"SMR","C",2495.721854,"KFM","After"
"Scorpion SMR",2006,"Strongylocentrotus purpuratus",0.769847124934367,0.127909661003143,0.0592328991489348,2.15943610461355,"Bio",3,"SMR","C",2495.721854,"KFM","After"
"Scorpion SMR",2007,"Macrocystis pyrifera",1.50319517351658,2.80848791656896e-05,6.24659271822929e-06,4.49603174603175,"Bio",4,"SMR","C",2495.721854,"KFM","After"
"Scorpion SMR",2007,"Mesocentrotus franciscanus",0.910367420772638,0.318495270449402,0.128154966147956,2.48523549279937,"Bio",4,"SMR","C",2495.721854,"KFM","After"
"Scorpion SMR",2007,"Strongylocentrotus purpuratus",1.95520527656558,0.25089622485751,0.0355107025131993,7.06536922957951,"Bio",4,"SMR","C",2495.721854,"KFM","After"
"Scorpion SMR",2008,"Macrocystis pyrifera",5.54513474321541,0.00604596764439853,2.36180696108288e-05,255.989068709768,"Bio",5,"SMR","C",2495.721854,"KFM","After"
"Scorpion SMR",2008,"Mesocentrotus franciscanus",0.7549186171923,0.407774059145684,0.191673734522182,2.1274383794014,"Bio",5,"SMR","C",2495.721854,"KFM","After"
"Scorpion SMR",2008,"Strongylocentrotus purpuratus",0.950359283909153,0.163154895011626,0.0630760248060723,2.58663883009824,"Bio",5,"SMR","C",2495.721854,"KFM","After"
"Scorpion SMR",2009,"Macrocystis pyrifera",-1.90498986484564,0.0237600667185771,0.15965195543651,0.148824150970239,"Bio",6,"SMR","C",2495.721854,"KFM","After"
"Scorpion SMR",2009,"Mesocentrotus franciscanus",1.4315454485313,0.292914855233443,0.0699888904629302,4.18516214924975,"Bio",6,"SMR","C",2495.721854,"KFM","After"
"Scorpion SMR",2009,"Strongylocentrotus purpuratus",2.57173739267101,0.19455744311689,0.0148647117361936,13.0885446397973,"Bio",6,"SMR","C",2495.721854,"KFM","After"
"Scorpion SMR",2010,"Macrocystis pyrifera",-8.62850871978474,6.24659271822929e-06,0.034910567979643,0.000178931282982041,"Bio",7,"SMR","C",2495.721854,"KFM","After"
"Scorpion SMR",2010,"Mesocentrotus franciscanus",0.881639417700619,0.590601700504058,0.244570211401367,2.41485541971755,"Bio",7,"SMR","C",2495.721854,"KFM","After"
"Scorpion SMR",2010,"Strongylocentrotus purpuratus",0.781364519417643,0.258851286293024,0.118497183596927,2.1844509585436,"Bio",7,"SMR","C",2495.721854,"KFM","After"
"Scorpion SMR",2011,"Macrocystis pyrifera",0,6.24659271822929e-06,6.24659271822929e-06,1,"Bio",8,"SMR","C",2495.721854,"KFM","After"
"Scorpion SMR",2011,"Mesocentrotus franciscanus",0.969863774691167,0.969536273120742,0.367584826912084,2.63758512903099,"Bio",8,"SMR","C",2495.721854,"KFM","After"
"Scorpion SMR",2011,"Strongylocentrotus purpuratus",1.42591734435093,0.679398799091681,0.163251334674794,4.16167378015672,"Bio",8,"SMR","C",2495.721854,"KFM","After"
"Scorpion SMR",2014,"Strongylocentrotus purpuratus",0.279145741429495,0.266210229561015,0.201369311316955,1.322,"Den",11,"SMR","C",2495.721854,"KFM","After"
"Scorpion SMR",2015,"Macrocystis pyrifera",4.68219219105007,0.042591189879178,0.000394338828075758,108.006584304693,"Den",12,"SMR","C",2495.721854,"KFM","After"
"Scorpion SMR",2015,"Mesocentrotus franciscanus",-1.01160091167848,0.122699386503067,0.337423312883436,0.363636363636364,"Den",12,"SMR","C",2495.721854,"KFM","After"
"Scorpion SMR",2015,"Panulirus interruptus",4.17438726989564,0.433333333333333,0.00666666666666667,65,"Den",12,"SMR","C",2495.721854,"KFM","After"
"Scorpion SMR",2015,"Strongylocentrotus purpuratus",-0.0577409946895168,0.115183246073298,0.122029802658075,0.943894389438944,"Den",12,"SMR","C",2495.721854,"KFM","After"
"Scorpion SMR",2016,"Macrocystis pyrifera",4.15245894362238,0.0985872851164869,0.001550354098487,63.5901728596706,"Den",13,"SMR","C",2495.721854,"KFM","After"
"Scorpion SMR",2016,"Mesocentrotus franciscanus",-0.367724780125317,0.0552147239263804,0.0797546012269939,0.692307692307692,"Den",13,"SMR","C",2495.721854,"KFM","After"
"Scorpion SMR",2016,"Panulirus interruptus",4.29045944114839,0.486666666666667,0.00666666666666667,73,"Den",13,"SMR","C",2495.721854,"KFM","After"
"Scorpion SMR",2016,"Strongylocentrotus purpuratus",-0.533298479618049,0.0177204993958921,0.0302053966975433,0.586666666666667,"Den",13,"SMR","C",2495.721854,"KFM","After"
"Scorpion SMR",2017,"Macrocystis pyrifera",6.39174850768192,0.23538059050361,0.000394338828075758,596.899350875968,"Den",14,"SMR","C",2495.721854,"KFM","After"
"Scorpion SMR",2017,"Mesocentrotus franciscanus",-0.268263986594679,0.159509202453988,0.208588957055215,0.764705882352941,"Den",14,"SMR","C",2495.721854,"KFM","After"
"Scorpion SMR",2017,"Panulirus interruptus",4.74493212836325,0.766666666666667,0.00666666666666667,115,"Den",14,"SMR","C",2495.721854,"KFM","After"
"Scorpion SMR",2017,"Strongylocentrotus purpuratus",-0.079137320558724,0.0342327829238824,0.0370519532823198,0.923913043478261,"Den",14,"SMR","C",2495.721854,"KFM","After"
"Scorpion SMR",2018,"Macrocystis pyrifera",7.83869430958998,1.00039433882808,0.000394338828075758,2536.89027709918,"Den",15,"SMR","C",2495.721854,"KFM","After"
"Scorpion SMR",2018,"Mesocentrotus franciscanus",0,0.128834355828221,0.128834355828221,1,"Den",15,"SMR","C",2495.721854,"KFM","After"
"Scorpion SMR",2018,"Panulirus interruptus",3.69717825692863,0.806666666666667,0.02,40.3333333333333,"Den",15,"SMR","C",2495.721854,"KFM","After"
"Scorpion SMR",2018,"Strongylocentrotus purpuratus",0.507044900926084,0.0354409987917841,0.0213451469995973,1.66037735849057,"Den",15,"SMR","C",2495.721854,"KFM","After"
"Scorpion SMR",2019,"Macrocystis pyrifera",5.80571568176359,0.130996540211441,0.000394338828075758,332.192852655825,"Den",16,"SMR","C",2495.721854,"KFM","After"
"Scorpion SMR",2019,"Mesocentrotus franciscanus",0.223143551314209,0.122699386503067,0.098159509202454,1.25,"Den",16,"SMR","C",2495.721854,"KFM","After"
"Scorpion SMR",2019,"Panulirus interruptus",3.2188758248682,0.5,0.02,25,"Den",16,"SMR","C",2495.721854,"KFM","After"
"Scorpion SMR",2019,"Strongylocentrotus purpuratus",0.614366302706831,0.0245670559806685,0.013290374546919,1.84848484848485,"Den",16,"SMR","C",2495.721854,"KFM","After"
"Scorpion SMR",1984,"Macrocystis pyrifera",2.03324720532074,0.08193497549888,0.0107260862919341,7.63885104676946,"Bio",0,"SMR","C",2495.721854,"KFM","Before"
"Scorpion SMR",1985,"Macrocystis pyrifera",10.0551031515215,0.145384800307518,6.24659271822929e-06,23274.2563611111,"Bio",0,"SMR","C",2495.721854,"KFM","Before"
"Scorpion SMR",1985,"Mesocentrotus franciscanus",-0.402553868570107,0.485759597949506,0.726521237833198,0.668610320874104,"Bio",0,"SMR","C",2495.721854,"KFM","Before"
"Scorpion SMR",1985,"Strongylocentrotus purpuratus",0.455634599457128,0.167613239899152,0.106274416364548,1.57717393924984,"Bio",0,"SMR","C",2495.721854,"KFM","Before"
"Scorpion SMR",1986,"Macrocystis pyrifera",0,6.24659271822929e-06,6.24659271822929e-06,1,"Bio",0,"SMR","C",2495.721854,"KFM","Before"
"Scorpion SMR",1986,"Mesocentrotus franciscanus",-0.36045519339194,0.703719439458958,1.00912101286157,0.69735882068635,"Bio",0,"SMR","C",2495.721854,"KFM","Before"
"Scorpion SMR",1986,"Strongylocentrotus purpuratus",1.99805563022904,1.00317695268562,0.136029471652637,7.37470300000372,"Bio",0,"SMR","C",2495.721854,"KFM","Before"
"Scorpion SMR",1987,"Macrocystis pyrifera",0,6.24659271822929e-06,6.24659271822929e-06,1,"Bio",0,"SMR","C",2495.721854,"KFM","Before"
"Scorpion SMR",1987,"Mesocentrotus franciscanus",-0.0988544408952728,0.181608841871899,0.200479018342333,0.905874556716898,"Bio",0,"SMR","C",2495.721854,"KFM","Before"
"Scorpion SMR",2022,"Macrocystis pyrifera",9.52981592900091,0.0859784600224963,6.24659271822929e-06,13764.057287037,"Bio",19,"SMR","C",2495.721854,"KFM","After"
"Scorpion SMR",2022,"Mesocentrotus franciscanus",-1.12830360409176,0.233098836401087,0.720370856789403,0.32358171378556,"Bio",19,"SMR","C",2495.721854,"KFM","After"
"Scorpion SMR",2022,"Strongylocentrotus purpuratus",0.585326518221052,0.0802290911924748,0.0446815052834725,1.79557717859947,"Bio",19,"SMR","C",2495.721854,"KFM","After"
"Scorpion SMR",2015,"Macrocystis pyrifera",8.81821275120369,0.0422030976438205,6.24659271822929e-06,6756.1788558201,"Bio",12,"SMR","C",2495.721854,"KFM","After"
"Scorpion SMR",2012,"Macrocystis pyrifera",0,6.24659271822929e-06,6.24659271822929e-06,1,"Bio",9,"SMR","C",2495.721854,"KFM","After"
"Scorpion SMR",2012,"Mesocentrotus franciscanus",0.353423066345054,0.598339212777222,0.420201674003933,1.42393343433378,"Bio",9,"SMR","C",2495.721854,"KFM","After"
"Scorpion SMR",2012,"Strongylocentrotus purpuratus",1.28828973508561,0.768641743579769,0.211946790033199,3.62657883829885,"Bio",9,"SMR","C",2495.721854,"KFM","After"
"Scorpion SMR",2013,"Macrocystis pyrifera",0,6.24659271822929e-06,6.24659271822929e-06,1,"Bio",10,"SMR","C",2495.721854,"KFM","After"
"Scorpion SMR",2013,"Mesocentrotus franciscanus",-0.411223582709247,0.306413669819391,0.462274852895103,0.662838715756232,"Bio",10,"SMR","C",2495.721854,"KFM","After"
"Scorpion SMR",2013,"Strongylocentrotus purpuratus",0.683890101501454,0.287751991032859,0.145214050667496,1.98157127158266,"Bio",10,"SMR","C",2495.721854,"KFM","After"
"Scorpion SMR",2014,"Macrocystis pyrifera",0,6.24659271822929e-06,6.24659271822929e-06,1,"Bio",11,"SMR","C",2495.721854,"KFM","After"
"Scorpion SMR",2014,"Mesocentrotus franciscanus",0.158073733839095,0.225502525430685,0.192531085592869,1.17125255247113,"Bio",11,"SMR","C",2495.721854,"KFM","After"
"Scorpion SMR",2014,"Strongylocentrotus purpuratus",0.413451380474781,0.154455901032794,0.102151524462016,1.51202737155652,"Bio",11,"SMR","C",2495.721854,"KFM","After"
"Scorpion SMR",2018,"Macrocystis pyrifera",11.9218541544225,0.940239871774032,6.24659271822929e-06,150520.437970952,"Bio",15,"SMR","C",2495.721854,"KFM","After"
"Scorpion SMR",2015,"Mesocentrotus franciscanus",-0.722838204789052,0.0906241025738419,0.186710336881931,0.485372712016203,"Bio",12,"SMR","C",2495.721854,"KFM","After"
"Scorpion SMR",2015,"Strongylocentrotus purpuratus",0.449656703689249,0.0948540583433067,0.0605023845759167,1.56777388210685,"Bio",12,"SMR","C",2495.721854,"KFM","After"
"Scorpion SMR",2016,"Macrocystis pyrifera",8.56410483649909,0.0981991928811293,1.87397781546879e-05,5240.14703218695,"Bio",13,"SMR","C",2495.721854,"KFM","After"
"Scorpion SMR",2016,"Mesocentrotus franciscanus",-0.13413350367695,0.0480601649492931,0.0549589842506864,0.87447331140755,"Bio",13,"SMR","C",2495.721854,"KFM","After"
"Scorpion SMR",2016,"Strongylocentrotus purpuratus",-0.0614475545398557,0.0179578926274697,0.0190959691502896,0.940402264275621,"Bio",13,"SMR","C",2495.721854,"KFM","After"
"Scorpion SMR",2017,"Macrocystis pyrifera",10.5352727203455,0.234992498268252,6.24659271822929e-06,37619.3084563492,"Bio",14,"SMR","C",2495.721854,"KFM","After"
"Scorpion SMR",2017,"Mesocentrotus franciscanus",0.782855036705722,0.176527758650551,0.0806906816920752,2.18770934820208,"Bio",14,"SMR","C",2495.721854,"KFM","After"
"Scorpion SMR",2017,"Strongylocentrotus purpuratus",0.552817908179716,0.039817945247398,0.022908311403703,1.73814405373246,"Bio",14,"SMR","C",2495.721854,"KFM","After"
"Scorpion SMR",2019,"Macrocystis pyrifera",9.77186027864292,0.109523720314014,6.24659271822929e-06,17533.3538225397,"Bio",16,"SMR","C",2495.721854,"KFM","After"
"Scorpion SMR",2018,"Mesocentrotus franciscanus",0.763268060665086,0.13852246515668,0.0645709394013945,2.14527566798398,"Bio",15,"SMR","C",2495.721854,"KFM","After"
"Scorpion SMR",2018,"Strongylocentrotus purpuratus",1.04905701112661,0.0437051740173937,0.015308519179169,2.85495765500724,"Bio",15,"SMR","C",2495.721854,"KFM","After"
"Scorpion SMR",2021,"Macrocystis pyrifera",10.1393630752043,0.158165815233877,6.24659271822929e-06,25320.3341995238,"Bio",18,"SMR","C",2495.721854,"KFM","After"
"Scorpion SMR",2019,"Mesocentrotus franciscanus",0.74213258126841,0.149010516098337,0.0709435364955473,2.10041003675774,"Bio",16,"SMR","C",2495.721854,"KFM","After"
"Scorpion SMR",2019,"Strongylocentrotus purpuratus",1.20419779780164,0.0317766755966583,0.00953085805686289,3.33408339596212,"Bio",16,"SMR","C",2495.721854,"KFM","After"
"Scorpion SMR",2021,"Mesocentrotus franciscanus",0.358063614691302,0.228300262897441,0.15958841431788,1.43055662200325,"Bio",18,"SMR","C",2495.721854,"KFM","After"
"Scorpion SMR",2021,"Strongylocentrotus purpuratus",0.520080450924205,0.0305460869456204,0.0181588153970076,1.68216297582133,"Bio",18,"SMR","C",2495.721854,"KFM","After"
"South Point SMR",2005,"Strongylocentrotus purpuratus",0.432864082296279,0.00542124542124542,0.00351648351648352,1.54166666666667,"Den",2,"SMR","C",3387.008573,"KFM","After"
"South Point SMR",2013,"Macrocystis pyrifera",-0.171483563708606,0.157782984287479,0.187298600120975,0.842414114070088,"Den",10,"SMR","C",3387.008573,"KFM","After"
"South Point SMR",2013,"Mesocentrotus franciscanus",0.684798891168474,0.491176470588235,0.247647058823529,1.9833729216152,"Den",10,"SMR","C",3387.008573,"KFM","After"
"South Point SMR",2013,"Panulirus interruptus",0,0.0333333333333333,0.0333333333333333,1,"Den",10,"SMR","C",3387.008573,"KFM","After"
"South Point SMR",2013,"Strongylocentrotus purpuratus",-0.163745171221019,0.0238827838827839,0.0281318681318681,0.848958333333333,"Den",10,"SMR","C",3387.008573,"KFM","After"
"South Point SMR",2006,"Macrocystis pyrifera",-0.0985796096850556,0.270747886728305,0.298797979230226,0.906123553532106,"Den",3,"SMR","C",3387.008573,"KFM","After"
"South Point SMR",2006,"Mesocentrotus franciscanus",0.495235107536874,0.174705882352941,0.106470588235294,1.64088397790055,"Den",3,"SMR","C",3387.008573,"KFM","After"
"South Point SMR",2006,"Panulirus interruptus",0,0.0333333333333333,0.0333333333333333,1,"Den",3,"SMR","C",3387.008573,"KFM","After"
"South Point SMR",2006,"Strongylocentrotus purpuratus",0.21868920096483,0.0082051282051282,0.00659340659340659,1.24444444444444,"Den",3,"SMR","C",3387.008573,"KFM","After"
"South Point SMR",2007,"Macrocystis pyrifera",0.1335483954375,0.268985311019197,0.235358145357248,1.1428765748086,"Den",4,"SMR","C",3387.008573,"KFM","After"
"South Point SMR",2007,"Mesocentrotus franciscanus",0.56881288141634,0.208823529411765,0.118235294117647,1.76616915422886,"Den",4,"SMR","C",3387.008573,"KFM","After"
"South Point SMR",2007,"Panulirus interruptus",0,0.0333333333333333,0.0333333333333333,1,"Den",4,"SMR","C",3387.008573,"KFM","After"
"South Point SMR",2007,"Strongylocentrotus purpuratus",1.15496522521924,0.0213919413919414,0.00673992673992674,3.17391304347826,"Den",4,"SMR","C",3387.008573,"KFM","After"
"South Point SMR",2008,"Macrocystis pyrifera",0.118504138072628,0.368202352113954,0.327055054413957,1.12581153278223,"Den",5,"SMR","C",3387.008573,"KFM","After"
"South Point SMR",2008,"Mesocentrotus franciscanus",0.551252921569663,0.227647058823529,0.131176470588235,1.73542600896861,"Den",5,"SMR","C",3387.008573,"KFM","After"
"South Point SMR",2008,"Panulirus interruptus",1.6094379124341,0.166666666666667,0.0333333333333333,5,"Den",5,"SMR","C",3387.008573,"KFM","After"
"South Point SMR",2008,"Strongylocentrotus purpuratus",0.475423696715075,0.0325274725274725,0.0202197802197802,1.60869565217391,"Den",5,"SMR","C",3387.008573,"KFM","After"
"South Point SMR",2009,"Macrocystis pyrifera",0.802300398502695,0.3572788231764,0.160166851819479,2.23066645262579,"Den",6,"SMR","C",3387.008573,"KFM","After"
"South Point SMR",2009,"Mesocentrotus franciscanus",0.802346472524937,0.324117647058824,0.145294117647059,2.23076923076923,"Den",6,"SMR","C",3387.008573,"KFM","After"
"South Point SMR",2009,"Panulirus interruptus",0,0.0333333333333333,0.0333333333333333,1,"Den",6,"SMR","C",3387.008573,"KFM","After"
"South Point SMR",2009,"Strongylocentrotus purpuratus",0.488352767913932,0.058021978021978,0.0356043956043956,1.62962962962963,"Den",6,"SMR","C",3387.008573,"KFM","After"
"South Point SMR",2010,"Macrocystis pyrifera",0.142034203074563,0.198831073540818,0.172504165580187,1.15261607087623,"Den",7,"SMR","C",3387.008573,"KFM","After"
"South Point SMR",2010,"Mesocentrotus franciscanus",0.705334196663189,0.437058823529412,0.215882352941176,2.02452316076294,"Den",7,"SMR","C",3387.008573,"KFM","After"
"South Point SMR",2010,"Panulirus interruptus",0,0.0333333333333333,0.0333333333333333,1,"Den",7,"SMR","C",3387.008573,"KFM","After"
"South Point SMR",2010,"Strongylocentrotus purpuratus",0.983377025090525,0.115164835164835,0.0430769230769231,2.6734693877551,"Den",7,"SMR","C",3387.008573,"KFM","After"
"South Point SMR",2011,"Macrocystis pyrifera",-0.0755065001058792,0.101462552521318,0.109420284623676,0.92727370313716,"Den",8,"SMR","C",3387.008573,"KFM","After"
"South Point SMR",2011,"Mesocentrotus franciscanus",0.80824565084566,0.492352941176471,0.219411764705882,2.24396782841823,"Den",8,"SMR","C",3387.008573,"KFM","After"
"South Point SMR",2011,"Panulirus interruptus",1.09861228866811,0.1,0.0333333333333333,3,"Den",8,"SMR","C",3387.008573,"KFM","After"
"South Point SMR",2011,"Strongylocentrotus purpuratus",0.557286413483605,0.0785347985347985,0.044981684981685,1.74592833876222,"Den",8,"SMR","C",3387.008573,"KFM","After"
"South Point SMR",2012,"Macrocystis pyrifera",-0.482678652150081,0.137625793187717,0.223010088550772,0.617128104302708,"Den",9,"SMR","C",3387.008573,"KFM","After"
"South Point SMR",2012,"Mesocentrotus franciscanus",0.720813713278084,0.366470588235294,0.178235294117647,2.05610561056106,"Den",9,"SMR","C",3387.008573,"KFM","After"
"South Point SMR",2012,"Panulirus interruptus",0,0.0333333333333333,0.0333333333333333,1,"Den",9,"SMR","C",3387.008573,"KFM","After"
"South Point SMR",2012,"Strongylocentrotus purpuratus",1.29122924932316,0.0543589743589744,0.0149450549450549,3.63725490196078,"Den",9,"SMR","C",3387.008573,"KFM","After"
"South Point SMR",2022,"Macrocystis pyrifera",1.27083925303779,0.129832501305925,0.0364304846729396,3.56384227307203,"Den",19,"SMR","C",3387.008573,"KFM","After"
"South Point SMR",2022,"Mesocentrotus franciscanus",0.242825877858364,0.611176470588235,0.479411764705882,1.27484662576687,"Den",19,"SMR","C",3387.008573,"KFM","After"
"South Point SMR",2022,"Panulirus interruptus",0.847297860387204,0.233333333333333,0.1,2.33333333333333,"Den",19,"SMR","C",3387.008573,"KFM","After"
"South Point SMR",2022,"Strongylocentrotus purpuratus",-0.886271274160845,0.250695970695971,0.608205128205128,0.412189833774994,"Den",19,"SMR","C",3387.008573,"KFM","After"
"South Point SMR",2014,"Macrocystis pyrifera",0.597729970111169,0.310654720743549,0.170878384653866,1.81798722742386,"Den",11,"SMR","C",3387.008573,"KFM","After"
"South Point SMR",2014,"Mesocentrotus franciscanus",0.636539655041324,0.474705882352941,0.251176470588235,1.88992974238876,"Den",11,"SMR","C",3387.008573,"KFM","After"
"South Point SMR",2014,"Panulirus interruptus",1.6094379124341,0.166666666666667,0.0333333333333333,5,"Den",11,"SMR","C",3387.008573,"KFM","After"
"South Point SMR",2014,"Strongylocentrotus purpuratus",-0.465184342809787,0.0952380952380952,0.151648351648352,0.628019323671497,"Den",11,"SMR","C",3387.008573,"KFM","After"
"South Point SMR",2015,"Macrocystis pyrifera",-0.0875363576631237,0.278881088578217,0.304393673669586,0.916185560679353,"Den",12,"SMR","C",3387.008573,"KFM","After"
"South Point SMR",2015,"Mesocentrotus franciscanus",0.197580995215298,0.675882352941176,0.554705882352941,1.21845174973489,"Den",12,"SMR","C",3387.008573,"KFM","After"
"South Point SMR",2015,"Panulirus interruptus",2.39789527279837,0.366666666666667,0.0333333333333333,11,"Den",12,"SMR","C",3387.008573,"KFM","After"
"South Point SMR",2015,"Strongylocentrotus purpuratus",-0.805463146326356,0.173186813186813,0.387545787545788,0.446880907372401,"Den",12,"SMR","C",3387.008573,"KFM","After"
"South Point SMR",2016,"Macrocystis pyrifera",2.72922699168829,0.168361647131799,0.0109889182761325,15.321039150639,"Den",13,"SMR","C",3387.008573,"KFM","After"
"South Point SMR",2016,"Mesocentrotus franciscanus",-0.361266895234429,0.702941176470588,1.00882352941176,0.696793002915452,"Den",13,"SMR","C",3387.008573,"KFM","After"
"South Point SMR",2016,"Panulirus interruptus",0,0.166666666666667,0.166666666666667,1,"Den",13,"SMR","C",3387.008573,"KFM","After"
"South Point SMR",2016,"Strongylocentrotus purpuratus",-0.818666600152824,0.157216117216117,0.356483516483517,0.441019317714755,"Den",13,"SMR","C",3387.008573,"KFM","After"
"South Point SMR",2017,"Macrocystis pyrifera",4.99208383510332,0.233194495939444,0.00158373980721304,147.242934020712,"Den",14,"SMR","C",3387.008573,"KFM","After"
"South Point SMR",2017,"Mesocentrotus franciscanus",0.475107541163911,0.485294117647059,0.301764705882353,1.60818713450292,"Den",14,"SMR","C",3387.008573,"KFM","After"
"South Point SMR",2017,"Panulirus interruptus",2.56494935746154,0.433333333333333,0.0333333333333333,13,"Den",14,"SMR","C",3387.008573,"KFM","After"
"South Point SMR",2017,"Strongylocentrotus purpuratus",-0.867006815255794,0.184029304029304,0.437948717948718,0.420207427233188,"Den",14,"SMR","C",3387.008573,"KFM","After"
"South Point SMR",2018,"Macrocystis pyrifera",4.86759462904688,0.205898565250481,0.00158373980721304,130.007823452268,"Den",15,"SMR","C",3387.008573,"KFM","After"
"South Point SMR",2018,"Mesocentrotus franciscanus",0.670878219091303,0.705294117647059,0.360588235294118,1.95595432300163,"Den",15,"SMR","C",3387.008573,"KFM","After"
"South Point SMR",2018,"Panulirus interruptus",3.29583686600433,0.9,0.0333333333333333,27,"Den",15,"SMR","C",3387.008573,"KFM","After"
"South Point SMR",2018,"Strongylocentrotus purpuratus",-0.82582175568641,0.438388278388278,1.00117216117216,0.437875018293575,"Den",15,"SMR","C",3387.008573,"KFM","After"
"South Point SMR",2019,"Macrocystis pyrifera",0.396880219024882,0.0753555188974186,0.0506701483302356,1.48717778377714,"Den",16,"SMR","C",3387.008573,"KFM","After"
"South Point SMR",2019,"Mesocentrotus franciscanus",1.10026518160641,0.71235294117647,0.237058823529412,3.00496277915633,"Den",16,"SMR","C",3387.008573,"KFM","After"
"South Point SMR",2019,"Panulirus interruptus",0.510825623765991,0.166666666666667,0.1,1.66666666666667,"Den",16,"SMR","C",3387.008573,"KFM","After"
"South Point SMR",2019,"Strongylocentrotus purpuratus",-0.775912678765574,0.252161172161172,0.547838827838828,0.460283498261567,"Den",16,"SMR","C",3387.008573,"KFM","After"
"South Point SMR",2021,"Macrocystis pyrifera",0.563986796472896,0.0915109111243007,0.052063879467954,1.75766600682584,"Den",18,"SMR","C",3387.008573,"KFM","After"
"South Point SMR",2021,"Mesocentrotus franciscanus",0.494902625986537,0.684117647058823,0.417058823529412,1.64033850493653,"Den",18,"SMR","C",3387.008573,"KFM","After"
"South Point SMR",2021,"Panulirus interruptus",1.23676262714893,1.03333333333333,0.3,3.44444444444444,"Den",18,"SMR","C",3387.008573,"KFM","After"
"South Point SMR",2021,"Strongylocentrotus purpuratus",-0.745481064451791,0.284981684981685,0.60058608058608,0.474505977067577,"Den",18,"SMR","C",3387.008573,"KFM","After"
"South Point SMR",2005,"Macrocystis pyrifera",0.0105314405500591,0.317623376432141,0.314295897056067,1.01058709135958,"Den",2,"SMR","C",3387.008573,"KFM","After"
"South Point SMR",2005,"Mesocentrotus franciscanus",1.56674850373905,0.188823529411765,0.0394117647058824,4.7910447761194,"Den",2,"SMR","C",3387.008573,"KFM","After"
"South Point SMR",2005,"Panulirus interruptus",0,0.0333333333333333,0.0333333333333333,1,"Den",2,"SMR","C",3387.008573,"KFM","After"
"South Point SMR",2005,"Macrocystis pyrifera",0.0105827852313388,0.316090458029145,0.312762978653071,1.01063898096381,"Bio",2,"SMR","C",3387.008573,"KFM","After"
"South Point SMR",2005,"Mesocentrotus franciscanus",1.90474596360956,0.302563773846116,0.045039780675629,6.71770087037376,"Bio",2,"SMR","C",3387.008573,"KFM","After"
"South Point SMR",2005,"Strongylocentrotus purpuratus",0.845679466129972,0.0121764829725109,0.00522694511895203,2.32956013415197,"Bio",2,"SMR","C",3387.008573,"KFM","After"
"South Point SMR",2006,"Macrocystis pyrifera",-0.0991140022779088,0.269214968325309,0.29726506082723,0.905639457177162,"Bio",3,"SMR","C",3387.008573,"KFM","After"
"South Point SMR",2006,"Mesocentrotus franciscanus",0.834790703474732,0.262716807513623,0.114009978019018,2.30433170919303,"Bio",3,"SMR","C",3387.008573,"KFM","After"
"South Point SMR",2006,"Strongylocentrotus purpuratus",0.25474390230339,0.0138959672763907,0.010770972365633,1.29013117893874,"Bio",3,"SMR","C",3387.008573,"KFM","After"
"South Point SMR",2007,"Macrocystis pyrifera",0.13436763603303,0.2674523926162,0.233825226954252,1.14381324932287,"Bio",4,"SMR","C",3387.008573,"KFM","After"
"South Point SMR",2007,"Mesocentrotus franciscanus",0.815817205578748,0.331371856571901,0.146558398407666,2.261022637885,"Bio",4,"SMR","C",3387.008573,"KFM","After"
"South Point SMR",2007,"Strongylocentrotus purpuratus",1.11838769770945,0.0299076740372509,0.00977401571340616,3.05991671327366,"Bio",4,"SMR","C",3387.008573,"KFM","After"
"South Point SMR",2008,"Macrocystis pyrifera",0.119030251059933,0.366669433710958,0.32552213601096,1.12640399268765,"Bio",5,"SMR","C",3387.008573,"KFM","After"
"South Point SMR",2008,"Mesocentrotus franciscanus",0.891525170488877,0.387820945075838,0.159018187243122,2.4388464728434,"Bio",5,"SMR","C",3387.008573,"KFM","After"
"South Point SMR",2008,"Strongylocentrotus purpuratus",0.374207020462446,0.0537557603929985,0.0369750666404152,1.45383809353954,"Bio",5,"SMR","C",3387.008573,"KFM","After"
"South Point SMR",2009,"Macrocystis pyrifera",0.807617483091098,0.355745904773403,0.158633933416483,2.24255868282239,"Bio",6,"SMR","C",3387.008573,"KFM","After"
"South Point SMR",2009,"Mesocentrotus franciscanus",1.26623332213702,0.523741945792197,0.147638360150499,3.54746520659203,"Bio",6,"SMR","C",3387.008573,"KFM","After"
"South Point SMR",2009,"Strongylocentrotus purpuratus",0.211413040321924,0.0919555124558138,0.0744324393447405,1.23542252901203,"Bio",6,"SMR","C",3387.008573,"KFM","After"
"South Point SMR",2010,"Macrocystis pyrifera",0.14322066523958,0.197298155137821,0.17097124717719,1.15398441782054,"Bio",7,"SMR","C",3387.008573,"KFM","After"
"South Point SMR",2010,"Mesocentrotus franciscanus",1.07357781127638,0.596607624785581,0.203910636423304,2.92582885939832,"Bio",7,"SMR","C",3387.008573,"KFM","After"
"South Point SMR",2010,"Strongylocentrotus purpuratus",0.798231495918821,0.175647760984994,0.0790633267422708,2.2216085285352,"Bio",7,"SMR","C",3387.008573,"KFM","After"
"South Point SMR",2011,"Macrocystis pyrifera",0.00356256409803969,0.0999296341183217,0.0995742617856997,1.00356891757216,"Bio",8,"SMR","C",3387.008573,"KFM","After"
"South Point SMR",2011,"Mesocentrotus franciscanus",1.10159026795438,0.688866873562527,0.228939497937369,3.00894725361449,"Bio",8,"SMR","C",3387.008573,"KFM","After"
"South Point SMR",2011,"Strongylocentrotus purpuratus",0.243159860249852,0.131849348183688,0.103389158751923,1.27527247320054,"Bio",8,"SMR","C",3387.008573,"KFM","After"
"South Point SMR",2012,"Macrocystis pyrifera",-0.486981959370069,0.136092874784721,0.221477170147776,0.614478118416971,"Bio",9,"SMR","C",3387.008573,"KFM","After"
"South Point SMR",2012,"Mesocentrotus franciscanus",1.18001362495124,0.516122220128476,0.158591223952679,3.25441854388158,"Bio",9,"SMR","C",3387.008573,"KFM","After"
"South Point SMR",2012,"Strongylocentrotus purpuratus",1.27529624324803,0.111158948217158,0.0310520522032913,3.57976173328008,"Bio",9,"SMR","C",3387.008573,"KFM","After"
"South Point SMR",2013,"Macrocystis pyrifera",-0.320589356016599,0.188092081117147,0.259179531171295,0.725721202855463,"Bio",10,"SMR","C",3387.008573,"KFM","After"
"South Point SMR",2013,"Mesocentrotus franciscanus",1.00848225617946,0.625079825462521,0.228011737100716,2.74143705675298,"Bio",10,"SMR","C",3387.008573,"KFM","After"
"South Point SMR",2013,"Strongylocentrotus purpuratus",-0.165675030053833,0.0501817501712348,0.0592239753099624,0.847321543489726,"Bio",10,"SMR","C",3387.008573,"KFM","After"
"South Point SMR",2014,"Macrocystis pyrifera",0.601794574128822,0.309121802340553,0.169345466250869,1.82539166346868,"Bio",11,"SMR","C",3387.008573,"KFM","After"
"South Point SMR",2014,"Mesocentrotus franciscanus",1.21342990228149,0.677203384596186,0.201248758209495,3.36500652536317,"Bio",11,"SMR","C",3387.008573,"KFM","After"
"South Point SMR",2014,"Strongylocentrotus purpuratus",-0.452931655803581,0.144628096023441,0.227487945082264,0.635761582756137,"Bio",11,"SMR","C",3387.008573,"KFM","After"
"South Point SMR",2015,"Macrocystis pyrifera",-0.08799949735657,0.277348170175221,0.302860755266589,0.91576133702463,"Bio",12,"SMR","C",3387.008573,"KFM","After"
"South Point SMR",2015,"Mesocentrotus franciscanus",1.15543172445516,1.00878463692057,0.317688019676432,3.17539401689753,"Bio",12,"SMR","C",3387.008573,"KFM","After"
"South Point SMR",2015,"Strongylocentrotus purpuratus",-1.18833423857039,0.182537627722239,0.599017354195099,0.304728446419578,"Bio",12,"SMR","C",3387.008573,"KFM","After"
"South Point SMR",2016,"Macrocystis pyrifera",6.99779309131129,0.166828728728802,0.000152464212648418,1094.21565776559,"Bio",13,"SMR","C",3387.008573,"KFM","After"
"South Point SMR",2016,"Mesocentrotus franciscanus",0.467671488010183,0.976792516611491,0.61192074569639,1.59627292174882,"Bio",13,"SMR","C",3387.008573,"KFM","After"
"South Point SMR",2016,"Strongylocentrotus purpuratus",-0.893058344703449,0.22893350834349,0.55919035869101,0.4094017444782,"Bio",13,"SMR","C",3387.008573,"KFM","After"
"South Point SMR",2017,"Macrocystis pyrifera",8.4247152594871,0.231661577536447,5.08214042161394e-05,4558.3466476292,"Bio",14,"SMR","C",3387.008573,"KFM","After"
"South Point SMR",2017,"Mesocentrotus franciscanus",1.40319203861747,0.568638821148539,0.139777718136805,4.06816500318022,"Bio",14,"SMR","C",3387.008573,"KFM","After"
"South Point SMR",2017,"Strongylocentrotus purpuratus",-0.656660291007288,0.282170637764752,0.544121342148988,0.518580353143894,"Bio",14,"SMR","C",3387.008573,"KFM","After"
"South Point SMR",2018,"Macrocystis pyrifera",8.29934844624394,0.204365646847485,5.08214042161394e-05,4021.25147857651,"Bio",15,"SMR","C",3387.008573,"KFM","After"
"South Point SMR",2018,"Mesocentrotus franciscanus",1.33985660046296,0.608761767036439,0.159424491655014,3.81849589556018,"Bio",15,"SMR","C",3387.008573,"KFM","After"
"South Point SMR",2018,"Strongylocentrotus purpuratus",-0.454517704165083,0.635859974860551,1.00174231503965,0.634754033361746,"Bio",15,"SMR","C",3387.008573,"KFM","After"
"South Point SMR",2019,"Macrocystis pyrifera",0.438119845374704,0.0648938417425851,0.0418726506809218,1.54979063152915,"Bio",16,"SMR","C",3387.008573,"KFM","After"
"South Point SMR",2019,"Mesocentrotus franciscanus",2.13460299227119,0.75429458674885,0.0892266710806593,8.45368966042654,"Bio",16,"SMR","C",3387.008573,"KFM","After"
"South Point SMR",2019,"Strongylocentrotus purpuratus",-0.328957471715775,0.374406080091542,0.52024427232581,0.719673622580634,"Bio",16,"SMR","C",3387.008573,"KFM","After"
"South Point SMR",2021,"Macrocystis pyrifera",0.425199984019829,0.0773071325866853,0.0505309610649572,1.52989634389315,"Bio",18,"SMR","C",3387.008573,"KFM","After"
"South Point SMR",2021,"Mesocentrotus franciscanus",1.48231304021568,0.783510135719777,0.177944367260708,4.40311850148002,"Bio",18,"SMR","C",3387.008573,"KFM","After"
"South Point SMR",2021,"Strongylocentrotus purpuratus",-0.0326561128559359,0.502786168509297,0.519476243664283,0.967871340877385,"Bio",18,"SMR","C",3387.008573,"KFM","After"
"South Point SMR",2022,"Macrocystis pyrifera",6.20089889899165,0.107515656837085,0.000217999520217418,493.192171844488,"Bio",19,"SMR","C",3387.008573,"KFM","After"
"South Point SMR",2022,"Mesocentrotus franciscanus",1.34173375173461,0.649639539800863,0.169810634788719,3.82567052180892,"Bio",19,"SMR","C",3387.008573,"KFM","After"
"South Point SMR",2022,"Strongylocentrotus purpuratus",-0.350878428276727,0.369268702949083,0.524477746855739,0.704069343576273,"Bio",19,"SMR","C",3387.008573,"KFM","After"
"Campus Point SMCA",2012,"Panulirus interruptus",-2.18813089697561,0.0260208101463179,0.232067320721823,0.112126128165666,"Bio",0,"SMCA","ML",2734.933446,"LTER","Before"
"Campus Point SMCA",2013,"Panulirus interruptus",0.0427547469252227,0.0431593004240977,0.0413529261522895,1.0436818972654,"Bio",1,"SMCA","ML",2734.933446,"LTER","After"
"Campus Point SMCA",2014,"Panulirus interruptus",0.386804584168742,0.146342463800279,0.0993992862727728,1.472268758537,"Bio",2,"SMCA","ML",2734.933446,"LTER","After"
"Campus Point SMCA",2015,"Panulirus interruptus",-0.341098691894035,0.310985027440508,0.437397966704273,0.710988735918763,"Bio",3,"SMCA","ML",2734.933446,"LTER","After"
"Campus Point SMCA",2016,"Panulirus interruptus",-0.665798075139602,0.171769388174467,0.334270613803691,0.513863262522211,"Bio",4,"SMCA","ML",2734.933446,"LTER","After"
"Campus Point SMCA",2017,"Panulirus interruptus",0.276857748043072,0.522587586810726,0.396206227418647,1.31897873038361,"Bio",5,"SMCA","ML",2734.933446,"LTER","After"
"Campus Point SMCA",2018,"Panulirus interruptus",0.946865859072381,0.959224486782471,0.372135960477308,2.57761836709399,"Bio",6,"SMCA","ML",2734.933446,"LTER","After"
"Campus Point SMCA",2019,"Panulirus interruptus",0.468851687295788,0.647294420822667,0.405025310034473,1.59815795404878,"Bio",7,"SMCA","ML",2734.933446,"LTER","After"
"Campus Point SMCA",2020,"Panulirus interruptus",1.01755013068288,1.00867360338211,0.364614762895589,2.76640911457266,"Bio",8,"SMCA","ML",2734.933446,"LTER","After"
"Campus Point SMCA",2021,"Panulirus interruptus",1.19495374545447,0.42842643679192,0.129692375216219,3.30340496947227,"Bio",9,"SMCA","ML",2734.933446,"LTER","After"
"Campus Point SMCA",2022,"Panulirus interruptus",0.038549336768982,0.271262143808332,0.261004157648577,1.03930200289593,"Bio",10,"SMCA","ML",2734.933446,"LTER","After"
"Campus Point SMCA",2023,"Panulirus interruptus",0.227799750860534,0.417465881526977,0.332421276347193,1.25583382060948,"Bio",11,"SMCA","ML",2734.933446,"LTER","After"
"Campus Point SMCA",2013,"Panulirus interruptus",0,0.0545829042224511,0.0545829042224511,1,"Den",1,"SMCA","ML",2734.933446,"LTER","After"
"Campus Point SMCA",2014,"Panulirus interruptus",0.28538586019143,0.149330587023687,0.112255406797116,1.3302752293578,"Den",2,"SMCA","ML",2734.933446,"LTER","After"
"Campus Point SMCA",2015,"Panulirus interruptus",-0.76326835170043,0.385169927909372,0.826295914864401,0.466140423764022,"Den",3,"SMCA","ML",2734.933446,"LTER","After"
"Campus Point SMCA",2016,"Panulirus interruptus",-1.02300954792516,0.212152420185376,0.590113285272915,0.359511343804538,"Den",4,"SMCA","ML",2734.933446,"LTER","After"
"Campus Point SMCA",2017,"Panulirus interruptus",0.238473160332581,0.637487126673532,0.50223137658771,1.26930963773069,"Den",5,"SMCA","ML",2734.933446,"LTER","After"
"Campus Point SMCA",2018,"Panulirus interruptus",0.755903025591349,0.987641606591143,0.463783041537933,2.12953367875648,"Den",6,"SMCA","ML",2734.933446,"LTER","After"
"Campus Point SMCA",2019,"Panulirus interruptus",0.137366060898635,0.550978372811535,0.480260899416409,1.14724803431022,"Den",7,"SMCA","ML",2734.933446,"LTER","After"
"Campus Point SMCA",2020,"Panulirus interruptus",0.75245999379692,1.01338825952626,0.477514589769997,2.12221423436377,"Den",8,"SMCA","ML",2734.933446,"LTER","After"
"Campus Point SMCA",2021,"Panulirus interruptus",0.964749386012373,0.388259526261586,0.147957432200481,2.62412993039443,"Den",9,"SMCA","ML",2734.933446,"LTER","After"
"Campus Point SMCA",2022,"Panulirus interruptus",-0.174504890819032,0.271884654994851,0.323721249570889,0.839872746553553,"Den",10,"SMCA","ML",2734.933446,"LTER","After"
"Campus Point SMCA",2023,"Panulirus interruptus",-0.0435455549872958,0.362512873326468,0.378647442499142,0.957388939256573,"Den",11,"SMCA","ML",2734.933446,"LTER","After"
"Campus Point SMCA",2012,"Panulirus interruptus",-1.79318295701291,0.0401647785787848,0.24133196017851,0.166429587482219,"Den",0,"SMCA","ML",2734.933446,"LTER","Before"
"Naples SMCA",2023,"Panulirus interruptus",0.352378099287874,0.288553632154791,0.202857318908743,1.42244624796899,"Bio",11,"SMCA","ML",673.8031024,"LTER","After"
"Naples SMCA",2012,"Panulirus interruptus",-1.67108747987039,0.023242667791723,0.12360329439743,0.188042462015529,"Bio",0,"SMCA","ML",673.8031024,"LTER","Before"
"Naples SMCA",2013,"Panulirus interruptus",0.529240341321152,0.189892384749197,0.111856541893298,1.69764219003246,"Bio",1,"SMCA","ML",673.8031024,"LTER","After"
"Naples SMCA",2014,"Panulirus interruptus",0.303549035113959,0.524370822447776,0.387087232787628,1.3546580151236,"Bio",2,"SMCA","ML",673.8031024,"LTER","After"
"Naples SMCA",2015,"Panulirus interruptus",1.27774220610686,0.868168726833303,0.241928898567793,3.58852841464091,"Bio",3,"SMCA","ML",673.8031024,"LTER","After"
"Naples SMCA",2016,"Panulirus interruptus",0.89309791983308,0.353295623001063,0.144634120345822,2.44268518490885,"Bio",4,"SMCA","ML",673.8031024,"LTER","After"
"Naples SMCA",2017,"Panulirus interruptus",0.333553969490248,0.335556412659223,0.240383632961784,1.39592038162003,"Bio",5,"SMCA","ML",673.8031024,"LTER","After"
"Naples SMCA",2018,"Panulirus interruptus",1.7586428866169,1.00774755593057,0.173613244080732,5.80455460795355,"Bio",6,"SMCA","ML",673.8031024,"LTER","After"
"Naples SMCA",2019,"Panulirus interruptus",1.29211828058266,0.62160186933019,0.170746760442772,3.64048997309398,"Bio",7,"SMCA","ML",673.8031024,"LTER","After"
"Naples SMCA",2020,"Panulirus interruptus",2.24483294441681,0.614088341782591,0.0650597353013428,9.43883861405623,"Bio",8,"SMCA","ML",673.8031024,"LTER","After"
"Naples SMCA",2021,"Panulirus interruptus",2.4015803002181,0.608221993009038,0.0550895275338785,11.0406100802916,"Bio",9,"SMCA","ML",673.8031024,"LTER","After"
"Naples SMCA",2022,"Panulirus interruptus",0.461232019604352,0.226418751823032,0.142758465444788,1.58602679790362,"Bio",10,"SMCA","ML",673.8031024,"LTER","After"
"Naples SMCA",2012,"Panulirus interruptus",-1.75126810787332,0.0302013422818792,0.174017257909875,0.173553719008264,"Den",0,"SMCA","ML",673.8031024,"LTER","Before"
"Naples SMCA",2013,"Panulirus interruptus",0.402223614183993,0.221476510067114,0.148130393096836,1.49514563106796,"Den",1,"SMCA","ML",673.8031024,"LTER","After"
"Naples SMCA",2014,"Panulirus interruptus",0.23243790115655,0.557046979865772,0.441514860977948,1.26167209554832,"Den",2,"SMCA","ML",673.8031024,"LTER","After"
"Naples SMCA",2015,"Panulirus interruptus",0.911592211092601,0.916107382550336,0.36816874400767,2.48828125,"Den",3,"SMCA","ML",673.8031024,"LTER","After"
"Naples SMCA",2016,"Panulirus interruptus",0.697552474027862,0.436241610738255,0.217162032598274,2.00883002207506,"Den",4,"SMCA","ML",673.8031024,"LTER","After"
"Naples SMCA",2017,"Panulirus interruptus",0.254691909049136,0.385906040268456,0.299137104506232,1.2900641025641,"Den",5,"SMCA","ML",673.8031024,"LTER","After"
"Naples SMCA",2018,"Panulirus interruptus",1.42450941021301,1.01006711409396,0.243048897411314,4.15581854043392,"Den",6,"SMCA","ML",673.8031024,"LTER","After"
"Naples SMCA",2019,"Panulirus interruptus",0.881199412062885,0.503355704697987,0.208533077660594,2.41379310344828,"Den",7,"SMCA","ML",673.8031024,"LTER","After"
"Naples SMCA",2020,"Panulirus interruptus",1.96986339007781,0.567114093959731,0.0790987535953979,7.16969696969697,"Den",8,"SMCA","ML",673.8031024,"LTER","After"
"Naples SMCA",2021,"Panulirus interruptus",2.01823081063494,0.432885906040268,0.0575263662511985,7.525,"Den",9,"SMCA","ML",673.8031024,"LTER","After"
"Naples SMCA",2022,"Panulirus interruptus",-0.0425596144187959,0.154362416107383,0.161073825503356,0.958333333333333,"Den",10,"SMCA","ML",673.8031024,"LTER","After"
"Naples SMCA",2023,"Panulirus interruptus",-0.295208621838132,0.174496644295302,0.234419942473634,0.744376278118609,"Den",11,"SMCA","ML",673.8031024,"LTER","After"
"Campus Point SMCA",2001,"Macrocystis pyrifera",-1.47112577661565,0.226661951909477,0.986916548797737,0.229666786098173,"Den",0,"SMCA","ML",2734.933446,"LTER","Before"
"Campus Point SMCA",2002,"Macrocystis pyrifera",-1.25952499060118,0.27050919377652,0.953206034889203,0.283788796834426,"Den",0,"SMCA","ML",2734.933446,"LTER","Before"
"Campus Point SMCA",2003,"Macrocystis pyrifera",-1.47473166163645,0.232319660537482,1.01520509193777,0.22884012539185,"Den",0,"SMCA","ML",2734.933446,"LTER","Before"
"Campus Point SMCA",2004,"Macrocystis pyrifera",-0.373307085285749,0.281824611032532,0.409358793022159,0.688453786351857,"Den",0,"SMCA","ML",2734.933446,"LTER","Before"
"Campus Point SMCA",2005,"Macrocystis pyrifera",0.986877718916726,0.658062234794908,0.245285242809995,2.6828447861605,"Den",0,"SMCA","ML",2734.933446,"LTER","Before"
"Campus Point SMCA",2006,"Macrocystis pyrifera",0.45501420521906,0.501060820367751,0.317892503536068,1.5761957730812,"Den",0,"SMCA","ML",2734.933446,"LTER","Before"
"Campus Point SMCA",2007,"Macrocystis pyrifera",0.0624704810477085,0.914780763790665,0.859382366808109,1.06446303662049,"Den",0,"SMCA","ML",2734.933446,"LTER","Before"
"Campus Point SMCA",2008,"Macrocystis pyrifera",-0.0826882778890472,0.544200848656294,0.591112682696841,0.920638085742772,"Den",0,"SMCA","ML",2734.933446,"LTER","Before"
"Campus Point SMCA",2009,"Macrocystis pyrifera",0.00944393167973206,0.677157001414427,0.670792079207921,1.00948866631523,"Den",0,"SMCA","ML",2734.933446,"LTER","Before"
"Campus Point SMCA",2010,"Macrocystis pyrifera",-1.9569234762333,0.0456152758132956,0.322842998585573,0.141292442497262,"Den",0,"SMCA","ML",2734.933446,"LTER","Before"
"Campus Point SMCA",2011,"Macrocystis pyrifera",-0.0710992108824951,0.552081228531016,0.592762847713343,0.931369485555208,"Den",0,"SMCA","ML",2734.933446,"LTER","Before"
"Campus Point SMCA",2012,"Macrocystis pyrifera",-1.06088071583438,0.2219135178824,0.641089108910891,0.346150815538571,"Den",0,"SMCA","ML",2734.933446,"LTER","Before"
"Campus Point SMCA",2013,"Macrocystis pyrifera",0.445193285541549,0.533693675489998,0.341937765205092,1.56079184517654,"Den",1,"SMCA","ML",2734.933446,"LTER","After"
"Campus Point SMCA",2014,"Macrocystis pyrifera",0.461027889652051,0.71453829056375,0.450612918434701,1.58570307537088,"Den",2,"SMCA","ML",2734.933446,"LTER","After"
"Campus Point SMCA",2015,"Macrocystis pyrifera",0.151560165520936,0.745453626995353,0.64061763319189,1.16364831121041,"Den",3,"SMCA","ML",2734.933446,"LTER","After"
"Campus Point SMCA",2016,"Macrocystis pyrifera",0.569147381822595,0.477924833299657,0.27050919377652,1.76676003734827,"Den",4,"SMCA","ML",2734.933446,"LTER","After"
"Campus Point SMCA",2017,"Macrocystis pyrifera",0.271904767315335,0.763437057991513,0.581683168316832,1.31246200607903,"Den",5,"SMCA","ML",2734.933446,"LTER","After"
"Campus Point SMCA",2018,"Macrocystis pyrifera",-0.162049059109222,0.643412810668822,0.756600660066007,0.850399483675695,"Den",6,"SMCA","ML",2734.933446,"LTER","After"
"Campus Point SMCA",2019,"Macrocystis pyrifera",0.268268476758974,0.576934734289755,0.441183404054691,1.3076981794588,"Den",7,"SMCA","ML",2734.933446,"LTER","After"
"Campus Point SMCA",2020,"Macrocystis pyrifera",0.377965666747614,0.883259244291776,0.605256954266855,1.45931283905967,"Den",8,"SMCA","ML",2734.933446,"LTER","After"
"Campus Point SMCA",2021,"Macrocystis pyrifera",0.536465828754373,0.458526975146494,0.268151815181518,1.70995290423862,"Den",9,"SMCA","ML",2734.933446,"LTER","After"
"Campus Point SMCA",2022,"Macrocystis pyrifera",2.01252715817497,0.796373004647403,0.106435643564356,7.48220218319886,"Den",10,"SMCA","ML",2734.933446,"LTER","After"
"Campus Point SMCA",2023,"Macrocystis pyrifera",1.1122463846143,0.559557486360881,0.183993399339934,3.04118239223941,"Den",11,"SMCA","ML",2734.933446,"LTER","After"
"Campus Point SMCA",2004,"Macrocystis pyrifera",-0.373307085285749,0.281824611032532,0.409358793022159,0.688453786351858,"Bio",0,"SMCA","ML",2734.933446,"LTER","Before"
"Campus Point SMCA",2005,"Macrocystis pyrifera",0.986877718916726,0.658062234794908,0.245285242809995,2.6828447861605,"Bio",0,"SMCA","ML",2734.933446,"LTER","Before"
"Campus Point SMCA",2006,"Macrocystis pyrifera",0.45501420521906,0.501060820367751,0.317892503536068,1.5761957730812,"Bio",0,"SMCA","ML",2734.933446,"LTER","Before"
"Campus Point SMCA",2007,"Macrocystis pyrifera",0.0624704810477085,0.914780763790665,0.859382366808109,1.06446303662049,"Bio",0,"SMCA","ML",2734.933446,"LTER","Before"
"Campus Point SMCA",2008,"Macrocystis pyrifera",-0.0826882778890469,0.544200848656294,0.591112682696841,0.920638085742772,"Bio",0,"SMCA","ML",2734.933446,"LTER","Before"
"Campus Point SMCA",2009,"Macrocystis pyrifera",0.00944393167973228,0.677157001414427,0.670792079207921,1.00948866631523,"Bio",0,"SMCA","ML",2734.933446,"LTER","Before"
"Campus Point SMCA",2010,"Macrocystis pyrifera",-1.9569234762333,0.0456152758132956,0.322842998585573,0.141292442497262,"Bio",0,"SMCA","ML",2734.933446,"LTER","Before"
"Campus Point SMCA",2011,"Macrocystis pyrifera",-0.0710992108824951,0.552081228531016,0.592762847713343,0.931369485555208,"Bio",0,"SMCA","ML",2734.933446,"LTER","Before"
"Campus Point SMCA",2012,"Macrocystis pyrifera",-1.06088071583438,0.2219135178824,0.641089108910891,0.346150815538571,"Bio",0,"SMCA","ML",2734.933446,"LTER","Before"
"Campus Point SMCA",2013,"Macrocystis pyrifera",0.445193285541549,0.533693675489998,0.341937765205092,1.56079184517654,"Bio",1,"SMCA","ML",2734.933446,"LTER","After"
"Campus Point SMCA",2001,"Macrocystis pyrifera",-1.47112577661565,0.226661951909477,0.986916548797737,0.229666786098173,"Bio",0,"SMCA","ML",2734.933446,"LTER","Before"
"Campus Point SMCA",2002,"Macrocystis pyrifera",-1.25952499060118,0.27050919377652,0.953206034889203,0.283788796834425,"Bio",0,"SMCA","ML",2734.933446,"LTER","Before"
"Campus Point SMCA",2003,"Macrocystis pyrifera",-1.47473166163645,0.232319660537482,1.01520509193777,0.22884012539185,"Bio",0,"SMCA","ML",2734.933446,"LTER","Before"
"Campus Point SMCA",2017,"Macrocystis pyrifera",0.271904767315335,0.763437057991513,0.581683168316832,1.31246200607903,"Bio",5,"SMCA","ML",2734.933446,"LTER","After"
"Campus Point SMCA",2018,"Macrocystis pyrifera",-0.162049059109222,0.643412810668822,0.756600660066007,0.850399483675695,"Bio",6,"SMCA","ML",2734.933446,"LTER","After"
"Campus Point SMCA",2019,"Macrocystis pyrifera",0.268268476758974,0.576934734289755,0.441183404054691,1.3076981794588,"Bio",7,"SMCA","ML",2734.933446,"LTER","After"
"Campus Point SMCA",2020,"Macrocystis pyrifera",0.377965666747614,0.883259244291776,0.605256954266855,1.45931283905967,"Bio",8,"SMCA","ML",2734.933446,"LTER","After"
"Campus Point SMCA",2021,"Macrocystis pyrifera",0.536465828754373,0.458526975146494,0.268151815181518,1.70995290423862,"Bio",9,"SMCA","ML",2734.933446,"LTER","After"
"Campus Point SMCA",2022,"Macrocystis pyrifera",2.01252715817497,0.796373004647403,0.106435643564356,7.48220218319886,"Bio",10,"SMCA","ML",2734.933446,"LTER","After"
"Campus Point SMCA",2023,"Macrocystis pyrifera",1.1122463846143,0.559557486360881,0.183993399339934,3.04118239223941,"Bio",11,"SMCA","ML",2734.933446,"LTER","After"
"Campus Point SMCA",2015,"Macrocystis pyrifera",0.151560165520936,0.745453626995352,0.640617633191891,1.16364831121041,"Bio",3,"SMCA","ML",2734.933446,"LTER","After"
"Campus Point SMCA",2016,"Macrocystis pyrifera",0.569147381822595,0.477924833299656,0.270509193776521,1.76676003734827,"Bio",4,"SMCA","ML",2734.933446,"LTER","After"
"Campus Point SMCA",2014,"Macrocystis pyrifera",0.461027889652051,0.71453829056375,0.450612918434701,1.58570307537088,"Bio",2,"SMCA","ML",2734.933446,"LTER","After"
"Naples SMCA",2010,"Macrocystis pyrifera",1.24800192672409,0.0588082901554404,0.0168825561312608,3.48337595907928,"Den",0,"SMCA","ML",673.8031024,"LTER","Before"
"Naples SMCA",2008,"Macrocystis pyrifera",-1.05631062716675,0.123704663212435,0.355742659758204,0.347736375773759,"Den",0,"SMCA","ML",673.8031024,"LTER","Before"
"Naples SMCA",2009,"Macrocystis pyrifera",-1.77159002649706,0.052979274611399,0.311528497409326,0.17006237006237,"Den",0,"SMCA","ML",673.8031024,"LTER","Before"
"Naples SMCA",2001,"Macrocystis pyrifera",-5.57316746018444,0.00038860103626943,0.102305699481865,0.00379842998227399,"Den",0,"SMCA","ML",673.8031024,"LTER","Before"
"Naples SMCA",2002,"Macrocystis pyrifera",-3.24838703412494,0.0352331606217617,0.907210708117444,0.0388367997715482,"Den",0,"SMCA","ML",673.8031024,"LTER","Before"
"Naples SMCA",2003,"Macrocystis pyrifera",-0.525306341219075,0.591450777202073,1.00012953367876,0.59137417432975,"Den",0,"SMCA","ML",673.8031024,"LTER","Before"
"Naples SMCA",2004,"Macrocystis pyrifera",-0.0764881618297571,0.446502590673575,0.48199481865285,0.926363880677237,"Den",0,"SMCA","ML",673.8031024,"LTER","Before"
"Naples SMCA",2005,"Macrocystis pyrifera",0.531218161844269,0.490544041450777,0.288385146804836,1.70100314418326,"Den",0,"SMCA","ML",673.8031024,"LTER","Before"
"Naples SMCA",2006,"Macrocystis pyrifera",-0.779404948636916,0.207772020725389,0.452979274611399,0.458678867600801,"Den",0,"SMCA","ML",673.8031024,"LTER","Before"
"Naples SMCA",2007,"Macrocystis pyrifera",-0.446769775573246,0.289766839378238,0.452979274611399,0.639691163854733,"Den",0,"SMCA","ML",673.8031024,"LTER","Before"
"Naples SMCA",2021,"Macrocystis pyrifera",0.334378817042094,0.19779792746114,0.141580310880829,1.39707227813358,"Den",9,"SMCA","ML",673.8031024,"LTER","After"
"Naples SMCA",2022,"Macrocystis pyrifera",1.03988700265533,0.160621761658031,0.0567789291882556,2.82889733840304,"Den",10,"SMCA","ML",673.8031024,"LTER","After"
"Naples SMCA",2023,"Macrocystis pyrifera",5.10853950907763,0.25,0.00151122625215889,165.428571428571,"Den",11,"SMCA","ML",673.8031024,"LTER","After"
"Naples SMCA",2011,"Macrocystis pyrifera",-0.858542356675088,0.0490932642487047,0.115846286701209,0.423779351472232,"Den",0,"SMCA","ML",673.8031024,"LTER","Before"
"Naples SMCA",2012,"Macrocystis pyrifera",-0.859587467822274,0.12720207253886,0.300474956822107,0.423336686305504,"Den",0,"SMCA","ML",673.8031024,"LTER","Before"
"Naples SMCA",2013,"Macrocystis pyrifera",-1.52092642486093,0.133549222797927,0.611183074265976,0.218509360649947,"Den",1,"SMCA","ML",673.8031024,"LTER","After"
"Naples SMCA",2014,"Macrocystis pyrifera",1.06233608979015,0.354145077720207,0.12240932642487,2.89312169312169,"Den",2,"SMCA","ML",673.8031024,"LTER","After"
"Naples SMCA",2015,"Macrocystis pyrifera",0.109872889752587,0.564766839378238,0.506001727115717,1.11613618909463,"Den",3,"SMCA","ML",673.8031024,"LTER","After"
"Naples SMCA",2016,"Macrocystis pyrifera",0.694080202953522,0.648186528497409,0.323791018998273,2.00186691558874,"Den",4,"SMCA","ML",673.8031024,"LTER","After"
"Naples SMCA",2017,"Macrocystis pyrifera",0.606213151209317,0.651295336787565,0.355224525043178,1.83347514282241,"Den",5,"SMCA","ML",673.8031024,"LTER","After"
"Naples SMCA",2018,"Macrocystis pyrifera",0.429239788025904,0.498963730569948,0.324827288428325,1.53608932606673,"Den",6,"SMCA","ML",673.8031024,"LTER","After"
"Naples SMCA",2019,"Macrocystis pyrifera",0.665856320324042,0.259067357512953,0.133117443868739,1.94615634122608,"Den",7,"SMCA","ML",673.8031024,"LTER","After"
"Naples SMCA",2020,"Macrocystis pyrifera",-0.255300662948741,0.383160621761658,0.494602763385147,0.774683544303797,"Den",8,"SMCA","ML",673.8031024,"LTER","After"
"Naples SMCA",2001,"Macrocystis pyrifera",-5.57316746018444,0.00038860103626943,0.102305699481865,0.00379842998227399,"Bio",0,"SMCA","ML",673.8031024,"LTER","Before"
"Naples SMCA",2002,"Macrocystis pyrifera",-3.24838703412494,0.0352331606217617,0.907210708117444,0.0388367997715482,"Bio",0,"SMCA","ML",673.8031024,"LTER","Before"
"Naples SMCA",2003,"Macrocystis pyrifera",-0.525306341219075,0.591450777202073,1.00012953367876,0.59137417432975,"Bio",0,"SMCA","ML",673.8031024,"LTER","Before"
"Naples SMCA",2004,"Macrocystis pyrifera",-0.0764881618297571,0.446502590673575,0.48199481865285,0.926363880677237,"Bio",0,"SMCA","ML",673.8031024,"LTER","Before"
"Naples SMCA",2005,"Macrocystis pyrifera",0.531218161844268,0.490544041450777,0.288385146804836,1.70100314418326,"Bio",0,"SMCA","ML",673.8031024,"LTER","Before"
"Naples SMCA",2006,"Macrocystis pyrifera",-0.779404948636916,0.207772020725389,0.452979274611399,0.458678867600801,"Bio",0,"SMCA","ML",673.8031024,"LTER","Before"
"Naples SMCA",2007,"Macrocystis pyrifera",-0.446769775573246,0.289766839378238,0.452979274611399,0.639691163854733,"Bio",0,"SMCA","ML",673.8031024,"LTER","Before"
"Naples SMCA",2008,"Macrocystis pyrifera",-1.05631062716675,0.123704663212435,0.355742659758204,0.347736375773759,"Bio",0,"SMCA","ML",673.8031024,"LTER","Before"
"Naples SMCA",2009,"Macrocystis pyrifera",-1.77159002649706,0.052979274611399,0.311528497409326,0.17006237006237,"Bio",0,"SMCA","ML",673.8031024,"LTER","Before"
"Naples SMCA",2010,"Macrocystis pyrifera",1.24800192672409,0.0588082901554404,0.0168825561312608,3.48337595907928,"Bio",0,"SMCA","ML",673.8031024,"LTER","Before"
"Naples SMCA",2011,"Macrocystis pyrifera",-0.858542356675088,0.0490932642487047,0.115846286701209,0.423779351472232,"Bio",0,"SMCA","ML",673.8031024,"LTER","Before"
"Naples SMCA",2012,"Macrocystis pyrifera",-0.859587467822274,0.12720207253886,0.300474956822107,0.423336686305504,"Bio",0,"SMCA","ML",673.8031024,"LTER","Before"
"Naples SMCA",2013,"Macrocystis pyrifera",-1.52092642486093,0.133549222797927,0.611183074265976,0.218509360649947,"Bio",1,"SMCA","ML",673.8031024,"LTER","After"
"Naples SMCA",2014,"Macrocystis pyrifera",1.06233608979015,0.354145077720207,0.12240932642487,2.89312169312169,"Bio",2,"SMCA","ML",673.8031024,"LTER","After"
"Naples SMCA",2015,"Macrocystis pyrifera",0.109872889752588,0.564766839378238,0.506001727115717,1.11613618909463,"Bio",3,"SMCA","ML",673.8031024,"LTER","After"
"Naples SMCA",2016,"Macrocystis pyrifera",0.694080202953522,0.648186528497409,0.323791018998273,2.00186691558874,"Bio",4,"SMCA","ML",673.8031024,"LTER","After"
"Naples SMCA",2017,"Macrocystis pyrifera",0.606213151209317,0.651295336787565,0.355224525043178,1.83347514282241,"Bio",5,"SMCA","ML",673.8031024,"LTER","After"
"Naples SMCA",2018,"Macrocystis pyrifera",0.429239788025904,0.498963730569948,0.324827288428325,1.53608932606673,"Bio",6,"SMCA","ML",673.8031024,"LTER","After"
"Naples SMCA",2019,"Macrocystis pyrifera",0.665856320324042,0.259067357512953,0.133117443868739,1.94615634122608,"Bio",7,"SMCA","ML",673.8031024,"LTER","After"
"Naples SMCA",2020,"Macrocystis pyrifera",-0.255300662948741,0.383160621761658,0.494602763385147,0.774683544303797,"Bio",8,"SMCA","ML",673.8031024,"LTER","After"
"Naples SMCA",2021,"Macrocystis pyrifera",0.334378817042094,0.19779792746114,0.141580310880829,1.39707227813358,"Bio",9,"SMCA","ML",673.8031024,"LTER","After"
"Naples SMCA",2022,"Macrocystis pyrifera",1.03988700265533,0.160621761658031,0.0567789291882556,2.82889733840304,"Bio",10,"SMCA","ML",673.8031024,"LTER","After"
"Naples SMCA",2023,"Macrocystis pyrifera",5.10853950907763,0.25,0.00151122625215889,165.428571428571,"Bio",11,"SMCA","ML",673.8031024,"LTER","After"
"Campus Point SMCA",2001,"Semicossyphus pulcher",0,0.0612244897959184,0.0612244897959184,1,"Den",0,"SMCA","ML",2734.933446,"LTER","Before"
"Campus Point SMCA",2002,"Semicossyphus pulcher",-1.73460105538811,0.0612244897959184,0.346938775510204,0.176470588235294,"Den",0,"SMCA","ML",2734.933446,"LTER","Before"
"Campus Point SMCA",2003,"Semicossyphus pulcher",0,0.0612244897959184,0.0612244897959184,1,"Den",0,"SMCA","ML",2734.933446,"LTER","Before"
"Campus Point SMCA",2005,"Semicossyphus pulcher",0,0.0612244897959184,0.0612244897959184,1,"Den",0,"SMCA","ML",2734.933446,"LTER","Before"
"Campus Point SMCA",2006,"Semicossyphus pulcher",0,0.0612244897959184,0.0612244897959184,1,"Den",0,"SMCA","ML",2734.933446,"LTER","Before"
"Campus Point SMCA",2007,"Semicossyphus pulcher",-1.20397280432594,0.0612244897959184,0.204081632653061,0.3,"Den",0,"SMCA","ML",2734.933446,"LTER","Before"
"Campus Point SMCA",2008,"Semicossyphus pulcher",0,0.0612244897959184,0.0612244897959184,1,"Den",0,"SMCA","ML",2734.933446,"LTER","Before"
"Campus Point SMCA",2009,"Semicossyphus pulcher",-1.20397280432594,0.0612244897959184,0.204081632653061,0.3,"Den",0,"SMCA","ML",2734.933446,"LTER","Before"
"Campus Point SMCA",2010,"Semicossyphus pulcher",-1.20397280432594,0.0612244897959184,0.204081632653061,0.3,"Den",0,"SMCA","ML",2734.933446,"LTER","Before"
"Campus Point SMCA",2011,"Semicossyphus pulcher",-0.105360515657827,0.183673469387755,0.204081632653061,0.9,"Den",0,"SMCA","ML",2734.933446,"LTER","Before"
"Campus Point SMCA",2012,"Semicossyphus pulcher",-1.20397280432594,0.0612244897959184,0.204081632653061,0.3,"Den",0,"SMCA","ML",2734.933446,"LTER","Before"
"Campus Point SMCA",2013,"Semicossyphus pulcher",-0.105360515657827,0.183673469387755,0.204081632653061,0.9,"Den",1,"SMCA","ML",2734.933446,"LTER","After"
"Campus Point SMCA",2014,"Semicossyphus pulcher",1.09861228866811,0.183673469387755,0.0612244897959184,3,"Den",2,"SMCA","ML",2734.933446,"LTER","After"
"Campus Point SMCA",2015,"Semicossyphus pulcher",-1.20397280432594,0.0612244897959184,0.204081632653061,0.3,"Den",3,"SMCA","ML",2734.933446,"LTER","After"
"Campus Point SMCA",2016,"Semicossyphus pulcher",-2.33537491581704,0.0612244897959184,0.63265306122449,0.0967741935483871,"Den",4,"SMCA","ML",2734.933446,"LTER","After"
"Campus Point SMCA",2017,"Semicossyphus pulcher",-2.33537491581704,0.0612244897959184,0.63265306122449,0.0967741935483871,"Den",5,"SMCA","ML",2734.933446,"LTER","After"
"Campus Point SMCA",2018,"Semicossyphus pulcher",0.462623521948113,0.551020408163265,0.346938775510204,1.58823529411765,"Den",6,"SMCA","ML",2734.933446,"LTER","After"
"Campus Point SMCA",2019,"Semicossyphus pulcher",1.09861228866811,0.183673469387755,0.0612244897959184,3,"Den",7,"SMCA","ML",2734.933446,"LTER","After"
"Campus Point SMCA",2020,"Semicossyphus pulcher",-1.75401914124521,0.183673469387755,1.06122448979592,0.173076923076923,"Den",8,"SMCA","ML",2734.933446,"LTER","After"
"Campus Point SMCA",2021,"Semicossyphus pulcher",-0.635988766719997,0.183673469387755,0.346938775510204,0.529411764705882,"Den",9,"SMCA","ML",2734.933446,"LTER","After"
"Campus Point SMCA",2022,"Semicossyphus pulcher",-1.20397280432594,0.0612244897959184,0.204081632653061,0.3,"Den",10,"SMCA","ML",2734.933446,"LTER","After"
"Campus Point SMCA",2023,"Semicossyphus pulcher",-1.20397280432594,0.0612244897959184,0.204081632653061,0.3,"Den",11,"SMCA","ML",2734.933446,"LTER","After"
"Campus Point SMCA",2005,"Semicossyphus pulcher",0,0.00853445121814684,0.00853445121814684,1,"Bio",0,"SMCA","ML",2734.933446,"LTER","Before"
"Campus Point SMCA",2006,"Semicossyphus pulcher",0,0.00853445121814684,0.00853445121814684,1,"Bio",0,"SMCA","ML",2734.933446,"LTER","Before"
"Campus Point SMCA",2007,"Semicossyphus pulcher",-2.61201850502442,0.00853445121814684,0.116294941276779,0.0733862636194557,"Bio",0,"SMCA","ML",2734.933446,"LTER","Before"
"Campus Point SMCA",2008,"Semicossyphus pulcher",0,0.00853445121814684,0.00853445121814684,1,"Bio",0,"SMCA","ML",2734.933446,"LTER","Before"
"Campus Point SMCA",2009,"Semicossyphus pulcher",-3.30627375262724,0.00853445121814684,0.232847750578066,0.0366524958774962,"Bio",0,"SMCA","ML",2734.933446,"LTER","Before"
"Campus Point SMCA",2010,"Semicossyphus pulcher",-1.59762283795103,0.00853445121814684,0.0421710469488844,0.202377029635794,"Bio",0,"SMCA","ML",2734.933446,"LTER","Before"
"Campus Point SMCA",2011,"Semicossyphus pulcher",2.30343184601709,0.495042413188213,0.0494623411948629,10.0084711161959,"Bio",0,"SMCA","ML",2734.933446,"LTER","Before"
"Campus Point SMCA",2012,"Semicossyphus pulcher",-3.30627375262724,0.00853445121814684,0.232847750578066,0.0366524958774962,"Bio",0,"SMCA","ML",2734.933446,"LTER","Before"
"Campus Point SMCA",2013,"Semicossyphus pulcher",0.36062757719381,0.495042413188213,0.345162687865507,1.43422922173183,"Bio",1,"SMCA","ML",2734.933446,"LTER","After"
"Campus Point SMCA",2014,"Semicossyphus pulcher",3.81541325439272,0.387425786118389,0.00853445121814684,45.3955124020867,"Bio",2,"SMCA","ML",2734.933446,"LTER","After"
"Campus Point SMCA",2001,"Semicossyphus pulcher",0,0.00853445121814684,0.00853445121814684,1,"Bio",0,"SMCA","ML",2734.933446,"LTER","Before"
"Campus Point SMCA",2002,"Semicossyphus pulcher",-4.26855083795179,0.00853445121814684,0.60951398537835,0.0140020597113111,"Bio",0,"SMCA","ML",2734.933446,"LTER","Before"
"Campus Point SMCA",2003,"Semicossyphus pulcher",0,0.00853445121814684,0.00853445121814684,1,"Bio",0,"SMCA","ML",2734.933446,"LTER","Before"
"Campus Point SMCA",2018,"Semicossyphus pulcher",0.321888417643121,0.770351772092578,0.558334831993728,1.37973081375162,"Bio",6,"SMCA","ML",2734.933446,"LTER","After"
"Campus Point SMCA",2019,"Semicossyphus pulcher",3.15821323934373,0.200802993526649,0.00853445121814684,23.528518517943,"Bio",7,"SMCA","ML",2734.933446,"LTER","After"
"Campus Point SMCA",2020,"Semicossyphus pulcher",-2.43822461986513,0.0776664327465637,0.889489562495209,0.0873157325519286,"Bio",8,"SMCA","ML",2734.933446,"LTER","After"
"Campus Point SMCA",2021,"Semicossyphus pulcher",-1.61392922195402,0.200802993526649,1.00853445121815,0.199103752265588,"Bio",9,"SMCA","ML",2734.933446,"LTER","After"
"Campus Point SMCA",2022,"Semicossyphus pulcher",-4.05049568160941,0.00853445121814684,0.490098669898766,0.0174137408287798,"Bio",10,"SMCA","ML",2734.933446,"LTER","After"
"Campus Point SMCA",2023,"Semicossyphus pulcher",-4.72023795044724,0.00853445121814684,0.957522296371345,0.00891305743008727,"Bio",11,"SMCA","ML",2734.933446,"LTER","After"
"Campus Point SMCA",2015,"Semicossyphus pulcher",-1.09861228866811,0.00853445121814684,0.0256033536544405,0.333333333333333,"Bio",3,"SMCA","ML",2734.933446,"LTER","After"
"Campus Point SMCA",2016,"Semicossyphus pulcher",-3.25685986376618,0.00853445121814684,0.221621488542757,0.038509132278932,"Bio",4,"SMCA","ML",2734.933446,"LTER","After"
"Campus Point SMCA",2017,"Semicossyphus pulcher",-3.2265785918453,0.00853445121814684,0.215011098603996,0.0396930729323208,"Bio",5,"SMCA","ML",2734.933446,"LTER","After"
"Naples SMCA",2010,"Semicossyphus pulcher",3.27714473299218,0.263681592039801,0.0099502487562189,26.5,"Den",0,"SMCA","ML",673.8031024,"LTER","Before"
"Naples SMCA",2007,"Semicossyphus pulcher",1.92181259747625,0.203980099502488,0.0298507462686567,6.83333333333333,"Den",0,"SMCA","ML",673.8031024,"LTER","Before"
"Naples SMCA",2008,"Semicossyphus pulcher",1.57553636075842,0.144278606965174,0.0298507462686567,4.83333333333333,"Den",0,"SMCA","ML",673.8031024,"LTER","Before"
"Naples SMCA",2009,"Semicossyphus pulcher",2.058388132482,0.233830845771144,0.0298507462686567,7.83333333333333,"Den",0,"SMCA","ML",673.8031024,"LTER","Before"
"Naples SMCA",2001,"Semicossyphus pulcher",1.61882765278394,0.532338308457711,0.10547263681592,5.04716981132075,"Den",0,"SMCA","ML",673.8031024,"LTER","Before"
"Naples SMCA",2002,"Semicossyphus pulcher",3.25166564769119,0.771144278606965,0.0298507462686567,25.8333333333333,"Den",0,"SMCA","ML",673.8031024,"LTER","Before"
"Naples SMCA",2003,"Semicossyphus pulcher",3.48124008933569,0.323383084577114,0.0099502487562189,32.5,"Den",0,"SMCA","ML",673.8031024,"LTER","Before"
"Naples SMCA",2004,"Semicossyphus pulcher",2.77258872223978,0.159203980099502,0.0099502487562189,16,"Den",0,"SMCA","ML",673.8031024,"LTER","Before"
"Naples SMCA",2005,"Semicossyphus pulcher",3.09104245335832,0.218905472636816,0.0099502487562189,22,"Den",0,"SMCA","ML",673.8031024,"LTER","Before"
"Naples SMCA",2006,"Semicossyphus pulcher",2.94443897916644,0.189054726368159,0.0099502487562189,19,"Den",0,"SMCA","ML",673.8031024,"LTER","Before"
"Naples SMCA",2020,"Semicossyphus pulcher",0.946143695023836,0.845771144278607,0.328358208955224,2.57575757575758,"Den",8,"SMCA","ML",673.8031024,"LTER","After"
"Naples SMCA",2021,"Semicossyphus pulcher",1.56397553835734,0.427860696517413,0.0895522388059701,4.77777777777778,"Den",9,"SMCA","ML",673.8031024,"LTER","After"
"Naples SMCA",2022,"Semicossyphus pulcher",1.91481956198528,0.472636815920398,0.0696517412935323,6.78571428571429,"Den",10,"SMCA","ML",673.8031024,"LTER","After"
"Naples SMCA",2023,"Semicossyphus pulcher",2.96183072187831,0.577114427860696,0.0298507462686567,19.3333333333333,"Den",11,"SMCA","ML",673.8031024,"LTER","After"
"Naples SMCA",2011,"Semicossyphus pulcher",2.67414864942653,0.144278606965174,0.0099502487562189,14.5,"Den",0,"SMCA","ML",673.8031024,"LTER","Before"
"Naples SMCA",2012,"Semicossyphus pulcher",3.2188758248682,0.248756218905473,0.0099502487562189,25,"Den",0,"SMCA","ML",673.8031024,"LTER","Before"
"Naples SMCA",2013,"Semicossyphus pulcher",2.23359222150709,0.278606965174129,0.0298507462686567,9.33333333333333,"Den",1,"SMCA","ML",673.8031024,"LTER","After"
"Naples SMCA",2014,"Semicossyphus pulcher",2.77258872223978,0.159203980099502,0.0099502487562189,16,"Den",2,"SMCA","ML",673.8031024,"LTER","After"
"Naples SMCA",2015,"Semicossyphus pulcher",2.8233610476132,0.502487562189055,0.0298507462686567,16.8333333333333,"Den",3,"SMCA","ML",673.8031024,"LTER","After"
"Naples SMCA",2016,"Semicossyphus pulcher",1.57553636075842,1.00995024875622,0.208955223880597,4.83333333333333,"Den",4,"SMCA","ML",673.8031024,"LTER","After"
"Naples SMCA",2017,"Semicossyphus pulcher",2.00533356952611,0.517412935323383,0.0696517412935323,7.42857142857143,"Den",5,"SMCA","ML",673.8031024,"LTER","After"
"Naples SMCA",2018,"Semicossyphus pulcher",1.61710078517967,0.651741293532338,0.129353233830846,5.03846153846154,"Den",6,"SMCA","ML",673.8031024,"LTER","After"
"Naples SMCA",2019,"Semicossyphus pulcher",0.0789884113186305,0.786069651741294,0.72636815920398,1.08219178082192,"Den",7,"SMCA","ML",673.8031024,"LTER","After"
"Naples SMCA",2001,"Semicossyphus pulcher",0.61718985220752,0.217436064887627,0.117297682750719,1.85371151235547,"Bio",0,"SMCA","ML",673.8031024,"LTER","Before"
"Naples SMCA",2002,"Semicossyphus pulcher",2.2648860672441,0.250973148648364,0.0260615197846027,9.6300273630489,"Bio",0,"SMCA","ML",673.8031024,"LTER","Before"
"Naples SMCA",2003,"Semicossyphus pulcher",7.1063402382656,0.118773474661196,9.73811972650308e-05,1219.67564578144,"Bio",0,"SMCA","ML",673.8031024,"LTER","Before"
"Naples SMCA",2004,"Semicossyphus pulcher",6.09379937442238,0.043149776628698,9.73811972650308e-05,443.101726417086,"Bio",0,"SMCA","ML",673.8031024,"LTER","Before"
"Naples SMCA",2005,"Semicossyphus pulcher",7.18256593603997,0.128181060877713,9.73811972650308e-05,1316.28142267401,"Bio",0,"SMCA","ML",673.8031024,"LTER","Before"
"Naples SMCA",2006,"Semicossyphus pulcher",7.09113153391798,0.11698075105768,9.73811972650308e-05,1201.26630543787,"Bio",0,"SMCA","ML",673.8031024,"LTER","Before"
"Naples SMCA",2007,"Semicossyphus pulcher",1.6651351912527,0.0919761063513307,0.0173986677725354,5.28638787485323,"Bio",0,"SMCA","ML",673.8031024,"LTER","Before"
"Naples SMCA",2008,"Semicossyphus pulcher",3.68986927702627,0.0956541237552408,0.00238898724887417,40.0396125179481,"Bio",0,"SMCA","ML",673.8031024,"LTER","Before"
"Naples SMCA",2009,"Semicossyphus pulcher",6.30880510997097,0.160500212267685,0.000292143591795093,549.388098097523,"Bio",0,"SMCA","ML",673.8031024,"LTER","Before"
"Naples SMCA",2010,"Semicossyphus pulcher",7.76648950078416,0.229836311691349,9.73811972650308e-05,2360.17134874436,"Bio",0,"SMCA","ML",673.8031024,"LTER","Before"
"Naples SMCA",2011,"Semicossyphus pulcher",7.01970809044397,0.10891698177153,9.73811972650308e-05,1118.46008090354,"Bio",0,"SMCA","ML",673.8031024,"LTER","Before"
"Naples SMCA",2012,"Semicossyphus pulcher",7.86170835062304,0.252796853878211,9.73811972650308e-05,2595.95138464157,"Bio",0,"SMCA","ML",673.8031024,"LTER","Before"
"Naples SMCA",2013,"Semicossyphus pulcher",2.92348318812813,0.246955210993481,0.0132728925343024,18.6059828598213,"Bio",1,"SMCA","ML",673.8031024,"LTER","After"
"Naples SMCA",2014,"Semicossyphus pulcher",7.81174043739373,0.240475521789295,9.73811972650308e-05,2469.42457623335,"Bio",2,"SMCA","ML",673.8031024,"LTER","After"
"Naples SMCA",2015,"Semicossyphus pulcher",5.72646588868748,0.234904066070166,0.000765452063214877,306.882791697727,"Bio",3,"SMCA","ML",673.8031024,"LTER","After"
"Naples SMCA",2016,"Semicossyphus pulcher",2.03473559360135,0.403640854277298,0.0527619303431318,7.65022908851629,"Bio",4,"SMCA","ML",673.8031024,"LTER","After"
"Naples SMCA",2017,"Semicossyphus pulcher",3.95564847806377,0.410297782574975,0.00785566334554792,52.2295526841161,"Bio",5,"SMCA","ML",673.8031024,"LTER","After"
"Naples SMCA",2018,"Semicossyphus pulcher",1.56380643412703,0.167906793763072,0.0351492257957615,4.77696990365343,"Bio",6,"SMCA","ML",673.8031024,"LTER","After"
"Naples SMCA",2019,"Semicossyphus pulcher",1.17322964545494,0.87988268615894,0.272205948105948,3.23241535418789,"Bio",7,"SMCA","ML",673.8031024,"LTER","After"
"Naples SMCA",2020,"Semicossyphus pulcher",1.70603578013548,1.00009738119727,0.181601890308843,5.50708684527698,"Bio",8,"SMCA","ML",673.8031024,"LTER","After"
"Naples SMCA",2021,"Semicossyphus pulcher",1.75894850290209,0.56637385016297,0.0975442254884405,5.80632884547418,"Bio",9,"SMCA","ML",673.8031024,"LTER","After"
"Naples SMCA",2022,"Semicossyphus pulcher",2.49970836549797,0.633174768567393,0.0519893096723307,12.1789416431581,"Bio",10,"SMCA","ML",673.8031024,"LTER","After"
"Naples SMCA",2023,"Semicossyphus pulcher",4.42150249527253,0.738748643056544,0.0088769252075938,83.221230975854,"Bio",11,"SMCA","ML",673.8031024,"LTER","After"
"Anacapa Island SMR 2003",2006,"Semicossyphus pulcher",-1.0055218656021,0.075,0.205,0.365853658536585,"Den",3,"SMR","C",NA,"KFM","After"
"Anacapa Island SMR 2003",2005,"Semicossyphus pulcher",-0.635988766719997,0.045,0.085,0.529411764705882,"Den",2,"SMR","C",NA,"KFM","After"
"Anacapa Island SMR 2003",2010,"Semicossyphus pulcher",-1.51634748936809,0.045,0.205,0.219512195121951,"Den",7,"SMR","C",NA,"KFM","After"
"Anacapa Island SMR 2003",2007,"Semicossyphus pulcher",-2.33537491581704,0.015,0.155,0.0967741935483871,"Den",4,"SMR","C",NA,"KFM","After"
"Anacapa Island SMR 2003",2008,"Semicossyphus pulcher",0,0.045,0.045,1,"Den",5,"SMR","C",NA,"KFM","After"
"Anacapa Island SMR 2003",2009,"Semicossyphus pulcher",-0.264692554227082,0.165,0.215,0.767441860465116,"Den",6,"SMR","C",NA,"KFM","After"
"Anacapa Island SMR 2003",2014,"Semicossyphus pulcher",0.944461608840851,0.18,0.07,2.57142857142857,"Den",11,"SMR","C",NA,"KFM","After"
"Anacapa Island SMR 2003",2011,"Semicossyphus pulcher",-0.138150338480817,0.135,0.155,0.870967741935484,"Den",8,"SMR","C",NA,"KFM","After"
"Anacapa Island SMR 2003",2012,"Semicossyphus pulcher",-0.105360515657826,0.045,0.05,0.9,"Den",9,"SMR","C",NA,"KFM","After"
"Anacapa Island SMR 2003",2013,"Semicossyphus pulcher",1.75785791755237,0.435,0.075,5.8,"Den",10,"SMR","C",NA,"KFM","After"
"Anacapa Island SMR 2003",2018,"Semicossyphus pulcher",0.38193461069797,0.315,0.215,1.46511627906977,"Den",15,"SMR","C",NA,"KFM","After"
"Anacapa Island SMR 2003",2019,"Semicossyphus pulcher",-0.251314428280906,0.105,0.135,0.777777777777778,"Den",16,"SMR","C",NA,"KFM","After"
"Anacapa Island SMR 2003",2021,"Semicossyphus pulcher",1.09861228866811,0.165,0.055,3,"Den",18,"SMR","C",NA,"KFM","After"
"Anacapa Island SMR 2003",2022,"Semicossyphus pulcher",0.646627164925053,0.315,0.165,1.90909090909091,"Den",19,"SMR","C",NA,"KFM","After"
"Anacapa Island SMR 2003",2009,"Semicossyphus pulcher",-0.435259098562187,0.191753171856978,0.296328335255671,0.647096983457671,"RD",6,"SMR","C",NA,"KFM","After"
"Anacapa Island SMR 2003",2010,"Semicossyphus pulcher",0.0979421301156393,0.269031141868512,0.243930905695612,1.10289895862651,"RD",7,"SMR","C",NA,"KFM","After"
"Anacapa Island SMR 2003",2011,"Semicossyphus pulcher",0.836453173447414,0.32439446366782,0.140542099192618,2.3081657775954,"RD",8,"SMR","C",NA,"KFM","After"
"Anacapa Island SMR 2003",2012,"Semicossyphus pulcher",-0.0161630939617108,0.136851211072664,0.139081122645136,0.983966827919834,"RD",9,"SMR","C",NA,"KFM","After"
"Anacapa Island SMR 2003",2013,"Semicossyphus pulcher",0.978262632745651,0.296712802768166,0.111553248750481,2.65983112183353,"RD",10,"SMR","C",NA,"KFM","After"
"Anacapa Island SMR 2003",2014,"Semicossyphus pulcher",0.629159471884661,0.19636678200692,0.104671280276817,1.87603305785124,"RD",11,"SMR","C",NA,"KFM","After"
"Anacapa Island SMR 2003",2015,"Semicossyphus pulcher",0.375612144958483,0.495,0.34,1.45588235294118,"Den",12,"SMR","C",NA,"KFM","After"
"Anacapa Island SMR 2003",2016,"Semicossyphus pulcher",-0.407931200603358,0.675,1.015,0.665024630541872,"Den",13,"SMR","C",NA,"KFM","After"
"Anacapa Island SMR 2003",2017,"Semicossyphus pulcher",0.439366659783846,0.675,0.435,1.55172413793103,"Den",14,"SMR","C",NA,"KFM","After"
"Anacapa Island SMR 2003",2005,"Semicossyphus pulcher",-0.082303721493878,0.11562860438293,0.125547866205306,0.920992191088654,"RD",2,"SMR","C",NA,"KFM","After"
"Anacapa Island SMR 2003",2006,"Semicossyphus pulcher",-0.574901074740159,0.0700692041522491,0.124509803921569,0.56276053728578,"RD",3,"SMR","C",NA,"KFM","After"
"Anacapa Island SMR 2003",2007,"Semicossyphus pulcher",-0.568768659066357,0.078719723183391,0.13902619871478,0.566222222222222,"RD",4,"SMR","C",NA,"KFM","After"
"Anacapa Island SMR 2003",2008,"Semicossyphus pulcher",-0.16034265007518,0.152537485582468,0.179065743944637,0.851851851851852,"RD",5,"SMR","C",NA,"KFM","After"
"Anacapa Island SMR 2003",2017,"Semicossyphus pulcher",0.2352623346897,1.02335640138408,0.808823529411765,1.26524064171123,"RD",14,"SMR","C",NA,"KFM","After"
"Anacapa Island SMR 2003",2018,"Semicossyphus pulcher",-0.744506903210532,0.325547866205306,0.685409457900807,0.474968447623054,"RD",15,"SMR","C",NA,"KFM","After"
"Anacapa Island SMR 2003",2015,"Semicossyphus pulcher",-0.0392484028624026,0.400519031141868,0.416551326412918,0.961511837186765,"RD",12,"SMR","C",NA,"KFM","After"
"Anacapa Island SMR 2003",2016,"Semicossyphus pulcher",-0.125960859009408,0.807670126874279,0.916089965397924,0.881649354737173,"RD",13,"SMR","C",NA,"KFM","After"
"Anacapa Island SMR 2003",2019,"Semicossyphus pulcher",-0.0834512322768221,0.331314878892733,0.360149942329873,0.919935948759007,"RD",16,"SMR","C",NA,"KFM","After"
"Anacapa Island SMR 2003",2022,"Semicossyphus pulcher",0.680193881997664,0.493944636678201,0.250192233756248,1.97426046868997,"RD",19,"SMR","C",NA,"KFM","After"
"Gull Island SMR",1986,"Semicossyphus pulcher",0.302280871872934,0.410714285714286,0.303571428571429,1.35294117647059,"Den",0,"SMR","C",5162.300775,"KFM","Before"
"Gull Island SMR",1987,"Semicossyphus pulcher",0.22314355131421,0.267857142857143,0.214285714285714,1.25,"Den",0,"SMR","C",5162.300775,"KFM","Before"
"Gull Island SMR",1990,"Semicossyphus pulcher",-0.182321556793955,0.0892857142857143,0.107142857142857,0.833333333333333,"Den",0,"SMR","C",5162.300775,"KFM","Before"
"Gull Island SMR",1991,"Semicossyphus pulcher",-0.251314428280906,0.125,0.160714285714286,0.777777777777778,"Den",0,"SMR","C",5162.300775,"KFM","Before"
"Gull Island SMR",1988,"Semicossyphus pulcher",0.980829253011726,0.428571428571428,0.160714285714286,2.66666666666667,"Den",0,"SMR","C",5162.300775,"KFM","Before"
"Gull Island SMR",1989,"Semicossyphus pulcher",0.117783035656383,0.321428571428571,0.285714285714286,1.125,"Den",0,"SMR","C",5162.300775,"KFM","Before"
"Gull Island SMR",2003,"Semicossyphus pulcher",1.35812348415319,0.103919239904988,0.0267220902612827,3.88888888888889,"RD",0,"SMR","C",5162.300775,"KFM","Before"
"Gull Island SMR",2004,"Semicossyphus pulcher",0.298492988555997,0.092042755344418,0.0682897862232779,1.34782608695652,"RD",1,"SMR","C",5162.300775,"KFM","After"
"Gull Island SMR",2005,"Semicossyphus pulcher",0.553385238184787,0.118764845605701,0.0682897862232779,1.73913043478261,"RD",2,"SMR","C",5162.300775,"KFM","After"
"Gull Island SMR",2006,"Semicossyphus pulcher",0.451450221349988,0.15855106888361,0.100950118764846,1.57058823529412,"RD",3,"SMR","C",5162.300775,"KFM","After"
"Gull Island SMR",2007,"Semicossyphus pulcher",1.39372933960741,0.267220902612827,0.0663103721298496,4.02985074626866,"RD",4,"SMR","C",5162.300775,"KFM","After"
"Gull Island SMR",2008,"Semicossyphus pulcher",0.906721280858004,0.308788598574822,0.124703087885986,2.47619047619048,"RD",5,"SMR","C",5162.300775,"KFM","After"
"Gull Island SMR",2009,"Semicossyphus pulcher",0.574285977683216,0.305819477434679,0.172209026128266,1.77586206896552,"RD",6,"SMR","C",5162.300775,"KFM","After"
"Gull Island SMR",2010,"Semicossyphus pulcher",0.69473322371558,0.374703087885986,0.187054631828979,2.0031746031746,"RD",7,"SMR","C",5162.300775,"KFM","After"
"Gull Island SMR",1992,"Semicossyphus pulcher",-0.318453731118535,0.142857142857143,0.196428571428571,0.727272727272727,"Den",0,"SMR","C",5162.300775,"KFM","Before"
"Gull Island SMR",1993,"Semicossyphus pulcher",0.125163142954006,0.303571428571429,0.267857142857143,1.13333333333333,"Den",0,"SMR","C",5162.300775,"KFM","Before"
"Gull Island SMR",1994,"Semicossyphus pulcher",0.200670695462151,0.196428571428571,0.160714285714286,1.22222222222222,"Den",0,"SMR","C",5162.300775,"KFM","Before"
"Gull Island SMR",1995,"Semicossyphus pulcher",0.965080896043587,0.375,0.142857142857143,2.625,"Den",0,"SMR","C",5162.300775,"KFM","Before"
"Gull Island SMR",1996,"Semicossyphus pulcher",1.48807705542983,0.553571428571429,0.125,4.42857142857143,"Den",0,"SMR","C",5162.300775,"KFM","Before"
"Gull Island SMR",1997,"Semicossyphus pulcher",1.09861228866811,0.160714285714286,0.0535714285714286,3,"Den",0,"SMR","C",5162.300775,"KFM","Before"
"Gull Island SMR",1998,"Semicossyphus pulcher",1.60070423246535,0.678571428571429,0.136904761904762,4.95652173913044,"Den",0,"SMR","C",5162.300775,"KFM","Before"
"Gull Island SMR",1999,"Semicossyphus pulcher",-0.100083458556983,0.339285714285714,0.375,0.904761904761905,"Den",0,"SMR","C",5162.300775,"KFM","Before"
"Gull Island SMR",2000,"Semicossyphus pulcher",0.2708749541354,0.351190476190476,0.267857142857143,1.31111111111111,"Den",0,"SMR","C",5162.300775,"KFM","Before"
"Gull Island SMR",2001,"Semicossyphus pulcher",0.78845736036427,0.392857142857143,0.178571428571429,2.2,"Den",0,"SMR","C",5162.300775,"KFM","Before"
"Gull Island SMR",2002,"Semicossyphus pulcher",0.405465108108164,0.160714285714286,0.107142857142857,1.5,"Den",0,"SMR","C",5162.300775,"KFM","Before"
"Gull Island SMR",2003,"Semicossyphus pulcher",2.07944154167984,0.142857142857143,0.0178571428571429,8,"Den",0,"SMR","C",5162.300775,"KFM","Before"
"Gull Island SMR",2004,"Semicossyphus pulcher",0.154150679827258,0.125,0.107142857142857,1.16666666666667,"Den",1,"SMR","C",5162.300775,"KFM","After"
"Gull Island SMR",2005,"Semicossyphus pulcher",0.619039208406224,0.232142857142857,0.125,1.85714285714286,"Den",2,"SMR","C",5162.300775,"KFM","After"
"Gull Island SMR",2006,"Semicossyphus pulcher",-0.435318071257845,0.196428571428571,0.303571428571429,0.647058823529412,"Den",3,"SMR","C",5162.300775,"KFM","After"
"Gull Island SMR",2007,"Semicossyphus pulcher",0.606135803570316,0.196428571428571,0.107142857142857,1.83333333333333,"Den",4,"SMR","C",5162.300775,"KFM","After"
"Gull Island SMR",2008,"Semicossyphus pulcher",1.17007125265025,0.517857142857143,0.160714285714286,3.22222222222222,"Den",5,"SMR","C",5162.300775,"KFM","After"
"Gull Island SMR",2009,"Semicossyphus pulcher",0.451985123743057,0.589285714285714,0.375,1.57142857142857,"Den",6,"SMR","C",5162.300775,"KFM","After"
"Gull Island SMR",2010,"Semicossyphus pulcher",1.42138568093116,0.517857142857143,0.125,4.14285714285714,"Den",7,"SMR","C",5162.300775,"KFM","After"
"Gull Island SMR",2011,"Semicossyphus pulcher",0.51082562376599,0.446428571428571,0.267857142857143,1.66666666666667,"Den",8,"SMR","C",5162.300775,"KFM","After"
"Gull Island SMR",2012,"Semicossyphus pulcher",0.435318071257845,0.303571428571429,0.196428571428571,1.54545454545455,"Den",9,"SMR","C",5162.300775,"KFM","After"
"Gull Island SMR",2013,"Semicossyphus pulcher",2.03688192726104,0.410714285714286,0.0535714285714286,7.66666666666667,"Den",10,"SMR","C",5162.300775,"KFM","After"
"Gull Island SMR",2014,"Semicossyphus pulcher",0.646627164925052,0.375,0.196428571428571,1.90909090909091,"Den",11,"SMR","C",5162.300775,"KFM","After"
"Gull Island SMR",2015,"Semicossyphus pulcher",0.756326082181477,0.875,0.410714285714286,2.1304347826087,"Den",12,"SMR","C",5162.300775,"KFM","After"
"Gull Island SMR",2016,"Semicossyphus pulcher",0.192903666124492,1.01785714285714,0.839285714285714,1.21276595744681,"Den",13,"SMR","C",5162.300775,"KFM","After"
"Gull Island SMR",2017,"Semicossyphus pulcher",0.392042087776024,0.660714285714286,0.446428571428571,1.48,"Den",14,"SMR","C",5162.300775,"KFM","After"
"Gull Island SMR",2018,"Semicossyphus pulcher",0.298492988555997,0.553571428571429,0.410714285714286,1.34782608695652,"Den",15,"SMR","C",5162.300775,"KFM","After"
"Gull Island SMR",2019,"Semicossyphus pulcher",0.534082485930258,0.517857142857143,0.303571428571429,1.70588235294118,"Den",16,"SMR","C",5162.300775,"KFM","After"
"Gull Island SMR",2021,"Semicossyphus pulcher",0.167054084663166,0.232142857142857,0.196428571428571,1.18181818181818,"Den",18,"SMR","C",5162.300775,"KFM","After"
"Gull Island SMR",2022,"Semicossyphus pulcher",0.111225635110224,0.339285714285714,0.303571428571429,1.11764705882353,"Den",19,"SMR","C",5162.300775,"KFM","After"
"Gull Island SMR",2014,"Semicossyphus pulcher",0.620309856607679,0.222684085510689,0.119754552652415,1.85950413223141,"RD",11,"SMR","C",5162.300775,"KFM","After"
"Gull Island SMR",2015,"Semicossyphus pulcher",-0.0897699994287095,0.537410926365796,0.587885985748218,0.914141414141414,"RD",12,"SMR","C",5162.300775,"KFM","After"
"Gull Island SMR",2016,"Semicossyphus pulcher",-0.188580064557543,0.835510688836104,1.00890736342043,0.828134196586227,"RD",13,"SMR","C",5162.300775,"KFM","After"
"Gull Island SMR",2017,"Semicossyphus pulcher",1.06224464449723,0.721496437054632,0.249406175771972,2.89285714285714,"RD",14,"SMR","C",5162.300775,"KFM","After"
"Gull Island SMR",2018,"Semicossyphus pulcher",0.46436981152748,0.700712589073634,0.440419635787807,1.59101123595506,"RD",15,"SMR","C",5162.300775,"KFM","After"
"Gull Island SMR",2019,"Semicossyphus pulcher",0.0940640737240775,0.396872525732383,0.361243072050673,1.0986301369863,"RD",16,"SMR","C",5162.300775,"KFM","After"
"Gull Island SMR",2022,"Semicossyphus pulcher",1.67719290466251,0.513657957244656,0.0960015835312747,5.35051546391753,"RD",19,"SMR","C",5162.300775,"KFM","After"
"Gull Island SMR",2012,"Semicossyphus pulcher",-0.162859007719043,0.145486935866983,0.171219319081552,0.84971098265896,"RD",9,"SMR","C",5162.300775,"KFM","After"
"Gull Island SMR",2013,"Semicossyphus pulcher",1.65010895216503,0.273159144893112,0.0524544734758512,5.20754716981132,"RD",10,"SMR","C",5162.300775,"KFM","After"
"Gull Island SMR",2011,"Semicossyphus pulcher",0.187133113791177,0.222684085510689,0.184679334916865,1.20578778135048,"RD",8,"SMR","C",5162.300775,"KFM","After"
"Harris Point SMR",1994,"Semicossyphus pulcher",-2.70805020110221,0.0192307692307692,0.288461538461538,0.0666666666666667,"Den",0,"SMR","C",6577.874855,"KFM","Before"
"Harris Point SMR",1992,"Semicossyphus pulcher",-0.336472236621213,0.288461538461538,0.403846153846154,0.714285714285714,"Den",0,"SMR","C",6577.874855,"KFM","Before"
"Harris Point SMR",1993,"Semicossyphus pulcher",-2.39789527279837,0.0192307692307692,0.211538461538462,0.0909090909090909,"Den",0,"SMR","C",6577.874855,"KFM","Before"
"Harris Point SMR",1985,"Semicossyphus pulcher",3.2188758248682,0.480769230769231,0.0192307692307692,25,"Den",0,"SMR","C",6577.874855,"KFM","Before"
"Harris Point SMR",1986,"Semicossyphus pulcher",1.6094379124341,0.0961538461538462,0.0192307692307692,5,"Den",0,"SMR","C",6577.874855,"KFM","Before"
"Harris Point SMR",1987,"Semicossyphus pulcher",0.955511445027436,0.25,0.0961538461538462,2.6,"Den",0,"SMR","C",6577.874855,"KFM","Before"
"Harris Point SMR",1988,"Semicossyphus pulcher",2.87167962488401,1.01923076923077,0.0576923076923077,17.6666666666667,"Den",0,"SMR","C",6577.874855,"KFM","Before"
"Harris Point SMR",1989,"Semicossyphus pulcher",-1.6094379124341,0.0192307692307692,0.0961538461538462,0.2,"Den",0,"SMR","C",6577.874855,"KFM","Before"
"Harris Point SMR",1990,"Semicossyphus pulcher",-1.46633706879343,0.0576923076923077,0.25,0.230769230769231,"Den",0,"SMR","C",6577.874855,"KFM","Before"
"Harris Point SMR",1991,"Semicossyphus pulcher",0.143100843640674,0.288461538461538,0.25,1.15384615384615,"Den",0,"SMR","C",6577.874855,"KFM","Before"
"Harris Point SMR",2005,"Semicossyphus pulcher",1.6094379124341,0.0961538461538461,0.0192307692307692,5,"Den",2,"SMR","C",6577.874855,"KFM","After"
"Harris Point SMR",2006,"Semicossyphus pulcher",1.46633706879343,0.25,0.0576923076923077,4.33333333333333,"Den",3,"SMR","C",6577.874855,"KFM","After"
"Harris Point SMR",2007,"Semicossyphus pulcher",0,0.0961538461538462,0.0961538461538462,1,"Den",4,"SMR","C",6577.874855,"KFM","After"
"Harris Point SMR",2008,"Semicossyphus pulcher",1.73460105538811,0.326923076923077,0.0576923076923077,5.66666666666667,"Den",5,"SMR","C",6577.874855,"KFM","After"
"Harris Point SMR",2009,"Semicossyphus pulcher",0.251314428280906,0.173076923076923,0.134615384615385,1.28571428571429,"Den",6,"SMR","C",6577.874855,"KFM","After"
"Harris Point SMR",2010,"Semicossyphus pulcher",-1.09861228866811,0.0192307692307692,0.0576923076923077,0.333333333333333,"Den",7,"SMR","C",6577.874855,"KFM","After"
"Harris Point SMR",2011,"Semicossyphus pulcher",0.510825623765991,0.0961538461538461,0.0576923076923077,1.66666666666667,"Den",8,"SMR","C",6577.874855,"KFM","After"
"Harris Point SMR",2012,"Semicossyphus pulcher",-1.6094379124341,0.0192307692307692,0.0961538461538462,0.2,"Den",9,"SMR","C",6577.874855,"KFM","After"
"Harris Point SMR",2013,"Semicossyphus pulcher",1.6094379124341,0.0961538461538461,0.0192307692307692,5,"Den",10,"SMR","C",6577.874855,"KFM","After"
"Harris Point SMR",2014,"Semicossyphus pulcher",-2.39789527279837,0.0192307692307692,0.211538461538462,0.0909090909090909,"Den",11,"SMR","C",6577.874855,"KFM","After"
"Harris Point SMR",2015,"Semicossyphus pulcher",-0.955511445027436,0.0961538461538461,0.25,0.384615384615385,"Den",12,"SMR","C",6577.874855,"KFM","After"
"Harris Point SMR",2016,"Semicossyphus pulcher",-3.2188758248682,0.0192307692307692,0.480769230769231,0.04,"Den",13,"SMR","C",6577.874855,"KFM","After"
"Harris Point SMR",2017,"Semicossyphus pulcher",-0.587786664902119,0.0961538461538461,0.173076923076923,0.555555555555556,"Den",14,"SMR","C",6577.874855,"KFM","After"
"Harris Point SMR",2018,"Semicossyphus pulcher",-0.955511445027436,0.0961538461538462,0.25,0.384615384615385,"Den",15,"SMR","C",6577.874855,"KFM","After"
"Harris Point SMR",2019,"Semicossyphus pulcher",-1.09861228866811,0.0192307692307692,0.0576923076923077,0.333333333333333,"Den",16,"SMR","C",6577.874855,"KFM","After"
"Harris Point SMR",2021,"Semicossyphus pulcher",-2.39789527279837,0.0192307692307692,0.211538461538462,0.0909090909090909,"Den",18,"SMR","C",6577.874855,"KFM","After"
"Harris Point SMR",2022,"Semicossyphus pulcher",-0.587786664902119,0.0961538461538461,0.173076923076923,0.555555555555555,"Den",19,"SMR","C",6577.874855,"KFM","After"
"Harris Point SMR",2022,"Semicossyphus pulcher",-0.474457979595116,0.53639846743295,0.862068965517241,0.622222222222222,"RD",19,"SMR","C",6577.874855,"KFM","After"
"Harris Point SMR",1996,"Semicossyphus pulcher",-0.200670695462151,0.173076923076923,0.211538461538462,0.818181818181818,"Den",0,"SMR","C",6577.874855,"KFM","Before"
"Harris Point SMR",1997,"Semicossyphus pulcher",-2.19722457733622,0.0192307692307692,0.173076923076923,0.111111111111111,"Den",0,"SMR","C",6577.874855,"KFM","Before"
"Harris Point SMR",1998,"Semicossyphus pulcher",-1.43508452528932,0.0961538461538461,0.403846153846154,0.238095238095238,"Den",0,"SMR","C",6577.874855,"KFM","Before"
"Harris Point SMR",1999,"Semicossyphus pulcher",-1.11022302462516e-16,0.211538461538462,0.211538461538462,1,"Den",0,"SMR","C",6577.874855,"KFM","Before"
"Harris Point SMR",2000,"Semicossyphus pulcher",-0.78845736036427,0.0961538461538461,0.211538461538462,0.454545454545455,"Den",0,"SMR","C",6577.874855,"KFM","Before"
"Harris Point SMR",2001,"Semicossyphus pulcher",0,0.134615384615385,0.134615384615385,1,"Den",0,"SMR","C",6577.874855,"KFM","Before"
"Harris Point SMR",2002,"Semicossyphus pulcher",0,0.0192307692307692,0.0192307692307692,1,"Den",0,"SMR","C",6577.874855,"KFM","Before"
"Harris Point SMR",2003,"Semicossyphus pulcher",2.56494935746154,0.25,0.0192307692307692,13,"Den",0,"SMR","C",6577.874855,"KFM","Before"
"Harris Point SMR",2004,"Semicossyphus pulcher",2.39789527279837,0.211538461538462,0.0192307692307692,11,"Den",1,"SMR","C",6577.874855,"KFM","After"
"Harris Point SMR",2003,"Semicossyphus pulcher",0.779475264048443,0.145593869731801,0.066776135741653,2.18032786885246,"RD",0,"SMR","C",6577.874855,"KFM","Before"
"Harris Point SMR",2004,"Semicossyphus pulcher",0.45953232937844,0.145593869731801,0.0919540229885057,1.58333333333333,"RD",1,"SMR","C",6577.874855,"KFM","After"
"Harris Point SMR",2005,"Semicossyphus pulcher",0.693147180559945,0.268199233716475,0.134099616858238,2,"RD",2,"SMR","C",6577.874855,"KFM","After"
"Harris Point SMR",1995,"Semicossyphus pulcher",1.09861228866811,0.288461538461538,0.0961538461538462,3,"Den",0,"SMR","C",6577.874855,"KFM","Before"
"Harris Point SMR",2007,"Semicossyphus pulcher",-1.0857088838322,0.0996168582375479,0.295019157088123,0.337662337662338,"RD",4,"SMR","C",6577.874855,"KFM","After"
"Harris Point SMR",2008,"Semicossyphus pulcher",1.32586262193497,0.467432950191571,0.124137931034483,3.76543209876543,"RD",5,"SMR","C",6577.874855,"KFM","After"
"Harris Point SMR",2009,"Semicossyphus pulcher",0.972732042779107,0.157088122605364,0.0593869731800766,2.64516129032258,"RD",6,"SMR","C",6577.874855,"KFM","After"
"Harris Point SMR",2010,"Semicossyphus pulcher",-0.818310323513951,0.0229885057471264,0.0521072796934866,0.441176470588235,"RD",7,"SMR","C",6577.874855,"KFM","After"
"Harris Point SMR",2011,"Semicossyphus pulcher",0.194591649385769,0.0628352490421456,0.0517241379310345,1.21481481481481,"RD",8,"SMR","C",6577.874855,"KFM","After"
"Harris Point SMR",2012,"Semicossyphus pulcher",0.974559639998131,0.0812260536398468,0.0306513409961686,2.65,"RD",9,"SMR","C",6577.874855,"KFM","After"
"Harris Point SMR",2013,"Semicossyphus pulcher",0.405465108108164,0.252873563218391,0.168582375478927,1.5,"RD",10,"SMR","C",6577.874855,"KFM","After"
"Harris Point SMR",2014,"Semicossyphus pulcher",-0.119346757632566,0.108812260536398,0.122605363984674,0.8875,"RD",11,"SMR","C",6577.874855,"KFM","After"
"Harris Point SMR",2015,"Semicossyphus pulcher",-0.690334239183331,0.13639846743295,0.272030651340996,0.501408450704225,"RD",12,"SMR","C",6577.874855,"KFM","After"
"Harris Point SMR",2016,"Semicossyphus pulcher",-0.141830195439218,0.32183908045977,0.37088122605364,0.867768595041322,"RD",13,"SMR","C",6577.874855,"KFM","After"
"Harris Point SMR",2017,"Semicossyphus pulcher",-0.657520002916794,0.191570881226054,0.369731800766284,0.518134715025907,"RD",14,"SMR","C",6577.874855,"KFM","After"
"Harris Point SMR",2018,"Semicossyphus pulcher",1.32365879012841,1.00766283524904,0.268199233716475,3.75714285714286,"RD",15,"SMR","C",6577.874855,"KFM","After"
"Harris Point SMR",2006,"Semicossyphus pulcher",1.6376087894008,0.206896551724138,0.0402298850574713,5.14285714285714,"RD",3,"SMR","C",6577.874855,"KFM","After"
"Harris Point SMR",2019,"Semicossyphus pulcher",0.819126983420507,0.938697318007663,0.413793103448276,2.26851851851852,"RD",16,"SMR","C",6577.874855,"KFM","After"
"Scorpion SMR",1986,"Semicossyphus pulcher",-0.537142932083364,0.346153846153846,0.592307692307692,0.584415584415584,"Den",0,"SMR","C",2495.721854,"KFM","Before"
"Scorpion SMR",1985,"Semicossyphus pulcher",-1.05860695405441,0.130769230769231,0.376923076923077,0.346938775510204,"Den",0,"SMR","C",2495.721854,"KFM","Before"
"Scorpion SMR",1994,"Semicossyphus pulcher",0.114410351177744,0.284615384615385,0.253846153846154,1.12121212121212,"Den",0,"SMR","C",2495.721854,"KFM","Before"
"Scorpion SMR",1995,"Semicossyphus pulcher",-0.367724780125317,0.0692307692307692,0.1,0.692307692307692,"Den",0,"SMR","C",2495.721854,"KFM","Before"
"Scorpion SMR",1996,"Semicossyphus pulcher",0.955511445027436,0.1,0.0384615384615385,2.6,"Den",0,"SMR","C",2495.721854,"KFM","Before"
"Scorpion SMR",1997,"Semicossyphus pulcher",-2.56494935746154,0.00769230769230769,0.1,0.0769230769230769,"Den",0,"SMR","C",2495.721854,"KFM","Before"
"Scorpion SMR",1998,"Semicossyphus pulcher",-2.19722457733622,0.00769230769230769,0.0692307692307692,0.111111111111111,"Den",0,"SMR","C",2495.721854,"KFM","Before"
"Scorpion SMR",1999,"Semicossyphus pulcher",-2.19722457733622,0.00769230769230769,0.0692307692307692,0.111111111111111,"Den",0,"SMR","C",2495.721854,"KFM","Before"
"Scorpion SMR",1987,"Semicossyphus pulcher",-0.946143695023836,0.253846153846154,0.653846153846154,0.388235294117647,"Den",0,"SMR","C",2495.721854,"KFM","Before"
"Scorpion SMR",1988,"Semicossyphus pulcher",-1.6094379124341,0.130769230769231,0.653846153846154,0.2,"Den",0,"SMR","C",2495.721854,"KFM","Before"
"Scorpion SMR",1989,"Semicossyphus pulcher",-2.19722457733622,0.0692307692307692,0.623076923076923,0.111111111111111,"Den",0,"SMR","C",2495.721854,"KFM","Before"
"Scorpion SMR",1990,"Semicossyphus pulcher",-3.97029191355212,0.00769230769230769,0.407692307692308,0.0188679245283019,"Den",0,"SMR","C",2495.721854,"KFM","Before"
"Scorpion SMR",1991,"Semicossyphus pulcher",-1.66915714713572,0.1,0.530769230769231,0.188405797101449,"Den",0,"SMR","C",2495.721854,"KFM","Before"
"Scorpion SMR",1992,"Semicossyphus pulcher",-1.6094379124341,0.1,0.5,0.2,"Den",0,"SMR","C",2495.721854,"KFM","Before"
"Scorpion SMR",1993,"Semicossyphus pulcher",-0.256719846847814,0.315384615384615,0.407692307692308,0.773584905660377,"Den",0,"SMR","C",2495.721854,"KFM","Before"
"Scorpion SMR",2007,"Semicossyphus pulcher",0.847297860387204,0.0897435897435897,0.0384615384615385,2.33333333333333,"Den",4,"SMR","C",2495.721854,"KFM","After"
"Scorpion SMR",2008,"Semicossyphus pulcher",0,0.0692307692307692,0.0692307692307692,1,"Den",5,"SMR","C",2495.721854,"KFM","After"
"Scorpion SMR",2009,"Semicossyphus pulcher",-0.148420005118273,0.192307692307692,0.223076923076923,0.862068965517241,"Den",6,"SMR","C",2495.721854,"KFM","After"
"Scorpion SMR",2010,"Semicossyphus pulcher",0.116410351844411,0.233333333333333,0.207692307692308,1.12345679012346,"Den",7,"SMR","C",2495.721854,"KFM","After"
"Scorpion SMR",2011,"Semicossyphus pulcher",2.00746804205475,0.171794871794872,0.0230769230769231,7.44444444444444,"Den",8,"SMR","C",2495.721854,"KFM","After"
"Scorpion SMR",2012,"Semicossyphus pulcher",0.646627164925052,0.161538461538462,0.0846153846153846,1.90909090909091,"Den",9,"SMR","C",2495.721854,"KFM","After"
"Scorpion SMR",2013,"Semicossyphus pulcher",-0.376477571234912,0.0897435897435897,0.130769230769231,0.686274509803922,"Den",10,"SMR","C",2495.721854,"KFM","After"
"Scorpion SMR",2014,"Semicossyphus pulcher",0.82098055206983,0.192307692307692,0.0846153846153846,2.27272727272727,"Den",11,"SMR","C",2495.721854,"KFM","After"
"Scorpion SMR",2015,"Semicossyphus pulcher",0.0312525435041045,0.5,0.484615384615385,1.03174603174603,"Den",12,"SMR","C",2495.721854,"KFM","After"
"Scorpion SMR",2016,"Semicossyphus pulcher",-0.983377025090525,0.376923076923077,1.00769230769231,0.374045801526718,"Den",13,"SMR","C",2495.721854,"KFM","After"
"Scorpion SMR",2017,"Semicossyphus pulcher",-0.353968582340989,0.664102564102564,0.946153846153846,0.70189701897019,"Den",14,"SMR","C",2495.721854,"KFM","After"
"Scorpion SMR",2018,"Semicossyphus pulcher",-0.620756684139689,0.458974358974359,0.853846153846154,0.537537537537538,"Den",15,"SMR","C",2495.721854,"KFM","After"
"Scorpion SMR",2019,"Semicossyphus pulcher",0.113023388403395,0.335897435897436,0.3,1.11965811965812,"Den",16,"SMR","C",2495.721854,"KFM","After"
"Scorpion SMR",2021,"Semicossyphus pulcher",-0.215111379616946,0.192307692307692,0.238461538461538,0.806451612903226,"Den",18,"SMR","C",2495.721854,"KFM","After"
"Scorpion SMR",2022,"Semicossyphus pulcher",-0.171471540769889,0.356410256410256,0.423076923076923,0.842424242424242,"Den",19,"SMR","C",2495.721854,"KFM","After"
"Scorpion SMR",2023,"Semicossyphus pulcher",-0.494696241836107,0.192307692307692,0.315384615384615,0.609756097560976,"Den",20,"SMR","C",2495.721854,"KFM","After"
"Scorpion SMR",2019,"Semicossyphus pulcher",-0.278701469935564,0.323382788611405,0.427322157312996,0.756765786835951,"RD",16,"SMR","C",2495.721854,"KFM","After"
"Scorpion SMR",2022,"Semicossyphus pulcher",-0.43467965379208,0.25953114651374,0.400837606634225,0.647472049074899,"RD",19,"SMR","C",2495.721854,"KFM","After"
"Scorpion SMR",2023,"Semicossyphus pulcher",-0.059017726430132,0.191792882723173,0.203452747801877,0.942690058479532,"RD",20,"SMR","C",2495.721854,"KFM","After"
"Scorpion SMR",2008,"Semicossyphus pulcher",0.169404452483421,0.0890750236964945,0.0751942319361325,1.18459915611814,"RD",5,"SMR","C",2495.721854,"KFM","After"
"Scorpion SMR",2000,"Semicossyphus pulcher",-3.04452243772342,0.00769230769230769,0.161538461538462,0.0476190476190476,"Den",0,"SMR","C",2495.721854,"KFM","Before"
"Scorpion SMR",2001,"Semicossyphus pulcher",-2.19722457733622,0.00769230769230769,0.0692307692307692,0.111111111111111,"Den",0,"SMR","C",2495.721854,"KFM","Before"
"Scorpion SMR",2002,"Semicossyphus pulcher",-2.83321334405622,0.00769230769230769,0.130769230769231,0.0588235294117647,"Den",0,"SMR","C",2495.721854,"KFM","Before"
"Scorpion SMR",2003,"Semicossyphus pulcher",0,0.00769230769230769,0.00769230769230769,1,"Den",0,"SMR","C",2495.721854,"KFM","Before"
"Scorpion SMR",2004,"Semicossyphus pulcher",0,0.00769230769230769,0.00769230769230769,1,"Den",1,"SMR","C",2495.721854,"KFM","After"
"Scorpion SMR",2005,"Semicossyphus pulcher",-0.722134717433198,0.130769230769231,0.269230769230769,0.485714285714286,"Den",2,"SMR","C",2495.721854,"KFM","After"
"Scorpion SMR",2006,"Semicossyphus pulcher",0.635988766719997,0.130769230769231,0.0692307692307692,1.88888888888889,"Den",3,"SMR","C",2495.721854,"KFM","After"
"Scorpion SMR",2003,"Semicossyphus pulcher",-0.0105981309918232,0.026056229104451,0.0263338449396582,0.989457831325301,"RD",0,"SMR","C",2495.721854,"KFM","Before"
"Scorpion SMR",2004,"Semicossyphus pulcher",1.09861228866811,0.0256992944591845,0.00856643148639484,3,"RD",1,"SMR","C",2495.721854,"KFM","After"
"Scorpion SMR",2005,"Semicossyphus pulcher",0.0129244590888402,0.0929616453893959,0.0917678972980047,1.01300834089632,"RD",2,"SMR","C",2495.721854,"KFM","After"
"Scorpion SMR",2006,"Semicossyphus pulcher",0.0771462863550159,0.10277338219372,0.0951429126660242,1.08020008336807,"RD",3,"SMR","C",2495.721854,"KFM","After"
"Scorpion SMR",2007,"Semicossyphus pulcher",0.598894642313756,0.115964100306567,0.0637128341800616,1.82010582010582,"RD",4,"SMR","C",2495.721854,"KFM","After"
"Scorpion SMR",2012,"Semicossyphus pulcher",0.238137805331409,0.190259385728695,0.149942295565682,1.26888403976283,"RD",9,"SMR","C",2495.721854,"KFM","After"
"Scorpion SMR",2009,"Semicossyphus pulcher",0.16200710637267,0.273411938274102,0.232519125748076,1.17586859745177,"RD",6,"SMR","C",2495.721854,"KFM","After"
"Scorpion SMR",2010,"Semicossyphus pulcher",0.301529795924579,0.303764602923427,0.224690359195231,1.35192539640514,"RD",7,"SMR","C",2495.721854,"KFM","After"
"Scorpion SMR",2011,"Semicossyphus pulcher",-0.341599494550361,0.160255723843631,0.225511308879344,0.710632760015476,"RD",8,"SMR","C",2495.721854,"KFM","After"
"Scorpion SMR",2016,"Semicossyphus pulcher",-0.659170394566684,0.521711541283458,1.00856643148639,0.517280295076423,"RD",13,"SMR","C",2495.721854,"KFM","After"
"Scorpion SMR",2013,"Semicossyphus pulcher",0.799433193738714,0.205784720817618,0.0925174600530643,2.22427983539095,"RD",10,"SMR","C",2495.721854,"KFM","After"
"Scorpion SMR",2014,"Semicossyphus pulcher",0.579892666811792,0.188424477255992,0.105509881140763,1.78584673983862,"RD",11,"SMR","C",2495.721854,"KFM","After"
"Scorpion SMR",2015,"Semicossyphus pulcher",-0.0598762970085622,0.411664624207308,0.43706647312877,0.941881039880223,"RD",12,"SMR","C",2495.721854,"KFM","After"
"Scorpion SMR",2017,"Semicossyphus pulcher",-0.680745530582757,0.447754682784249,0.884472153148758,0.506239434661932,"RD",14,"SMR","C",2495.721854,"KFM","After"
"Scorpion SMR",2018,"Semicossyphus pulcher",-0.466574445956598,0.423435535620095,0.67517757498602,0.627146918540448,"RD",15,"SMR","C",2495.721854,"KFM","After"
"South Point SMR",2008,"Semicossyphus pulcher",0.619039208406224,0.293785310734463,0.15819209039548,1.85714285714286,"Den",5,"SMR","C",3387.008573,"KFM","After"
"South Point SMR",2019,"Semicossyphus pulcher",0.0645385211375712,0.361581920903955,0.338983050847458,1.06666666666667,"Den",16,"SMR","C",3387.008573,"KFM","After"
"South Point SMR",2021,"Semicossyphus pulcher",-0.559615787935423,0.451977401129944,0.790960451977401,0.571428571428572,"Den",18,"SMR","C",3387.008573,"KFM","After"
"South Point SMR",2022,"Semicossyphus pulcher",0,0.384180790960452,0.384180790960452,1,"Den",19,"SMR","C",3387.008573,"KFM","After"
"South Point SMR",2009,"Semicossyphus pulcher",0.847297860387203,0.15819209039548,0.0677966101694915,2.33333333333333,"Den",6,"SMR","C",3387.008573,"KFM","After"
"South Point SMR",2010,"Semicossyphus pulcher",0.287682072451781,0.271186440677966,0.203389830508475,1.33333333333333,"Den",7,"SMR","C",3387.008573,"KFM","After"
"South Point SMR",2011,"Semicossyphus pulcher",0.693147180559946,0.31638418079096,0.15819209039548,2,"Den",8,"SMR","C",3387.008573,"KFM","After"
"South Point SMR",2012,"Semicossyphus pulcher",-0.510825623765991,0.203389830508475,0.338983050847458,0.6,"Den",9,"SMR","C",3387.008573,"KFM","After"
"South Point SMR",2013,"Semicossyphus pulcher",-1.11022302462516e-16,0.180790960451977,0.180790960451977,1,"Den",10,"SMR","C",3387.008573,"KFM","After"
"South Point SMR",2014,"Semicossyphus pulcher",0.559615787935423,0.31638418079096,0.180790960451977,1.75,"Den",11,"SMR","C",3387.008573,"KFM","After"
"South Point SMR",2015,"Semicossyphus pulcher",-0.0741079721537217,0.293785310734463,0.31638418079096,0.928571428571429,"Den",12,"SMR","C",3387.008573,"KFM","After"
"South Point SMR",2016,"Semicossyphus pulcher",0.0833816089390512,0.564971751412429,0.519774011299435,1.08695652173913,"Den",13,"SMR","C",3387.008573,"KFM","After"
"South Point SMR",2017,"Semicossyphus pulcher",0.847297860387204,0.949152542372881,0.406779661016949,2.33333333333333,"Den",14,"SMR","C",3387.008573,"KFM","After"
"South Point SMR",2018,"Semicossyphus pulcher",-0.064538521137571,0.677966101694915,0.72316384180791,0.9375,"Den",15,"SMR","C",3387.008573,"KFM","After"
"South Point SMR",2005,"Semicossyphus pulcher",0.154150679827258,0.15819209039548,0.135593220338983,1.16666666666667,"Den",2,"SMR","C",3387.008573,"KFM","After"
"South Point SMR",2006,"Semicossyphus pulcher",0.980829253011726,0.180790960451977,0.0677966101694915,2.66666666666667,"Den",3,"SMR","C",3387.008573,"KFM","After"
"South Point SMR",2007,"Semicossyphus pulcher",0.0645385211375714,0.361581920903955,0.338983050847458,1.06666666666667,"Den",4,"SMR","C",3387.008573,"KFM","After"
"South Point SMR",2005,"Semicossyphus pulcher",0.0766753676589677,0.253012048192771,0.23433734939759,1.07969151670951,"RD",2,"SMR","C",3387.008573,"KFM","After"
"South Point SMR",2006,"Semicossyphus pulcher",0.301668314426521,0.231325301204819,0.171084337349398,1.35211267605634,"RD",3,"SMR","C",3387.008573,"KFM","After"
"South Point SMR",2007,"Semicossyphus pulcher",-0.0751341395090339,0.176024096385542,0.189759036144578,0.927619047619048,"RD",4,"SMR","C",3387.008573,"KFM","After"
"South Point SMR",2008,"Semicossyphus pulcher",-0.207382130050138,0.146385542168675,0.180120481927711,0.812709030100334,"RD",5,"SMR","C",3387.008573,"KFM","After"
"South Point SMR",2009,"Semicossyphus pulcher",-0.156535647444855,0.209036144578313,0.244457831325301,0.855101034992607,"RD",6,"SMR","C",3387.008573,"KFM","After"
"South Point SMR",2010,"Semicossyphus pulcher",0.191891007810105,0.303614457831325,0.250602409638554,1.21153846153846,"RD",7,"SMR","C",3387.008573,"KFM","After"
"South Point SMR",2011,"Semicossyphus pulcher",-0.0152674721307885,0.278012048192771,0.282289156626506,0.984848484848485,"RD",8,"SMR","C",3387.008573,"KFM","After"
"South Point SMR",2012,"Semicossyphus pulcher",-0.0608763313449695,0.253373493975904,0.269277108433735,0.940939597315436,"RD",9,"SMR","C",3387.008573,"KFM","After"
"South Point SMR",2013,"Semicossyphus pulcher",-0.11698717409428,0.252409638554217,0.283734939759036,0.889596602972399,"RD",10,"SMR","C",3387.008573,"KFM","After"
"South Point SMR",2014,"Semicossyphus pulcher",-0.128300708034063,0.216506024096386,0.246144578313253,0.879588839941263,"RD",11,"SMR","C",3387.008573,"KFM","After"
"South Point SMR",2015,"Semicossyphus pulcher",-0.160859612929988,0.345180722891566,0.405421686746988,0.851411589895988,"RD",12,"SMR","C",3387.008573,"KFM","After"
"South Point SMR",2016,"Semicossyphus pulcher",-0.200508054167168,0.606144578313253,0.740722891566265,0.818314899154197,"RD",13,"SMR","C",3387.008573,"KFM","After"
"South Point SMR",2017,"Semicossyphus pulcher",-0.225155913643452,0.837349397590361,1.04879518072289,0.798391728891442,"RD",14,"SMR","C",3387.008573,"KFM","After"
"South Point SMR",2018,"Semicossyphus pulcher",-0.289892018102584,0.612650602409639,0.818674698795181,0.748344370860927,"RD",15,"SMR","C",3387.008573,"KFM","After"
"South Point SMR",2019,"Semicossyphus pulcher",-0.508263288669373,0.612048192771084,1.01746987951807,0.60153937240971,"RD",16,"SMR","C",3387.008573,"KFM","After"
"South Point SMR",2022,"Semicossyphus pulcher",-0.0581637888134614,0.432530120481928,0.458433734939759,0.943495400788437,"RD",19,"SMR","C",3387.008573,"KFM","After"
"Blue Cavern Onshore SMCA",2011,"Semicossyphus pulcher",2.91639085024922,0.876201626017183,0.0474276494748601,18.4744897906364,"Bio",0,"SMCA","C",677.0633697,"PISCO","Before"
"Blue Cavern Onshore SMCA",2011,"Semicossyphus pulcher",1.45667515788169,0.628048780487805,0.146341463414634,4.29166666666667,"Den",0,"SMCA","C",677.0633697,"PISCO","Before"
"Blue Cavern Onshore SMCA",2012,"Semicossyphus pulcher",4.64248373646232,0.557886095496249,0.00537452971416427,103.80184409921,"Bio",0,"SMCA","C",677.0633697,"PISCO","Before"
"Blue Cavern Onshore SMCA",2012,"Semicossyphus pulcher",3.2121868367174,0.454268292682927,0.0182926829268293,24.8333333333333,"Den",0,"SMCA","C",677.0633697,"PISCO","Before"
"Blue Cavern Onshore SMCA",2016,"Semicossyphus pulcher",0.757416449965078,0.422092649581707,0.197909209715788,2.13275900696012,"Bio",4,"SMCA","C",677.0633697,"PISCO","After"
"Blue Cavern Onshore SMCA",2016,"Semicossyphus pulcher",0.352220593589352,0.390243902439024,0.274390243902439,1.42222222222222,"Den",4,"SMCA","C",677.0633697,"PISCO","After"
"Blue Cavern Onshore SMCA",2019,"Semicossyphus pulcher",-0.100970232814538,0.379085844153461,0.419361331217825,0.903959940828584,"Bio",7,"SMCA","C",677.0633697,"PISCO","After"
"Blue Cavern Onshore SMCA",2019,"Semicossyphus pulcher",0.228683731689825,0.275914634146341,0.219512195121951,1.25694444444444,"Den",7,"SMCA","C",677.0633697,"PISCO","After"
"Blue Cavern Onshore SMCA",2020,"Semicossyphus pulcher",2.35681462476603,0.170221067373291,0.0161235891424928,10.5572689721225,"Bio",8,"SMCA","C",677.0633697,"PISCO","After"
"Blue Cavern Onshore SMCA",2020,"Semicossyphus pulcher",1.27629346590556,0.196646341463415,0.0548780487804878,3.58333333333333,"Den",8,"SMCA","C",677.0633697,"PISCO","After"
"Blue Cavern Onshore SMCA",2021,"Semicossyphus pulcher",0.582334784297762,0.173178024019386,0.0967359712769721,1.79021331706638,"Bio",9,"SMCA","C",677.0633697,"PISCO","After"
"Blue Cavern Onshore SMCA",2021,"Semicossyphus pulcher",0.801627823554015,0.163109756097561,0.0731707317073171,2.22916666666667,"Den",9,"SMCA","C",677.0633697,"PISCO","After"
"Blue Cavern Onshore SMCA",2022,"Semicossyphus pulcher",1.15850947536397,0.296039503741436,0.0929427236451567,3.18518214370042,"Bio",10,"SMCA","C",677.0633697,"PISCO","After"
"Blue Cavern Onshore SMCA",2022,"Semicossyphus pulcher",0.543615446588982,0.283536585365854,0.164634146341463,1.72222222222222,"Den",10,"SMCA","C",677.0633697,"PISCO","After"
"Blue Cavern Onshore SMCA",2023,"Semicossyphus pulcher",1.05905787780255,0.652620247550721,0.22631719474844,2.88365295564984,"Bio",11,"SMCA","C",677.0633697,"PISCO","After"
"Blue Cavern Onshore SMCA",2023,"Semicossyphus pulcher",0.0571584138399486,0.329268292682927,0.310975609756098,1.05882352941176,"Den",11,"SMCA","C",677.0633697,"PISCO","After"
"Cat Harbor SMCA",2011,"Semicossyphus pulcher",0.407020566039493,0.788555499951585,0.524886592323693,1.50233500242523,"Bio",0,"SMCA","C",66.79821831,"PISCO","Before"
"Cat Harbor SMCA",2011,"Semicossyphus pulcher",0,0.395604395604396,0.395604395604396,1,"Den",0,"SMCA","C",66.79821831,"PISCO","Before"
"Cat Harbor SMCA",2012,"Semicossyphus pulcher",0.814906371219646,0.409513742534602,0.181283860132894,2.25896415838895,"Bio",0,"SMCA","C",66.79821831,"PISCO","Before"
"Cat Harbor SMCA",2012,"Semicossyphus pulcher",0.182321556793954,0.197802197802198,0.164835164835165,1.2,"Den",0,"SMCA","C",66.79821831,"PISCO","Before"
"Cat Harbor SMCA",2013,"Semicossyphus pulcher",0.973081309931355,1.04140110398888,0.393562934748517,2.64608531963084,"Bio",1,"SMCA","C",66.79821831,"PISCO","After"
"Cat Harbor SMCA",2013,"Semicossyphus pulcher",1.16315080980568,1.05494505494505,0.32967032967033,3.2,"Den",1,"SMCA","C",66.79821831,"PISCO","After"
"Cat Harbor SMCA",2019,"Semicossyphus pulcher",-0.0739913842940332,0.427762335236967,0.46061342519119,0.928679695038009,"Bio",7,"SMCA","C",66.79821831,"PISCO","After"
"Cat Harbor SMCA",2019,"Semicossyphus pulcher",-0.0317486983145803,0.340659340659341,0.351648351648352,0.96875,"Den",7,"SMCA","C",66.79821831,"PISCO","After"
"Cat Harbor SMCA",2020,"Semicossyphus pulcher",0.521067676805622,0.432996590050415,0.257150669561017,1.68382447064822,"Bio",8,"SMCA","C",66.79821831,"PISCO","After"
"Cat Harbor SMCA",2020,"Semicossyphus pulcher",0.798507696217772,0.43956043956044,0.197802197802198,2.22222222222222,"Den",8,"SMCA","C",66.79821831,"PISCO","After"
"Cat Harbor SMCA",2021,"Semicossyphus pulcher",0.683938012026048,0.484065264840657,0.244271846547735,1.9816662119761,"Bio",9,"SMCA","C",66.79821831,"PISCO","After"
"Cat Harbor SMCA",2021,"Semicossyphus pulcher",-0.095310179804325,0.21978021978022,0.241758241758242,0.909090909090909,"Den",9,"SMCA","C",66.79821831,"PISCO","After"
"Cat Harbor SMCA",2022,"Semicossyphus pulcher",1.40278577306302,0.510184018296961,0.125459840050762,4.06651258355291,"Bio",10,"SMCA","C",66.79821831,"PISCO","After"
"Cat Harbor SMCA",2022,"Semicossyphus pulcher",1.14209740060785,0.516483516483517,0.164835164835165,3.13333333333333,"Den",10,"SMCA","C",66.79821831,"PISCO","After"
"Cat Harbor SMCA",2023,"Semicossyphus pulcher",0.575547441910947,0.320553915377553,0.18027852985619,1.77810366899077,"Bio",11,"SMCA","C",66.79821831,"PISCO","After"
"Cat Harbor SMCA",2023,"Semicossyphus pulcher",0.139761942375159,0.252747252747253,0.21978021978022,1.15,"Den",11,"SMCA","C",66.79821831,"PISCO","After"
"Dana Point SMCA",2011,"Semicossyphus pulcher",-1.21813376314864,0.046278599905712,0.156462038072811,0.295781650780848,"Bio",0,"SMCA","ML",898.2771877,"PISCO","Before"
"Dana Point SMCA",2011,"Semicossyphus pulcher",0,0.0796019900497512,0.0796019900497512,1,"Den",0,"SMCA","ML",898.2771877,"PISCO","Before"
"Dana Point SMCA",2012,"Semicossyphus pulcher",2.5412835263413,0.324102013965306,0.0255279721447639,12.6959561114917,"Bio",0,"SMCA","ML",898.2771877,"PISCO","Before"
"Dana Point SMCA",2012,"Semicossyphus pulcher",0.492476485097794,0.17910447761194,0.109452736318408,1.63636363636364,"Den",0,"SMCA","ML",898.2771877,"PISCO","Before"
"Dana Point SMCA",2019,"Semicossyphus pulcher",2.76282869986584,0.134826829289121,0.00850932404825465,15.8445992330936,"Bio",7,"SMCA","ML",898.2771877,"PISCO","After"
"Dana Point SMCA",2019,"Semicossyphus pulcher",2.14006616349627,0.169154228855721,0.0199004975124378,8.5,"Den",7,"SMCA","ML",898.2771877,"PISCO","After"
"Dana Point SMCA",2020,"Semicossyphus pulcher",-1.58828791542092,0.0815224679225492,0.399081867563461,0.204275048676788,"Bio",8,"SMCA","ML",898.2771877,"PISCO","After"
"Dana Point SMCA",2020,"Semicossyphus pulcher",-0.990398704027877,0.129353233830846,0.348258706467662,0.371428571428571,"Den",8,"SMCA","ML",898.2771877,"PISCO","After"
"Dana Point SMCA",2021,"Semicossyphus pulcher",-2.80726678250575,0.0608834767584663,1.00850932404825,0.0603697708158752,"Bio",9,"SMCA","ML",898.2771877,"PISCO","After"
"Dana Point SMCA",2021,"Semicossyphus pulcher",-2.83810332935041,0.0597014925373134,1.01990049751244,0.0585365853658537,"Den",9,"SMCA","ML",898.2771877,"PISCO","After"
"Dana Point SMCA",2022,"Semicossyphus pulcher",-0.842076632358647,0.137071361482483,0.318167606789509,0.430814949597197,"Bio",10,"SMCA","ML",898.2771877,"PISCO","After"
"Dana Point SMCA",2022,"Semicossyphus pulcher",-0.749236647210989,0.129353233830846,0.27363184079602,0.472727272727273,"Den",10,"SMCA","ML",898.2771877,"PISCO","After"
"Dana Point SMCA",2023,"Semicossyphus pulcher",0.451687466853109,0.15443641988924,0.0983069791428213,1.57096089449431,"Bio",11,"SMCA","ML",898.2771877,"PISCO","After"
"Dana Point SMCA",2023,"Semicossyphus pulcher",-0.428995605518358,0.139303482587065,0.213930348258706,0.651162790697674,"Den",11,"SMCA","ML",898.2771877,"PISCO","After"
"Farnsworth Onshore SMCA",2011,"Semicossyphus pulcher",0.311201808104417,0.735661061647697,0.538920298347281,1.36506467450524,"Bio",0,"SMCA","C",670.885111,"PISCO","Before"
"Farnsworth Onshore SMCA",2011,"Semicossyphus pulcher",0.0750351859429141,0.922222222222222,0.855555555555556,1.07792207792208,"Den",0,"SMCA","C",670.885111,"PISCO","Before"
"Farnsworth Onshore SMCA",2012,"Semicossyphus pulcher",1.48593756788632,0.492351627164323,0.111414288545814,4.41910668362674,"Bio",0,"SMCA","C",670.885111,"PISCO","Before"
"Farnsworth Onshore SMCA",2012,"Semicossyphus pulcher",0.4678082386823,1.01111111111111,0.633333333333333,1.59649122807018,"Den",0,"SMCA","C",670.885111,"PISCO","Before"
"Farnsworth Onshore SMCA",2019,"Semicossyphus pulcher",2.33203151363447e-05,0.765511895000611,0.765494043230134,1.00002332058706,"Bio",7,"SMCA","C",670.885111,"PISCO","After"
"Farnsworth Onshore SMCA",2019,"Semicossyphus pulcher",-0.147324714756858,0.7,0.811111111111111,0.863013698630137,"Den",7,"SMCA","C",670.885111,"PISCO","After"
"Farnsworth Onshore SMCA",2021,"Semicossyphus pulcher",0.0843233024469547,1.03713809618194,0.953268938510903,1.08798058373962,"Bio",9,"SMCA","C",670.885111,"PISCO","After"
"Farnsworth Onshore SMCA",2021,"Semicossyphus pulcher",0.0227282510775561,0.988888888888889,0.966666666666667,1.02298850574713,"Den",9,"SMCA","C",670.885111,"PISCO","After"
"Farnsworth Onshore SMCA",2022,"Semicossyphus pulcher",-0.151632638601328,0.460674564473934,0.536102030525378,0.8593038978466,"Bio",10,"SMCA","C",670.885111,"PISCO","After"
"Farnsworth Onshore SMCA",2022,"Semicossyphus pulcher",-0.145711811181394,0.566666666666667,0.655555555555556,0.864406779661017,"Den",10,"SMCA","C",670.885111,"PISCO","After"
"Farnsworth Onshore SMCA",2023,"Semicossyphus pulcher",0.553115858949433,1.01457484790637,0.583537709317744,1.73866201225039,"Bio",11,"SMCA","C",670.885111,"PISCO","After"
"Farnsworth Onshore SMCA",2023,"Semicossyphus pulcher",-0.0857668217574251,0.744444444444444,0.811111111111111,0.917808219178082,"Den",11,"SMCA","C",670.885111,"PISCO","After"
"Long Point SMR",2011,"Semicossyphus pulcher",0.312103553744615,0.102180848115232,0.0747867485101998,1.36629617078882,"Bio",0,"SMR","C",432.3723485,"PISCO","Before"
"Long Point SMR",2011,"Semicossyphus pulcher",-0.231801614057324,0.273809523809524,0.345238095238095,0.793103448275862,"Den",0,"SMR","C",432.3723485,"PISCO","Before"
"Long Point SMR",2012,"Semicossyphus pulcher",0.386356359540269,0.0606100033317626,0.0411862141105194,1.47160899929091,"Bio",0,"SMR","C",432.3723485,"PISCO","Before"
"Long Point SMR",2012,"Semicossyphus pulcher",0.379489621704904,0.226190476190476,0.154761904761905,1.46153846153846,"Den",0,"SMR","C",432.3723485,"PISCO","Before"
"Long Point SMR",2016,"Semicossyphus pulcher",2.707027326972,1.00322316606841,0.0669499908061798,14.9846647324082,"Bio",4,"SMR","C",432.3723485,"PISCO","After"
"Long Point SMR",2016,"Semicossyphus pulcher",1.24703229378638,1.03571428571429,0.297619047619048,3.48,"Den",4,"SMR","C",432.3723485,"PISCO","After"
"Long Point SMR",2019,"Semicossyphus pulcher",1.22940302329457,0.362471414995184,0.106010971418629,3.4191877514622,"Bio",7,"SMR","C",432.3723485,"PISCO","After"
"Long Point SMR",2019,"Semicossyphus pulcher",0.277631736598279,0.392857142857143,0.297619047619048,1.32,"Den",7,"SMR","C",432.3723485,"PISCO","After"
"Long Point SMR",2020,"Semicossyphus pulcher",1.01564932716441,0.725607829540097,0.262791347558474,2.76115570882196,"Bio",8,"SMR","C",432.3723485,"PISCO","After"
"Long Point SMR",2020,"Semicossyphus pulcher",0.23638877806423,0.678571428571428,0.535714285714286,1.26666666666667,"Den",8,"SMR","C",432.3723485,"PISCO","After"
"Long Point SMR",2021,"Semicossyphus pulcher",2.57255138324765,0.555431368431589,0.0424019210511271,13.0992029290811,"Bio",9,"SMR","C",432.3723485,"PISCO","After"
"Long Point SMR",2021,"Semicossyphus pulcher",1.7730673362159,0.630952380952381,0.107142857142857,5.88888888888889,"Den",9,"SMR","C",432.3723485,"PISCO","After"
"Long Point SMR",2022,"Semicossyphus pulcher",1.05858567366157,0.463261867313758,0.160726925282122,2.88229160422623,"Bio",10,"SMR","C",432.3723485,"PISCO","After"
"Long Point SMR",2022,"Semicossyphus pulcher",0.747214401830221,0.678571428571428,0.321428571428571,2.11111111111111,"Den",10,"SMR","C",432.3723485,"PISCO","After"
"Long Point SMR",2023,"Semicossyphus pulcher",2.94027778197072,0.182957557219727,0.00966949820524452,18.9211015231892,"Bio",11,"SMR","C",432.3723485,"PISCO","After"
"Long Point SMR",2023,"Semicossyphus pulcher",0.60077386042893,0.369047619047619,0.202380952380952,1.82352941176471,"Den",11,"SMR","C",432.3723485,"PISCO","After"
"Santa Barbara Island SMR",2004,"Semicossyphus pulcher",-0.651807742525715,0.0519053237209724,0.0996066673832481,0.521102904901544,"Bio",1,"SMR","C",3307.221086,"PISCO","After"
"Santa Barbara Island SMR",2004,"Semicossyphus pulcher",-0.619039208406224,0.177966101694915,0.330508474576271,0.538461538461538,"Den",1,"SMR","C",3307.221086,"PISCO","After"
"Santa Barbara Island SMR",2005,"Semicossyphus pulcher",-0.44128391622241,0.0922461422351231,0.143415265959586,0.643210062875161,"Bio",2,"SMR","C",3307.221086,"PISCO","After"
"Santa Barbara Island SMR",2005,"Semicossyphus pulcher",-0.211758229089084,0.449152542372881,0.555084745762712,0.809160305343511,"Den",2,"SMR","C",3307.221086,"PISCO","After"
"Santa Barbara Island SMR",2006,"Semicossyphus pulcher",-0.0223868807712268,0.121041027220291,0.123781317090882,0.977861845915088,"Bio",3,"SMR","C",3307.221086,"PISCO","After"
"Santa Barbara Island SMR",2006,"Semicossyphus pulcher",0.350860974073313,0.415254237288136,0.292372881355932,1.42028985507246,"Den",3,"SMR","C",3307.221086,"PISCO","After"
"Santa Barbara Island SMR",2007,"Semicossyphus pulcher",0.0350012734043157,0.156900283269923,0.151503570412361,1.03562102756307,"Bio",4,"SMR","C",3307.221086,"PISCO","After"
"Santa Barbara Island SMR",2007,"Semicossyphus pulcher",0.241162056816888,0.415254237288136,0.326271186440678,1.27272727272727,"Den",4,"SMR","C",3307.221086,"PISCO","After"
"Santa Barbara Island SMR",2008,"Semicossyphus pulcher",0.382771587898673,0.149080902323322,0.101668501905468,1.4663430613145,"Bio",5,"SMR","C",3307.221086,"PISCO","After"
"Santa Barbara Island SMR",2008,"Semicossyphus pulcher",0.0143887374520997,0.296610169491525,0.292372881355932,1.01449275362319,"Den",5,"SMR","C",3307.221086,"PISCO","After"
"Santa Barbara Island SMR",2011,"Semicossyphus pulcher",-0.160397067092719,0.23503533369506,0.275926058567535,0.851805497875923,"Bio",8,"SMR","C",3307.221086,"PISCO","After"
"Santa Barbara Island SMR",2011,"Semicossyphus pulcher",-0.260726262463252,0.398305084745763,0.516949152542373,0.770491803278689,"Den",8,"SMR","C",3307.221086,"PISCO","After"
"Santa Barbara Island SMR",2019,"Semicossyphus pulcher",0.347490531910556,0.447897562686926,0.31642113108371,1.41551090836735,"Bio",16,"SMR","C",3307.221086,"PISCO","After"
"Santa Barbara Island SMR",2019,"Semicossyphus pulcher",-0.439951284179334,0.64406779661017,1,0.64406779661017,"Den",16,"SMR","C",3307.221086,"PISCO","After"
"Santa Barbara Island SMR",2021,"Semicossyphus pulcher",0.546671007642763,0.438908144424168,0.254072369397664,1.727492625289,"Bio",18,"SMR","C",3307.221086,"PISCO","After"
"Santa Barbara Island SMR",2021,"Semicossyphus pulcher",-0.346276236717834,0.491525423728814,0.694915254237288,0.707317073170732,"Den",18,"SMR","C",3307.221086,"PISCO","After"
"Santa Barbara Island SMR",2022,"Semicossyphus pulcher",0.86952529526291,1.01730177457366,0.426402521770849,2.38577804453127,"Bio",19,"SMR","C",3307.221086,"PISCO","After"
"Santa Barbara Island SMR",2022,"Semicossyphus pulcher",0.317454230785451,1.05932203389831,0.771186440677966,1.37362637362637,"Den",19,"SMR","C",3307.221086,"PISCO","After"
"Santa Barbara Island SMR",2023,"Semicossyphus pulcher",0.510220761720593,0.369898874672827,0.222073608084987,1.66565886807795,"Bio",20,"SMR","C",3307.221086,"PISCO","After"
"Santa Barbara Island SMR",2023,"Semicossyphus pulcher",-0.0813456394539525,0.5,0.542372881355932,0.921875,"Den",20,"SMR","C",3307.221086,"PISCO","After"
"Swamis SMCA",2011,"Semicossyphus pulcher",-1.45156110824852,0.0317417048451119,0.135529934498752,0.234204384164328,"Bio",0,"SMCA","ML",3291.354542,"PISCO","Before"
"Swamis SMCA",2011,"Semicossyphus pulcher",-1.6094379124341,0.0263157894736842,0.131578947368421,0.2,"Den",0,"SMCA","ML",3291.354542,"PISCO","Before"
"Swamis SMCA",2012,"Semicossyphus pulcher",4.17058466580331,0.130326184850268,0.00201265703345736,64.7533000823259,"Bio",0,"SMCA","ML",3291.354542,"PISCO","Before"
"Swamis SMCA",2012,"Semicossyphus pulcher",3.13549421592915,0.201754385964912,0.0087719298245614,23,"Den",0,"SMCA","ML",3291.354542,"PISCO","Before"
"Swamis SMCA",2019,"Semicossyphus pulcher",4.28729550200637,1.00201265703346,0.0137696984208594,72.7693974412345,"Bio",7,"SMCA","ML",3291.354542,"PISCO","After"
"Swamis SMCA",2019,"Semicossyphus pulcher",3.64631983969514,1.00877192982456,0.0263157894736842,38.3333333333333,"Den",7,"SMCA","ML",3291.354542,"PISCO","After"
"Swamis SMCA",2020,"Semicossyphus pulcher",3.60973520580215,0.963287548456862,0.0260656083572466,36.9562657143606,"Bio",8,"SMCA","ML",3291.354542,"PISCO","After"
"Swamis SMCA",2020,"Semicossyphus pulcher",2.42353770341171,0.692982456140351,0.0614035087719298,11.2857142857143,"Den",8,"SMCA","ML",3291.354542,"PISCO","After"
"Swamis SMCA",2021,"Semicossyphus pulcher",3.20425967754258,0.688339559101002,0.0279389726654653,24.6372537509885,"Bio",9,"SMCA","ML",3291.354542,"PISCO","After"
"Swamis SMCA",2021,"Semicossyphus pulcher",2.19722457733622,0.552631578947368,0.0614035087719298,9,"Den",9,"SMCA","ML",3291.354542,"PISCO","After"
"Swamis SMCA",2022,"Semicossyphus pulcher",3.35830848662125,0.304441393543466,0.0105927532765697,28.7405347405631,"Bio",10,"SMCA","ML",3291.354542,"PISCO","After"
"Swamis SMCA",2022,"Semicossyphus pulcher",2.56494935746154,0.342105263157895,0.0263157894736842,13,"Den",10,"SMCA","ML",3291.354542,"PISCO","After"
"Swamis SMCA",2023,"Semicossyphus pulcher",4.40683140371721,0.495169163533237,0.00603797110037207,82.0091973449035,"Bio",11,"SMCA","ML",3291.354542,"PISCO","After"
"Swamis SMCA",2023,"Semicossyphus pulcher",2.6149597780362,0.359649122807018,0.0263157894736842,13.6666666666667,"Den",11,"SMCA","ML",3291.354542,"PISCO","After"
"Santa Barbara Island SMR",1995,"Mesocentrotus franciscanus",-0.89470716020698,0.179552715654952,0.439297124600639,0.408727272727273,"Den",0,"SMR","C",3307.221086,"KFM","Before"
"Santa Barbara Island SMR",1995,"Panulirus interruptus",-2.39789527279837,0.00581395348837209,0.063953488372093,0.0909090909090909,"Den",0,"SMR","C",3307.221086,"KFM","Before"
"Santa Barbara Island SMR",1995,"Strongylocentrotus purpuratus",0.373154517325016,0.783335858203303,0.539372822299652,1.45230872935625,"Den",0,"SMR","C",3307.221086,"KFM","Before"
"Santa Barbara Island SMR",1996,"Macrocystis pyrifera",-5.04922386052059,0.00112914296066866,0.176034986743223,0.00641430991394743,"Den",0,"SMR","C",3307.221086,"KFM","Before"
"Santa Barbara Island SMR",1996,"Mesocentrotus franciscanus",-1.03864882390055,0.100638977635783,0.284345047923323,0.353932584269663,"Den",0,"SMR","C",3307.221086,"KFM","Before"
"Santa Barbara Island SMR",1996,"Panulirus interruptus",-3.43398720448515,0.00581395348837209,0.180232558139535,0.032258064516129,"Den",0,"SMR","C",3307.221086,"KFM","Before"
"Santa Barbara Island SMR",1996,"Strongylocentrotus purpuratus",-0.0346055291774756,0.387214058475988,0.40084835630965,0.965986394557823,"Den",0,"SMR","C",3307.221086,"KFM","Before"
"Santa Barbara Island SMR",1997,"Mesocentrotus franciscanus",-1.08904283765196,0.111821086261981,0.332268370607029,0.336538461538462,"Den",0,"SMR","C",3307.221086,"KFM","Before"
"Santa Barbara Island SMR",1997,"Panulirus interruptus",-2.19722457733622,0.00581395348837209,0.0523255813953488,0.111111111111111,"Den",0,"SMR","C",3307.221086,"KFM","Before"
"Santa Barbara Island SMR",1997,"Strongylocentrotus purpuratus",-0.0934436370318903,0.295409786396001,0.324344796242993,0.910789350770668,"Den",0,"SMR","C",3307.221086,"KFM","Before"
"Santa Barbara Island SMR",1998,"Macrocystis pyrifera",0,0.00112914296066866,0.00112914296066866,1,"Den",0,"SMR","C",3307.221086,"KFM","Before"
"Santa Barbara Island SMR",1998,"Mesocentrotus franciscanus",-1.31388178355141,0.0543130990415335,0.202076677316294,0.268774703557312,"Den",0,"SMR","C",3307.221086,"KFM","Before"
"Santa Barbara Island SMR",1998,"Panulirus interruptus",-3.13549421592915,0.00581395348837209,0.133720930232558,0.0434782608695652,"Den",0,"SMR","C",3307.221086,"KFM","Before"
"Santa Barbara Island SMR",1998,"Strongylocentrotus purpuratus",0.559360196879718,0.148159369792456,0.0846841387668535,1.74955277280859,"Den",0,"SMR","C",3307.221086,"KFM","Before"
"Santa Barbara Island SMR",1999,"Macrocystis pyrifera",0,0.00112914296066866,0.00112914296066866,1,"Den",0,"SMR","C",3307.221086,"KFM","Before"
"Santa Barbara Island SMR",1999,"Mesocentrotus franciscanus",-0.0986993752910441,0.384984025559105,0.424920127795527,0.906015037593985,"Den",0,"SMR","C",3307.221086,"KFM","Before"
"Santa Barbara Island SMR",1999,"Panulirus interruptus",-2.70805020110221,0.00581395348837209,0.0872093023255814,0.0666666666666667,"Den",0,"SMR","C",3307.221086,"KFM","Before"
"Santa Barbara Island SMR",1999,"Strongylocentrotus purpuratus",0.2852925850544,0.253294955309802,0.190425693076807,1.33015115354018,"Den",0,"SMR","C",3307.221086,"KFM","Before"
"Santa Barbara Island SMR",2000,"Macrocystis pyrifera",0,0.00112914296066866,0.00112914296066866,1,"Den",0,"SMR","C",3307.221086,"KFM","Before"
"Santa Barbara Island SMR",2000,"Mesocentrotus franciscanus",-0.85015092936961,0.199680511182109,0.467252396166134,0.427350427350427,"Den",0,"SMR","C",3307.221086,"KFM","Before"
"Santa Barbara Island SMR",2000,"Panulirus interruptus",-1.09861228866811,0.00581395348837209,0.0174418604651163,0.333333333333333,"Den",0,"SMR","C",3307.221086,"KFM","Before"
"Santa Barbara Island SMR",2000,"Strongylocentrotus purpuratus",0.136651519960766,0.583547947280715,0.509013785790032,1.14642857142857,"Den",0,"SMR","C",3307.221086,"KFM","Before"
"Santa Barbara Island SMR",2001,"Macrocystis pyrifera",0,0.00112914296066866,0.00112914296066866,1,"Den",0,"SMR","C",3307.221086,"KFM","Before"
"Santa Barbara Island SMR",2001,"Mesocentrotus franciscanus",-0.809486172644095,0.123003194888179,0.276357827476038,0.445086705202312,"Den",0,"SMR","C",3307.221086,"KFM","Before"
"Santa Barbara Island SMR",2001,"Panulirus interruptus",-2.70805020110221,0.00581395348837209,0.0872093023255814,0.0666666666666667,"Den",0,"SMR","C",3307.221086,"KFM","Before"
"Santa Barbara Island SMR",2001,"Strongylocentrotus purpuratus",-0.922321658559445,0.160278745644599,0.403120739281927,0.397594889139421,"Den",0,"SMR","C",3307.221086,"KFM","Before"
"Santa Barbara Island SMR",2002,"Macrocystis pyrifera",0,0.00112914296066866,0.00112914296066866,1,"Den",0,"SMR","C",3307.221086,"KFM","Before"
"Santa Barbara Island SMR",2002,"Mesocentrotus franciscanus",-1.11474167059799,0.0654952076677316,0.199680511182109,0.328,"Den",0,"SMR","C",3307.221086,"KFM","Before"
"Santa Barbara Island SMR",2002,"Panulirus interruptus",-1.6094379124341,0.00581395348837209,0.0290697674418605,0.2,"Den",0,"SMR","C",3307.221086,"KFM","Before"
"Santa Barbara Island SMR",2002,"Strongylocentrotus purpuratus",-3.02245534369474,0.0218148765338585,0.44811392213301,0.0486815415821501,"Den",0,"SMR","C",3307.221086,"KFM","Before"
"Santa Barbara Island SMR",1982,"Mesocentrotus franciscanus",0.649850374806621,0.216613418530351,0.113099041533546,1.91525423728814,"Den",0,"SMR","C",3307.221086,"KFM","Before"
"Santa Barbara Island SMR",1982,"Strongylocentrotus purpuratus",-1.07794605404106,0.116527798818361,0.342432964702318,0.340293753317997,"Den",0,"SMR","C",3307.221086,"KFM","Before"
"Santa Barbara Island SMR",1983,"Mesocentrotus franciscanus",1.22077992264232,0.319488817891374,0.0942492012779553,3.38983050847458,"Den",0,"SMR","C",3307.221086,"KFM","Before"
"Santa Barbara Island SMR",1983,"Panulirus interruptus",0,0.00581395348837209,0.00581395348837209,1,"Den",0,"SMR","C",3307.221086,"KFM","Before"
"Santa Barbara Island SMR",1983,"Strongylocentrotus purpuratus",-0.937124818776997,0.103620663535828,0.264505377973034,0.391752577319588,"Den",0,"SMR","C",3307.221086,"KFM","Before"
"Santa Barbara Island SMR",1984,"Macrocystis pyrifera",0,0.00112914296066866,0.00112914296066866,1,"Den",0,"SMR","C",3307.221086,"KFM","Before"
"Santa Barbara Island SMR",1984,"Mesocentrotus franciscanus",0.631743169225815,0.216932907348243,0.115335463258786,1.8808864265928,"Den",0,"SMR","C",3307.221086,"KFM","Before"
"Santa Barbara Island SMR",1984,"Panulirus interruptus",0,0.00581395348837209,0.00581395348837209,1,"Den",0,"SMR","C",3307.221086,"KFM","Before"
"Santa Barbara Island SMR",1984,"Strongylocentrotus purpuratus",0.617281429785232,0.0738069989395546,0.0398121496742918,1.85388127853881,"Den",0,"SMR","C",3307.221086,"KFM","Before"
"Santa Barbara Island SMR",1985,"Macrocystis pyrifera",-2.2592935299529,0.00112914296066866,0.0108130358891099,0.104424231293438,"Den",0,"SMR","C",3307.221086,"KFM","Before"
"Santa Barbara Island SMR",1985,"Mesocentrotus franciscanus",0.341036050054277,0.182428115015974,0.129712460063898,1.4064039408867,"Den",0,"SMR","C",3307.221086,"KFM","Before"
"Santa Barbara Island SMR",1985,"Panulirus interruptus",0,0.00581395348837209,0.00581395348837209,1,"Den",0,"SMR","C",3307.221086,"KFM","Before"
"Santa Barbara Island SMR",1985,"Strongylocentrotus purpuratus",-0.109074119853175,0.200333282835934,0.223420693834268,0.8966639544345,"Den",0,"SMR","C",3307.221086,"KFM","Before"
"Santa Barbara Island SMR",1986,"Macrocystis pyrifera",-3.6863259792379,0.00112914296066866,0.0450505360197615,0.0250639184442413,"Den",0,"SMR","C",3307.221086,"KFM","Before"
"Santa Barbara Island SMR",1986,"Mesocentrotus franciscanus",0.821528347208152,0.212140575079872,0.0932907348242812,2.27397260273973,"Den",0,"SMR","C",3307.221086,"KFM","Before"
"Santa Barbara Island SMR",1986,"Panulirus interruptus",-2.70805020110221,0.00581395348837209,0.0872093023255814,0.0666666666666667,"Den",0,"SMR","C",3307.221086,"KFM","Before"
"Santa Barbara Island SMR",1986,"Strongylocentrotus purpuratus",0.15172352023677,0.704438721405848,0.605271928495683,1.1638384141763,"Den",0,"SMR","C",3307.221086,"KFM","Before"
"Santa Barbara Island SMR",1987,"Macrocystis pyrifera",-4.84884610609518,0.00112914296066866,0.144070823592534,0.00783741587999896,"Den",0,"SMR","C",3307.221086,"KFM","Before"
"Santa Barbara Island SMR",1987,"Mesocentrotus franciscanus",0.254401130686284,0.125878594249201,0.0976038338658147,1.28968903436989,"Den",0,"SMR","C",3307.221086,"KFM","Before"
"Santa Barbara Island SMR",1987,"Panulirus interruptus",-3.2188758248682,0.00581395348837209,0.145348837209302,0.04,"Den",0,"SMR","C",3307.221086,"KFM","Before"
"Santa Barbara Island SMR",1987,"Strongylocentrotus purpuratus",0.398438361326965,0.554279654597788,0.37212543554007,1.4894968246214,"Den",0,"SMR","C",3307.221086,"KFM","Before"
"Santa Barbara Island SMR",1988,"Macrocystis pyrifera",-3.40453347506171,0.00112914296066866,0.0339874853234758,0.0332223155058999,"Den",0,"SMR","C",3307.221086,"KFM","Before"
"Santa Barbara Island SMR",1988,"Mesocentrotus franciscanus",-0.208491274527339,0.0702875399361022,0.0865814696485623,0.811808118081181,"Den",0,"SMR","C",3307.221086,"KFM","Before"
"Santa Barbara Island SMR",1988,"Panulirus interruptus",-1.6094379124341,0.00581395348837209,0.0290697674418605,0.2,"Den",0,"SMR","C",3307.221086,"KFM","Before"
"Santa Barbara Island SMR",1988,"Strongylocentrotus purpuratus",0.659524289793742,0.717709437963945,0.371125587032268,1.9338721528288,"Den",0,"SMR","C",3307.221086,"KFM","Before"
"Santa Barbara Island SMR",1989,"Mesocentrotus franciscanus",-0.511911989978211,0.0587859424920128,0.0980830670926517,0.599348534201955,"Den",0,"SMR","C",3307.221086,"KFM","Before"
"Santa Barbara Island SMR",1989,"Panulirus interruptus",-3.80666248977032,0.00581395348837209,0.261627906976744,0.0222222222222222,"Den",0,"SMR","C",3307.221086,"KFM","Before"
"Santa Barbara Island SMR",1989,"Strongylocentrotus purpuratus",0.551531247879109,0.694258445690047,0.399939403120739,1.73590909090909,"Den",0,"SMR","C",3307.221086,"KFM","Before"
"Santa Barbara Island SMR",1990,"Macrocystis pyrifera",-2.49168727495077,0.00112914296066866,0.0136419032621079,0.0827701926171103,"Den",0,"SMR","C",3307.221086,"KFM","Before"
"Santa Barbara Island SMR",1990,"Mesocentrotus franciscanus",-0.529128438257591,0.0501597444089457,0.0851437699680511,0.589118198874297,"Den",0,"SMR","C",3307.221086,"KFM","Before"
"Santa Barbara Island SMR",1990,"Panulirus interruptus",-3.2188758248682,0.00581395348837209,0.145348837209302,0.04,"Den",0,"SMR","C",3307.221086,"KFM","Before"
"Santa Barbara Island SMR",1990,"Strongylocentrotus purpuratus",0.330577051023292,0.565732464778064,0.406483866080897,1.391771019678,"Den",0,"SMR","C",3307.221086,"KFM","Before"
"Santa Barbara Island SMR",1991,"Macrocystis pyrifera",-3.3229514276255,0.00112914296066866,0.0313248067228062,0.0360462865951725,"Den",0,"SMR","C",3307.221086,"KFM","Before"
"Santa Barbara Island SMR",1991,"Mesocentrotus franciscanus",-0.225121791326315,0.0645367412140575,0.0808306709265176,0.798418972332016,"Den",0,"SMR","C",3307.221086,"KFM","Before"
"Santa Barbara Island SMR",1991,"Panulirus interruptus",-3.76120011569356,0.00581395348837209,0.25,0.0232558139534884,"Den",0,"SMR","C",3307.221086,"KFM","Before"
"Santa Barbara Island SMR",1991,"Strongylocentrotus purpuratus",0.0877842741039779,0.385032570822603,0.352673837297379,1.09175257731959,"Den",0,"SMR","C",3307.221086,"KFM","Before"
"Santa Barbara Island SMR",1992,"Macrocystis pyrifera",-0.120902668655566,0.0597937795925762,0.0674781811910544,0.886120202666386,"Den",0,"SMR","C",3307.221086,"KFM","Before"
"Santa Barbara Island SMR",1992,"Mesocentrotus franciscanus",-0.363854350388322,0.0731629392971246,0.105271565495208,0.694992412746586,"Den",0,"SMR","C",3307.221086,"KFM","Before"
"Santa Barbara Island SMR",1992,"Panulirus interruptus",-1.94591014905531,0.0290697674418605,0.203488372093023,0.142857142857143,"Den",0,"SMR","C",3307.221086,"KFM","Before"
"Santa Barbara Island SMR",1992,"Strongylocentrotus purpuratus",-0.186415891601934,0.284320557491289,0.34258445690047,0.829928362960998,"Den",0,"SMR","C",3307.221086,"KFM","Before"
"Santa Barbara Island SMR",1993,"Macrocystis pyrifera",-1.62698443435608,0.108378387794706,0.551484166774091,0.196521304371558,"Den",0,"SMR","C",3307.221086,"KFM","Before"
"Santa Barbara Island SMR",1993,"Mesocentrotus franciscanus",-0.123473427580211,0.105750798722045,0.119648562300319,0.883845126835781,"Den",0,"SMR","C",3307.221086,"KFM","Before"
"Santa Barbara Island SMR",1993,"Panulirus interruptus",-3.76120011569356,0.00581395348837209,0.25,0.0232558139534884,"Den",0,"SMR","C",3307.221086,"KFM","Before"
"Santa Barbara Island SMR",1993,"Strongylocentrotus purpuratus",1.06301099893401,0.122890471140736,0.042448113922133,2.89507494646681,"Den",0,"SMR","C",3307.221086,"KFM","Before"
"Santa Barbara Island SMR",1994,"Macrocystis pyrifera",-0.958603883533195,0.128344035147009,0.334728018312121,0.383427822368109,"Den",0,"SMR","C",3307.221086,"KFM","Before"
"Santa Barbara Island SMR",1994,"Mesocentrotus franciscanus",0.422252767196492,0.278274760383387,0.182428115015974,1.52539404553415,"Den",0,"SMR","C",3307.221086,"KFM","Before"
"Santa Barbara Island SMR",1994,"Panulirus interruptus",-2.70805020110221,0.00581395348837209,0.0872093023255814,0.0666666666666667,"Den",0,"SMR","C",3307.221086,"KFM","Before"
"Santa Barbara Island SMR",1994,"Strongylocentrotus purpuratus",1.60430628471376,0.477018633540373,0.0958945614300863,4.97440758293839,"Den",0,"SMR","C",3307.221086,"KFM","Before"
"Santa Barbara Island SMR",1995,"Macrocystis pyrifera",-5.3604982961145,0.00112914296066866,0.240316594837348,0.00469856424785351,"Den",0,"SMR","C",3307.221086,"KFM","Before"
"Santa Barbara Island SMR",1984,"Macrocystis pyrifera",0,1.7131851945614e-05,1.7131851945614e-05,1,"Bio",0,"SMR","C",3307.221086,"KFM","Before"
"Santa Barbara Island SMR",1985,"Macrocystis pyrifera",-6.33904738863706,1.7131851945614e-05,0.00970102478038689,0.00176598373197133,"Bio",0,"SMR","C",3307.221086,"KFM","Before"
"Santa Barbara Island SMR",1986,"Macrocystis pyrifera",-7.8496073571113,1.7131851945614e-05,0.0439385249110384,0.000389905031639104,"Bio",0,"SMR","C",3307.221086,"KFM","Before"
"Santa Barbara Island SMR",1987,"Macrocystis pyrifera",-9.02937242542959,1.7131851945614e-05,0.142958812483811,0.000119837676656373,"Bio",0,"SMR","C",3307.221086,"KFM","Before"
"Santa Barbara Island SMR",1988,"Macrocystis pyrifera",-7.5595427764227,1.7131851945614e-05,0.0328754742147528,0.000521113454781015,"Bio",0,"SMR","C",3307.221086,"KFM","Before"
"Santa Barbara Island SMR",1990,"Macrocystis pyrifera",-6.59493302304416,1.7131851945614e-05,0.0125298921533849,0.00136727848379652,"Bio",0,"SMR","C",3307.221086,"KFM","Before"
"Santa Barbara Island SMR",1991,"Macrocystis pyrifera",-7.47508139172312,1.7131851945614e-05,0.0302127956140831,0.000567039613428832,"Bio",0,"SMR","C",3307.221086,"KFM","Before"
"Santa Barbara Island SMR",1992,"Macrocystis pyrifera",-0.0455629181595631,0.0586817684838532,0.061417327902973,0.9554594849284,"Bio",0,"SMR","C",3307.221086,"KFM","Before"
"Santa Barbara Island SMR",1993,"Macrocystis pyrifera",-1.63527945354466,0.107266376685983,0.550372155665368,0.194897898779607,"Bio",0,"SMR","C",3307.221086,"KFM","Before"
"Santa Barbara Island SMR",1994,"Macrocystis pyrifera",-0.963978272030307,0.127232024038286,0.333616007203398,0.381372659857761,"Bio",0,"SMR","C",3307.221086,"KFM","Before"
"Santa Barbara Island SMR",1995,"Macrocystis pyrifera",-9.54413504588342,1.7131851945614e-05,0.239204583728624,7.16200821847542e-05,"Bio",0,"SMR","C",3307.221086,"KFM","Before"
"Santa Barbara Island SMR",1996,"Macrocystis pyrifera",-9.23116159904784,1.7131851945614e-05,0.1749229756345,9.7939403805998e-05,"Bio",0,"SMR","C",3307.221086,"KFM","Before"
"Santa Barbara Island SMR",1998,"Macrocystis pyrifera",0,1.7131851945614e-05,1.7131851945614e-05,1,"Bio",0,"SMR","C",3307.221086,"KFM","Before"
"Santa Barbara Island SMR",1999,"Macrocystis pyrifera",0,1.7131851945614e-05,1.7131851945614e-05,1,"Bio",0,"SMR","C",3307.221086,"KFM","Before"
"Santa Barbara Island SMR",2000,"Macrocystis pyrifera",0,1.7131851945614e-05,1.7131851945614e-05,1,"Bio",0,"SMR","C",3307.221086,"KFM","Before"
"Santa Barbara Island SMR",2001,"Macrocystis pyrifera",0,1.7131851945614e-05,1.7131851945614e-05,1,"Bio",0,"SMR","C",3307.221086,"KFM","Before"
"Santa Barbara Island SMR",2002,"Macrocystis pyrifera",0,1.7131851945614e-05,1.7131851945614e-05,1,"Bio",0,"SMR","C",3307.221086,"KFM","Before"
"Santa Barbara Island SMR",2003,"Macrocystis pyrifera",5.739713671557,0.0159827513319176,5.1395555836842e-05,310.975357142857,"Bio",0,"SMR","C",3307.221086,"KFM","Before"
"Santa Barbara Island SMR",2004,"Macrocystis pyrifera",0,1.7131851945614e-05,1.7131851945614e-05,1,"Bio",1,"SMR","C",3307.221086,"KFM","After"
"Santa Barbara Island SMR",2005,"Macrocystis pyrifera",0,1.7131851945614e-05,1.7131851945614e-05,1,"Bio",2,"SMR","C",3307.221086,"KFM","After"
"Santa Barbara Island SMR",2006,"Macrocystis pyrifera",0,1.7131851945614e-05,1.7131851945614e-05,1,"Bio",3,"SMR","C",3307.221086,"KFM","After"
"Santa Barbara Island SMR",2007,"Macrocystis pyrifera",0,1.7131851945614e-05,1.7131851945614e-05,1,"Bio",4,"SMR","C",3307.221086,"KFM","After"
"Santa Barbara Island SMR",2008,"Macrocystis pyrifera",0,1.7131851945614e-05,1.7131851945614e-05,1,"Bio",5,"SMR","C",3307.221086,"KFM","After"
"Santa Barbara Island SMR",2009,"Macrocystis pyrifera",0,1.7131851945614e-05,1.7131851945614e-05,1,"Bio",6,"SMR","C",3307.221086,"KFM","After"
"Santa Barbara Island SMR",2003,"Macrocystis pyrifera",1.38024534313744,0.0170947624406407,0.00429962058789714,3.97587696197198,"Den",0,"SMR","C",3307.221086,"KFM","Before"
"Santa Barbara Island SMR",2003,"Mesocentrotus franciscanus",-0.641853886172394,0.159744408945687,0.303514376996805,0.526315789473684,"Den",0,"SMR","C",3307.221086,"KFM","Before"
"Santa Barbara Island SMR",2003,"Panulirus interruptus",-2.39789527279837,0.00581395348837209,0.063953488372093,0.0909090909090909,"Den",0,"SMR","C",3307.221086,"KFM","Before"
"Santa Barbara Island SMR",2003,"Strongylocentrotus purpuratus",-1.79175946922805,0.00272685956673231,0.0163611574003939,0.166666666666667,"Den",0,"SMR","C",3307.221086,"KFM","Before"
"Santa Barbara Island SMR",2004,"Macrocystis pyrifera",0,0.00112914296066866,0.00112914296066866,1,"Den",1,"SMR","C",3307.221086,"KFM","After"
"Santa Barbara Island SMR",2004,"Mesocentrotus franciscanus",-0.693147180559945,0.501597444089457,1.00319488817891,0.5,"Den",1,"SMR","C",3307.221086,"KFM","After"
"Santa Barbara Island SMR",2004,"Panulirus interruptus",-2.94443897916644,0.00581395348837209,0.11046511627907,0.0526315789473684,"Den",1,"SMR","C",3307.221086,"KFM","After"
"Santa Barbara Island SMR",2004,"Strongylocentrotus purpuratus",-0.870047656688185,0.135434025147705,0.323284350855931,0.418931583880037,"Den",1,"SMR","C",3307.221086,"KFM","After"
"Santa Barbara Island SMR",2005,"Macrocystis pyrifera",0,0.00112914296066866,0.00112914296066866,1,"Den",2,"SMR","C",3307.221086,"KFM","After"
"Santa Barbara Island SMR",2005,"Mesocentrotus franciscanus",-0.2942973115705,0.541533546325879,0.726837060702875,0.745054945054945,"Den",2,"SMR","C",3307.221086,"KFM","After"
"Santa Barbara Island SMR",2005,"Panulirus interruptus",0,0.00581395348837209,0.00581395348837209,1,"Den",2,"SMR","C",3307.221086,"KFM","After"
"Santa Barbara Island SMR",2005,"Strongylocentrotus purpuratus",-2.3112144196921,0.0454476594455386,0.458415391607332,0.0991407799074686,"Den",2,"SMR","C",3307.221086,"KFM","After"
"Santa Barbara Island SMR",2006,"Macrocystis pyrifera",0,0.00112914296066866,0.00112914296066866,1,"Den",3,"SMR","C",3307.221086,"KFM","After"
"Santa Barbara Island SMR",2006,"Mesocentrotus franciscanus",-0.339677367570161,0.426517571884984,0.599041533546326,0.712,"Den",3,"SMR","C",3307.221086,"KFM","After"
"Santa Barbara Island SMR",2006,"Panulirus interruptus",-2.83321334405622,0.00581395348837209,0.0988372093023256,0.0588235294117647,"Den",3,"SMR","C",3307.221086,"KFM","After"
"Santa Barbara Island SMR",2006,"Strongylocentrotus purpuratus",-3.37302650469546,0.0136342978336616,0.397667020148462,0.0342857142857143,"Den",3,"SMR","C",3307.221086,"KFM","After"
"Santa Barbara Island SMR",2007,"Macrocystis pyrifera",0,0.00112914296066866,0.00112914296066866,1,"Den",4,"SMR","C",3307.221086,"KFM","After"
"Santa Barbara Island SMR",2007,"Mesocentrotus franciscanus",-0.148157744429647,0.420127795527157,0.487220447284345,0.862295081967213,"Den",4,"SMR","C",3307.221086,"KFM","After"
"Santa Barbara Island SMR",2007,"Panulirus interruptus",-2.56494935746154,0.00581395348837209,0.0755813953488372,0.0769230769230769,"Den",4,"SMR","C",3307.221086,"KFM","After"
"Santa Barbara Island SMR",2007,"Strongylocentrotus purpuratus",-2.91506437048654,0.0242387517042872,0.447204968944099,0.05420054200542,"Den",4,"SMR","C",3307.221086,"KFM","After"
"Santa Barbara Island SMR",2008,"Macrocystis pyrifera",0,0.00112914296066866,0.00112914296066866,1,"Den",5,"SMR","C",3307.221086,"KFM","After"
"Santa Barbara Island SMR",2008,"Mesocentrotus franciscanus",0.093090423066012,0.503194888178914,0.458466453674121,1.09756097560976,"Den",5,"SMR","C",3307.221086,"KFM","After"
"Santa Barbara Island SMR",2008,"Panulirus interruptus",-0.955511445027436,0.0290697674418605,0.0755813953488372,0.384615384615385,"Den",5,"SMR","C",3307.221086,"KFM","After"
"Santa Barbara Island SMR",2008,"Strongylocentrotus purpuratus",-1.79588009689788,0.134525071958794,0.810483260112104,0.165981308411215,"Den",5,"SMR","C",3307.221086,"KFM","After"
"Santa Barbara Island SMR",2009,"Macrocystis pyrifera",0,0.00112914296066866,0.00112914296066866,1,"Den",6,"SMR","C",3307.221086,"KFM","After"
"Santa Barbara Island SMR",2009,"Mesocentrotus franciscanus",-0.0144302648290287,0.274760383386581,0.278753993610224,0.98567335243553,"Den",6,"SMR","C",3307.221086,"KFM","After"
"Santa Barbara Island SMR",2009,"Panulirus interruptus",0.251314428280906,0.0523255813953488,0.0406976744186047,1.28571428571429,"Den",6,"SMR","C",3307.221086,"KFM","After"
"Santa Barbara Island SMR",2009,"Strongylocentrotus purpuratus",-1.90425907497763,0.149068322981366,1.00090895318891,0.148932949901619,"Den",6,"SMR","C",3307.221086,"KFM","After"
"Santa Barbara Island SMR",2010,"Macrocystis pyrifera",-2.16206607484179,0.00587963333948847,0.0510885538789574,0.115087096679599,"Den",7,"SMR","C",3307.221086,"KFM","After"
"Santa Barbara Island SMR",2010,"Mesocentrotus franciscanus",-0.06609011182899,0.257188498402556,0.274760383386581,0.936046511627907,"Den",7,"SMR","C",3307.221086,"KFM","After"
"Santa Barbara Island SMR",2010,"Panulirus interruptus",-1.09861228866811,0.00581395348837209,0.0174418604651163,0.333333333333333,"Den",7,"SMR","C",3307.221086,"KFM","After"
"Santa Barbara Island SMR",2010,"Strongylocentrotus purpuratus",-1.65090385541919,0.116648992576882,0.607938191183154,0.191876401694493,"Den",7,"SMR","C",3307.221086,"KFM","After"
"Santa Barbara Island SMR",2011,"Macrocystis pyrifera",0,0.00112914296066866,0.00112914296066866,1,"Den",8,"SMR","C",3307.221086,"KFM","After"
"Santa Barbara Island SMR",2011,"Mesocentrotus franciscanus",-0.582549804564436,0.186900958466454,0.334664536741214,0.558472553699284,"Den",8,"SMR","C",3307.221086,"KFM","After"
"Santa Barbara Island SMR",2011,"Panulirus interruptus",-0.336472236621213,0.0290697674418605,0.0406976744186047,0.714285714285714,"Den",8,"SMR","C",3307.221086,"KFM","After"
"Santa Barbara Island SMR",2011,"Strongylocentrotus purpuratus",-0.816811735364371,0.348129071352825,0.787910922587487,0.441838108056143,"Den",8,"SMR","C",3307.221086,"KFM","After"
"Santa Barbara Island SMR",2012,"Macrocystis pyrifera",0,0.00112914296066866,0.00112914296066866,1,"Den",9,"SMR","C",3307.221086,"KFM","After"
"Santa Barbara Island SMR",2012,"Mesocentrotus franciscanus",-1.94214366625984,0.0303514376996805,0.211661341853035,0.143396226415094,"Den",9,"SMR","C",3307.221086,"KFM","After"
"Santa Barbara Island SMR",2012,"Panulirus interruptus",-0.587786664902119,0.0290697674418605,0.0523255813953488,0.555555555555556,"Den",9,"SMR","C",3307.221086,"KFM","After"
"Santa Barbara Island SMR",2012,"Strongylocentrotus purpuratus",-1.00968808147371,0.201787607938191,0.553855476442963,0.364332603938731,"Den",9,"SMR","C",3307.221086,"KFM","After"
"Santa Barbara Island SMR",2013,"Macrocystis pyrifera",-1.73749909593911,0.00112914296066866,0.00641704671751044,0.175959909655562,"Den",10,"SMR","C",3307.221086,"KFM","After"
"Santa Barbara Island SMR",2013,"Mesocentrotus franciscanus",-3.03769647265302,0.0111821086261981,0.233226837060703,0.047945205479452,"Den",10,"SMR","C",3307.221086,"KFM","After"
"Santa Barbara Island SMR",2013,"Panulirus interruptus",0.251314428280906,0.0523255813953488,0.0406976744186046,1.28571428571429,"Den",10,"SMR","C",3307.221086,"KFM","After"
"Santa Barbara Island SMR",2013,"Strongylocentrotus purpuratus",-1.85121278783591,0.0811998182093622,0.517042872292077,0.157046586580721,"Den",10,"SMR","C",3307.221086,"KFM","After"
"Santa Barbara Island SMR",2014,"Macrocystis pyrifera",4.77661508023191,0.134031384244468,0.00112914296066866,118.70187293653,"Den",11,"SMR","C",3307.221086,"KFM","After"
"Santa Barbara Island SMR",2014,"Mesocentrotus franciscanus",-1.7167964307546,0.023961661341853,0.133386581469649,0.179640718562874,"Den",11,"SMR","C",3307.221086,"KFM","After"
"Santa Barbara Island SMR",2014,"Panulirus interruptus",0.268263986594679,0.0988372093023256,0.0755813953488372,1.30769230769231,"Den",11,"SMR","C",3307.221086,"KFM","After"
"Santa Barbara Island SMR",2014,"Strongylocentrotus purpuratus",-2.29501807364256,0.0984699287986669,0.977276170277231,0.100759572159355,"Den",11,"SMR","C",3307.221086,"KFM","After"
"Santa Barbara Island SMR",2015,"Macrocystis pyrifera",5.60720331350018,0.307557547652976,0.00112914296066866,272.381406399457,"Den",12,"SMR","C",3307.221086,"KFM","After"
"Santa Barbara Island SMR",2015,"Mesocentrotus franciscanus",-1.00458333901983,0.0207667731629393,0.0567092651757189,0.366197183098592,"Den",12,"SMR","C",3307.221086,"KFM","After"
"Santa Barbara Island SMR",2015,"Panulirus interruptus",0.902867711542015,0.215116279069767,0.0872093023255814,2.46666666666667,"Den",12,"SMR","C",3307.221086,"KFM","After"
"Santa Barbara Island SMR",2015,"Strongylocentrotus purpuratus",-1.66452929468026,0.0342372367823057,0.180881684593243,0.1892797319933,"Den",12,"SMR","C",3307.221086,"KFM","After"
"Santa Barbara Island SMR",2016,"Macrocystis pyrifera",2.13908985800853,0.226227828431868,0.0266410357358121,8.49170545301893,"Den",13,"SMR","C",3307.221086,"KFM","After"
"Santa Barbara Island SMR",2016,"Mesocentrotus franciscanus",-0.7339691750802,0.00958466453674122,0.0199680511182109,0.48,"Den",13,"SMR","C",3307.221086,"KFM","After"
"Santa Barbara Island SMR",2016,"Panulirus interruptus",1.21302263984585,0.215116279069767,0.063953488372093,3.36363636363636,"Den",13,"SMR","C",3307.221086,"KFM","After"
"Santa Barbara Island SMR",2016,"Strongylocentrotus purpuratus",-0.56710645966458,0.0172701105893046,0.0304499318285108,0.567164179104478,"Den",13,"SMR","C",3307.221086,"KFM","After"
"Santa Barbara Island SMR",2017,"Macrocystis pyrifera",-0.532723092662895,0.277589565992969,0.472891858840581,0.587004324146229,"Den",14,"SMR","C",3307.221086,"KFM","After"
"Santa Barbara Island SMR",2017,"Mesocentrotus franciscanus",0.25489224962879,0.0319488817891374,0.0247603833865815,1.29032258064516,"Den",14,"SMR","C",3307.221086,"KFM","After"
"Santa Barbara Island SMR",2017,"Panulirus interruptus",0.27443684570176,0.145348837209302,0.11046511627907,1.31578947368421,"Den",14,"SMR","C",3307.221086,"KFM","After"
"Santa Barbara Island SMR",2017,"Strongylocentrotus purpuratus",-1.57484646766448,0.0151492198151795,0.0731707317073171,0.20703933747412,"Den",14,"SMR","C",3307.221086,"KFM","After"
"Santa Barbara Island SMR",2018,"Macrocystis pyrifera",-0.828989583270898,0.111897269556795,0.256356947004247,0.436490100480645,"Den",15,"SMR","C",3307.221086,"KFM","After"
"Santa Barbara Island SMR",2018,"Mesocentrotus franciscanus",-1.27046254559477,0.012779552715655,0.0455271565495208,0.280701754385965,"Den",15,"SMR","C",3307.221086,"KFM","After"
"Santa Barbara Island SMR",2018,"Panulirus interruptus",1.09861228866811,0.331395348837209,0.11046511627907,3,"Den",15,"SMR","C",3307.221086,"KFM","After"
"Santa Barbara Island SMR",2018,"Strongylocentrotus purpuratus",-2.43944427571124,0.0181790637782154,0.20845326465687,0.0872093023255814,"Den",15,"SMR","C",3307.221086,"KFM","After"
"Santa Barbara Island SMR",2019,"Macrocystis pyrifera",3.53161623561771,0.39714792891162,0.0116195914613115,34.1791645802662,"Den",16,"SMR","C",3307.221086,"KFM","After"
"Santa Barbara Island SMR",2019,"Mesocentrotus franciscanus",-1.29578035357906,0.0207667731629393,0.0758785942492013,0.273684210526316,"Den",16,"SMR","C",3307.221086,"KFM","After"
"Santa Barbara Island SMR",2019,"Panulirus interruptus",-0.587786664902119,0.145348837209302,0.261627906976744,0.555555555555556,"Den",16,"SMR","C",3307.221086,"KFM","After"
"Santa Barbara Island SMR",2019,"Strongylocentrotus purpuratus",-2.04548094244133,0.0221178609301621,0.171034691713377,0.129317980513729,"Den",16,"SMR","C",3307.221086,"KFM","After"
"Santa Barbara Island SMR",2021,"Macrocystis pyrifera",3.53492170543722,1.00112914296067,0.0291939670340008,34.2923297061582,"Den",18,"SMR","C",3307.221086,"KFM","After"
"Santa Barbara Island SMR",2021,"Mesocentrotus franciscanus",-0.965080896043587,0.012779552715655,0.0335463258785943,0.380952380952381,"Den",18,"SMR","C",3307.221086,"KFM","After"
"Santa Barbara Island SMR",2021,"Panulirus interruptus",1.04241773032447,1.00581395348837,0.354651162790698,2.83606557377049,"Den",18,"SMR","C",3307.221086,"KFM","After"
"Santa Barbara Island SMR",2021,"Strongylocentrotus purpuratus",-3.38699443148416,0.00393879715194667,0.11649750037873,0.0338101430429129,"Den",18,"SMR","C",3307.221086,"KFM","After"
"Santa Barbara Island SMR",2022,"Macrocystis pyrifera",1.17147163266986,0.30794427624267,0.0954351741846472,3.22673771880861,"Den",19,"SMR","C",3307.221086,"KFM","After"
"Santa Barbara Island SMR",2022,"Mesocentrotus franciscanus",-1.16315080980568,0.023961661341853,0.0766773162939297,0.3125,"Den",19,"SMR","C",3307.221086,"KFM","After"
"Santa Barbara Island SMR",2022,"Panulirus interruptus",-1.3249254147436,0.122093023255814,0.459302325581395,0.265822784810127,"Den",19,"SMR","C",3307.221086,"KFM","After"
"Santa Barbara Island SMR",2022,"Strongylocentrotus purpuratus",-4.07329115302427,0.00666565671867899,0.39160733222239,0.0170212765957447,"Den",19,"SMR","C",3307.221086,"KFM","After"
"Santa Barbara Island SMR",2023,"Macrocystis pyrifera",1.68960526621962,0.238138023782066,0.043958463259042,5.41734187518675,"Den",20,"SMR","C",3307.221086,"KFM","After"
"Santa Barbara Island SMR",2023,"Mesocentrotus franciscanus",-0.146603474191875,0.0303514376996805,0.0351437699680511,0.863636363636364,"Den",20,"SMR","C",3307.221086,"KFM","After"
"Santa Barbara Island SMR",2023,"Panulirus interruptus",0.322773392263051,0.168604651162791,0.122093023255814,1.38095238095238,"Den",20,"SMR","C",3307.221086,"KFM","After"
"Santa Barbara Island SMR",2023,"Strongylocentrotus purpuratus",-2.48316902988946,0.0145432510225723,0.174216027874564,0.0834782608695652,"Den",20,"SMR","C",3307.221086,"KFM","After"
"Santa Barbara Island SMR",2018,"Macrocystis pyrifera",-0.251057618457985,0.29234464567488,0.375775172148368,0.777977544401078,"Bio",15,"SMR","C",3307.221086,"KFM","After"
"Santa Barbara Island SMR",2019,"Macrocystis pyrifera",3.62940797363071,0.396035917802897,0.0105075803525884,37.6904962430612,"Bio",16,"SMR","C",3307.221086,"KFM","After"
"Santa Barbara Island SMR",2021,"Macrocystis pyrifera",3.96008112040417,1.00001713185195,0.0190618945067564,52.4615814811847,"Bio",18,"SMR","C",3307.221086,"KFM","After"
"Santa Barbara Island SMR",2022,"Macrocystis pyrifera",1.33115739258682,0.306832265133947,0.0810562889024223,3.785422072596,"Bio",19,"SMR","C",3307.221086,"KFM","After"
"Santa Barbara Island SMR",2023,"Macrocystis pyrifera",1.71054704857031,0.237026012673343,0.0428464521503189,5.53198691555093,"Bio",20,"SMR","C",3307.221086,"KFM","After"
"Santa Barbara Island SMR",2010,"Macrocystis pyrifera",-6.59289976651944,6.84709291496683e-05,0.0499765427702344,0.00137006133986621,"Bio",7,"SMR","C",3307.221086,"KFM","After"
"Santa Barbara Island SMR",2011,"Macrocystis pyrifera",0,1.7131851945614e-05,1.7131851945614e-05,1,"Bio",8,"SMR","C",3307.221086,"KFM","After"
"Santa Barbara Island SMR",2012,"Macrocystis pyrifera",0,1.7131851945614e-05,1.7131851945614e-05,1,"Bio",9,"SMR","C",3307.221086,"KFM","After"
"Santa Barbara Island SMR",2013,"Macrocystis pyrifera",-1.46688636845019,1.7131851945614e-05,7.42788152213407e-05,0.230642504118616,"Bio",10,"SMR","C",3307.221086,"KFM","After"
"Santa Barbara Island SMR",2014,"Macrocystis pyrifera",8.9565585886189,0.132919373135745,1.7131851945614e-05,7758.61089377289,"Bio",11,"SMR","C",3307.221086,"KFM","After"
"Santa Barbara Island SMR",2015,"Macrocystis pyrifera",9.79185590603361,0.306445536544252,1.7131851945614e-05,17887.4728498169,"Bio",12,"SMR","C",3307.221086,"KFM","After"
"Santa Barbara Island SMR",2016,"Macrocystis pyrifera",2.4177351094006,0.225115817323145,0.0200630517892727,11.2204174961812,"Bio",13,"SMR","C",3307.221086,"KFM","After"
"Santa Barbara Island SMR",2017,"Macrocystis pyrifera",-0.534382810637053,0.276477554884246,0.471779847731858,0.586030870571195,"Bio",14,"SMR","C",3307.221086,"KFM","After"
"Santa Barbara Island SMR",1987,"Semicossyphus pulcher",0.276253376628158,0.315217391304348,0.239130434782609,1.31818181818182,"Den",0,"SMR","C",3307.221086,"KFM","Before"
"Santa Barbara Island SMR",1988,"Semicossyphus pulcher",-2.22044604925031e-16,0.271739130434783,0.271739130434783,1,"Den",0,"SMR","C",3307.221086,"KFM","Before"
"Santa Barbara Island SMR",1989,"Semicossyphus pulcher",-0.641853886172395,0.108695652173913,0.206521739130435,0.526315789473684,"Den",0,"SMR","C",3307.221086,"KFM","Before"
"Santa Barbara Island SMR",1986,"Semicossyphus pulcher",0.334749583309767,0.630434782608696,0.451086956521739,1.39759036144578,"Den",0,"SMR","C",3307.221086,"KFM","Before"
"Santa Barbara Island SMR",1991,"Semicossyphus pulcher",1.02961941718116,0.304347826086956,0.108695652173913,2.8,"Den",0,"SMR","C",3307.221086,"KFM","Before"
"Santa Barbara Island SMR",1992,"Semicossyphus pulcher",0.27443684570176,0.271739130434783,0.206521739130435,1.31578947368421,"Den",0,"SMR","C",3307.221086,"KFM","Before"
"Santa Barbara Island SMR",1993,"Semicossyphus pulcher",0.394654192003949,0.5,0.33695652173913,1.48387096774194,"Den",0,"SMR","C",3307.221086,"KFM","Before"
"Santa Barbara Island SMR",1990,"Semicossyphus pulcher",-0.262364264467491,0.108695652173913,0.141304347826087,0.769230769230769,"Den",0,"SMR","C",3307.221086,"KFM","Before"
"Santa Barbara Island SMR",1995,"Semicossyphus pulcher",-0.626455806061273,0.33695652173913,0.630434782608696,0.53448275862069,"Den",0,"SMR","C",3307.221086,"KFM","Before"
"Santa Barbara Island SMR",1996,"Semicossyphus pulcher",-0.784438600769352,0.369565217391304,0.809782608695652,0.456375838926175,"Den",0,"SMR","C",3307.221086,"KFM","Before"
"Santa Barbara Island SMR",1997,"Semicossyphus pulcher",-1.53532994028038,0.0760869565217391,0.353260869565217,0.215384615384615,"Den",0,"SMR","C",3307.221086,"KFM","Before"
"Santa Barbara Island SMR",1994,"Semicossyphus pulcher",0.349673748479749,0.66304347826087,0.467391304347826,1.41860465116279,"Den",0,"SMR","C",3307.221086,"KFM","Before"
"Santa Barbara Island SMR",1985,"Semicossyphus pulcher",-2.22044604925031e-16,0.597826086956522,0.597826086956522,1,"Den",0,"SMR","C",3307.221086,"KFM","Before"
"Santa Barbara Island SMR",2003,"Semicossyphus pulcher",-1.47907609457086,0.0311562427879068,0.136741287791369,0.227848101265823,"RD",0,"SMR","C",3307.221086,"KFM","Before"
"Santa Barbara Island SMR",2004,"Semicossyphus pulcher",-0.95265837604503,0.0467343641818601,0.121163166397415,0.385714285714286,"RD",1,"SMR","C",3307.221086,"KFM","After"
"Santa Barbara Island SMR",2005,"Semicossyphus pulcher",-0.37768777432434,0.121451650126933,0.177186706669744,0.685444480625204,"RD",2,"SMR","C",3307.221086,"KFM","After"
"Santa Barbara Island SMR",2006,"Semicossyphus pulcher",-0.502032871818012,0.0685437341333949,0.113239479959997,0.605298913043478,"RD",3,"SMR","C",3307.221086,"KFM","After"
"Santa Barbara Island SMR",2007,"Semicossyphus pulcher",0.37340750289111,0.177994461112393,0.122528656050465,1.45267618898132,"RD",4,"SMR","C",3307.221086,"KFM","After"
"Santa Barbara Island SMR",2008,"Semicossyphus pulcher",-0.751931875454373,0.0615431956304331,0.130538887606739,0.471454880294659,"RD",5,"SMR","C",3307.221086,"KFM","After"
"Santa Barbara Island SMR",2009,"Semicossyphus pulcher",-0.129235620063653,0.243961073928764,0.277617509039157,0.878766886040873,"RD",6,"SMR","C",3307.221086,"KFM","After"
"Santa Barbara Island SMR",2010,"Semicossyphus pulcher",0.423356042140478,0.405646588199092,0.265635818139857,1.52707790327252,"RD",7,"SMR","C",3307.221086,"KFM","After"
"Santa Barbara Island SMR",2011,"Semicossyphus pulcher",-1.0409667703637,0.155646588199092,0.440783906454343,0.353113137571447,"RD",8,"SMR","C",3307.221086,"KFM","After"
"Santa Barbara Island SMR",2012,"Semicossyphus pulcher",-1.15500382052813,0.0887375951996308,0.281656281252404,0.315056333219529,"RD",9,"SMR","C",3307.221086,"KFM","After"
"Santa Barbara Island SMR",2013,"Semicossyphus pulcher",-0.200184107045519,0.258769905377337,0.316120470805447,0.81858003285271,"RD",10,"SMR","C",3307.221086,"KFM","After"
"Santa Barbara Island SMR",2014,"Semicossyphus pulcher",0.00782126892041851,0.345603507962151,0.342910993153319,1.00785193494111,"RD",11,"SMR","C",3307.221086,"KFM","After"
"Santa Barbara Island SMR",1998,"Semicossyphus pulcher",-0.165514438477573,0.271739130434783,0.320652173913043,0.847457627118644,"Den",0,"SMR","C",3307.221086,"KFM","Before"
"Santa Barbara Island SMR",1999,"Semicossyphus pulcher",-0.423322725508171,0.402173913043478,0.614130434782609,0.654867256637168,"Den",0,"SMR","C",3307.221086,"KFM","Before"
"Santa Barbara Island SMR",2000,"Semicossyphus pulcher",-2.77258872223978,0.0108695652173913,0.173913043478261,0.0625,"Den",0,"SMR","C",3307.221086,"KFM","Before"
"Santa Barbara Island SMR",2001,"Semicossyphus pulcher",-1.38629436111989,0.0434782608695652,0.173913043478261,0.25,"Den",0,"SMR","C",3307.221086,"KFM","Before"
"Santa Barbara Island SMR",2002,"Semicossyphus pulcher",-2.4423470353692,0.0108695652173913,0.125,0.0869565217391304,"Den",0,"SMR","C",3307.221086,"KFM","Before"
"Santa Barbara Island SMR",2003,"Semicossyphus pulcher",-2.30258509299405,0.0108695652173913,0.108695652173913,0.1,"Den",0,"SMR","C",3307.221086,"KFM","Before"
"Santa Barbara Island SMR",2004,"Semicossyphus pulcher",-0.916290731874155,0.0434782608695652,0.108695652173913,0.4,"Den",1,"SMR","C",3307.221086,"KFM","After"
"Santa Barbara Island SMR",2005,"Semicossyphus pulcher",0.167054084663166,0.141304347826087,0.119565217391304,1.18181818181818,"Den",2,"SMR","C",3307.221086,"KFM","After"
"Santa Barbara Island SMR",2006,"Semicossyphus pulcher",-0.23638877806423,0.16304347826087,0.206521739130435,0.789473684210526,"Den",3,"SMR","C",3307.221086,"KFM","After"
"Santa Barbara Island SMR",2007,"Semicossyphus pulcher",0.336472236621213,0.228260869565217,0.16304347826087,1.4,"Den",4,"SMR","C",3307.221086,"KFM","After"
"Santa Barbara Island SMR",2008,"Semicossyphus pulcher",0,0.0543478260869565,0.0543478260869565,1,"Den",5,"SMR","C",3307.221086,"KFM","After"
"Santa Barbara Island SMR",2009,"Semicossyphus pulcher",0.663294217410264,0.358695652173913,0.184782608695652,1.94117647058824,"Den",6,"SMR","C",3307.221086,"KFM","After"
"Santa Barbara Island SMR",2010,"Semicossyphus pulcher",0.0714589639821449,0.315217391304348,0.293478260869565,1.07407407407407,"Den",7,"SMR","C",3307.221086,"KFM","After"
"Santa Barbara Island SMR",2011,"Semicossyphus pulcher",-0.619039208406223,0.228260869565217,0.423913043478261,0.538461538461539,"Den",8,"SMR","C",3307.221086,"KFM","After"
"Santa Barbara Island SMR",2012,"Semicossyphus pulcher",-1.84582669049833,0.0326086956521739,0.206521739130435,0.157894736842105,"Den",9,"SMR","C",3307.221086,"KFM","After"
"Santa Barbara Island SMR",2013,"Semicossyphus pulcher",-0.27443684570176,0.206521739130435,0.271739130434783,0.76,"Den",10,"SMR","C",3307.221086,"KFM","After"
"Santa Barbara Island SMR",2014,"Semicossyphus pulcher",0.36101334553733,0.358695652173913,0.25,1.43478260869565,"Den",11,"SMR","C",3307.221086,"KFM","After"
"Santa Barbara Island SMR",2015,"Semicossyphus pulcher",-0.595983432106298,0.293478260869565,0.532608695652174,0.551020408163265,"Den",12,"SMR","C",3307.221086,"KFM","After"
"Santa Barbara Island SMR",2016,"Semicossyphus pulcher",-1.16530366316678,0.315217391304348,1.01086956521739,0.311827956989247,"Den",13,"SMR","C",3307.221086,"KFM","After"
"Santa Barbara Island SMR",2017,"Semicossyphus pulcher",-0.329479201130242,0.445652173913044,0.619565217391304,0.719298245614035,"Den",14,"SMR","C",3307.221086,"KFM","After"
"Santa Barbara Island SMR",2018,"Semicossyphus pulcher",-0.887303195000903,0.228260869565217,0.554347826086956,0.411764705882353,"Den",15,"SMR","C",3307.221086,"KFM","After"
"Santa Barbara Island SMR",2019,"Semicossyphus pulcher",-1.45724609709218,0.184782608695652,0.793478260869565,0.232876712328767,"Den",16,"SMR","C",3307.221086,"KFM","After"
"Santa Barbara Island SMR",2021,"Semicossyphus pulcher",0,0.25,0.25,1,"Den",18,"SMR","C",3307.221086,"KFM","After"
"Santa Barbara Island SMR",2022,"Semicossyphus pulcher",-0.435318071257845,0.119565217391304,0.184782608695652,0.647058823529412,"Den",19,"SMR","C",3307.221086,"KFM","After"
"Santa Barbara Island SMR",2023,"Semicossyphus pulcher",1.38629436111989,0.0434782608695652,0.0108695652173913,4,"Den",20,"SMR","C",3307.221086,"KFM","After"
"Santa Barbara Island SMR",2017,"Semicossyphus pulcher",-0.751682036589249,0.429744595738134,0.911300869297638,0.471572682762114,"RD",14,"SMR","C",3307.221086,"KFM","After"
"Santa Barbara Island SMR",2018,"Semicossyphus pulcher",-1.10835693982261,0.324063389491499,0.981710131548581,0.33010089137036,"RD",15,"SMR","C",3307.221086,"KFM","After"
"Santa Barbara Island SMR",2015,"Semicossyphus pulcher",0.0588455488577886,0.577159781521656,0.54417647511347,1.06061141544442,"RD",12,"SMR","C",3307.221086,"KFM","After"
"Santa Barbara Island SMR",2016,"Semicossyphus pulcher",-0.50662049301926,0.540810831602431,0.897569043772598,0.602528390829226,"RD",13,"SMR","C",3307.221086,"KFM","After"
"Santa Barbara Island SMR",2023,"Semicossyphus pulcher",-0.765120680185034,0.173955688899146,0.373874913454881,0.465277777777778,"RD",20,"SMR","C",3307.221086,"KFM","After"
"Santa Barbara Island SMR",2019,"Semicossyphus pulcher",-1.30649766887628,0.27357873682591,1.01038541426264,0.270766712349627,"RD",16,"SMR","C",3307.221086,"KFM","After"
"Santa Barbara Island SMR",2022,"Semicossyphus pulcher",-0.99181288814569,0.143664897299792,0.387337487499038,0.37090367428004,"RD",19,"SMR","C",3307.221086,"KFM","After"
