"CA_MPA_Name_Short","year","taxon_name","source","status","value","resp","BA","time"
"Anacapa Island SMR 2003",2005,"Semicossyphus pulcher","KFM","mpa",0.0025,"Den","After",2
"Anacapa Island SMR 2003",2006,"Semicossyphus pulcher","KFM","mpa",0.005,"Den","After",3
"Anacapa Island SMR 2003",2007,"Semicossyphus pulcher","KFM","mpa",0,"Den","After",4
"Anacapa Island SMR 2003",2008,"Semicossyphus pulcher","KFM","mpa",0.0025,"Den","After",5
"Anacapa Island SMR 2003",2009,"Semicossyphus pulcher","KFM","mpa",0.0125,"Den","After",6
"Anacapa Island SMR 2003",2010,"Semicossyphus pulcher","KFM","mpa",0.0025,"Den","After",7
"Anacapa Island SMR 2003",2011,"Semicossyphus pulcher","KFM","mpa",0.01,"Den","After",8
"Anacapa Island SMR 2003",2012,"Semicossyphus pulcher","KFM","mpa",0.0025,"Den","After",9
"Anacapa Island SMR 2003",2013,"Semicossyphus pulcher","KFM","mpa",0.035,"Den","After",10
"Anacapa Island SMR 2003",2014,"Semicossyphus pulcher","KFM","mpa",0.01375,"Den","After",11
"Anacapa Island SMR 2003",2015,"Semicossyphus pulcher","KFM","mpa",0.04,"Den","After",12
"Anacapa Island SMR 2003",2016,"Semicossyphus pulcher","KFM","mpa",0.055,"Den","After",13
"Anacapa Island SMR 2003",2017,"Semicossyphus pulcher","KFM","mpa",0.055,"Den","After",14
"Anacapa Island SMR 2003",2018,"Semicossyphus pulcher","KFM","mpa",0.025,"Den","After",15
"Anacapa Island SMR 2003",2019,"Semicossyphus pulcher","KFM","mpa",0.0075,"Den","After",16
"Anacapa Island SMR 2003",2021,"Semicossyphus pulcher","KFM","mpa",0.0125,"Den","After",18
"Anacapa Island SMR 2003",2022,"Semicossyphus pulcher","KFM","mpa",0.025,"Den","After",19
"Gull Island SMR",1986,"Semicossyphus pulcher","KFM","mpa",0.0275,"Den","Before",0
"Gull Island SMR",1987,"Semicossyphus pulcher","KFM","mpa",0.0175,"Den","Before",0
"Gull Island SMR",1988,"Semicossyphus pulcher","KFM","mpa",0.02875,"Den","Before",0
"Gull Island SMR",1989,"Semicossyphus pulcher","KFM","mpa",0.02125,"Den","Before",0
"Gull Island SMR",1990,"Semicossyphus pulcher","KFM","mpa",0.005,"Den","Before",0
"Gull Island SMR",1991,"Semicossyphus pulcher","KFM","mpa",0.0075,"Den","Before",0
"Gull Island SMR",1992,"Semicossyphus pulcher","KFM","mpa",0.00875,"Den","Before",0
"Gull Island SMR",1993,"Semicossyphus pulcher","KFM","mpa",0.02,"Den","Before",0
"Gull Island SMR",1994,"Semicossyphus pulcher","KFM","mpa",0.0125,"Den","Before",0
"Gull Island SMR",1995,"Semicossyphus pulcher","KFM","mpa",0.025,"Den","Before",0
"Gull Island SMR",1996,"Semicossyphus pulcher","KFM","mpa",0.0375,"Den","Before",0
"Gull Island SMR",1997,"Semicossyphus pulcher","KFM","mpa",0.01,"Den","Before",0
"Gull Island SMR",1998,"Semicossyphus pulcher","KFM","mpa",0.04625,"Den","Before",0
"Gull Island SMR",1999,"Semicossyphus pulcher","KFM","mpa",0.0225,"Den","Before",0
"Gull Island SMR",2000,"Semicossyphus pulcher","KFM","mpa",0.0233333333333333,"Den","Before",0
"Gull Island SMR",2001,"Semicossyphus pulcher","KFM","mpa",0.02625,"Den","Before",0
"Gull Island SMR",2002,"Semicossyphus pulcher","KFM","mpa",0.01,"Den","Before",0
"Gull Island SMR",2003,"Semicossyphus pulcher","KFM","mpa",0.00875,"Den","Before",0
"Gull Island SMR",2004,"Semicossyphus pulcher","KFM","mpa",0.0075,"Den","After",1
"Gull Island SMR",2005,"Semicossyphus pulcher","KFM","mpa",0.015,"Den","After",2
"Gull Island SMR",2006,"Semicossyphus pulcher","KFM","mpa",0.0125,"Den","After",3
"Gull Island SMR",2007,"Semicossyphus pulcher","KFM","mpa",0.0125,"Den","After",4
"Gull Island SMR",2008,"Semicossyphus pulcher","KFM","mpa",0.035,"Den","After",5
"Gull Island SMR",2009,"Semicossyphus pulcher","KFM","mpa",0.04,"Den","After",6
"Gull Island SMR",2010,"Semicossyphus pulcher","KFM","mpa",0.035,"Den","After",7
"Gull Island SMR",2011,"Semicossyphus pulcher","KFM","mpa",0.03,"Den","After",8
"Gull Island SMR",2012,"Semicossyphus pulcher","KFM","mpa",0.02,"Den","After",9
"Gull Island SMR",2013,"Semicossyphus pulcher","KFM","mpa",0.0275,"Den","After",10
"Gull Island SMR",2014,"Semicossyphus pulcher","KFM","mpa",0.025,"Den","After",11
"Gull Island SMR",2015,"Semicossyphus pulcher","KFM","mpa",0.06,"Den","After",12
"Gull Island SMR",2016,"Semicossyphus pulcher","KFM","mpa",0.07,"Den","After",13
"Gull Island SMR",2017,"Semicossyphus pulcher","KFM","mpa",0.045,"Den","After",14
"Gull Island SMR",2018,"Semicossyphus pulcher","KFM","mpa",0.0375,"Den","After",15
"Gull Island SMR",2019,"Semicossyphus pulcher","KFM","mpa",0.035,"Den","After",16
"Gull Island SMR",2021,"Semicossyphus pulcher","KFM","mpa",0.015,"Den","After",18
"Gull Island SMR",2022,"Semicossyphus pulcher","KFM","mpa",0.0225,"Den","After",19
"Harris Point SMR",1985,"Semicossyphus pulcher","KFM","mpa",0.015,"Den","Before",0
"Harris Point SMR",1986,"Semicossyphus pulcher","KFM","mpa",0.0025,"Den","Before",0
"Harris Point SMR",1987,"Semicossyphus pulcher","KFM","mpa",0.0075,"Den","Before",0
"Harris Point SMR",1988,"Semicossyphus pulcher","KFM","mpa",0.0325,"Den","Before",0
"Harris Point SMR",1989,"Semicossyphus pulcher","KFM","mpa",0,"Den","Before",0
"Harris Point SMR",1990,"Semicossyphus pulcher","KFM","mpa",0.00125,"Den","Before",0
"Harris Point SMR",1991,"Semicossyphus pulcher","KFM","mpa",0.00875,"Den","Before",0
"Harris Point SMR",1992,"Semicossyphus pulcher","KFM","mpa",0.00875,"Den","Before",0
"Harris Point SMR",1993,"Semicossyphus pulcher","KFM","mpa",0,"Den","Before",0
"Harris Point SMR",1994,"Semicossyphus pulcher","KFM","mpa",0,"Den","Before",0
"Harris Point SMR",1995,"Semicossyphus pulcher","KFM","mpa",0.00875,"Den","Before",0
"Harris Point SMR",1996,"Semicossyphus pulcher","KFM","mpa",0.005,"Den","Before",0
"Harris Point SMR",1997,"Semicossyphus pulcher","KFM","mpa",0,"Den","Before",0
"Harris Point SMR",1998,"Semicossyphus pulcher","KFM","mpa",0.0025,"Den","Before",0
"Harris Point SMR",1999,"Semicossyphus pulcher","KFM","mpa",0.00625,"Den","Before",0
"Harris Point SMR",2000,"Semicossyphus pulcher","KFM","mpa",0.0025,"Den","Before",0
"Harris Point SMR",2001,"Semicossyphus pulcher","KFM","mpa",0.00375,"Den","Before",0
"Harris Point SMR",2002,"Semicossyphus pulcher","KFM","mpa",0,"Den","Before",0
"Harris Point SMR",2003,"Semicossyphus pulcher","KFM","mpa",0.0075,"Den","Before",0
"Harris Point SMR",2004,"Semicossyphus pulcher","KFM","mpa",0.00625,"Den","After",1
"Harris Point SMR",2005,"Semicossyphus pulcher","KFM","mpa",0.0025,"Den","After",2
"Harris Point SMR",2006,"Semicossyphus pulcher","KFM","mpa",0.0075,"Den","After",3
"Harris Point SMR",2007,"Semicossyphus pulcher","KFM","mpa",0.0025,"Den","After",4
"Harris Point SMR",2008,"Semicossyphus pulcher","KFM","mpa",0.01,"Den","After",5
"Harris Point SMR",2009,"Semicossyphus pulcher","KFM","mpa",0.005,"Den","After",6
"Harris Point SMR",2010,"Semicossyphus pulcher","KFM","mpa",0,"Den","After",7
"Harris Point SMR",2011,"Semicossyphus pulcher","KFM","mpa",0.0025,"Den","After",8
"Harris Point SMR",2012,"Semicossyphus pulcher","KFM","mpa",0,"Den","After",9
"Harris Point SMR",2013,"Semicossyphus pulcher","KFM","mpa",0.0025,"Den","After",10
"Harris Point SMR",2014,"Semicossyphus pulcher","KFM","mpa",0,"Den","After",11
"Harris Point SMR",2015,"Semicossyphus pulcher","KFM","mpa",0.0025,"Den","After",12
"Harris Point SMR",2016,"Semicossyphus pulcher","KFM","mpa",0,"Den","After",13
"Harris Point SMR",2017,"Semicossyphus pulcher","KFM","mpa",0.0025,"Den","After",14
"Harris Point SMR",2018,"Semicossyphus pulcher","KFM","mpa",0.0025,"Den","After",15
"Harris Point SMR",2019,"Semicossyphus pulcher","KFM","mpa",0,"Den","After",16
"Harris Point SMR",2021,"Semicossyphus pulcher","KFM","mpa",0,"Den","After",18
"Harris Point SMR",2022,"Semicossyphus pulcher","KFM","mpa",0.0025,"Den","After",19
"Scorpion SMR",1985,"Semicossyphus pulcher","KFM","mpa",0.005,"Den","Before",0
"Scorpion SMR",1986,"Semicossyphus pulcher","KFM","mpa",0.01375,"Den","Before",0
"Scorpion SMR",1987,"Semicossyphus pulcher","KFM","mpa",0.01,"Den","Before",0
"Scorpion SMR",1988,"Semicossyphus pulcher","KFM","mpa",0.005,"Den","Before",0
"Scorpion SMR",1989,"Semicossyphus pulcher","KFM","mpa",0.0025,"Den","Before",0
"Scorpion SMR",1990,"Semicossyphus pulcher","KFM","mpa",0,"Den","Before",0
"Scorpion SMR",1991,"Semicossyphus pulcher","KFM","mpa",0.00375,"Den","Before",0
"Scorpion SMR",1992,"Semicossyphus pulcher","KFM","mpa",0.00375,"Den","Before",0
"Scorpion SMR",1993,"Semicossyphus pulcher","KFM","mpa",0.0125,"Den","Before",0
"Scorpion SMR",1994,"Semicossyphus pulcher","KFM","mpa",0.01125,"Den","Before",0
"Scorpion SMR",1995,"Semicossyphus pulcher","KFM","mpa",0.0025,"Den","Before",0
"Scorpion SMR",1996,"Semicossyphus pulcher","KFM","mpa",0.00375,"Den","Before",0
"Scorpion SMR",1997,"Semicossyphus pulcher","KFM","mpa",0,"Den","Before",0
"Scorpion SMR",1998,"Semicossyphus pulcher","KFM","mpa",0,"Den","Before",0
"Scorpion SMR",1999,"Semicossyphus pulcher","KFM","mpa",0,"Den","Before",0
"Scorpion SMR",2000,"Semicossyphus pulcher","KFM","mpa",0,"Den","Before",0
"Scorpion SMR",2001,"Semicossyphus pulcher","KFM","mpa",0,"Den","Before",0
"Scorpion SMR",2002,"Semicossyphus pulcher","KFM","mpa",0,"Den","Before",0
"Scorpion SMR",2003,"Semicossyphus pulcher","KFM","mpa",0,"Den","Before",0
"Scorpion SMR",2004,"Semicossyphus pulcher","KFM","mpa",0,"Den","After",1
"Scorpion SMR",2005,"Semicossyphus pulcher","KFM","mpa",0.005,"Den","After",2
"Scorpion SMR",2006,"Semicossyphus pulcher","KFM","mpa",0.005,"Den","After",3
"Scorpion SMR",2007,"Semicossyphus pulcher","KFM","mpa",0.00333333333333333,"Den","After",4
"Scorpion SMR",2008,"Semicossyphus pulcher","KFM","mpa",0.0025,"Den","After",5
"Scorpion SMR",2009,"Semicossyphus pulcher","KFM","mpa",0.0075,"Den","After",6
"Scorpion SMR",2010,"Semicossyphus pulcher","KFM","mpa",0.00916666666666667,"Den","After",7
"Scorpion SMR",2011,"Semicossyphus pulcher","KFM","mpa",0.00666666666666667,"Den","After",8
"Scorpion SMR",2012,"Semicossyphus pulcher","KFM","mpa",0.00625,"Den","After",9
"Scorpion SMR",2013,"Semicossyphus pulcher","KFM","mpa",0.00333333333333333,"Den","After",10
"Scorpion SMR",2014,"Semicossyphus pulcher","KFM","mpa",0.0075,"Den","After",11
"Scorpion SMR",2015,"Semicossyphus pulcher","KFM","mpa",0.02,"Den","After",12
"Scorpion SMR",2016,"Semicossyphus pulcher","KFM","mpa",0.015,"Den","After",13
"Scorpion SMR",2017,"Semicossyphus pulcher","KFM","mpa",0.0266666666666667,"Den","After",14
"Scorpion SMR",2018,"Semicossyphus pulcher","KFM","mpa",0.0183333333333333,"Den","After",15
"Scorpion SMR",2019,"Semicossyphus pulcher","KFM","mpa",0.0133333333333333,"Den","After",16
"Scorpion SMR",2021,"Semicossyphus pulcher","KFM","mpa",0.0075,"Den","After",18
"Scorpion SMR",2022,"Semicossyphus pulcher","KFM","mpa",0.0141666666666667,"Den","After",19
"Scorpion SMR",2023,"Semicossyphus pulcher","KFM","mpa",0.0075,"Den","After",20
"South Point SMR",2005,"Semicossyphus pulcher","KFM","mpa",0.005,"Den","After",2
"South Point SMR",2006,"Semicossyphus pulcher","KFM","mpa",0.00583333333333333,"Den","After",3
"South Point SMR",2007,"Semicossyphus pulcher","KFM","mpa",0.0125,"Den","After",4
"South Point SMR",2008,"Semicossyphus pulcher","KFM","mpa",0.01,"Den","After",5
"South Point SMR",2009,"Semicossyphus pulcher","KFM","mpa",0.005,"Den","After",6
"South Point SMR",2010,"Semicossyphus pulcher","KFM","mpa",0.00916666666666667,"Den","After",7
"South Point SMR",2011,"Semicossyphus pulcher","KFM","mpa",0.0108333333333333,"Den","After",8
"South Point SMR",2012,"Semicossyphus pulcher","KFM","mpa",0.00666666666666667,"Den","After",9
"South Point SMR",2013,"Semicossyphus pulcher","KFM","mpa",0.00583333333333333,"Den","After",10
"South Point SMR",2014,"Semicossyphus pulcher","KFM","mpa",0.0108333333333333,"Den","After",11
"South Point SMR",2015,"Semicossyphus pulcher","KFM","mpa",0.01,"Den","After",12
"South Point SMR",2016,"Semicossyphus pulcher","KFM","mpa",0.02,"Den","After",13
"South Point SMR",2017,"Semicossyphus pulcher","KFM","mpa",0.0341666666666667,"Den","After",14
"South Point SMR",2018,"Semicossyphus pulcher","KFM","mpa",0.0241666666666667,"Den","After",15
"South Point SMR",2019,"Semicossyphus pulcher","KFM","mpa",0.0125,"Den","After",16
"South Point SMR",2021,"Semicossyphus pulcher","KFM","mpa",0.0158333333333333,"Den","After",18
"South Point SMR",2022,"Semicossyphus pulcher","KFM","mpa",0.0133333333333333,"Den","After",19
"Anacapa Island SMR 2003",2005,"Semicossyphus pulcher","KFM","reference",0.00583333333333333,"Den","After",2
"Anacapa Island SMR 2003",2006,"Semicossyphus pulcher","KFM","reference",0.0158333333333333,"Den","After",3
"Anacapa Island SMR 2003",2007,"Semicossyphus pulcher","KFM","reference",0.0116666666666667,"Den","After",4
"Anacapa Island SMR 2003",2008,"Semicossyphus pulcher","KFM","reference",0.0025,"Den","After",5
"Anacapa Island SMR 2003",2009,"Semicossyphus pulcher","KFM","reference",0.0166666666666667,"Den","After",6
"Anacapa Island SMR 2003",2010,"Semicossyphus pulcher","KFM","reference",0.0158333333333333,"Den","After",7
"Anacapa Island SMR 2003",2011,"Semicossyphus pulcher","KFM","reference",0.0116666666666667,"Den","After",8
"Anacapa Island SMR 2003",2012,"Semicossyphus pulcher","KFM","reference",0.00291666666666667,"Den","After",9
"Anacapa Island SMR 2003",2013,"Semicossyphus pulcher","KFM","reference",0.005,"Den","After",10
"Anacapa Island SMR 2003",2014,"Semicossyphus pulcher","KFM","reference",0.00458333333333333,"Den","After",11
"Anacapa Island SMR 2003",2015,"Semicossyphus pulcher","KFM","reference",0.0270833333333333,"Den","After",12
"Anacapa Island SMR 2003",2016,"Semicossyphus pulcher","KFM","reference",0.0833333333333333,"Den","After",13
"Anacapa Island SMR 2003",2017,"Semicossyphus pulcher","KFM","reference",0.035,"Den","After",14
"Anacapa Island SMR 2003",2018,"Semicossyphus pulcher","KFM","reference",0.0166666666666667,"Den","After",15
"Anacapa Island SMR 2003",2019,"Semicossyphus pulcher","KFM","reference",0.01,"Den","After",16
"Anacapa Island SMR 2003",2021,"Semicossyphus pulcher","KFM","reference",0.00333333333333333,"Den","After",18
"Anacapa Island SMR 2003",2022,"Semicossyphus pulcher","KFM","reference",0.0125,"Den","After",19
"Gull Island SMR",1986,"Semicossyphus pulcher","KFM","reference",0.02,"Den","Before",0
"Gull Island SMR",1987,"Semicossyphus pulcher","KFM","reference",0.01375,"Den","Before",0
"Gull Island SMR",1988,"Semicossyphus pulcher","KFM","reference",0.01,"Den","Before",0
"Gull Island SMR",1989,"Semicossyphus pulcher","KFM","reference",0.01875,"Den","Before",0
"Gull Island SMR",1990,"Semicossyphus pulcher","KFM","reference",0.00625,"Den","Before",0
"Gull Island SMR",1991,"Semicossyphus pulcher","KFM","reference",0.01,"Den","Before",0
"Gull Island SMR",1992,"Semicossyphus pulcher","KFM","reference",0.0125,"Den","Before",0
"Gull Island SMR",1993,"Semicossyphus pulcher","KFM","reference",0.0175,"Den","Before",0
"Gull Island SMR",1994,"Semicossyphus pulcher","KFM","reference",0.01,"Den","Before",0
"Gull Island SMR",1995,"Semicossyphus pulcher","KFM","reference",0.00875,"Den","Before",0
"Gull Island SMR",1996,"Semicossyphus pulcher","KFM","reference",0.0075,"Den","Before",0
"Gull Island SMR",1997,"Semicossyphus pulcher","KFM","reference",0.0025,"Den","Before",0
"Gull Island SMR",1998,"Semicossyphus pulcher","KFM","reference",0.00833333333333333,"Den","Before",0
"Gull Island SMR",1999,"Semicossyphus pulcher","KFM","reference",0.025,"Den","Before",0
"Gull Island SMR",2000,"Semicossyphus pulcher","KFM","reference",0.0175,"Den","Before",0
"Gull Island SMR",2001,"Semicossyphus pulcher","KFM","reference",0.01125,"Den","Before",0
"Gull Island SMR",2002,"Semicossyphus pulcher","KFM","reference",0.00625,"Den","Before",0
"Gull Island SMR",2003,"Semicossyphus pulcher","KFM","reference",0,"Den","Before",0
"Gull Island SMR",2004,"Semicossyphus pulcher","KFM","reference",0.00625,"Den","After",1
"Gull Island SMR",2005,"Semicossyphus pulcher","KFM","reference",0.0075,"Den","After",2
"Gull Island SMR",2006,"Semicossyphus pulcher","KFM","reference",0.02,"Den","After",3
"Gull Island SMR",2007,"Semicossyphus pulcher","KFM","reference",0.00625,"Den","After",4
"Gull Island SMR",2008,"Semicossyphus pulcher","KFM","reference",0.01,"Den","After",5
"Gull Island SMR",2009,"Semicossyphus pulcher","KFM","reference",0.025,"Den","After",6
"Gull Island SMR",2010,"Semicossyphus pulcher","KFM","reference",0.0075,"Den","After",7
"Gull Island SMR",2011,"Semicossyphus pulcher","KFM","reference",0.0175,"Den","After",8
"Gull Island SMR",2012,"Semicossyphus pulcher","KFM","reference",0.0125,"Den","After",9
"Gull Island SMR",2013,"Semicossyphus pulcher","KFM","reference",0.0025,"Den","After",10
"Gull Island SMR",2014,"Semicossyphus pulcher","KFM","reference",0.0125,"Den","After",11
"Gull Island SMR",2015,"Semicossyphus pulcher","KFM","reference",0.0275,"Den","After",12
"Gull Island SMR",2016,"Semicossyphus pulcher","KFM","reference",0.0575,"Den","After",13
"Gull Island SMR",2017,"Semicossyphus pulcher","KFM","reference",0.03,"Den","After",14
"Gull Island SMR",2018,"Semicossyphus pulcher","KFM","reference",0.0275,"Den","After",15
"Gull Island SMR",2019,"Semicossyphus pulcher","KFM","reference",0.02,"Den","After",16
"Gull Island SMR",2021,"Semicossyphus pulcher","KFM","reference",0.0125,"Den","After",18
"Gull Island SMR",2022,"Semicossyphus pulcher","KFM","reference",0.02,"Den","After",19
"Harris Point SMR",1985,"Semicossyphus pulcher","KFM","reference",0,"Den","Before",0
"Harris Point SMR",1986,"Semicossyphus pulcher","KFM","reference",0,"Den","Before",0
"Harris Point SMR",1987,"Semicossyphus pulcher","KFM","reference",0.0025,"Den","Before",0
"Harris Point SMR",1988,"Semicossyphus pulcher","KFM","reference",0.00125,"Den","Before",0
"Harris Point SMR",1989,"Semicossyphus pulcher","KFM","reference",0.0025,"Den","Before",0
"Harris Point SMR",1990,"Semicossyphus pulcher","KFM","reference",0.0075,"Den","Before",0
"Harris Point SMR",1991,"Semicossyphus pulcher","KFM","reference",0.0075,"Den","Before",0
"Harris Point SMR",1992,"Semicossyphus pulcher","KFM","reference",0.0125,"Den","Before",0
"Harris Point SMR",1993,"Semicossyphus pulcher","KFM","reference",0.00625,"Den","Before",0
"Harris Point SMR",1994,"Semicossyphus pulcher","KFM","reference",0.00875,"Den","Before",0
"Harris Point SMR",1995,"Semicossyphus pulcher","KFM","reference",0.0025,"Den","Before",0
"Harris Point SMR",1996,"Semicossyphus pulcher","KFM","reference",0.00625,"Den","Before",0
"Harris Point SMR",1997,"Semicossyphus pulcher","KFM","reference",0.005,"Den","Before",0
"Harris Point SMR",1998,"Semicossyphus pulcher","KFM","reference",0.0125,"Den","Before",0
"Harris Point SMR",1999,"Semicossyphus pulcher","KFM","reference",0.00625,"Den","Before",0
"Harris Point SMR",2000,"Semicossyphus pulcher","KFM","reference",0.00625,"Den","Before",0
"Harris Point SMR",2001,"Semicossyphus pulcher","KFM","reference",0.00375,"Den","Before",0
"Harris Point SMR",2002,"Semicossyphus pulcher","KFM","reference",0,"Den","Before",0
"Harris Point SMR",2003,"Semicossyphus pulcher","KFM","reference",0,"Den","Before",0
"Harris Point SMR",2004,"Semicossyphus pulcher","KFM","reference",0,"Den","After",1
"Harris Point SMR",2005,"Semicossyphus pulcher","KFM","reference",0,"Den","After",2
"Harris Point SMR",2006,"Semicossyphus pulcher","KFM","reference",0.00125,"Den","After",3
"Harris Point SMR",2007,"Semicossyphus pulcher","KFM","reference",0.0025,"Den","After",4
"Harris Point SMR",2008,"Semicossyphus pulcher","KFM","reference",0.00125,"Den","After",5
"Harris Point SMR",2009,"Semicossyphus pulcher","KFM","reference",0.00375,"Den","After",6
"Harris Point SMR",2010,"Semicossyphus pulcher","KFM","reference",0.00125,"Den","After",7
"Harris Point SMR",2011,"Semicossyphus pulcher","KFM","reference",0.00125,"Den","After",8
"Harris Point SMR",2012,"Semicossyphus pulcher","KFM","reference",0.0025,"Den","After",9
"Harris Point SMR",2013,"Semicossyphus pulcher","KFM","reference",0,"Den","After",10
"Harris Point SMR",2014,"Semicossyphus pulcher","KFM","reference",0.00625,"Den","After",11
"Harris Point SMR",2015,"Semicossyphus pulcher","KFM","reference",0.0075,"Den","After",12
"Harris Point SMR",2016,"Semicossyphus pulcher","KFM","reference",0.015,"Den","After",13
"Harris Point SMR",2017,"Semicossyphus pulcher","KFM","reference",0.005,"Den","After",14
"Harris Point SMR",2018,"Semicossyphus pulcher","KFM","reference",0.0075,"Den","After",15
"Harris Point SMR",2019,"Semicossyphus pulcher","KFM","reference",0.00125,"Den","After",16
"Harris Point SMR",2021,"Semicossyphus pulcher","KFM","reference",0.00625,"Den","After",18
"Harris Point SMR",2022,"Semicossyphus pulcher","KFM","reference",0.005,"Den","After",19
"Scorpion SMR",1985,"Semicossyphus pulcher","KFM","reference",0.015,"Den","Before",0
"Scorpion SMR",1986,"Semicossyphus pulcher","KFM","reference",0.02375,"Den","Before",0
"Scorpion SMR",1987,"Semicossyphus pulcher","KFM","reference",0.02625,"Den","Before",0
"Scorpion SMR",1988,"Semicossyphus pulcher","KFM","reference",0.02625,"Den","Before",0
"Scorpion SMR",1989,"Semicossyphus pulcher","KFM","reference",0.025,"Den","Before",0
"Scorpion SMR",1990,"Semicossyphus pulcher","KFM","reference",0.01625,"Den","Before",0
"Scorpion SMR",1991,"Semicossyphus pulcher","KFM","reference",0.02125,"Den","Before",0
"Scorpion SMR",1992,"Semicossyphus pulcher","KFM","reference",0.02,"Den","Before",0
"Scorpion SMR",1993,"Semicossyphus pulcher","KFM","reference",0.01625,"Den","Before",0
"Scorpion SMR",1994,"Semicossyphus pulcher","KFM","reference",0.01,"Den","Before",0
"Scorpion SMR",1995,"Semicossyphus pulcher","KFM","reference",0.00375,"Den","Before",0
"Scorpion SMR",1996,"Semicossyphus pulcher","KFM","reference",0.00125,"Den","Before",0
"Scorpion SMR",1997,"Semicossyphus pulcher","KFM","reference",0.00375,"Den","Before",0
"Scorpion SMR",1998,"Semicossyphus pulcher","KFM","reference",0.0025,"Den","Before",0
"Scorpion SMR",1999,"Semicossyphus pulcher","KFM","reference",0.0025,"Den","Before",0
"Scorpion SMR",2000,"Semicossyphus pulcher","KFM","reference",0.00625,"Den","Before",0
"Scorpion SMR",2001,"Semicossyphus pulcher","KFM","reference",0.0025,"Den","Before",0
"Scorpion SMR",2002,"Semicossyphus pulcher","KFM","reference",0.005,"Den","Before",0
"Scorpion SMR",2003,"Semicossyphus pulcher","KFM","reference",0,"Den","Before",0
"Scorpion SMR",2004,"Semicossyphus pulcher","KFM","reference",0,"Den","After",1
"Scorpion SMR",2005,"Semicossyphus pulcher","KFM","reference",0.010625,"Den","After",2
"Scorpion SMR",2006,"Semicossyphus pulcher","KFM","reference",0.0025,"Den","After",3
"Scorpion SMR",2007,"Semicossyphus pulcher","KFM","reference",0.00125,"Den","After",4
"Scorpion SMR",2008,"Semicossyphus pulcher","KFM","reference",0.0025,"Den","After",5
"Scorpion SMR",2009,"Semicossyphus pulcher","KFM","reference",0.00875,"Den","After",6
"Scorpion SMR",2010,"Semicossyphus pulcher","KFM","reference",0.008125,"Den","After",7
"Scorpion SMR",2011,"Semicossyphus pulcher","KFM","reference",0.000625,"Den","After",8
"Scorpion SMR",2012,"Semicossyphus pulcher","KFM","reference",0.003125,"Den","After",9
"Scorpion SMR",2013,"Semicossyphus pulcher","KFM","reference",0.005,"Den","After",10
"Scorpion SMR",2014,"Semicossyphus pulcher","KFM","reference",0.003125,"Den","After",11
"Scorpion SMR",2015,"Semicossyphus pulcher","KFM","reference",0.019375,"Den","After",12
"Scorpion SMR",2016,"Semicossyphus pulcher","KFM","reference",0.040625,"Den","After",13
"Scorpion SMR",2017,"Semicossyphus pulcher","KFM","reference",0.038125,"Den","After",14
"Scorpion SMR",2018,"Semicossyphus pulcher","KFM","reference",0.034375,"Den","After",15
"Scorpion SMR",2019,"Semicossyphus pulcher","KFM","reference",0.011875,"Den","After",16
"Scorpion SMR",2021,"Semicossyphus pulcher","KFM","reference",0.009375,"Den","After",18
"Scorpion SMR",2022,"Semicossyphus pulcher","KFM","reference",0.016875,"Den","After",19
"Scorpion SMR",2023,"Semicossyphus pulcher","KFM","reference",0.0125,"Den","After",20
"South Point SMR",2005,"Semicossyphus pulcher","KFM","reference",0.00416666666666667,"Den","After",2
"South Point SMR",2006,"Semicossyphus pulcher","KFM","reference",0.00166666666666667,"Den","After",3
"South Point SMR",2007,"Semicossyphus pulcher","KFM","reference",0.0116666666666667,"Den","After",4
"South Point SMR",2008,"Semicossyphus pulcher","KFM","reference",0.005,"Den","After",5
"South Point SMR",2009,"Semicossyphus pulcher","KFM","reference",0.00166666666666667,"Den","After",6
"South Point SMR",2010,"Semicossyphus pulcher","KFM","reference",0.00666666666666667,"Den","After",7
"South Point SMR",2011,"Semicossyphus pulcher","KFM","reference",0.005,"Den","After",8
"South Point SMR",2012,"Semicossyphus pulcher","KFM","reference",0.0116666666666667,"Den","After",9
"South Point SMR",2013,"Semicossyphus pulcher","KFM","reference",0.00583333333333333,"Den","After",10
"South Point SMR",2014,"Semicossyphus pulcher","KFM","reference",0.00583333333333333,"Den","After",11
"South Point SMR",2015,"Semicossyphus pulcher","KFM","reference",0.0108333333333333,"Den","After",12
"South Point SMR",2016,"Semicossyphus pulcher","KFM","reference",0.0183333333333333,"Den","After",13
"South Point SMR",2017,"Semicossyphus pulcher","KFM","reference",0.0141666666666667,"Den","After",14
"South Point SMR",2018,"Semicossyphus pulcher","KFM","reference",0.0258333333333333,"Den","After",15
"South Point SMR",2019,"Semicossyphus pulcher","KFM","reference",0.0116666666666667,"Den","After",16
"South Point SMR",2021,"Semicossyphus pulcher","KFM","reference",0.0283333333333333,"Den","After",18
"South Point SMR",2022,"Semicossyphus pulcher","KFM","reference",0.0133333333333333,"Den","After",19
"Campus Point SMCA",2001,"Semicossyphus pulcher","LTER","mpa",0,"Den","Before",0
"Campus Point SMCA",2002,"Semicossyphus pulcher","LTER","mpa",0,"Den","Before",0
"Campus Point SMCA",2003,"Semicossyphus pulcher","LTER","mpa",0,"Den","Before",0
"Campus Point SMCA",2005,"Semicossyphus pulcher","LTER","mpa",0,"Den","Before",0
"Campus Point SMCA",2006,"Semicossyphus pulcher","LTER","mpa",0,"Den","Before",0
"Campus Point SMCA",2007,"Semicossyphus pulcher","LTER","mpa",0,"Den","Before",0
"Campus Point SMCA",2008,"Semicossyphus pulcher","LTER","mpa",0,"Den","Before",0
"Campus Point SMCA",2009,"Semicossyphus pulcher","LTER","mpa",0,"Den","Before",0
"Campus Point SMCA",2010,"Semicossyphus pulcher","LTER","mpa",0,"Den","Before",0
"Campus Point SMCA",2011,"Semicossyphus pulcher","LTER","mpa",0.00178571428571429,"Den","Before",0
"Campus Point SMCA",2012,"Semicossyphus pulcher","LTER","mpa",0,"Den","Before",0
"Campus Point SMCA",2013,"Semicossyphus pulcher","LTER","mpa",0.00178571428571429,"Den","After",1
"Campus Point SMCA",2014,"Semicossyphus pulcher","LTER","mpa",0.00178571428571429,"Den","After",2
"Campus Point SMCA",2015,"Semicossyphus pulcher","LTER","mpa",0,"Den","After",3
"Campus Point SMCA",2016,"Semicossyphus pulcher","LTER","mpa",0,"Den","After",4
"Campus Point SMCA",2017,"Semicossyphus pulcher","LTER","mpa",0,"Den","After",5
"Campus Point SMCA",2018,"Semicossyphus pulcher","LTER","mpa",0.00714285714285714,"Den","After",6
"Campus Point SMCA",2019,"Semicossyphus pulcher","LTER","mpa",0.00178571428571429,"Den","After",7
"Campus Point SMCA",2020,"Semicossyphus pulcher","LTER","mpa",0.00178571428571429,"Den","After",8
"Campus Point SMCA",2021,"Semicossyphus pulcher","LTER","mpa",0.00178571428571429,"Den","After",9
"Campus Point SMCA",2022,"Semicossyphus pulcher","LTER","mpa",0,"Den","After",10
"Campus Point SMCA",2023,"Semicossyphus pulcher","LTER","mpa",0,"Den","After",11
"Naples SMCA",2001,"Semicossyphus pulcher","LTER","mpa",0.0546875,"Den","Before",0
"Naples SMCA",2002,"Semicossyphus pulcher","LTER","mpa",0.0796875,"Den","Before",0
"Naples SMCA",2003,"Semicossyphus pulcher","LTER","mpa",0.0328125,"Den","Before",0
"Naples SMCA",2004,"Semicossyphus pulcher","LTER","mpa",0.015625,"Den","Before",0
"Naples SMCA",2005,"Semicossyphus pulcher","LTER","mpa",0.021875,"Den","Before",0
"Naples SMCA",2006,"Semicossyphus pulcher","LTER","mpa",0.01875,"Den","Before",0
"Naples SMCA",2007,"Semicossyphus pulcher","LTER","mpa",0.0203125,"Den","Before",0
"Naples SMCA",2008,"Semicossyphus pulcher","LTER","mpa",0.0140625,"Den","Before",0
"Naples SMCA",2009,"Semicossyphus pulcher","LTER","mpa",0.0234375,"Den","Before",0
"Naples SMCA",2010,"Semicossyphus pulcher","LTER","mpa",0.0265625,"Den","Before",0
"Naples SMCA",2011,"Semicossyphus pulcher","LTER","mpa",0.0140625,"Den","Before",0
"Naples SMCA",2012,"Semicossyphus pulcher","LTER","mpa",0.025,"Den","Before",0
"Naples SMCA",2013,"Semicossyphus pulcher","LTER","mpa",0.028125,"Den","After",1
"Naples SMCA",2014,"Semicossyphus pulcher","LTER","mpa",0.015625,"Den","After",2
"Naples SMCA",2015,"Semicossyphus pulcher","LTER","mpa",0.0515625,"Den","After",3
"Naples SMCA",2016,"Semicossyphus pulcher","LTER","mpa",0.1046875,"Den","After",4
"Naples SMCA",2017,"Semicossyphus pulcher","LTER","mpa",0.053125,"Den","After",5
"Naples SMCA",2018,"Semicossyphus pulcher","LTER","mpa",0.0671875,"Den","After",6
"Naples SMCA",2019,"Semicossyphus pulcher","LTER","mpa",0.08125,"Den","After",7
"Naples SMCA",2020,"Semicossyphus pulcher","LTER","mpa",0.0875,"Den","After",8
"Naples SMCA",2021,"Semicossyphus pulcher","LTER","mpa",0.04375,"Den","After",9
"Naples SMCA",2022,"Semicossyphus pulcher","LTER","mpa",0.0484375,"Den","After",10
"Naples SMCA",2023,"Semicossyphus pulcher","LTER","mpa",0.059375,"Den","After",11
"Campus Point SMCA",2001,"Semicossyphus pulcher","LTER","reference",0,"Den","Before",0
"Campus Point SMCA",2002,"Semicossyphus pulcher","LTER","reference",0.00416666666666667,"Den","Before",0
"Campus Point SMCA",2003,"Semicossyphus pulcher","LTER","reference",0,"Den","Before",0
"Campus Point SMCA",2005,"Semicossyphus pulcher","LTER","reference",0,"Den","Before",0
"Campus Point SMCA",2006,"Semicossyphus pulcher","LTER","reference",0,"Den","Before",0
"Campus Point SMCA",2007,"Semicossyphus pulcher","LTER","reference",0.00208333333333333,"Den","Before",0
"Campus Point SMCA",2008,"Semicossyphus pulcher","LTER","reference",0,"Den","Before",0
"Campus Point SMCA",2009,"Semicossyphus pulcher","LTER","reference",0.00208333333333333,"Den","Before",0
"Campus Point SMCA",2010,"Semicossyphus pulcher","LTER","reference",0.00208333333333333,"Den","Before",0
"Campus Point SMCA",2011,"Semicossyphus pulcher","LTER","reference",0.00208333333333333,"Den","Before",0
"Campus Point SMCA",2012,"Semicossyphus pulcher","LTER","reference",0.00208333333333333,"Den","Before",0
"Campus Point SMCA",2013,"Semicossyphus pulcher","LTER","reference",0.00208333333333333,"Den","After",1
"Campus Point SMCA",2014,"Semicossyphus pulcher","LTER","reference",0,"Den","After",2
"Campus Point SMCA",2015,"Semicossyphus pulcher","LTER","reference",0.00208333333333333,"Den","After",3
"Campus Point SMCA",2016,"Semicossyphus pulcher","LTER","reference",0.00833333333333333,"Den","After",4
"Campus Point SMCA",2017,"Semicossyphus pulcher","LTER","reference",0.00833333333333333,"Den","After",5
"Campus Point SMCA",2018,"Semicossyphus pulcher","LTER","reference",0.00416666666666667,"Den","After",6
"Campus Point SMCA",2019,"Semicossyphus pulcher","LTER","reference",0,"Den","After",7
"Campus Point SMCA",2020,"Semicossyphus pulcher","LTER","reference",0.0145833333333333,"Den","After",8
"Campus Point SMCA",2021,"Semicossyphus pulcher","LTER","reference",0.00416666666666667,"Den","After",9
"Campus Point SMCA",2022,"Semicossyphus pulcher","LTER","reference",0.00208333333333333,"Den","After",10
"Campus Point SMCA",2023,"Semicossyphus pulcher","LTER","reference",0.00208333333333333,"Den","After",11
"Naples SMCA",2001,"Semicossyphus pulcher","LTER","reference",0.01,"Den","Before",0
"Naples SMCA",2002,"Semicossyphus pulcher","LTER","reference",0.00208333333333333,"Den","Before",0
"Naples SMCA",2003,"Semicossyphus pulcher","LTER","reference",0,"Den","Before",0
"Naples SMCA",2004,"Semicossyphus pulcher","LTER","reference",0,"Den","Before",0
"Naples SMCA",2005,"Semicossyphus pulcher","LTER","reference",0,"Den","Before",0
"Naples SMCA",2006,"Semicossyphus pulcher","LTER","reference",0,"Den","Before",0
"Naples SMCA",2007,"Semicossyphus pulcher","LTER","reference",0.00208333333333333,"Den","Before",0
"Naples SMCA",2008,"Semicossyphus pulcher","LTER","reference",0.00208333333333333,"Den","Before",0
"Naples SMCA",2009,"Semicossyphus pulcher","LTER","reference",0.00208333333333333,"Den","Before",0
"Naples SMCA",2010,"Semicossyphus pulcher","LTER","reference",0,"Den","Before",0
"Naples SMCA",2011,"Semicossyphus pulcher","LTER","reference",0,"Den","Before",0
"Naples SMCA",2012,"Semicossyphus pulcher","LTER","reference",0,"Den","Before",0
"Naples SMCA",2013,"Semicossyphus pulcher","LTER","reference",0.00208333333333333,"Den","After",1
"Naples SMCA",2014,"Semicossyphus pulcher","LTER","reference",0,"Den","After",2
"Naples SMCA",2015,"Semicossyphus pulcher","LTER","reference",0.00208333333333333,"Den","After",3
"Naples SMCA",2016,"Semicossyphus pulcher","LTER","reference",0.0208333333333333,"Den","After",4
"Naples SMCA",2017,"Semicossyphus pulcher","LTER","reference",0.00625,"Den","After",5
"Naples SMCA",2018,"Semicossyphus pulcher","LTER","reference",0.0125,"Den","After",6
"Naples SMCA",2019,"Semicossyphus pulcher","LTER","reference",0.075,"Den","After",7
"Naples SMCA",2020,"Semicossyphus pulcher","LTER","reference",0.0333333333333333,"Den","After",8
"Naples SMCA",2021,"Semicossyphus pulcher","LTER","reference",0.00833333333333333,"Den","After",9
"Naples SMCA",2022,"Semicossyphus pulcher","LTER","reference",0.00625,"Den","After",10
"Naples SMCA",2023,"Semicossyphus pulcher","LTER","reference",0.00208333333333333,"Den","After",11
"Campus Point SMCA",2001,"Semicossyphus pulcher","LTER","mpa",0,"Bio","Before",0
"Campus Point SMCA",2002,"Semicossyphus pulcher","LTER","mpa",0,"Bio","Before",0
"Campus Point SMCA",2003,"Semicossyphus pulcher","LTER","mpa",0,"Bio","Before",0
"Campus Point SMCA",2005,"Semicossyphus pulcher","LTER","mpa",0,"Bio","Before",0
"Campus Point SMCA",2006,"Semicossyphus pulcher","LTER","mpa",0,"Bio","Before",0
"Campus Point SMCA",2007,"Semicossyphus pulcher","LTER","mpa",0,"Bio","Before",0
"Campus Point SMCA",2008,"Semicossyphus pulcher","LTER","mpa",0,"Bio","Before",0
"Campus Point SMCA",2009,"Semicossyphus pulcher","LTER","mpa",0,"Bio","Before",0
"Campus Point SMCA",2010,"Semicossyphus pulcher","LTER","mpa",0,"Bio","Before",0
"Campus Point SMCA",2011,"Semicossyphus pulcher","LTER","mpa",1.63198663870247,"Bio","Before",0
"Campus Point SMCA",2012,"Semicossyphus pulcher","LTER","mpa",0,"Bio","Before",0
"Campus Point SMCA",2013,"Semicossyphus pulcher","LTER","mpa",1.63198663870247,"Bio","After",1
"Campus Point SMCA",2014,"Semicossyphus pulcher","LTER","mpa",1.27098761872962,"Bio","After",2
"Campus Point SMCA",2015,"Semicossyphus pulcher","LTER","mpa",0,"Bio","After",3
"Campus Point SMCA",2016,"Semicossyphus pulcher","LTER","mpa",0,"Bio","After",4
"Campus Point SMCA",2017,"Semicossyphus pulcher","LTER","mpa",0,"Bio","After",5
"Campus Point SMCA",2018,"Semicossyphus pulcher","LTER","mpa",2.55550943866295,"Bio","After",6
"Campus Point SMCA",2019,"Semicossyphus pulcher","LTER","mpa",0.644963118012818,"Bio","After",7
"Campus Point SMCA",2020,"Semicossyphus pulcher","LTER","mpa",0.231902618211095,"Bio","After",8
"Campus Point SMCA",2021,"Semicossyphus pulcher","LTER","mpa",0.644963118012818,"Bio","After",9
"Campus Point SMCA",2022,"Semicossyphus pulcher","LTER","mpa",0,"Bio","After",10
"Campus Point SMCA",2023,"Semicossyphus pulcher","LTER","mpa",0,"Bio","After",11
"Naples SMCA",2001,"Semicossyphus pulcher","LTER","mpa",18.6271641695322,"Bio","Before",0
"Naples SMCA",2002,"Semicossyphus pulcher","LTER","mpa",21.5014834318528,"Bio","Before",0
"Naples SMCA",2003,"Semicossyphus pulcher","LTER","mpa",10.1712177437349,"Bio","Before",0
"Naples SMCA",2004,"Semicossyphus pulcher","LTER","mpa",3.68983571620151,"Bio","Before",0
"Naples SMCA",2005,"Semicossyphus pulcher","LTER","mpa",10.9775015120849,"Bio","Before",0
"Naples SMCA",2006,"Semicossyphus pulcher","LTER","mpa",10.0175711111784,"Bio","Before",0
"Naples SMCA",2007,"Semicossyphus pulcher","LTER","mpa",7.8745305164835,"Bio","Before",0
"Naples SMCA",2008,"Semicossyphus pulcher","LTER","mpa",8.1897575751816,"Bio","Before",0
"Naples SMCA",2009,"Semicossyphus pulcher","LTER","mpa",13.7474370271938,"Bio","Before",0
"Naples SMCA",2010,"Semicossyphus pulcher","LTER","mpa",19.689936010392,"Bio","Before",0
"Naples SMCA",2011,"Semicossyphus pulcher","LTER","mpa",9.3264601144248,"Bio","Before",0
"Naples SMCA",2012,"Semicossyphus pulcher","LTER","mpa",21.657785366402,"Bio","Before",0
"Naples SMCA",2013,"Semicossyphus pulcher","LTER","mpa",21.1571232698713,"Bio","After",1
"Naples SMCA",2014,"Semicossyphus pulcher","LTER","mpa",20.6017769664683,"Bio","After",2
"Naples SMCA",2015,"Semicossyphus pulcher","LTER","mpa",20.1242714502789,"Bio","After",3
"Naples SMCA",2016,"Semicossyphus pulcher","LTER","mpa",34.5859761132726,"Bio","After",4
"Naples SMCA",2017,"Semicossyphus pulcher","LTER","mpa",35.1565128173703,"Bio","After",5
"Naples SMCA",2018,"Semicossyphus pulcher","LTER","mpa",14.3822232838648,"Bio","After",6
"Naples SMCA",2019,"Semicossyphus pulcher","LTER","mpa",75.4026160055823,"Bio","After",7
"Naples SMCA",2020,"Semicossyphus pulcher","LTER","mpa",85.7057006753108,"Bio","After",8
"Naples SMCA",2021,"Semicossyphus pulcher","LTER","mpa",48.5331215486466,"Bio","After",9
"Naples SMCA",2022,"Semicossyphus pulcher","LTER","mpa",54.2583410662519,"Bio","After",10
"Naples SMCA",2023,"Semicossyphus pulcher","LTER","mpa",63.306623952352,"Bio","After",11
"Campus Point SMCA",2001,"Semicossyphus pulcher","LTER","reference",0,"Bio","Before",0
"Campus Point SMCA",2002,"Semicossyphus pulcher","LTER","reference",2.01598051121603,"Bio","Before",0
"Campus Point SMCA",2003,"Semicossyphus pulcher","LTER","reference",0,"Bio","Before",0
"Campus Point SMCA",2005,"Semicossyphus pulcher","LTER","reference",0,"Bio","Before",0
"Campus Point SMCA",2006,"Semicossyphus pulcher","LTER","reference",0,"Bio","Before",0
"Campus Point SMCA",2007,"Semicossyphus pulcher","LTER","reference",0.361481607091434,"Bio","Before",0
"Campus Point SMCA",2008,"Semicossyphus pulcher","LTER","reference",0,"Bio","Before",0
"Campus Point SMCA",2009,"Semicossyphus pulcher","LTER","reference",0.752456971014955,"Bio","Before",0
"Campus Point SMCA",2010,"Semicossyphus pulcher","LTER","reference",0.11283366171791,"Bio","Before",0
"Campus Point SMCA",2011,"Semicossyphus pulcher","LTER","reference",0.137292243526314,"Bio","Before",0
"Campus Point SMCA",2012,"Semicossyphus pulcher","LTER","reference",0.752456971014955,"Bio","Before",0
"Campus Point SMCA",2013,"Semicossyphus pulcher","LTER","reference",1.12921643089629,"Bio","After",1
"Campus Point SMCA",2014,"Semicossyphus pulcher","LTER","reference",0,"Bio","After",2
"Campus Point SMCA",2015,"Semicossyphus pulcher","LTER","reference",0.0572574816669932,"Bio","After",3
"Campus Point SMCA",2016,"Semicossyphus pulcher","LTER","reference",0.714798574695997,"Bio","After",4
"Campus Point SMCA",2017,"Semicossyphus pulcher","LTER","reference",0.692624080340374,"Bio","After",5
"Campus Point SMCA",2018,"Semicossyphus pulcher","LTER","reference",1.84430049560933,"Bio","After",6
"Campus Point SMCA",2019,"Semicossyphus pulcher","LTER","reference",0,"Bio","After",7
"Campus Point SMCA",2020,"Semicossyphus pulcher","LTER","reference",2.95515609873877,"Bio","After",8
"Campus Point SMCA",2021,"Semicossyphus pulcher","LTER","reference",3.35449112095493,"Bio","After",9
"Campus Point SMCA",2022,"Semicossyphus pulcher","LTER","reference",1.61540289573374,"Bio","After",10
"Campus Point SMCA",2023,"Semicossyphus pulcher","LTER","reference",3.18337130046056,"Bio","After",11
"Naples SMCA",2001,"Semicossyphus pulcher","LTER","reference",10.0447339639965,"Bio","Before",0
"Naples SMCA",2002,"Semicossyphus pulcher","LTER","reference",2.22527469005865,"Bio","Before",0
"Naples SMCA",2003,"Semicossyphus pulcher","LTER","reference",0,"Bio","Before",0
"Naples SMCA",2004,"Semicossyphus pulcher","LTER","reference",0,"Bio","Before",0
"Naples SMCA",2005,"Semicossyphus pulcher","LTER","reference",0,"Bio","Before",0
"Naples SMCA",2006,"Semicossyphus pulcher","LTER","reference",0,"Bio","Before",0
"Naples SMCA",2007,"Semicossyphus pulcher","LTER","reference",1.48281888851789,"Bio","Before",0
"Naples SMCA",2008,"Semicossyphus pulcher","LTER","reference",0.196403702324944,"Bio","Before",0
"Naples SMCA",2009,"Semicossyphus pulcher","LTER","reference",0.0166922474884003,"Bio","Before",0
"Naples SMCA",2010,"Semicossyphus pulcher","LTER","reference",0,"Bio","Before",0
"Naples SMCA",2011,"Semicossyphus pulcher","LTER","reference",0,"Bio","Before",0
"Naples SMCA",2012,"Semicossyphus pulcher","LTER","reference",0,"Bio","Before",0
"Naples SMCA",2013,"Semicossyphus pulcher","LTER","reference",1.12921643089629,"Bio","After",1
"Naples SMCA",2014,"Semicossyphus pulcher","LTER","reference",0,"Bio","After",2
"Naples SMCA",2015,"Semicossyphus pulcher","LTER","reference",0.0572574816669932,"Bio","After",3
"Naples SMCA",2016,"Semicossyphus pulcher","LTER","reference",4.51365208529585,"Bio","After",4
"Naples SMCA",2017,"Semicossyphus pulcher","LTER","reference",0.66492900755534,"Bio","After",5
"Naples SMCA",2018,"Semicossyphus pulcher","LTER","reference",3.00414290127625,"Bio","After",6
"Naples SMCA",2019,"Semicossyphus pulcher","LTER","reference",23.3212553866634,"Bio","After",7
"Naples SMCA",2020,"Semicossyphus pulcher","LTER","reference",15.5559711291362,"Bio","After",8
"Naples SMCA",2021,"Semicossyphus pulcher","LTER","reference",8.3517500685731,"Bio","After",9
"Naples SMCA",2022,"Semicossyphus pulcher","LTER","reference",4.44743408934862,"Bio","After",10
"Naples SMCA",2023,"Semicossyphus pulcher","LTER","reference",0.752456971014955,"Bio","After",11
"Campus Point SMCA",2001,"Macrocystis pyrifera","LTER","mpa",1.86875,"Den","Before",0
"Campus Point SMCA",2002,"Macrocystis pyrifera","LTER","mpa",2.25625,"Den","Before",0
"Campus Point SMCA",2003,"Macrocystis pyrifera","LTER","mpa",1.91875,"Den","Before",0
"Campus Point SMCA",2004,"Macrocystis pyrifera","LTER","mpa",2.35625,"Den","Before",0
"Campus Point SMCA",2005,"Macrocystis pyrifera","LTER","mpa",5.68125,"Den","Before",0
"Campus Point SMCA",2006,"Macrocystis pyrifera","LTER","mpa",4.29375,"Den","Before",0
"Campus Point SMCA",2007,"Macrocystis pyrifera","LTER","mpa",7.95,"Den","Before",0
"Campus Point SMCA",2008,"Macrocystis pyrifera","LTER","mpa",4.675,"Den","Before",0
"Campus Point SMCA",2009,"Macrocystis pyrifera","LTER","mpa",5.85,"Den","Before",0
"Campus Point SMCA",2010,"Macrocystis pyrifera","LTER","mpa",0.26875,"Den","Before",0
"Campus Point SMCA",2011,"Macrocystis pyrifera","LTER","mpa",4.74464285714286,"Den","Before",0
"Campus Point SMCA",2012,"Macrocystis pyrifera","LTER","mpa",1.82678571428571,"Den","Before",0
"Campus Point SMCA",2013,"Macrocystis pyrifera","LTER","mpa",4.58214285714286,"Den","After",1
"Campus Point SMCA",2014,"Macrocystis pyrifera","LTER","mpa",6.18035714285714,"Den","After",2
"Campus Point SMCA",2015,"Macrocystis pyrifera","LTER","mpa",6.45357142857143,"Den","After",3
"Campus Point SMCA",2016,"Macrocystis pyrifera","LTER","mpa",4.08928571428571,"Den","After",4
"Campus Point SMCA",2017,"Macrocystis pyrifera","LTER","mpa",6.6125,"Den","After",5
"Campus Point SMCA",2018,"Macrocystis pyrifera","LTER","mpa",5.55178571428571,"Den","After",6
"Campus Point SMCA",2019,"Macrocystis pyrifera","LTER","mpa",4.96428571428571,"Den","After",7
"Campus Point SMCA",2020,"Macrocystis pyrifera","LTER","mpa",7.67142857142857,"Den","After",8
"Campus Point SMCA",2021,"Macrocystis pyrifera","LTER","mpa",3.91785714285714,"Den","After",9
"Campus Point SMCA",2022,"Macrocystis pyrifera","LTER","mpa",6.90357142857143,"Den","After",10
"Campus Point SMCA",2023,"Macrocystis pyrifera","LTER","mpa",4.81071428571429,"Den","After",11
"Naples SMCA",2001,"Macrocystis pyrifera","LTER","mpa",0.003125,"Den","Before",0
"Naples SMCA",2002,"Macrocystis pyrifera","LTER","mpa",0.4234375,"Den","Before",0
"Naples SMCA",2003,"Macrocystis pyrifera","LTER","mpa",7.1328125,"Den","Before",0
"Naples SMCA",2004,"Macrocystis pyrifera","LTER","mpa",5.384375,"Den","Before",0
"Naples SMCA",2005,"Macrocystis pyrifera","LTER","mpa",5.915625,"Den","Before",0
"Naples SMCA",2006,"Macrocystis pyrifera","LTER","mpa",2.5046875,"Den","Before",0
"Naples SMCA",2007,"Macrocystis pyrifera","LTER","mpa",3.49375,"Den","Before",0
"Naples SMCA",2008,"Macrocystis pyrifera","LTER","mpa",1.490625,"Den","Before",0
"Naples SMCA",2009,"Macrocystis pyrifera","LTER","mpa",0.6375,"Den","Before",0
"Naples SMCA",2010,"Macrocystis pyrifera","LTER","mpa",0.7078125,"Den","Before",0
"Naples SMCA",2011,"Macrocystis pyrifera","LTER","mpa",0.590625,"Den","Before",0
"Naples SMCA",2012,"Macrocystis pyrifera","LTER","mpa",1.5328125,"Den","Before",0
"Naples SMCA",2013,"Macrocystis pyrifera","LTER","mpa",1.609375,"Den","After",1
"Naples SMCA",2014,"Macrocystis pyrifera","LTER","mpa",4.2703125,"Den","After",2
"Naples SMCA",2015,"Macrocystis pyrifera","LTER","mpa",6.8109375,"Den","After",3
"Naples SMCA",2016,"Macrocystis pyrifera","LTER","mpa",7.8171875,"Den","After",4
"Naples SMCA",2017,"Macrocystis pyrifera","LTER","mpa",7.8546875,"Den","After",5
"Naples SMCA",2018,"Macrocystis pyrifera","LTER","mpa",6.0171875,"Den","After",6
"Naples SMCA",2019,"Macrocystis pyrifera","LTER","mpa",3.1234375,"Den","After",7
"Naples SMCA",2020,"Macrocystis pyrifera","LTER","mpa",4.6203125,"Den","After",8
"Naples SMCA",2021,"Macrocystis pyrifera","LTER","mpa",2.384375,"Den","After",9
"Naples SMCA",2022,"Macrocystis pyrifera","LTER","mpa",1.9359375,"Den","After",10
"Naples SMCA",2023,"Macrocystis pyrifera","LTER","mpa",3.0140625,"Den","After",11
"Campus Point SMCA",2001,"Macrocystis pyrifera","LTER","reference",8.5875,"Den","Before",0
"Campus Point SMCA",2002,"Macrocystis pyrifera","LTER","reference",8.28958333333333,"Den","Before",0
"Campus Point SMCA",2003,"Macrocystis pyrifera","LTER","reference",8.8375,"Den","Before",0
"Campus Point SMCA",2004,"Macrocystis pyrifera","LTER","reference",3.48333333333333,"Den","Before",0
"Campus Point SMCA",2005,"Macrocystis pyrifera","LTER","reference",2.03333333333333,"Den","Before",0
"Campus Point SMCA",2006,"Macrocystis pyrifera","LTER","reference",2.675,"Den","Before",0
"Campus Point SMCA",2007,"Macrocystis pyrifera","LTER","reference",7.46041666666667,"Den","Before",0
"Campus Point SMCA",2008,"Macrocystis pyrifera","LTER","reference",5.08958333333333,"Den","Before",0
"Campus Point SMCA",2009,"Macrocystis pyrifera","LTER","reference",5.79375,"Den","Before",0
"Campus Point SMCA",2010,"Macrocystis pyrifera","LTER","reference",2.71875,"Den","Before",0
"Campus Point SMCA",2011,"Macrocystis pyrifera","LTER","reference",5.10416666666667,"Den","Before",0
"Campus Point SMCA",2012,"Macrocystis pyrifera","LTER","reference",5.53125,"Den","Before",0
"Campus Point SMCA",2013,"Macrocystis pyrifera","LTER","reference",2.8875,"Den","After",1
"Campus Point SMCA",2014,"Macrocystis pyrifera","LTER","reference",3.84791666666667,"Den","After",2
"Campus Point SMCA",2015,"Macrocystis pyrifera","LTER","reference",5.52708333333333,"Den","After",3
"Campus Point SMCA",2016,"Macrocystis pyrifera","LTER","reference",2.25625,"Den","After",4
"Campus Point SMCA",2017,"Macrocystis pyrifera","LTER","reference",5.00625,"Den","After",5
"Campus Point SMCA",2018,"Macrocystis pyrifera","LTER","reference",6.55208333333333,"Den","After",6
"Campus Point SMCA",2019,"Macrocystis pyrifera","LTER","reference",3.76458333333333,"Den","After",7
"Campus Point SMCA",2020,"Macrocystis pyrifera","LTER","reference",5.21458333333333,"Den","After",8
"Campus Point SMCA",2021,"Macrocystis pyrifera","LTER","reference",2.23541666666667,"Den","After",9
"Campus Point SMCA",2022,"Macrocystis pyrifera","LTER","reference",0.80625,"Den","After",10
"Campus Point SMCA",2023,"Macrocystis pyrifera","LTER","reference",1.49166666666667,"Den","After",11
"Naples SMCA",2001,"Macrocystis pyrifera","LTER","reference",1.2325,"Den","Before",0
"Naples SMCA",2002,"Macrocystis pyrifera","LTER","reference",10.9416666666667,"Den","Before",0
"Naples SMCA",2003,"Macrocystis pyrifera","LTER","reference",12.0625,"Den","Before",0
"Naples SMCA",2004,"Macrocystis pyrifera","LTER","reference",5.8125,"Den","Before",0
"Naples SMCA",2005,"Macrocystis pyrifera","LTER","reference",3.47708333333333,"Den","Before",0
"Naples SMCA",2006,"Macrocystis pyrifera","LTER","reference",5.4625,"Den","Before",0
"Naples SMCA",2007,"Macrocystis pyrifera","LTER","reference",5.4625,"Den","Before",0
"Naples SMCA",2008,"Macrocystis pyrifera","LTER","reference",4.28958333333333,"Den","Before",0
"Naples SMCA",2009,"Macrocystis pyrifera","LTER","reference",3.75625,"Den","Before",0
"Naples SMCA",2010,"Macrocystis pyrifera","LTER","reference",0.202083333333333,"Den","Before",0
"Naples SMCA",2011,"Macrocystis pyrifera","LTER","reference",1.39583333333333,"Den","Before",0
"Naples SMCA",2012,"Macrocystis pyrifera","LTER","reference",3.62291666666667,"Den","Before",0
"Naples SMCA",2013,"Macrocystis pyrifera","LTER","reference",7.37083333333333,"Den","After",1
"Naples SMCA",2014,"Macrocystis pyrifera","LTER","reference",1.475,"Den","After",2
"Naples SMCA",2015,"Macrocystis pyrifera","LTER","reference",6.10208333333333,"Den","After",3
"Naples SMCA",2016,"Macrocystis pyrifera","LTER","reference",3.90416666666667,"Den","After",4
"Naples SMCA",2017,"Macrocystis pyrifera","LTER","reference",4.28333333333333,"Den","After",5
"Naples SMCA",2018,"Macrocystis pyrifera","LTER","reference",3.91666666666667,"Den","After",6
"Naples SMCA",2019,"Macrocystis pyrifera","LTER","reference",1.60416666666667,"Den","After",7
"Naples SMCA",2020,"Macrocystis pyrifera","LTER","reference",5.96458333333333,"Den","After",8
"Naples SMCA",2021,"Macrocystis pyrifera","LTER","reference",1.70625,"Den","After",9
"Naples SMCA",2022,"Macrocystis pyrifera","LTER","reference",0.683333333333333,"Den","After",10
"Naples SMCA",2023,"Macrocystis pyrifera","LTER","reference",0.0166666666666667,"Den","After",11
"Campus Point SMCA",2001,"Macrocystis pyrifera","LTER","mpa",149.5,"Bio","Before",0
"Campus Point SMCA",2002,"Macrocystis pyrifera","LTER","mpa",180.5,"Bio","Before",0
"Campus Point SMCA",2003,"Macrocystis pyrifera","LTER","mpa",153.5,"Bio","Before",0
"Campus Point SMCA",2004,"Macrocystis pyrifera","LTER","mpa",188.5,"Bio","Before",0
"Campus Point SMCA",2005,"Macrocystis pyrifera","LTER","mpa",454.5,"Bio","Before",0
"Campus Point SMCA",2006,"Macrocystis pyrifera","LTER","mpa",343.5,"Bio","Before",0
"Campus Point SMCA",2007,"Macrocystis pyrifera","LTER","mpa",636,"Bio","Before",0
"Campus Point SMCA",2008,"Macrocystis pyrifera","LTER","mpa",374,"Bio","Before",0
"Campus Point SMCA",2009,"Macrocystis pyrifera","LTER","mpa",468,"Bio","Before",0
"Campus Point SMCA",2010,"Macrocystis pyrifera","LTER","mpa",21.5,"Bio","Before",0
"Campus Point SMCA",2011,"Macrocystis pyrifera","LTER","mpa",379.571428571429,"Bio","Before",0
"Campus Point SMCA",2012,"Macrocystis pyrifera","LTER","mpa",146.142857142857,"Bio","Before",0
"Campus Point SMCA",2013,"Macrocystis pyrifera","LTER","mpa",366.571428571429,"Bio","After",1
"Campus Point SMCA",2014,"Macrocystis pyrifera","LTER","mpa",494.428571428571,"Bio","After",2
"Campus Point SMCA",2015,"Macrocystis pyrifera","LTER","mpa",516.285714285714,"Bio","After",3
"Campus Point SMCA",2016,"Macrocystis pyrifera","LTER","mpa",327.142857142857,"Bio","After",4
"Campus Point SMCA",2017,"Macrocystis pyrifera","LTER","mpa",529,"Bio","After",5
"Campus Point SMCA",2018,"Macrocystis pyrifera","LTER","mpa",444.142857142857,"Bio","After",6
"Campus Point SMCA",2019,"Macrocystis pyrifera","LTER","mpa",397.142857142857,"Bio","After",7
"Campus Point SMCA",2020,"Macrocystis pyrifera","LTER","mpa",613.714285714286,"Bio","After",8
"Campus Point SMCA",2021,"Macrocystis pyrifera","LTER","mpa",313.428571428571,"Bio","After",9
"Campus Point SMCA",2022,"Macrocystis pyrifera","LTER","mpa",552.285714285714,"Bio","After",10
"Campus Point SMCA",2023,"Macrocystis pyrifera","LTER","mpa",384.857142857143,"Bio","After",11
"Naples SMCA",2001,"Macrocystis pyrifera","LTER","mpa",0.25,"Bio","Before",0
"Naples SMCA",2002,"Macrocystis pyrifera","LTER","mpa",33.875,"Bio","Before",0
"Naples SMCA",2003,"Macrocystis pyrifera","LTER","mpa",570.625,"Bio","Before",0
"Naples SMCA",2004,"Macrocystis pyrifera","LTER","mpa",430.75,"Bio","Before",0
"Naples SMCA",2005,"Macrocystis pyrifera","LTER","mpa",473.25,"Bio","Before",0
"Naples SMCA",2006,"Macrocystis pyrifera","LTER","mpa",200.375,"Bio","Before",0
"Naples SMCA",2007,"Macrocystis pyrifera","LTER","mpa",279.5,"Bio","Before",0
"Naples SMCA",2008,"Macrocystis pyrifera","LTER","mpa",119.25,"Bio","Before",0
"Naples SMCA",2009,"Macrocystis pyrifera","LTER","mpa",51,"Bio","Before",0
"Naples SMCA",2010,"Macrocystis pyrifera","LTER","mpa",56.625,"Bio","Before",0
"Naples SMCA",2011,"Macrocystis pyrifera","LTER","mpa",47.25,"Bio","Before",0
"Naples SMCA",2012,"Macrocystis pyrifera","LTER","mpa",122.625,"Bio","Before",0
"Naples SMCA",2013,"Macrocystis pyrifera","LTER","mpa",128.75,"Bio","After",1
"Naples SMCA",2014,"Macrocystis pyrifera","LTER","mpa",341.625,"Bio","After",2
"Naples SMCA",2015,"Macrocystis pyrifera","LTER","mpa",544.875,"Bio","After",3
"Naples SMCA",2016,"Macrocystis pyrifera","LTER","mpa",625.375,"Bio","After",4
"Naples SMCA",2017,"Macrocystis pyrifera","LTER","mpa",628.375,"Bio","After",5
"Naples SMCA",2018,"Macrocystis pyrifera","LTER","mpa",481.375,"Bio","After",6
"Naples SMCA",2019,"Macrocystis pyrifera","LTER","mpa",249.875,"Bio","After",7
"Naples SMCA",2020,"Macrocystis pyrifera","LTER","mpa",369.625,"Bio","After",8
"Naples SMCA",2021,"Macrocystis pyrifera","LTER","mpa",190.75,"Bio","After",9
"Naples SMCA",2022,"Macrocystis pyrifera","LTER","mpa",154.875,"Bio","After",10
"Naples SMCA",2023,"Macrocystis pyrifera","LTER","mpa",241.125,"Bio","After",11
"Campus Point SMCA",2001,"Macrocystis pyrifera","LTER","reference",687,"Bio","Before",0
"Campus Point SMCA",2002,"Macrocystis pyrifera","LTER","reference",663.166666666667,"Bio","Before",0
"Campus Point SMCA",2003,"Macrocystis pyrifera","LTER","reference",707,"Bio","Before",0
"Campus Point SMCA",2004,"Macrocystis pyrifera","LTER","reference",278.666666666667,"Bio","Before",0
"Campus Point SMCA",2005,"Macrocystis pyrifera","LTER","reference",162.666666666667,"Bio","Before",0
"Campus Point SMCA",2006,"Macrocystis pyrifera","LTER","reference",214,"Bio","Before",0
"Campus Point SMCA",2007,"Macrocystis pyrifera","LTER","reference",596.833333333333,"Bio","Before",0
"Campus Point SMCA",2008,"Macrocystis pyrifera","LTER","reference",407.166666666667,"Bio","Before",0
"Campus Point SMCA",2009,"Macrocystis pyrifera","LTER","reference",463.5,"Bio","Before",0
"Campus Point SMCA",2010,"Macrocystis pyrifera","LTER","reference",217.5,"Bio","Before",0
"Campus Point SMCA",2011,"Macrocystis pyrifera","LTER","reference",408.333333333333,"Bio","Before",0
"Campus Point SMCA",2012,"Macrocystis pyrifera","LTER","reference",442.5,"Bio","Before",0
"Campus Point SMCA",2013,"Macrocystis pyrifera","LTER","reference",231,"Bio","After",1
"Campus Point SMCA",2014,"Macrocystis pyrifera","LTER","reference",307.833333333333,"Bio","After",2
"Campus Point SMCA",2015,"Macrocystis pyrifera","LTER","reference",442.166666666667,"Bio","After",3
"Campus Point SMCA",2016,"Macrocystis pyrifera","LTER","reference",180.5,"Bio","After",4
"Campus Point SMCA",2017,"Macrocystis pyrifera","LTER","reference",400.5,"Bio","After",5
"Campus Point SMCA",2018,"Macrocystis pyrifera","LTER","reference",524.166666666667,"Bio","After",6
"Campus Point SMCA",2019,"Macrocystis pyrifera","LTER","reference",301.166666666667,"Bio","After",7
"Campus Point SMCA",2020,"Macrocystis pyrifera","LTER","reference",417.166666666667,"Bio","After",8
"Campus Point SMCA",2021,"Macrocystis pyrifera","LTER","reference",178.833333333333,"Bio","After",9
"Campus Point SMCA",2022,"Macrocystis pyrifera","LTER","reference",64.5,"Bio","After",10
"Campus Point SMCA",2023,"Macrocystis pyrifera","LTER","reference",119.333333333333,"Bio","After",11
"Naples SMCA",2001,"Macrocystis pyrifera","LTER","reference",98.6,"Bio","Before",0
"Naples SMCA",2002,"Macrocystis pyrifera","LTER","reference",875.333333333333,"Bio","Before",0
"Naples SMCA",2003,"Macrocystis pyrifera","LTER","reference",965,"Bio","Before",0
"Naples SMCA",2004,"Macrocystis pyrifera","LTER","reference",465,"Bio","Before",0
"Naples SMCA",2005,"Macrocystis pyrifera","LTER","reference",278.166666666667,"Bio","Before",0
"Naples SMCA",2006,"Macrocystis pyrifera","LTER","reference",437,"Bio","Before",0
"Naples SMCA",2007,"Macrocystis pyrifera","LTER","reference",437,"Bio","Before",0
"Naples SMCA",2008,"Macrocystis pyrifera","LTER","reference",343.166666666667,"Bio","Before",0
"Naples SMCA",2009,"Macrocystis pyrifera","LTER","reference",300.5,"Bio","Before",0
"Naples SMCA",2010,"Macrocystis pyrifera","LTER","reference",16.1666666666667,"Bio","Before",0
"Naples SMCA",2011,"Macrocystis pyrifera","LTER","reference",111.666666666667,"Bio","Before",0
"Naples SMCA",2012,"Macrocystis pyrifera","LTER","reference",289.833333333333,"Bio","Before",0
"Naples SMCA",2013,"Macrocystis pyrifera","LTER","reference",589.666666666667,"Bio","After",1
"Naples SMCA",2014,"Macrocystis pyrifera","LTER","reference",118,"Bio","After",2
"Naples SMCA",2015,"Macrocystis pyrifera","LTER","reference",488.166666666667,"Bio","After",3
"Naples SMCA",2016,"Macrocystis pyrifera","LTER","reference",312.333333333333,"Bio","After",4
"Naples SMCA",2017,"Macrocystis pyrifera","LTER","reference",342.666666666667,"Bio","After",5
"Naples SMCA",2018,"Macrocystis pyrifera","LTER","reference",313.333333333333,"Bio","After",6
"Naples SMCA",2019,"Macrocystis pyrifera","LTER","reference",128.333333333333,"Bio","After",7
"Naples SMCA",2020,"Macrocystis pyrifera","LTER","reference",477.166666666667,"Bio","After",8
"Naples SMCA",2021,"Macrocystis pyrifera","LTER","reference",136.5,"Bio","After",9
"Naples SMCA",2022,"Macrocystis pyrifera","LTER","reference",54.6666666666667,"Bio","After",10
"Naples SMCA",2023,"Macrocystis pyrifera","LTER","reference",1.33333333333333,"Bio","After",11
"Campus Point SMCA",2012,"Panulirus interruptus","LTER","mpa",0.00270833333333333,"Den","Before",0
"Campus Point SMCA",2013,"Panulirus interruptus","LTER","mpa",0.00416666666666667,"Den","After",1
"Campus Point SMCA",2014,"Panulirus interruptus","LTER","mpa",0.01375,"Den","After",2
"Campus Point SMCA",2015,"Panulirus interruptus","LTER","mpa",0.0376041666666667,"Den","After",3
"Campus Point SMCA",2016,"Panulirus interruptus","LTER","mpa",0.0201041666666667,"Den","After",4
"Campus Point SMCA",2017,"Panulirus interruptus","LTER","mpa",0.063125,"Den","After",5
"Campus Point SMCA",2018,"Panulirus interruptus","LTER","mpa",0.0985416666666667,"Den","After",6
"Campus Point SMCA",2019,"Panulirus interruptus","LTER","mpa",0.054375,"Den","After",7
"Campus Point SMCA",2020,"Panulirus interruptus","LTER","mpa",0.101145833333333,"Den","After",8
"Campus Point SMCA",2021,"Panulirus interruptus","LTER","mpa",0.0379166666666667,"Den","After",9
"Campus Point SMCA",2022,"Panulirus interruptus","LTER","mpa",0.0261458333333333,"Den","After",10
"Campus Point SMCA",2023,"Panulirus interruptus","LTER","mpa",0.0353125,"Den","After",11
"Naples SMCA",2012,"Panulirus interruptus","LTER","mpa",0.000555555555555556,"Den","Before",0
"Naples SMCA",2013,"Panulirus interruptus","LTER","mpa",0.00583333333333333,"Den","After",1
"Naples SMCA",2014,"Panulirus interruptus","LTER","mpa",0.0150925925925926,"Den","After",2
"Naples SMCA",2015,"Panulirus interruptus","LTER","mpa",0.025,"Den","After",3
"Naples SMCA",2016,"Panulirus interruptus","LTER","mpa",0.0117592592592593,"Den","After",4
"Naples SMCA",2017,"Panulirus interruptus","LTER","mpa",0.0103703703703704,"Den","After",5
"Naples SMCA",2018,"Panulirus interruptus","LTER","mpa",0.0275925925925926,"Den","After",6
"Naples SMCA",2019,"Panulirus interruptus","LTER","mpa",0.0136111111111111,"Den","After",7
"Naples SMCA",2020,"Panulirus interruptus","LTER","mpa",0.0153703703703704,"Den","After",8
"Naples SMCA",2021,"Panulirus interruptus","LTER","mpa",0.0116666666666667,"Den","After",9
"Naples SMCA",2022,"Panulirus interruptus","LTER","mpa",0.00398148148148148,"Den","After",10
"Naples SMCA",2023,"Panulirus interruptus","LTER","mpa",0.00453703703703704,"Den","After",11
"Campus Point SMCA",2012,"Panulirus interruptus","LTER","reference",0.0230555555555556,"Den","Before",0
"Campus Point SMCA",2013,"Panulirus interruptus","LTER","reference",0.00416666666666667,"Den","After",1
"Campus Point SMCA",2014,"Panulirus interruptus","LTER","reference",0.01,"Den","After",2
"Campus Point SMCA",2015,"Panulirus interruptus","LTER","reference",0.0822222222222222,"Den","After",3
"Campus Point SMCA",2016,"Panulirus interruptus","LTER","reference",0.0583333333333333,"Den","After",4
"Campus Point SMCA",2017,"Panulirus interruptus","LTER","reference",0.0494444444444444,"Den","After",5
"Campus Point SMCA",2018,"Panulirus interruptus","LTER","reference",0.0455555555555556,"Den","After",6
"Campus Point SMCA",2019,"Panulirus interruptus","LTER","reference",0.0472222222222222,"Den","After",7
"Campus Point SMCA",2020,"Panulirus interruptus","LTER","reference",0.0469444444444444,"Den","After",8
"Campus Point SMCA",2021,"Panulirus interruptus","LTER","reference",0.0136111111111111,"Den","After",9
"Campus Point SMCA",2022,"Panulirus interruptus","LTER","reference",0.0313888888888889,"Den","After",10
"Campus Point SMCA",2023,"Panulirus interruptus","LTER","reference",0.0369444444444444,"Den","After",11
"Naples SMCA",2012,"Panulirus interruptus","LTER","reference",0.00452380952380952,"Den","Before",0
"Naples SMCA",2013,"Panulirus interruptus","LTER","reference",0.00380952380952381,"Den","After",1
"Naples SMCA",2014,"Panulirus interruptus","LTER","reference",0.0119047619047619,"Den","After",2
"Naples SMCA",2015,"Panulirus interruptus","LTER","reference",0.00988095238095238,"Den","After",3
"Naples SMCA",2016,"Panulirus interruptus","LTER","reference",0.00571428571428571,"Den","After",4
"Naples SMCA",2017,"Panulirus interruptus","LTER","reference",0.00797619047619048,"Den","After",5
"Naples SMCA",2018,"Panulirus interruptus","LTER","reference",0.00642857142857143,"Den","After",6
"Naples SMCA",2019,"Panulirus interruptus","LTER","reference",0.00547619047619048,"Den","After",7
"Naples SMCA",2020,"Panulirus interruptus","LTER","reference",0.0019047619047619,"Den","After",8
"Naples SMCA",2021,"Panulirus interruptus","LTER","reference",0.00130952380952381,"Den","After",9
"Naples SMCA",2022,"Panulirus interruptus","LTER","reference",0.00416666666666667,"Den","After",10
"Naples SMCA",2023,"Panulirus interruptus","LTER","reference",0.00619047619047619,"Den","After",11
"Campus Point SMCA",2012,"Panulirus interruptus","LTER","mpa",0.809119489382095,"Bio","Before",0
"Campus Point SMCA",2013,"Panulirus interruptus","LTER","mpa",1.60850389119517,"Bio","After",1
"Campus Point SMCA",2014,"Panulirus interruptus","LTER","mpa",6.42123885184622,"Bio","After",2
"Campus Point SMCA",2015,"Panulirus interruptus","LTER","mpa",14.1006023847679,"Bio","After",3
"Campus Point SMCA",2016,"Panulirus interruptus","LTER","mpa",7.60721768670072,"Bio","After",4
"Campus Point SMCA",2017,"Panulirus interruptus","LTER","mpa",23.9703040097461,"Bio","After",5
"Campus Point SMCA",2018,"Panulirus interruptus","LTER","mpa",44.3362009724419,"Bio","After",6
"Campus Point SMCA",2019,"Panulirus interruptus","LTER","mpa",29.7869597532152,"Bio","After",7
"Campus Point SMCA",2020,"Panulirus interruptus","LTER","mpa",46.6426382287289,"Bio","After",8
"Campus Point SMCA",2021,"Panulirus interruptus","LTER","mpa",19.5783795542179,"Bio","After",9
"Campus Point SMCA",2022,"Panulirus interruptus","LTER","mpa",12.2478222941104,"Bio","After",10
"Campus Point SMCA",2023,"Panulirus interruptus","LTER","mpa",19.0671503402091,"Bio","After",11
"Naples SMCA",2012,"Panulirus interruptus","LTER","mpa",0.214485335757281,"Bio","Before",0
"Naples SMCA",2013,"Panulirus interruptus","LTER","mpa",2.52127219962636,"Bio","After",1
"Naples SMCA",2014,"Panulirus interruptus","LTER","mpa",7.15116584971534,"Bio","After",2
"Naples SMCA",2015,"Panulirus interruptus","LTER","mpa",11.9100607589976,"Bio","After",3
"Naples SMCA",2016,"Panulirus interruptus","LTER","mpa",4.78312088676971,"Bio","After",4
"Naples SMCA",2017,"Panulirus interruptus","LTER","mpa",4.53757245057038,"Bio","After",5
"Naples SMCA",2018,"Panulirus interruptus","LTER","mpa",13.8421289035716,"Bio","After",6
"Naples SMCA",2019,"Panulirus interruptus","LTER","mpa",8.49705053409092,"Bio","After",7
"Naples SMCA",2020,"Panulirus interruptus","LTER","mpa",8.39304731725652,"Bio","After",8
"Naples SMCA",2021,"Panulirus interruptus","LTER","mpa",8.31184456133968,"Bio","After",9
"Naples SMCA",2022,"Panulirus interruptus","LTER","mpa",3.02687488104156,"Bio","After",10
"Naples SMCA",2023,"Panulirus interruptus","LTER","mpa",3.88695390400176,"Bio","After",11
"Campus Point SMCA",2012,"Panulirus interruptus","LTER","reference",10.4196723404473,"Bio","Before",0
"Campus Point SMCA",2013,"Panulirus interruptus","LTER","reference",1.52424982952953,"Bio","After",1
"Campus Point SMCA",2014,"Panulirus interruptus","LTER","reference",4.23168520512375,"Bio","After",2
"Campus Point SMCA",2015,"Panulirus interruptus","LTER","reference",19.996835378278,"Bio","After",3
"Campus Point SMCA",2016,"Panulirus interruptus","LTER","reference",15.1867035654497,"Bio","After",4
"Campus Point SMCA",2017,"Panulirus interruptus","LTER","reference",18.0755439847664,"Bio","After",5
"Campus Point SMCA",2018,"Panulirus interruptus","LTER","reference",16.9528432317526,"Bio","After",6
"Campus Point SMCA",2019,"Panulirus interruptus","LTER","reference",18.4868892647257,"Bio","After",7
"Campus Point SMCA",2020,"Panulirus interruptus","LTER","reference",16.6020347339017,"Bio","After",8
"Campus Point SMCA",2021,"Panulirus interruptus","LTER","reference",5.64463479354362,"Bio","After",9
"Campus Point SMCA",2022,"Panulirus interruptus","LTER","reference",11.7693627567056,"Bio","After",10
"Campus Point SMCA",2023,"Panulirus interruptus","LTER","reference",15.1004455875034,"Bio","After",11
"Naples SMCA",2012,"Panulirus interruptus","LTER","reference",1.6036900660767,"Bio","Before",0
"Naples SMCA",2013,"Panulirus interruptus","LTER","reference",1.44109000371615,"Bio","After",1
"Naples SMCA",2014,"Panulirus interruptus","LTER","reference",5.25086870529454,"Bio","After",2
"Naples SMCA",2015,"Panulirus interruptus","LTER","reference",3.24156833159585,"Bio","After",3
"Naples SMCA",2016,"Panulirus interruptus","LTER","reference",1.89480146980292,"Bio","After",4
"Naples SMCA",2017,"Panulirus interruptus","LTER","reference",3.22017856588722,"Bio","After",5
"Naples SMCA",2018,"Panulirus interruptus","LTER","reference",2.29593423605408,"Bio","After",6
"Naples SMCA",2019,"Panulirus interruptus","LTER","reference",2.25625600003746,"Bio","After",7
"Naples SMCA",2020,"Panulirus interruptus","LTER","reference",0.793322574594794,"Bio","After",8
"Naples SMCA",2021,"Panulirus interruptus","LTER","reference",0.655313673482162,"Bio","After",9
"Naples SMCA",2022,"Panulirus interruptus","LTER","reference",1.86883841288419,"Bio","After",10
"Naples SMCA",2023,"Panulirus interruptus","LTER","reference",2.70073448948912,"Bio","After",11
"Campus Point SMCA",2004,"Mesocentrotus franciscanus","LTER","mpa",0,"Bio","Before",0
"Campus Point SMCA",2004,"Strongylocentrotus purpuratus","LTER","mpa",0.499761609682132,"Bio","Before",0
"Campus Point SMCA",2008,"Strongylocentrotus purpuratus","LTER","mpa",0.681613620332214,"Bio","Before",0
"Campus Point SMCA",2009,"Mesocentrotus franciscanus","LTER","mpa",0,"Bio","Before",0
"Campus Point SMCA",2009,"Strongylocentrotus purpuratus","LTER","mpa",17.7415371437157,"Bio","Before",0
"Campus Point SMCA",2010,"Strongylocentrotus purpuratus","LTER","mpa",44.4787832617096,"Bio","Before",0
"Campus Point SMCA",2011,"Mesocentrotus franciscanus","LTER","mpa",36.4350508081158,"Bio","Before",0
"Campus Point SMCA",2011,"Strongylocentrotus purpuratus","LTER","mpa",80.2936871023729,"Bio","Before",0
"Campus Point SMCA",2012,"Mesocentrotus franciscanus","LTER","mpa",90.4629280978267,"Bio","Before",0
"Campus Point SMCA",2012,"Strongylocentrotus purpuratus","LTER","mpa",115.339290907733,"Bio","Before",0
"Campus Point SMCA",2013,"Mesocentrotus franciscanus","LTER","mpa",79.7380943075699,"Bio","After",1
"Campus Point SMCA",2013,"Strongylocentrotus purpuratus","LTER","mpa",59.659981329516,"Bio","After",1
"Campus Point SMCA",2014,"Mesocentrotus franciscanus","LTER","mpa",11.8528216149737,"Bio","After",2
"Campus Point SMCA",2014,"Strongylocentrotus purpuratus","LTER","mpa",57.7156548818161,"Bio","After",2
"Campus Point SMCA",2015,"Mesocentrotus franciscanus","LTER","mpa",4.94359236606428,"Bio","After",3
"Campus Point SMCA",2015,"Strongylocentrotus purpuratus","LTER","mpa",15.7622556159318,"Bio","After",3
"Campus Point SMCA",2016,"Mesocentrotus franciscanus","LTER","mpa",0.0911416424657837,"Bio","After",4
"Campus Point SMCA",2016,"Strongylocentrotus purpuratus","LTER","mpa",20.0552584584517,"Bio","After",4
"Campus Point SMCA",2017,"Mesocentrotus franciscanus","LTER","mpa",0.460053070445127,"Bio","After",5
"Campus Point SMCA",2017,"Strongylocentrotus purpuratus","LTER","mpa",22.7421305830967,"Bio","After",5
"Campus Point SMCA",2018,"Mesocentrotus franciscanus","LTER","mpa",0.89774190833893,"Bio","After",6
"Campus Point SMCA",2018,"Strongylocentrotus purpuratus","LTER","mpa",19.3408386043319,"Bio","After",6
"Campus Point SMCA",2019,"Mesocentrotus franciscanus","LTER","mpa",0,"Bio","After",7
"Campus Point SMCA",2019,"Strongylocentrotus purpuratus","LTER","mpa",22.2989255040753,"Bio","After",7
"Campus Point SMCA",2020,"Mesocentrotus franciscanus","LTER","mpa",0,"Bio","After",8
"Campus Point SMCA",2020,"Strongylocentrotus purpuratus","LTER","mpa",12.4447974513705,"Bio","After",8
"Campus Point SMCA",2021,"Mesocentrotus franciscanus","LTER","mpa",0,"Bio","After",9
"Campus Point SMCA",2021,"Strongylocentrotus purpuratus","LTER","mpa",12.7185073104953,"Bio","After",9
"Campus Point SMCA",2022,"Mesocentrotus franciscanus","LTER","mpa",1.29064903487815,"Bio","After",10
"Campus Point SMCA",2022,"Strongylocentrotus purpuratus","LTER","mpa",4.19280187630782,"Bio","After",10
"Campus Point SMCA",2023,"Mesocentrotus franciscanus","LTER","mpa",0.370243527769093,"Bio","After",11
"Campus Point SMCA",2023,"Strongylocentrotus purpuratus","LTER","mpa",1.66965771371985,"Bio","After",11
"Naples SMCA",2001,"Strongylocentrotus purpuratus","LTER","mpa",79.1497449334075,"Bio","Before",0
"Naples SMCA",2002,"Strongylocentrotus purpuratus","LTER","mpa",42.5422070241914,"Bio","Before",0
"Naples SMCA",2005,"Strongylocentrotus purpuratus","LTER","mpa",7.2465433403909,"Bio","Before",0
"Naples SMCA",2006,"Strongylocentrotus purpuratus","LTER","mpa",21.9270406248035,"Bio","Before",0
"Naples SMCA",2007,"Strongylocentrotus purpuratus","LTER","mpa",38.4816439455242,"Bio","Before",0
"Naples SMCA",2008,"Strongylocentrotus purpuratus","LTER","mpa",71.8407313918064,"Bio","Before",0
"Naples SMCA",2009,"Strongylocentrotus purpuratus","LTER","mpa",65.8435920756208,"Bio","Before",0
"Naples SMCA",2010,"Mesocentrotus franciscanus","LTER","mpa",10.5356728430109,"Bio","Before",0
"Naples SMCA",2010,"Strongylocentrotus purpuratus","LTER","mpa",46.2279488955971,"Bio","Before",0
"Naples SMCA",2011,"Mesocentrotus franciscanus","LTER","mpa",232.648422577846,"Bio","Before",0
"Naples SMCA",2011,"Strongylocentrotus purpuratus","LTER","mpa",107.864117854495,"Bio","Before",0
"Naples SMCA",2012,"Mesocentrotus franciscanus","LTER","mpa",366.543494535808,"Bio","Before",0
"Naples SMCA",2012,"Strongylocentrotus purpuratus","LTER","mpa",105.001115121558,"Bio","Before",0
"Naples SMCA",2013,"Mesocentrotus franciscanus","LTER","mpa",253.303496339277,"Bio","After",1
"Naples SMCA",2013,"Strongylocentrotus purpuratus","LTER","mpa",20.914484222043,"Bio","After",1
"Naples SMCA",2014,"Mesocentrotus franciscanus","LTER","mpa",302.026918844904,"Bio","After",2
"Naples SMCA",2014,"Strongylocentrotus purpuratus","LTER","mpa",32.4979416651658,"Bio","After",2
"Naples SMCA",2015,"Mesocentrotus franciscanus","LTER","mpa",136.412936649282,"Bio","After",3
"Naples SMCA",2015,"Strongylocentrotus purpuratus","LTER","mpa",21.1520312030422,"Bio","After",3
"Naples SMCA",2016,"Mesocentrotus franciscanus","LTER","mpa",87.2213469626339,"Bio","After",4
"Naples SMCA",2016,"Strongylocentrotus purpuratus","LTER","mpa",10.9374453158223,"Bio","After",4
"Naples SMCA",2017,"Mesocentrotus franciscanus","LTER","mpa",23.3738338761819,"Bio","After",5
"Naples SMCA",2017,"Strongylocentrotus purpuratus","LTER","mpa",10.1991501964926,"Bio","After",5
"Naples SMCA",2018,"Mesocentrotus franciscanus","LTER","mpa",54.259188826347,"Bio","After",6
"Naples SMCA",2018,"Strongylocentrotus purpuratus","LTER","mpa",69.5774550208822,"Bio","After",6
"Naples SMCA",2019,"Mesocentrotus franciscanus","LTER","mpa",90.2683228113642,"Bio","After",7
"Naples SMCA",2019,"Strongylocentrotus purpuratus","LTER","mpa",93.7101326280391,"Bio","After",7
"Naples SMCA",2020,"Mesocentrotus franciscanus","LTER","mpa",50.1259430815465,"Bio","After",8
"Naples SMCA",2020,"Strongylocentrotus purpuratus","LTER","mpa",56.7876695855152,"Bio","After",8
"Naples SMCA",2021,"Mesocentrotus franciscanus","LTER","mpa",63.325227998723,"Bio","After",9
"Naples SMCA",2021,"Strongylocentrotus purpuratus","LTER","mpa",35.4230701786384,"Bio","After",9
"Naples SMCA",2022,"Mesocentrotus franciscanus","LTER","mpa",27.3055531233948,"Bio","After",10
"Naples SMCA",2022,"Strongylocentrotus purpuratus","LTER","mpa",78.4978677482239,"Bio","After",10
"Naples SMCA",2023,"Mesocentrotus franciscanus","LTER","mpa",86.8641174030316,"Bio","After",11
"Naples SMCA",2023,"Strongylocentrotus purpuratus","LTER","mpa",94.8578291357986,"Bio","After",11
"Campus Point SMCA",2004,"Mesocentrotus franciscanus","LTER","reference",0.1934479335271,"Bio","Before",0
"Campus Point SMCA",2004,"Strongylocentrotus purpuratus","LTER","reference",10.3284066000974,"Bio","Before",0
"Campus Point SMCA",2008,"Strongylocentrotus purpuratus","LTER","reference",9.4954705839605,"Bio","Before",0
"Campus Point SMCA",2009,"Mesocentrotus franciscanus","LTER","reference",9.63354807348059,"Bio","Before",0
"Campus Point SMCA",2009,"Strongylocentrotus purpuratus","LTER","reference",37.2560153786871,"Bio","Before",0
"Campus Point SMCA",2010,"Strongylocentrotus purpuratus","LTER","reference",16.575426721124,"Bio","Before",0
"Campus Point SMCA",2011,"Mesocentrotus franciscanus","LTER","reference",49.0688559858399,"Bio","Before",0
"Campus Point SMCA",2011,"Strongylocentrotus purpuratus","LTER","reference",88.3195475138096,"Bio","Before",0
"Campus Point SMCA",2012,"Mesocentrotus franciscanus","LTER","reference",28.0771383225219,"Bio","Before",0
"Campus Point SMCA",2012,"Strongylocentrotus purpuratus","LTER","reference",85.0850148285616,"Bio","Before",0
"Campus Point SMCA",2013,"Mesocentrotus franciscanus","LTER","reference",66.6644433140386,"Bio","After",1
"Campus Point SMCA",2013,"Strongylocentrotus purpuratus","LTER","reference",74.3722854157344,"Bio","After",1
"Campus Point SMCA",2014,"Mesocentrotus franciscanus","LTER","reference",37.3089854131465,"Bio","After",2
"Campus Point SMCA",2014,"Strongylocentrotus purpuratus","LTER","reference",46.5198452231014,"Bio","After",2
"Campus Point SMCA",2015,"Mesocentrotus franciscanus","LTER","reference",12.1263949023284,"Bio","After",3
"Campus Point SMCA",2015,"Strongylocentrotus purpuratus","LTER","reference",26.7658460719191,"Bio","After",3
"Campus Point SMCA",2016,"Mesocentrotus franciscanus","LTER","reference",1.1342300243636,"Bio","After",4
"Campus Point SMCA",2016,"Strongylocentrotus purpuratus","LTER","reference",7.86484052091355,"Bio","After",4
"Campus Point SMCA",2017,"Mesocentrotus franciscanus","LTER","reference",2.11517380988498,"Bio","After",5
"Campus Point SMCA",2017,"Strongylocentrotus purpuratus","LTER","reference",7.81406098882873,"Bio","After",5
"Campus Point SMCA",2018,"Mesocentrotus franciscanus","LTER","reference",11.6652217410385,"Bio","After",6
"Campus Point SMCA",2018,"Strongylocentrotus purpuratus","LTER","reference",24.135479048466,"Bio","After",6
"Campus Point SMCA",2019,"Mesocentrotus franciscanus","LTER","reference",9.5906578532802,"Bio","After",7
"Campus Point SMCA",2019,"Strongylocentrotus purpuratus","LTER","reference",21.9299667943243,"Bio","After",7
"Campus Point SMCA",2020,"Mesocentrotus franciscanus","LTER","reference",5.60628701250756,"Bio","After",8
"Campus Point SMCA",2020,"Strongylocentrotus purpuratus","LTER","reference",27.357709669161,"Bio","After",8
"Campus Point SMCA",2021,"Mesocentrotus franciscanus","LTER","reference",0.887535537981913,"Bio","After",9
"Campus Point SMCA",2021,"Strongylocentrotus purpuratus","LTER","reference",13.4282070812142,"Bio","After",9
"Campus Point SMCA",2022,"Mesocentrotus franciscanus","LTER","reference",5.5456845971688,"Bio","After",10
"Campus Point SMCA",2022,"Strongylocentrotus purpuratus","LTER","reference",14.1958867046664,"Bio","After",10
"Campus Point SMCA",2023,"Mesocentrotus franciscanus","LTER","reference",7.79961362318668,"Bio","After",11
"Campus Point SMCA",2023,"Strongylocentrotus purpuratus","LTER","reference",8.28755891160382,"Bio","After",11
"Naples SMCA",2001,"Strongylocentrotus purpuratus","LTER","reference",5.98216785746002,"Bio","Before",0
"Naples SMCA",2002,"Strongylocentrotus purpuratus","LTER","reference",1.41599122743271,"Bio","Before",0
"Naples SMCA",2005,"Strongylocentrotus purpuratus","LTER","reference",0.832936016136886,"Bio","Before",0
"Naples SMCA",2006,"Strongylocentrotus purpuratus","LTER","reference",0,"Bio","Before",0
"Naples SMCA",2007,"Strongylocentrotus purpuratus","LTER","reference",1.66587203227377,"Bio","Before",0
"Naples SMCA",2008,"Strongylocentrotus purpuratus","LTER","reference",6.74678173070878,"Bio","Before",0
"Naples SMCA",2009,"Strongylocentrotus purpuratus","LTER","reference",20.4069323953537,"Bio","Before",0
"Naples SMCA",2010,"Mesocentrotus franciscanus","LTER","reference",0.84619034641177,"Bio","Before",0
"Naples SMCA",2010,"Strongylocentrotus purpuratus","LTER","reference",28.5697053534951,"Bio","Before",0
"Naples SMCA",2011,"Mesocentrotus franciscanus","LTER","reference",29.7483790570783,"Bio","Before",0
"Naples SMCA",2011,"Strongylocentrotus purpuratus","LTER","reference",104.025143098518,"Bio","Before",0
"Naples SMCA",2012,"Mesocentrotus franciscanus","LTER","reference",195.648995851446,"Bio","Before",0
"Naples SMCA",2012,"Strongylocentrotus purpuratus","LTER","reference",52.5699059946533,"Bio","Before",0
"Naples SMCA",2013,"Mesocentrotus franciscanus","LTER","reference",140.692366317234,"Bio","After",1
"Naples SMCA",2013,"Strongylocentrotus purpuratus","LTER","reference",15.9084464482432,"Bio","After",1
"Naples SMCA",2014,"Mesocentrotus franciscanus","LTER","reference",163.196972743167,"Bio","After",2
"Naples SMCA",2014,"Strongylocentrotus purpuratus","LTER","reference",50.1205331743872,"Bio","After",2
"Naples SMCA",2015,"Mesocentrotus franciscanus","LTER","reference",66.9429935038976,"Bio","After",3
"Naples SMCA",2015,"Strongylocentrotus purpuratus","LTER","reference",21.8823946290606,"Bio","After",3
"Naples SMCA",2016,"Mesocentrotus franciscanus","LTER","reference",6.36592784963917,"Bio","After",4
"Naples SMCA",2016,"Strongylocentrotus purpuratus","LTER","reference",13.326680199231,"Bio","After",4
"Naples SMCA",2017,"Mesocentrotus franciscanus","LTER","reference",21.9827035096865,"Bio","After",5
"Naples SMCA",2017,"Strongylocentrotus purpuratus","LTER","reference",30.6672788730608,"Bio","After",5
"Naples SMCA",2018,"Mesocentrotus franciscanus","LTER","reference",20.2719447088681,"Bio","After",6
"Naples SMCA",2018,"Strongylocentrotus purpuratus","LTER","reference",61.0383838443144,"Bio","After",6
"Naples SMCA",2019,"Mesocentrotus franciscanus","LTER","reference",15.1841463703615,"Bio","After",7
"Naples SMCA",2019,"Strongylocentrotus purpuratus","LTER","reference",64.0901827359275,"Bio","After",7
"Naples SMCA",2020,"Mesocentrotus franciscanus","LTER","reference",33.7491051169075,"Bio","After",8
"Naples SMCA",2020,"Strongylocentrotus purpuratus","LTER","reference",60.8128419540502,"Bio","After",8
"Naples SMCA",2021,"Mesocentrotus franciscanus","LTER","reference",16.3786923566699,"Bio","After",9
"Naples SMCA",2021,"Strongylocentrotus purpuratus","LTER","reference",37.9912427482889,"Bio","After",9
"Naples SMCA",2022,"Mesocentrotus franciscanus","LTER","reference",3.92691050447961,"Bio","After",10
"Naples SMCA",2022,"Strongylocentrotus purpuratus","LTER","reference",50.2267434247193,"Bio","After",10
"Naples SMCA",2023,"Mesocentrotus franciscanus","LTER","reference",17.8499077656969,"Bio","After",11
"Naples SMCA",2023,"Strongylocentrotus purpuratus","LTER","reference",44.3665307725149,"Bio","After",11
"Campus Point SMCA",2001,"Mesocentrotus franciscanus","LTER","mpa",0.0416666666666667,"Den","Before",0
"Campus Point SMCA",2001,"Strongylocentrotus purpuratus","LTER","mpa",1.125,"Den","Before",0
"Campus Point SMCA",2002,"Mesocentrotus franciscanus","LTER","mpa",0,"Den","Before",0
"Campus Point SMCA",2002,"Strongylocentrotus purpuratus","LTER","mpa",0.916666666666667,"Den","Before",0
"Campus Point SMCA",2003,"Mesocentrotus franciscanus","LTER","mpa",0,"Den","Before",0
"Campus Point SMCA",2003,"Strongylocentrotus purpuratus","LTER","mpa",0.291666666666667,"Den","Before",0
"Campus Point SMCA",2004,"Mesocentrotus franciscanus","LTER","mpa",0,"Den","Before",0
"Campus Point SMCA",2004,"Strongylocentrotus purpuratus","LTER","mpa",0.0833333333333333,"Den","Before",0
"Campus Point SMCA",2005,"Mesocentrotus franciscanus","LTER","mpa",0,"Den","Before",0
"Campus Point SMCA",2005,"Strongylocentrotus purpuratus","LTER","mpa",0.0416666666666667,"Den","Before",0
"Campus Point SMCA",2006,"Mesocentrotus franciscanus","LTER","mpa",0,"Den","Before",0
"Campus Point SMCA",2006,"Strongylocentrotus purpuratus","LTER","mpa",0,"Den","Before",0
"Campus Point SMCA",2007,"Mesocentrotus franciscanus","LTER","mpa",0,"Den","Before",0
"Campus Point SMCA",2007,"Strongylocentrotus purpuratus","LTER","mpa",0,"Den","Before",0
"Campus Point SMCA",2008,"Mesocentrotus franciscanus","LTER","mpa",0,"Den","Before",0
"Campus Point SMCA",2008,"Strongylocentrotus purpuratus","LTER","mpa",0.458333333333333,"Den","Before",0
"Campus Point SMCA",2009,"Mesocentrotus franciscanus","LTER","mpa",0,"Den","Before",0
"Campus Point SMCA",2009,"Strongylocentrotus purpuratus","LTER","mpa",2.95833333333333,"Den","Before",0
"Campus Point SMCA",2010,"Mesocentrotus franciscanus","LTER","mpa",0.875,"Den","Before",0
"Campus Point SMCA",2010,"Strongylocentrotus purpuratus","LTER","mpa",7.41666666666667,"Den","Before",0
"Campus Point SMCA",2011,"Mesocentrotus franciscanus","LTER","mpa",0.202380952380952,"Den","Before",0
"Campus Point SMCA",2011,"Strongylocentrotus purpuratus","LTER","mpa",5.89285714285714,"Den","Before",0
"Campus Point SMCA",2012,"Mesocentrotus franciscanus","LTER","mpa",0.666666666666667,"Den","Before",0
"Campus Point SMCA",2012,"Strongylocentrotus purpuratus","LTER","mpa",6.73809523809524,"Den","Before",0
"Campus Point SMCA",2013,"Mesocentrotus franciscanus","LTER","mpa",0.55952380952381,"Den","After",1
"Campus Point SMCA",2013,"Strongylocentrotus purpuratus","LTER","mpa",2.05952380952381,"Den","After",1
"Campus Point SMCA",2014,"Mesocentrotus franciscanus","LTER","mpa",0.0833333333333333,"Den","After",2
"Campus Point SMCA",2014,"Strongylocentrotus purpuratus","LTER","mpa",1.92857142857143,"Den","After",2
"Campus Point SMCA",2015,"Mesocentrotus franciscanus","LTER","mpa",0.0357142857142857,"Den","After",3
"Campus Point SMCA",2015,"Strongylocentrotus purpuratus","LTER","mpa",0.785714285714286,"Den","After",3
"Campus Point SMCA",2016,"Mesocentrotus franciscanus","LTER","mpa",0.0119047619047619,"Den","After",4
"Campus Point SMCA",2016,"Strongylocentrotus purpuratus","LTER","mpa",0.738095238095238,"Den","After",4
"Campus Point SMCA",2017,"Mesocentrotus franciscanus","LTER","mpa",0.0119047619047619,"Den","After",5
"Campus Point SMCA",2017,"Strongylocentrotus purpuratus","LTER","mpa",0.619047619047619,"Den","After",5
"Campus Point SMCA",2018,"Mesocentrotus franciscanus","LTER","mpa",0.0119047619047619,"Den","After",6
"Campus Point SMCA",2018,"Strongylocentrotus purpuratus","LTER","mpa",0.511904761904762,"Den","After",6
"Campus Point SMCA",2019,"Mesocentrotus franciscanus","LTER","mpa",0,"Den","After",7
"Campus Point SMCA",2019,"Strongylocentrotus purpuratus","LTER","mpa",0.476190476190476,"Den","After",7
"Campus Point SMCA",2020,"Mesocentrotus franciscanus","LTER","mpa",0,"Den","After",8
"Campus Point SMCA",2020,"Strongylocentrotus purpuratus","LTER","mpa",0.583333333333333,"Den","After",8
"Campus Point SMCA",2021,"Mesocentrotus franciscanus","LTER","mpa",0,"Den","After",9
"Campus Point SMCA",2021,"Strongylocentrotus purpuratus","LTER","mpa",0.321428571428571,"Den","After",9
"Campus Point SMCA",2022,"Mesocentrotus franciscanus","LTER","mpa",0.0119047619047619,"Den","After",10
"Campus Point SMCA",2022,"Strongylocentrotus purpuratus","LTER","mpa",0.392857142857143,"Den","After",10
"Campus Point SMCA",2023,"Mesocentrotus franciscanus","LTER","mpa",0.0119047619047619,"Den","After",11
"Campus Point SMCA",2023,"Strongylocentrotus purpuratus","LTER","mpa",0.0476190476190476,"Den","After",11
"Naples SMCA",2001,"Mesocentrotus franciscanus","LTER","mpa",1.79166666666667,"Den","Before",0
"Naples SMCA",2001,"Strongylocentrotus purpuratus","LTER","mpa",13.1979166666667,"Den","Before",0
"Naples SMCA",2002,"Mesocentrotus franciscanus","LTER","mpa",1.32291666666667,"Den","Before",0
"Naples SMCA",2002,"Strongylocentrotus purpuratus","LTER","mpa",7.09375,"Den","Before",0
"Naples SMCA",2003,"Mesocentrotus franciscanus","LTER","mpa",0.645833333333333,"Den","Before",0
"Naples SMCA",2003,"Strongylocentrotus purpuratus","LTER","mpa",2.08333333333333,"Den","Before",0
"Naples SMCA",2004,"Mesocentrotus franciscanus","LTER","mpa",1.3125,"Den","Before",0
"Naples SMCA",2004,"Strongylocentrotus purpuratus","LTER","mpa",2.78125,"Den","Before",0
"Naples SMCA",2005,"Mesocentrotus franciscanus","LTER","mpa",0.59375,"Den","Before",0
"Naples SMCA",2005,"Strongylocentrotus purpuratus","LTER","mpa",1.20833333333333,"Den","Before",0
"Naples SMCA",2006,"Mesocentrotus franciscanus","LTER","mpa",1.52083333333333,"Den","Before",0
"Naples SMCA",2006,"Strongylocentrotus purpuratus","LTER","mpa",3.65625,"Den","Before",0
"Naples SMCA",2007,"Mesocentrotus franciscanus","LTER","mpa",1.01041666666667,"Den","Before",0
"Naples SMCA",2007,"Strongylocentrotus purpuratus","LTER","mpa",6.41666666666667,"Den","Before",0
"Naples SMCA",2008,"Mesocentrotus franciscanus","LTER","mpa",0.875,"Den","Before",0
"Naples SMCA",2008,"Strongylocentrotus purpuratus","LTER","mpa",11.9791666666667,"Den","Before",0
"Naples SMCA",2009,"Mesocentrotus franciscanus","LTER","mpa",1.27083333333333,"Den","Before",0
"Naples SMCA",2009,"Strongylocentrotus purpuratus","LTER","mpa",10.9791666666667,"Den","Before",0
"Naples SMCA",2010,"Mesocentrotus franciscanus","LTER","mpa",1.51041666666667,"Den","Before",0
"Naples SMCA",2010,"Strongylocentrotus purpuratus","LTER","mpa",7.70833333333333,"Den","Before",0
"Naples SMCA",2011,"Mesocentrotus franciscanus","LTER","mpa",1.16666666666667,"Den","Before",0
"Naples SMCA",2011,"Strongylocentrotus purpuratus","LTER","mpa",3.96875,"Den","Before",0
"Naples SMCA",2012,"Mesocentrotus franciscanus","LTER","mpa",2.57291666666667,"Den","Before",0
"Naples SMCA",2012,"Strongylocentrotus purpuratus","LTER","mpa",3.4375,"Den","Before",0
"Naples SMCA",2013,"Mesocentrotus franciscanus","LTER","mpa",1.79166666666667,"Den","After",1
"Naples SMCA",2013,"Strongylocentrotus purpuratus","LTER","mpa",1.69791666666667,"Den","After",1
"Naples SMCA",2014,"Mesocentrotus franciscanus","LTER","mpa",1.4375,"Den","After",2
"Naples SMCA",2014,"Strongylocentrotus purpuratus","LTER","mpa",1.5,"Den","After",2
"Naples SMCA",2015,"Mesocentrotus franciscanus","LTER","mpa",0.729166666666667,"Den","After",3
"Naples SMCA",2015,"Strongylocentrotus purpuratus","LTER","mpa",0.916666666666667,"Den","After",3
"Naples SMCA",2016,"Mesocentrotus franciscanus","LTER","mpa",0.489583333333333,"Den","After",4
"Naples SMCA",2016,"Strongylocentrotus purpuratus","LTER","mpa",0.395833333333333,"Den","After",4
"Naples SMCA",2017,"Mesocentrotus franciscanus","LTER","mpa",0.25,"Den","After",5
"Naples SMCA",2017,"Strongylocentrotus purpuratus","LTER","mpa",0.666666666666667,"Den","After",5
"Naples SMCA",2018,"Mesocentrotus franciscanus","LTER","mpa",1.48958333333333,"Den","After",6
"Naples SMCA",2018,"Strongylocentrotus purpuratus","LTER","mpa",5.21875,"Den","After",6
"Naples SMCA",2019,"Mesocentrotus franciscanus","LTER","mpa",0.84375,"Den","After",7
"Naples SMCA",2019,"Strongylocentrotus purpuratus","LTER","mpa",4.59375,"Den","After",7
"Naples SMCA",2020,"Mesocentrotus franciscanus","LTER","mpa",0.40625,"Den","After",8
"Naples SMCA",2020,"Strongylocentrotus purpuratus","LTER","mpa",3.52083333333333,"Den","After",8
"Naples SMCA",2021,"Mesocentrotus franciscanus","LTER","mpa",0.364583333333333,"Den","After",9
"Naples SMCA",2021,"Strongylocentrotus purpuratus","LTER","mpa",3.28125,"Den","After",9
"Naples SMCA",2022,"Mesocentrotus franciscanus","LTER","mpa",0.416666666666667,"Den","After",10
"Naples SMCA",2022,"Strongylocentrotus purpuratus","LTER","mpa",4.63541666666667,"Den","After",10
"Naples SMCA",2023,"Mesocentrotus franciscanus","LTER","mpa",0.645833333333333,"Den","After",11
"Naples SMCA",2023,"Strongylocentrotus purpuratus","LTER","mpa",5.83333333333333,"Den","After",11
"Campus Point SMCA",2001,"Mesocentrotus franciscanus","LTER","reference",0.222222222222222,"Den","Before",0
"Campus Point SMCA",2001,"Strongylocentrotus purpuratus","LTER","reference",3.55555555555556,"Den","Before",0
"Campus Point SMCA",2002,"Mesocentrotus franciscanus","LTER","reference",0.236111111111111,"Den","Before",0
"Campus Point SMCA",2002,"Strongylocentrotus purpuratus","LTER","reference",2.11111111111111,"Den","Before",0
"Campus Point SMCA",2003,"Mesocentrotus franciscanus","LTER","reference",0.125,"Den","Before",0
"Campus Point SMCA",2003,"Strongylocentrotus purpuratus","LTER","reference",1.27777777777778,"Den","Before",0
"Campus Point SMCA",2004,"Mesocentrotus franciscanus","LTER","reference",0.111111111111111,"Den","Before",0
"Campus Point SMCA",2004,"Strongylocentrotus purpuratus","LTER","reference",1.72222222222222,"Den","Before",0
"Campus Point SMCA",2005,"Mesocentrotus franciscanus","LTER","reference",0.0833333333333333,"Den","Before",0
"Campus Point SMCA",2005,"Strongylocentrotus purpuratus","LTER","reference",2.13888888888889,"Den","Before",0
"Campus Point SMCA",2006,"Mesocentrotus franciscanus","LTER","reference",0.0555555555555556,"Den","Before",0
"Campus Point SMCA",2006,"Strongylocentrotus purpuratus","LTER","reference",1.33333333333333,"Den","Before",0
"Campus Point SMCA",2007,"Mesocentrotus franciscanus","LTER","reference",0.0972222222222222,"Den","Before",0
"Campus Point SMCA",2007,"Strongylocentrotus purpuratus","LTER","reference",1.48611111111111,"Den","Before",0
"Campus Point SMCA",2008,"Mesocentrotus franciscanus","LTER","reference",0.208333333333333,"Den","Before",0
"Campus Point SMCA",2008,"Strongylocentrotus purpuratus","LTER","reference",1.58333333333333,"Den","Before",0
"Campus Point SMCA",2009,"Mesocentrotus franciscanus","LTER","reference",0.152777777777778,"Den","Before",0
"Campus Point SMCA",2009,"Strongylocentrotus purpuratus","LTER","reference",1.75,"Den","Before",0
"Campus Point SMCA",2010,"Mesocentrotus franciscanus","LTER","reference",0.333333333333333,"Den","Before",0
"Campus Point SMCA",2010,"Strongylocentrotus purpuratus","LTER","reference",2.76388888888889,"Den","Before",0
"Campus Point SMCA",2011,"Mesocentrotus franciscanus","LTER","reference",0.152777777777778,"Den","Before",0
"Campus Point SMCA",2011,"Strongylocentrotus purpuratus","LTER","reference",1.61111111111111,"Den","Before",0
"Campus Point SMCA",2012,"Mesocentrotus franciscanus","LTER","reference",0.111111111111111,"Den","Before",0
"Campus Point SMCA",2012,"Strongylocentrotus purpuratus","LTER","reference",1.44444444444444,"Den","Before",0
"Campus Point SMCA",2013,"Mesocentrotus franciscanus","LTER","reference",0.361111111111111,"Den","After",1
"Campus Point SMCA",2013,"Strongylocentrotus purpuratus","LTER","reference",2.15277777777778,"Den","After",1
"Campus Point SMCA",2014,"Mesocentrotus franciscanus","LTER","reference",0.222222222222222,"Den","After",2
"Campus Point SMCA",2014,"Strongylocentrotus purpuratus","LTER","reference",1.19444444444444,"Den","After",2
"Campus Point SMCA",2015,"Mesocentrotus franciscanus","LTER","reference",0.125,"Den","After",3
"Campus Point SMCA",2015,"Strongylocentrotus purpuratus","LTER","reference",0.569444444444444,"Den","After",3
"Campus Point SMCA",2016,"Mesocentrotus franciscanus","LTER","reference",0.0277777777777778,"Den","After",4
"Campus Point SMCA",2016,"Strongylocentrotus purpuratus","LTER","reference",0.305555555555556,"Den","After",4
"Campus Point SMCA",2017,"Mesocentrotus franciscanus","LTER","reference",0.0277777777777778,"Den","After",5
"Campus Point SMCA",2017,"Strongylocentrotus purpuratus","LTER","reference",0.125,"Den","After",5
"Campus Point SMCA",2018,"Mesocentrotus franciscanus","LTER","reference",0.0555555555555556,"Den","After",6
"Campus Point SMCA",2018,"Strongylocentrotus purpuratus","LTER","reference",0.319444444444444,"Den","After",6
"Campus Point SMCA",2019,"Mesocentrotus franciscanus","LTER","reference",0.0416666666666667,"Den","After",7
"Campus Point SMCA",2019,"Strongylocentrotus purpuratus","LTER","reference",0.833333333333333,"Den","After",7
"Campus Point SMCA",2020,"Mesocentrotus franciscanus","LTER","reference",0.0416666666666667,"Den","After",8
"Campus Point SMCA",2020,"Strongylocentrotus purpuratus","LTER","reference",1.01388888888889,"Den","After",8
"Campus Point SMCA",2021,"Mesocentrotus franciscanus","LTER","reference",0.0138888888888889,"Den","After",9
"Campus Point SMCA",2021,"Strongylocentrotus purpuratus","LTER","reference",0.805555555555556,"Den","After",9
"Campus Point SMCA",2022,"Mesocentrotus franciscanus","LTER","reference",0.0694444444444444,"Den","After",10
"Campus Point SMCA",2022,"Strongylocentrotus purpuratus","LTER","reference",0.930555555555556,"Den","After",10
"Campus Point SMCA",2023,"Mesocentrotus franciscanus","LTER","reference",0.0416666666666667,"Den","After",11
"Campus Point SMCA",2023,"Strongylocentrotus purpuratus","LTER","reference",0.444444444444444,"Den","After",11
"Naples SMCA",2001,"Mesocentrotus franciscanus","LTER","reference",0.333333333333333,"Den","Before",0
"Naples SMCA",2001,"Strongylocentrotus purpuratus","LTER","reference",3.96666666666667,"Den","Before",0
"Naples SMCA",2002,"Mesocentrotus franciscanus","LTER","reference",0.0694444444444444,"Den","Before",0
"Naples SMCA",2002,"Strongylocentrotus purpuratus","LTER","reference",0.236111111111111,"Den","Before",0
"Naples SMCA",2003,"Mesocentrotus franciscanus","LTER","reference",0.0694444444444444,"Den","Before",0
"Naples SMCA",2003,"Strongylocentrotus purpuratus","LTER","reference",0.0555555555555556,"Den","Before",0
"Naples SMCA",2004,"Mesocentrotus franciscanus","LTER","reference",0.0138888888888889,"Den","Before",0
"Naples SMCA",2004,"Strongylocentrotus purpuratus","LTER","reference",0.0833333333333333,"Den","Before",0
"Naples SMCA",2005,"Mesocentrotus franciscanus","LTER","reference",0.0277777777777778,"Den","Before",0
"Naples SMCA",2005,"Strongylocentrotus purpuratus","LTER","reference",0.138888888888889,"Den","Before",0
"Naples SMCA",2006,"Mesocentrotus franciscanus","LTER","reference",0.0277777777777778,"Den","Before",0
"Naples SMCA",2006,"Strongylocentrotus purpuratus","LTER","reference",0,"Den","Before",0
"Naples SMCA",2007,"Mesocentrotus franciscanus","LTER","reference",0.0833333333333333,"Den","Before",0
"Naples SMCA",2007,"Strongylocentrotus purpuratus","LTER","reference",0.277777777777778,"Den","Before",0
"Naples SMCA",2008,"Mesocentrotus franciscanus","LTER","reference",0.138888888888889,"Den","Before",0
"Naples SMCA",2008,"Strongylocentrotus purpuratus","LTER","reference",1.125,"Den","Before",0
"Naples SMCA",2009,"Mesocentrotus franciscanus","LTER","reference",0.305555555555556,"Den","Before",0
"Naples SMCA",2009,"Strongylocentrotus purpuratus","LTER","reference",3.40277777777778,"Den","Before",0
"Naples SMCA",2010,"Mesocentrotus franciscanus","LTER","reference",0.486111111111111,"Den","Before",0
"Naples SMCA",2010,"Strongylocentrotus purpuratus","LTER","reference",4.76388888888889,"Den","Before",0
"Naples SMCA",2011,"Mesocentrotus franciscanus","LTER","reference",0.375,"Den","Before",0
"Naples SMCA",2011,"Strongylocentrotus purpuratus","LTER","reference",4.51388888888889,"Den","Before",0
"Naples SMCA",2012,"Mesocentrotus franciscanus","LTER","reference",0.680555555555556,"Den","Before",0
"Naples SMCA",2012,"Strongylocentrotus purpuratus","LTER","reference",1.76388888888889,"Den","Before",0
"Naples SMCA",2013,"Mesocentrotus franciscanus","LTER","reference",1.38888888888889,"Den","After",1
"Naples SMCA",2013,"Strongylocentrotus purpuratus","LTER","reference",0.680555555555556,"Den","After",1
"Naples SMCA",2014,"Mesocentrotus franciscanus","LTER","reference",0.861111111111111,"Den","After",2
"Naples SMCA",2014,"Strongylocentrotus purpuratus","LTER","reference",2.13888888888889,"Den","After",2
"Naples SMCA",2015,"Mesocentrotus franciscanus","LTER","reference",0.347222222222222,"Den","After",3
"Naples SMCA",2015,"Strongylocentrotus purpuratus","LTER","reference",0.916666666666667,"Den","After",3
"Naples SMCA",2016,"Mesocentrotus franciscanus","LTER","reference",0.0416666666666667,"Den","After",4
"Naples SMCA",2016,"Strongylocentrotus purpuratus","LTER","reference",0.708333333333333,"Den","After",4
"Naples SMCA",2017,"Mesocentrotus franciscanus","LTER","reference",0.291666666666667,"Den","After",5
"Naples SMCA",2017,"Strongylocentrotus purpuratus","LTER","reference",1.06944444444444,"Den","After",5
"Naples SMCA",2018,"Mesocentrotus franciscanus","LTER","reference",0.166666666666667,"Den","After",6
"Naples SMCA",2018,"Strongylocentrotus purpuratus","LTER","reference",1.77777777777778,"Den","After",6
"Naples SMCA",2019,"Mesocentrotus franciscanus","LTER","reference",0.138888888888889,"Den","After",7
"Naples SMCA",2019,"Strongylocentrotus purpuratus","LTER","reference",1.79166666666667,"Den","After",7
"Naples SMCA",2020,"Mesocentrotus franciscanus","LTER","reference",0.277777777777778,"Den","After",8
"Naples SMCA",2020,"Strongylocentrotus purpuratus","LTER","reference",2.73611111111111,"Den","After",8
"Naples SMCA",2021,"Mesocentrotus franciscanus","LTER","reference",0.277777777777778,"Den","After",9
"Naples SMCA",2021,"Strongylocentrotus purpuratus","LTER","reference",2.63888888888889,"Den","After",9
"Naples SMCA",2022,"Mesocentrotus franciscanus","LTER","reference",0.0694444444444444,"Den","After",10
"Naples SMCA",2022,"Strongylocentrotus purpuratus","LTER","reference",2.65277777777778,"Den","After",10
"Naples SMCA",2023,"Mesocentrotus franciscanus","LTER","reference",0.152777777777778,"Den","After",11
"Naples SMCA",2023,"Strongylocentrotus purpuratus","LTER","reference",2.23611111111111,"Den","After",11
"Anacapa Island SMR 2003",2005,"Macrocystis pyrifera","KFM","mpa",0,"Den","After",2
"Anacapa Island SMR 2003",2005,"Mesocentrotus franciscanus","KFM","mpa",4.625,"Den","After",2
"Anacapa Island SMR 2003",2005,"Panulirus interruptus","KFM","mpa",0.00972222222222222,"Den","After",2
"Anacapa Island SMR 2003",2005,"Strongylocentrotus purpuratus","KFM","mpa",0.666666666666667,"Den","After",2
"Anacapa Island SMR 2003",2006,"Macrocystis pyrifera","KFM","mpa",0,"Den","After",3
"Anacapa Island SMR 2003",2006,"Mesocentrotus franciscanus","KFM","mpa",5.83333333333333,"Den","After",3
"Anacapa Island SMR 2003",2006,"Panulirus interruptus","KFM","mpa",0.0166666666666667,"Den","After",3
"Anacapa Island SMR 2003",2006,"Strongylocentrotus purpuratus","KFM","mpa",2.25,"Den","After",3
"Anacapa Island SMR 2003",2007,"Macrocystis pyrifera","KFM","mpa",0.007435,"Den","After",4
"Anacapa Island SMR 2003",2007,"Mesocentrotus franciscanus","KFM","mpa",1.91666666666667,"Den","After",4
"Anacapa Island SMR 2003",2007,"Panulirus interruptus","KFM","mpa",0.0472222222222222,"Den","After",4
"Anacapa Island SMR 2003",2007,"Strongylocentrotus purpuratus","KFM","mpa",2.20833333333333,"Den","After",4
"Anacapa Island SMR 2003",2008,"Macrocystis pyrifera","KFM","mpa",0.267785,"Den","After",5
"Anacapa Island SMR 2003",2008,"Mesocentrotus franciscanus","KFM","mpa",2.375,"Den","After",5
"Anacapa Island SMR 2003",2008,"Panulirus interruptus","KFM","mpa",0.00972222222222222,"Den","After",5
"Anacapa Island SMR 2003",2008,"Strongylocentrotus purpuratus","KFM","mpa",5.91666666666667,"Den","After",5
"Anacapa Island SMR 2003",2009,"Macrocystis pyrifera","KFM","mpa",0.16967,"Den","After",6
"Anacapa Island SMR 2003",2009,"Mesocentrotus franciscanus","KFM","mpa",3.125,"Den","After",6
"Anacapa Island SMR 2003",2009,"Panulirus interruptus","KFM","mpa",0.0805555555555556,"Den","After",6
"Anacapa Island SMR 2003",2009,"Strongylocentrotus purpuratus","KFM","mpa",31.75,"Den","After",6
"Anacapa Island SMR 2003",2010,"Macrocystis pyrifera","KFM","mpa",0.802425,"Den","After",7
"Anacapa Island SMR 2003",2010,"Mesocentrotus franciscanus","KFM","mpa",2.625,"Den","After",7
"Anacapa Island SMR 2003",2010,"Panulirus interruptus","KFM","mpa",0.0416666666666667,"Den","After",7
"Anacapa Island SMR 2003",2010,"Strongylocentrotus purpuratus","KFM","mpa",34.7916666666667,"Den","After",7
"Anacapa Island SMR 2003",2011,"Macrocystis pyrifera","KFM","mpa",0,"Den","After",8
"Anacapa Island SMR 2003",2011,"Mesocentrotus franciscanus","KFM","mpa",2.08333333333333,"Den","After",8
"Anacapa Island SMR 2003",2011,"Panulirus interruptus","KFM","mpa",0.0138888888888889,"Den","After",8
"Anacapa Island SMR 2003",2011,"Strongylocentrotus purpuratus","KFM","mpa",23.2916666666667,"Den","After",8
"Anacapa Island SMR 2003",2012,"Macrocystis pyrifera","KFM","mpa",0.01,"Den","After",9
"Anacapa Island SMR 2003",2012,"Mesocentrotus franciscanus","KFM","mpa",0.291666666666667,"Den","After",9
"Anacapa Island SMR 2003",2012,"Panulirus interruptus","KFM","mpa",0.105555555555556,"Den","After",9
"Anacapa Island SMR 2003",2012,"Strongylocentrotus purpuratus","KFM","mpa",4.75,"Den","After",9
"Anacapa Island SMR 2003",2013,"Macrocystis pyrifera","KFM","mpa",0.13057,"Den","After",10
"Anacapa Island SMR 2003",2013,"Mesocentrotus franciscanus","KFM","mpa",0.166666666666667,"Den","After",10
"Anacapa Island SMR 2003",2013,"Panulirus interruptus","KFM","mpa",0.0875,"Den","After",10
"Anacapa Island SMR 2003",2013,"Strongylocentrotus purpuratus","KFM","mpa",0.583333333333333,"Den","After",10
"Anacapa Island SMR 2003",2014,"Macrocystis pyrifera","KFM","mpa",1.173055,"Den","After",11
"Anacapa Island SMR 2003",2014,"Mesocentrotus franciscanus","KFM","mpa",0.208333333333333,"Den","After",11
"Anacapa Island SMR 2003",2014,"Panulirus interruptus","KFM","mpa",0.0513888888888889,"Den","After",11
"Anacapa Island SMR 2003",2014,"Strongylocentrotus purpuratus","KFM","mpa",0.25,"Den","After",11
"Anacapa Island SMR 2003",2015,"Macrocystis pyrifera","KFM","mpa",1.538745,"Den","After",12
"Anacapa Island SMR 2003",2015,"Mesocentrotus franciscanus","KFM","mpa",0,"Den","After",12
"Anacapa Island SMR 2003",2015,"Panulirus interruptus","KFM","mpa",0.252777777777778,"Den","After",12
"Anacapa Island SMR 2003",2015,"Strongylocentrotus purpuratus","KFM","mpa",0.0416666666666667,"Den","After",12
"Anacapa Island SMR 2003",2016,"Macrocystis pyrifera","KFM","mpa",0.149665,"Den","After",13
"Anacapa Island SMR 2003",2016,"Mesocentrotus franciscanus","KFM","mpa",0.0833333333333333,"Den","After",13
"Anacapa Island SMR 2003",2016,"Panulirus interruptus","KFM","mpa",0.172222222222222,"Den","After",13
"Anacapa Island SMR 2003",2016,"Strongylocentrotus purpuratus","KFM","mpa",0,"Den","After",13
"Anacapa Island SMR 2003",2017,"Macrocystis pyrifera","KFM","mpa",1.47574,"Den","After",14
"Anacapa Island SMR 2003",2017,"Mesocentrotus franciscanus","KFM","mpa",0.125,"Den","After",14
"Anacapa Island SMR 2003",2017,"Panulirus interruptus","KFM","mpa",0.125,"Den","After",14
"Anacapa Island SMR 2003",2017,"Strongylocentrotus purpuratus","KFM","mpa",0.291666666666667,"Den","After",14
"Anacapa Island SMR 2003",2018,"Macrocystis pyrifera","KFM","mpa",3.976675,"Den","After",15
"Anacapa Island SMR 2003",2018,"Mesocentrotus franciscanus","KFM","mpa",0.0416666666666667,"Den","After",15
"Anacapa Island SMR 2003",2018,"Panulirus interruptus","KFM","mpa",0.265277777777778,"Den","After",15
"Anacapa Island SMR 2003",2018,"Strongylocentrotus purpuratus","KFM","mpa",0.0416666666666667,"Den","After",15
"Anacapa Island SMR 2003",2019,"Macrocystis pyrifera","KFM","mpa",1.649815,"Den","After",16
"Anacapa Island SMR 2003",2019,"Mesocentrotus franciscanus","KFM","mpa",0.0833333333333333,"Den","After",16
"Anacapa Island SMR 2003",2019,"Panulirus interruptus","KFM","mpa",0.0305555555555556,"Den","After",16
"Anacapa Island SMR 2003",2019,"Strongylocentrotus purpuratus","KFM","mpa",0.25,"Den","After",16
"Anacapa Island SMR 2003",2021,"Macrocystis pyrifera","KFM","mpa",0.324295,"Den","After",18
"Anacapa Island SMR 2003",2021,"Mesocentrotus franciscanus","KFM","mpa",0,"Den","After",18
"Anacapa Island SMR 2003",2021,"Panulirus interruptus","KFM","mpa",0.1125,"Den","After",18
"Anacapa Island SMR 2003",2021,"Strongylocentrotus purpuratus","KFM","mpa",0.0416666666666667,"Den","After",18
"Anacapa Island SMR 2003",2022,"Macrocystis pyrifera","KFM","mpa",0.92581,"Den","After",19
"Anacapa Island SMR 2003",2022,"Mesocentrotus franciscanus","KFM","mpa",0,"Den","After",19
"Anacapa Island SMR 2003",2022,"Panulirus interruptus","KFM","mpa",0.122222222222222,"Den","After",19
"Anacapa Island SMR 2003",2022,"Strongylocentrotus purpuratus","KFM","mpa",0.0416666666666667,"Den","After",19
"Gull Island SMR",1986,"Mesocentrotus franciscanus","KFM","mpa",11.075,"Den","Before",0
"Gull Island SMR",1986,"Panulirus interruptus","KFM","mpa",0,"Den","Before",0
"Gull Island SMR",1986,"Strongylocentrotus purpuratus","KFM","mpa",68.675,"Den","Before",0
"Gull Island SMR",1987,"Mesocentrotus franciscanus","KFM","mpa",5.525,"Den","Before",0
"Gull Island SMR",1987,"Panulirus interruptus","KFM","mpa",0,"Den","Before",0
"Gull Island SMR",1987,"Strongylocentrotus purpuratus","KFM","mpa",54,"Den","Before",0
"Gull Island SMR",1988,"Mesocentrotus franciscanus","KFM","mpa",2.55,"Den","Before",0
"Gull Island SMR",1988,"Panulirus interruptus","KFM","mpa",0,"Den","Before",0
"Gull Island SMR",1988,"Strongylocentrotus purpuratus","KFM","mpa",51.175,"Den","Before",0
"Gull Island SMR",1989,"Mesocentrotus franciscanus","KFM","mpa",1.7,"Den","Before",0
"Gull Island SMR",1989,"Panulirus interruptus","KFM","mpa",0,"Den","Before",0
"Gull Island SMR",1989,"Strongylocentrotus purpuratus","KFM","mpa",71.95,"Den","Before",0
"Gull Island SMR",1990,"Mesocentrotus franciscanus","KFM","mpa",2.45,"Den","Before",0
"Gull Island SMR",1990,"Panulirus interruptus","KFM","mpa",0,"Den","Before",0
"Gull Island SMR",1990,"Strongylocentrotus purpuratus","KFM","mpa",39.95,"Den","Before",0
"Gull Island SMR",1991,"Mesocentrotus franciscanus","KFM","mpa",0.5,"Den","Before",0
"Gull Island SMR",1991,"Panulirus interruptus","KFM","mpa",0,"Den","Before",0
"Gull Island SMR",1991,"Strongylocentrotus purpuratus","KFM","mpa",16.575,"Den","Before",0
"Gull Island SMR",1992,"Mesocentrotus franciscanus","KFM","mpa",1.6,"Den","Before",0
"Gull Island SMR",1992,"Panulirus interruptus","KFM","mpa",0,"Den","Before",0
"Gull Island SMR",1992,"Strongylocentrotus purpuratus","KFM","mpa",12,"Den","Before",0
"Gull Island SMR",1993,"Mesocentrotus franciscanus","KFM","mpa",2.55,"Den","Before",0
"Gull Island SMR",1993,"Panulirus interruptus","KFM","mpa",0,"Den","Before",0
"Gull Island SMR",1993,"Strongylocentrotus purpuratus","KFM","mpa",18.925,"Den","Before",0
"Gull Island SMR",1994,"Mesocentrotus franciscanus","KFM","mpa",2.625,"Den","Before",0
"Gull Island SMR",1994,"Panulirus interruptus","KFM","mpa",0,"Den","Before",0
"Gull Island SMR",1994,"Strongylocentrotus purpuratus","KFM","mpa",13.95,"Den","Before",0
"Gull Island SMR",1995,"Mesocentrotus franciscanus","KFM","mpa",6.25,"Den","Before",0
"Gull Island SMR",1995,"Panulirus interruptus","KFM","mpa",0,"Den","Before",0
"Gull Island SMR",1995,"Strongylocentrotus purpuratus","KFM","mpa",30.85,"Den","Before",0
"Gull Island SMR",1996,"Macrocystis pyrifera","KFM","mpa",0,"Den","Before",0
"Gull Island SMR",1996,"Mesocentrotus franciscanus","KFM","mpa",5.66666666666667,"Den","Before",0
"Gull Island SMR",1996,"Panulirus interruptus","KFM","mpa",0,"Den","Before",0
"Gull Island SMR",1996,"Strongylocentrotus purpuratus","KFM","mpa",27.9166666666667,"Den","Before",0
"Gull Island SMR",1997,"Macrocystis pyrifera","KFM","mpa",0,"Den","Before",0
"Gull Island SMR",1997,"Mesocentrotus franciscanus","KFM","mpa",6.41666666666667,"Den","Before",0
"Gull Island SMR",1997,"Panulirus interruptus","KFM","mpa",0,"Den","Before",0
"Gull Island SMR",1997,"Strongylocentrotus purpuratus","KFM","mpa",29.625,"Den","Before",0
"Gull Island SMR",1998,"Macrocystis pyrifera","KFM","mpa",0,"Den","Before",0
"Gull Island SMR",1998,"Mesocentrotus franciscanus","KFM","mpa",5.54166666666667,"Den","Before",0
"Gull Island SMR",1998,"Panulirus interruptus","KFM","mpa",0,"Den","Before",0
"Gull Island SMR",1998,"Strongylocentrotus purpuratus","KFM","mpa",30.75,"Den","Before",0
"Gull Island SMR",1999,"Mesocentrotus franciscanus","KFM","mpa",13.75,"Den","Before",0
"Gull Island SMR",1999,"Panulirus interruptus","KFM","mpa",0,"Den","Before",0
"Gull Island SMR",1999,"Strongylocentrotus purpuratus","KFM","mpa",51.4583333333333,"Den","Before",0
"Gull Island SMR",2000,"Mesocentrotus franciscanus","KFM","mpa",10.1666666666667,"Den","Before",0
"Gull Island SMR",2000,"Panulirus interruptus","KFM","mpa",0,"Den","Before",0
"Gull Island SMR",2000,"Strongylocentrotus purpuratus","KFM","mpa",82,"Den","Before",0
"Gull Island SMR",2001,"Macrocystis pyrifera","KFM","mpa",0.21243,"Den","Before",0
"Gull Island SMR",2001,"Mesocentrotus franciscanus","KFM","mpa",7.79166666666667,"Den","Before",0
"Gull Island SMR",2001,"Panulirus interruptus","KFM","mpa",0,"Den","Before",0
"Gull Island SMR",2001,"Strongylocentrotus purpuratus","KFM","mpa",31.4583333333333,"Den","Before",0
"Gull Island SMR",2002,"Macrocystis pyrifera","KFM","mpa",10.24224,"Den","Before",0
"Gull Island SMR",2002,"Mesocentrotus franciscanus","KFM","mpa",0.5,"Den","Before",0
"Gull Island SMR",2002,"Panulirus interruptus","KFM","mpa",0,"Den","Before",0
"Gull Island SMR",2002,"Strongylocentrotus purpuratus","KFM","mpa",1.33333333333333,"Den","Before",0
"Gull Island SMR",2003,"Macrocystis pyrifera","KFM","mpa",5.78745,"Den","Before",0
"Gull Island SMR",2003,"Mesocentrotus franciscanus","KFM","mpa",0.125,"Den","Before",0
"Gull Island SMR",2003,"Panulirus interruptus","KFM","mpa",0,"Den","Before",0
"Gull Island SMR",2003,"Strongylocentrotus purpuratus","KFM","mpa",0.0416666666666667,"Den","Before",0
"Gull Island SMR",2004,"Macrocystis pyrifera","KFM","mpa",7.06106,"Den","After",1
"Gull Island SMR",2004,"Mesocentrotus franciscanus","KFM","mpa",0.125,"Den","After",1
"Gull Island SMR",2004,"Panulirus interruptus","KFM","mpa",0,"Den","After",1
"Gull Island SMR",2004,"Strongylocentrotus purpuratus","KFM","mpa",0.0416666666666667,"Den","After",1
"Gull Island SMR",2005,"Macrocystis pyrifera","KFM","mpa",5.475495,"Den","After",2
"Gull Island SMR",2005,"Mesocentrotus franciscanus","KFM","mpa",0.375,"Den","After",2
"Gull Island SMR",2005,"Panulirus interruptus","KFM","mpa",0,"Den","After",2
"Gull Island SMR",2005,"Strongylocentrotus purpuratus","KFM","mpa",0.333333333333333,"Den","After",2
"Gull Island SMR",2006,"Macrocystis pyrifera","KFM","mpa",2.99032,"Den","After",3
"Gull Island SMR",2006,"Mesocentrotus franciscanus","KFM","mpa",0.583333333333333,"Den","After",3
"Gull Island SMR",2006,"Panulirus interruptus","KFM","mpa",0,"Den","After",3
"Gull Island SMR",2006,"Strongylocentrotus purpuratus","KFM","mpa",0.666666666666667,"Den","After",3
"Gull Island SMR",2007,"Macrocystis pyrifera","KFM","mpa",4.90893,"Den","After",4
"Gull Island SMR",2007,"Mesocentrotus franciscanus","KFM","mpa",1.33333333333333,"Den","After",4
"Gull Island SMR",2007,"Panulirus interruptus","KFM","mpa",0,"Den","After",4
"Gull Island SMR",2007,"Strongylocentrotus purpuratus","KFM","mpa",2.08333333333333,"Den","After",4
"Gull Island SMR",2008,"Macrocystis pyrifera","KFM","mpa",3.56472,"Den","After",5
"Gull Island SMR",2008,"Mesocentrotus franciscanus","KFM","mpa",1.70833333333333,"Den","After",5
"Gull Island SMR",2008,"Panulirus interruptus","KFM","mpa",0.00138888888888889,"Den","After",5
"Gull Island SMR",2008,"Strongylocentrotus purpuratus","KFM","mpa",3.33333333333333,"Den","After",5
"Gull Island SMR",2009,"Macrocystis pyrifera","KFM","mpa",3.61109,"Den","After",6
"Gull Island SMR",2009,"Mesocentrotus franciscanus","KFM","mpa",0.875,"Den","After",6
"Gull Island SMR",2009,"Panulirus interruptus","KFM","mpa",0.00555555555555555,"Den","After",6
"Gull Island SMR",2009,"Strongylocentrotus purpuratus","KFM","mpa",1.66666666666667,"Den","After",6
"Gull Island SMR",2010,"Macrocystis pyrifera","KFM","mpa",1.88066,"Den","After",7
"Gull Island SMR",2010,"Mesocentrotus franciscanus","KFM","mpa",1.25,"Den","After",7
"Gull Island SMR",2010,"Panulirus interruptus","KFM","mpa",0,"Den","After",7
"Gull Island SMR",2010,"Strongylocentrotus purpuratus","KFM","mpa",5.75,"Den","After",7
"Gull Island SMR",2011,"Macrocystis pyrifera","KFM","mpa",2.25151,"Den","After",8
"Gull Island SMR",2011,"Mesocentrotus franciscanus","KFM","mpa",6.25,"Den","After",8
"Gull Island SMR",2011,"Panulirus interruptus","KFM","mpa",0,"Den","After",8
"Gull Island SMR",2011,"Strongylocentrotus purpuratus","KFM","mpa",36.7916666666667,"Den","After",8
"Gull Island SMR",2012,"Macrocystis pyrifera","KFM","mpa",2.663555,"Den","After",9
"Gull Island SMR",2012,"Mesocentrotus franciscanus","KFM","mpa",7.04166666666667,"Den","After",9
"Gull Island SMR",2012,"Panulirus interruptus","KFM","mpa",0,"Den","After",9
"Gull Island SMR",2012,"Strongylocentrotus purpuratus","KFM","mpa",23.4166666666667,"Den","After",9
"Gull Island SMR",2013,"Macrocystis pyrifera","KFM","mpa",0.331635,"Den","After",10
"Gull Island SMR",2013,"Mesocentrotus franciscanus","KFM","mpa",5.875,"Den","After",10
"Gull Island SMR",2013,"Panulirus interruptus","KFM","mpa",0,"Den","After",10
"Gull Island SMR",2013,"Strongylocentrotus purpuratus","KFM","mpa",14.75,"Den","After",10
"Gull Island SMR",2014,"Macrocystis pyrifera","KFM","mpa",0.543435,"Den","After",11
"Gull Island SMR",2014,"Mesocentrotus franciscanus","KFM","mpa",4.91666666666667,"Den","After",11
"Gull Island SMR",2014,"Panulirus interruptus","KFM","mpa",0.00277777777777778,"Den","After",11
"Gull Island SMR",2014,"Strongylocentrotus purpuratus","KFM","mpa",12.6666666666667,"Den","After",11
"Gull Island SMR",2015,"Macrocystis pyrifera","KFM","mpa",5.463925,"Den","After",12
"Gull Island SMR",2015,"Mesocentrotus franciscanus","KFM","mpa",3.375,"Den","After",12
"Gull Island SMR",2015,"Panulirus interruptus","KFM","mpa",0.0180555555555556,"Den","After",12
"Gull Island SMR",2015,"Strongylocentrotus purpuratus","KFM","mpa",4.875,"Den","After",12
"Gull Island SMR",2016,"Macrocystis pyrifera","KFM","mpa",5.768325,"Den","After",13
"Gull Island SMR",2016,"Mesocentrotus franciscanus","KFM","mpa",3.58333333333333,"Den","After",13
"Gull Island SMR",2016,"Panulirus interruptus","KFM","mpa",0.00694444444444444,"Den","After",13
"Gull Island SMR",2016,"Strongylocentrotus purpuratus","KFM","mpa",5.375,"Den","After",13
"Gull Island SMR",2017,"Macrocystis pyrifera","KFM","mpa",3.754115,"Den","After",14
"Gull Island SMR",2017,"Mesocentrotus franciscanus","KFM","mpa",4.04166666666667,"Den","After",14
"Gull Island SMR",2017,"Panulirus interruptus","KFM","mpa",0.00694444444444444,"Den","After",14
"Gull Island SMR",2017,"Strongylocentrotus purpuratus","KFM","mpa",3.70833333333333,"Den","After",14
"Gull Island SMR",2018,"Macrocystis pyrifera","KFM","mpa",3.37548,"Den","After",15
"Gull Island SMR",2018,"Mesocentrotus franciscanus","KFM","mpa",2.54166666666667,"Den","After",15
"Gull Island SMR",2018,"Panulirus interruptus","KFM","mpa",0.0111111111111111,"Den","After",15
"Gull Island SMR",2018,"Strongylocentrotus purpuratus","KFM","mpa",5.16666666666667,"Den","After",15
"Gull Island SMR",2019,"Macrocystis pyrifera","KFM","mpa",4.57463,"Den","After",16
"Gull Island SMR",2019,"Mesocentrotus franciscanus","KFM","mpa",3.16666666666667,"Den","After",16
"Gull Island SMR",2019,"Panulirus interruptus","KFM","mpa",0.00555555555555555,"Den","After",16
"Gull Island SMR",2019,"Strongylocentrotus purpuratus","KFM","mpa",4.91666666666667,"Den","After",16
"Gull Island SMR",2021,"Macrocystis pyrifera","KFM","mpa",5.132265,"Den","After",18
"Gull Island SMR",2021,"Mesocentrotus franciscanus","KFM","mpa",2.5,"Den","After",18
"Gull Island SMR",2021,"Panulirus interruptus","KFM","mpa",0.0305555555555556,"Den","After",18
"Gull Island SMR",2021,"Strongylocentrotus purpuratus","KFM","mpa",4.58333333333333,"Den","After",18
"Gull Island SMR",2022,"Macrocystis pyrifera","KFM","mpa",2.81395,"Den","After",19
"Gull Island SMR",2022,"Mesocentrotus franciscanus","KFM","mpa",2.79166666666667,"Den","After",19
"Gull Island SMR",2022,"Panulirus interruptus","KFM","mpa",0.0527777777777778,"Den","After",19
"Gull Island SMR",2022,"Strongylocentrotus purpuratus","KFM","mpa",1.83333333333333,"Den","After",19
"Harris Point SMR",1982,"Mesocentrotus franciscanus","KFM","mpa",8.1,"Den","Before",0
"Harris Point SMR",1982,"Strongylocentrotus purpuratus","KFM","mpa",10.9333333333333,"Den","Before",0
"Harris Point SMR",1983,"Mesocentrotus franciscanus","KFM","mpa",6.45,"Den","Before",0
"Harris Point SMR",1983,"Panulirus interruptus","KFM","mpa",0,"Den","Before",0
"Harris Point SMR",1983,"Strongylocentrotus purpuratus","KFM","mpa",5.4,"Den","Before",0
"Harris Point SMR",1984,"Mesocentrotus franciscanus","KFM","mpa",6.375,"Den","Before",0
"Harris Point SMR",1984,"Panulirus interruptus","KFM","mpa",0,"Den","Before",0
"Harris Point SMR",1984,"Strongylocentrotus purpuratus","KFM","mpa",9.3,"Den","Before",0
"Harris Point SMR",1985,"Mesocentrotus franciscanus","KFM","mpa",9.525,"Den","Before",0
"Harris Point SMR",1985,"Panulirus interruptus","KFM","mpa",0,"Den","Before",0
"Harris Point SMR",1985,"Strongylocentrotus purpuratus","KFM","mpa",13.475,"Den","Before",0
"Harris Point SMR",1986,"Mesocentrotus franciscanus","KFM","mpa",14.675,"Den","Before",0
"Harris Point SMR",1986,"Panulirus interruptus","KFM","mpa",0,"Den","Before",0
"Harris Point SMR",1986,"Strongylocentrotus purpuratus","KFM","mpa",44,"Den","Before",0
"Harris Point SMR",1987,"Mesocentrotus franciscanus","KFM","mpa",10.6,"Den","Before",0
"Harris Point SMR",1987,"Panulirus interruptus","KFM","mpa",0,"Den","Before",0
"Harris Point SMR",1987,"Strongylocentrotus purpuratus","KFM","mpa",15.575,"Den","Before",0
"Harris Point SMR",1988,"Mesocentrotus franciscanus","KFM","mpa",10.6,"Den","Before",0
"Harris Point SMR",1988,"Panulirus interruptus","KFM","mpa",0,"Den","Before",0
"Harris Point SMR",1988,"Strongylocentrotus purpuratus","KFM","mpa",8.2,"Den","Before",0
"Harris Point SMR",1989,"Mesocentrotus franciscanus","KFM","mpa",11.85,"Den","Before",0
"Harris Point SMR",1989,"Panulirus interruptus","KFM","mpa",0,"Den","Before",0
"Harris Point SMR",1989,"Strongylocentrotus purpuratus","KFM","mpa",4.9,"Den","Before",0
"Harris Point SMR",1990,"Mesocentrotus franciscanus","KFM","mpa",9.225,"Den","Before",0
"Harris Point SMR",1990,"Panulirus interruptus","KFM","mpa",0,"Den","Before",0
"Harris Point SMR",1990,"Strongylocentrotus purpuratus","KFM","mpa",2.45,"Den","Before",0
"Harris Point SMR",1991,"Mesocentrotus franciscanus","KFM","mpa",11.2,"Den","Before",0
"Harris Point SMR",1991,"Panulirus interruptus","KFM","mpa",0,"Den","Before",0
"Harris Point SMR",1991,"Strongylocentrotus purpuratus","KFM","mpa",2.3,"Den","Before",0
"Harris Point SMR",1992,"Mesocentrotus franciscanus","KFM","mpa",9.5,"Den","Before",0
"Harris Point SMR",1992,"Panulirus interruptus","KFM","mpa",0,"Den","Before",0
"Harris Point SMR",1992,"Strongylocentrotus purpuratus","KFM","mpa",0.3,"Den","Before",0
"Harris Point SMR",1993,"Mesocentrotus franciscanus","KFM","mpa",6.575,"Den","Before",0
"Harris Point SMR",1993,"Panulirus interruptus","KFM","mpa",0,"Den","Before",0
"Harris Point SMR",1993,"Strongylocentrotus purpuratus","KFM","mpa",1.2,"Den","Before",0
"Harris Point SMR",1994,"Mesocentrotus franciscanus","KFM","mpa",9.25,"Den","Before",0
"Harris Point SMR",1994,"Panulirus interruptus","KFM","mpa",0,"Den","Before",0
"Harris Point SMR",1994,"Strongylocentrotus purpuratus","KFM","mpa",0.85,"Den","Before",0
"Harris Point SMR",1995,"Mesocentrotus franciscanus","KFM","mpa",13.05,"Den","Before",0
"Harris Point SMR",1995,"Panulirus interruptus","KFM","mpa",0,"Den","Before",0
"Harris Point SMR",1995,"Strongylocentrotus purpuratus","KFM","mpa",1.075,"Den","Before",0
"Harris Point SMR",1996,"Macrocystis pyrifera","KFM","mpa",0,"Den","Before",0
"Harris Point SMR",1996,"Mesocentrotus franciscanus","KFM","mpa",10.0833333333333,"Den","Before",0
"Harris Point SMR",1996,"Panulirus interruptus","KFM","mpa",0,"Den","Before",0
"Harris Point SMR",1996,"Strongylocentrotus purpuratus","KFM","mpa",0.208333333333333,"Den","Before",0
"Harris Point SMR",1997,"Macrocystis pyrifera","KFM","mpa",0,"Den","Before",0
"Harris Point SMR",1997,"Mesocentrotus franciscanus","KFM","mpa",13.0833333333333,"Den","Before",0
"Harris Point SMR",1997,"Panulirus interruptus","KFM","mpa",0,"Den","Before",0
"Harris Point SMR",1997,"Strongylocentrotus purpuratus","KFM","mpa",0.0416666666666667,"Den","Before",0
"Harris Point SMR",1998,"Macrocystis pyrifera","KFM","mpa",0,"Den","Before",0
"Harris Point SMR",1998,"Mesocentrotus franciscanus","KFM","mpa",11.7083333333333,"Den","Before",0
"Harris Point SMR",1998,"Panulirus interruptus","KFM","mpa",0,"Den","Before",0
"Harris Point SMR",1998,"Strongylocentrotus purpuratus","KFM","mpa",3.33333333333333,"Den","Before",0
"Harris Point SMR",1999,"Macrocystis pyrifera","KFM","mpa",0,"Den","Before",0
"Harris Point SMR",1999,"Mesocentrotus franciscanus","KFM","mpa",21.7916666666667,"Den","Before",0
"Harris Point SMR",1999,"Panulirus interruptus","KFM","mpa",0,"Den","Before",0
"Harris Point SMR",1999,"Strongylocentrotus purpuratus","KFM","mpa",5.5,"Den","Before",0
"Harris Point SMR",2000,"Macrocystis pyrifera","KFM","mpa",0,"Den","Before",0
"Harris Point SMR",2000,"Mesocentrotus franciscanus","KFM","mpa",14.75,"Den","Before",0
"Harris Point SMR",2000,"Panulirus interruptus","KFM","mpa",0,"Den","Before",0
"Harris Point SMR",2000,"Strongylocentrotus purpuratus","KFM","mpa",30.2916666666667,"Den","Before",0
"Harris Point SMR",2001,"Macrocystis pyrifera","KFM","mpa",0,"Den","Before",0
"Harris Point SMR",2001,"Mesocentrotus franciscanus","KFM","mpa",13.2083333333333,"Den","Before",0
"Harris Point SMR",2001,"Panulirus interruptus","KFM","mpa",0,"Den","Before",0
"Harris Point SMR",2001,"Strongylocentrotus purpuratus","KFM","mpa",10.0833333333333,"Den","Before",0
"Harris Point SMR",2002,"Mesocentrotus franciscanus","KFM","mpa",13.0416666666667,"Den","Before",0
"Harris Point SMR",2002,"Panulirus interruptus","KFM","mpa",0,"Den","Before",0
"Harris Point SMR",2002,"Strongylocentrotus purpuratus","KFM","mpa",4.54166666666667,"Den","Before",0
"Harris Point SMR",2003,"Macrocystis pyrifera","KFM","mpa",2.0969,"Den","Before",0
"Harris Point SMR",2003,"Mesocentrotus franciscanus","KFM","mpa",3.125,"Den","Before",0
"Harris Point SMR",2003,"Panulirus interruptus","KFM","mpa",0,"Den","Before",0
"Harris Point SMR",2003,"Strongylocentrotus purpuratus","KFM","mpa",1.125,"Den","Before",0
"Harris Point SMR",2004,"Macrocystis pyrifera","KFM","mpa",10.899825,"Den","After",1
"Harris Point SMR",2004,"Mesocentrotus franciscanus","KFM","mpa",6.75,"Den","After",1
"Harris Point SMR",2004,"Panulirus interruptus","KFM","mpa",0,"Den","After",1
"Harris Point SMR",2004,"Strongylocentrotus purpuratus","KFM","mpa",5.375,"Den","After",1
"Harris Point SMR",2005,"Macrocystis pyrifera","KFM","mpa",9.26041,"Den","After",2
"Harris Point SMR",2005,"Mesocentrotus franciscanus","KFM","mpa",7.45833333333333,"Den","After",2
"Harris Point SMR",2005,"Panulirus interruptus","KFM","mpa",0,"Den","After",2
"Harris Point SMR",2005,"Strongylocentrotus purpuratus","KFM","mpa",0.5,"Den","After",2
"Harris Point SMR",2006,"Macrocystis pyrifera","KFM","mpa",3.602955,"Den","After",3
"Harris Point SMR",2006,"Mesocentrotus franciscanus","KFM","mpa",17.1666666666667,"Den","After",3
"Harris Point SMR",2006,"Panulirus interruptus","KFM","mpa",0,"Den","After",3
"Harris Point SMR",2006,"Strongylocentrotus purpuratus","KFM","mpa",0.458333333333333,"Den","After",3
"Harris Point SMR",2007,"Macrocystis pyrifera","KFM","mpa",6.00875,"Den","After",4
"Harris Point SMR",2007,"Mesocentrotus franciscanus","KFM","mpa",10.25,"Den","After",4
"Harris Point SMR",2007,"Panulirus interruptus","KFM","mpa",0,"Den","After",4
"Harris Point SMR",2007,"Strongylocentrotus purpuratus","KFM","mpa",1.33333333333333,"Den","After",4
"Harris Point SMR",2008,"Macrocystis pyrifera","KFM","mpa",0,"Den","After",5
"Harris Point SMR",2008,"Mesocentrotus franciscanus","KFM","mpa",14.25,"Den","After",5
"Harris Point SMR",2008,"Panulirus interruptus","KFM","mpa",0,"Den","After",5
"Harris Point SMR",2008,"Strongylocentrotus purpuratus","KFM","mpa",0.541666666666667,"Den","After",5
"Harris Point SMR",2009,"Macrocystis pyrifera","KFM","mpa",0,"Den","After",6
"Harris Point SMR",2009,"Mesocentrotus franciscanus","KFM","mpa",11.3333333333333,"Den","After",6
"Harris Point SMR",2009,"Panulirus interruptus","KFM","mpa",0,"Den","After",6
"Harris Point SMR",2009,"Strongylocentrotus purpuratus","KFM","mpa",0,"Den","After",6
"Harris Point SMR",2010,"Macrocystis pyrifera","KFM","mpa",0,"Den","After",7
"Harris Point SMR",2010,"Mesocentrotus franciscanus","KFM","mpa",8.29166666666667,"Den","After",7
"Harris Point SMR",2010,"Panulirus interruptus","KFM","mpa",0,"Den","After",7
"Harris Point SMR",2010,"Strongylocentrotus purpuratus","KFM","mpa",0,"Den","After",7
"Harris Point SMR",2011,"Macrocystis pyrifera","KFM","mpa",0,"Den","After",8
"Harris Point SMR",2011,"Mesocentrotus franciscanus","KFM","mpa",15.4583333333333,"Den","After",8
"Harris Point SMR",2011,"Panulirus interruptus","KFM","mpa",0,"Den","After",8
"Harris Point SMR",2011,"Strongylocentrotus purpuratus","KFM","mpa",0.208333333333333,"Den","After",8
"Harris Point SMR",2012,"Macrocystis pyrifera","KFM","mpa",0.247555,"Den","After",9
"Harris Point SMR",2012,"Mesocentrotus franciscanus","KFM","mpa",13.25,"Den","After",9
"Harris Point SMR",2012,"Panulirus interruptus","KFM","mpa",0,"Den","After",9
"Harris Point SMR",2012,"Strongylocentrotus purpuratus","KFM","mpa",0.625,"Den","After",9
"Harris Point SMR",2013,"Macrocystis pyrifera","KFM","mpa",0.084865,"Den","After",10
"Harris Point SMR",2013,"Mesocentrotus franciscanus","KFM","mpa",15.8333333333333,"Den","After",10
"Harris Point SMR",2013,"Panulirus interruptus","KFM","mpa",0,"Den","After",10
"Harris Point SMR",2013,"Strongylocentrotus purpuratus","KFM","mpa",1.25,"Den","After",10
"Harris Point SMR",2014,"Macrocystis pyrifera","KFM","mpa",0,"Den","After",11
"Harris Point SMR",2014,"Mesocentrotus franciscanus","KFM","mpa",18.625,"Den","After",11
"Harris Point SMR",2014,"Panulirus interruptus","KFM","mpa",0,"Den","After",11
"Harris Point SMR",2014,"Strongylocentrotus purpuratus","KFM","mpa",20.875,"Den","After",11
"Harris Point SMR",2015,"Macrocystis pyrifera","KFM","mpa",0,"Den","After",12
"Harris Point SMR",2015,"Mesocentrotus franciscanus","KFM","mpa",18.75,"Den","After",12
"Harris Point SMR",2015,"Panulirus interruptus","KFM","mpa",0,"Den","After",12
"Harris Point SMR",2015,"Strongylocentrotus purpuratus","KFM","mpa",34.4583333333333,"Den","After",12
"Harris Point SMR",2016,"Macrocystis pyrifera","KFM","mpa",0,"Den","After",13
"Harris Point SMR",2016,"Mesocentrotus franciscanus","KFM","mpa",12.75,"Den","After",13
"Harris Point SMR",2016,"Panulirus interruptus","KFM","mpa",0,"Den","After",13
"Harris Point SMR",2016,"Strongylocentrotus purpuratus","KFM","mpa",60.125,"Den","After",13
"Harris Point SMR",2017,"Macrocystis pyrifera","KFM","mpa",0,"Den","After",14
"Harris Point SMR",2017,"Mesocentrotus franciscanus","KFM","mpa",12.2083333333333,"Den","After",14
"Harris Point SMR",2017,"Panulirus interruptus","KFM","mpa",0,"Den","After",14
"Harris Point SMR",2017,"Strongylocentrotus purpuratus","KFM","mpa",93.625,"Den","After",14
"Harris Point SMR",2018,"Macrocystis pyrifera","KFM","mpa",0,"Den","After",15
"Harris Point SMR",2018,"Mesocentrotus franciscanus","KFM","mpa",11.1666666666667,"Den","After",15
"Harris Point SMR",2018,"Panulirus interruptus","KFM","mpa",0,"Den","After",15
"Harris Point SMR",2018,"Strongylocentrotus purpuratus","KFM","mpa",139.666666666667,"Den","After",15
"Harris Point SMR",2019,"Macrocystis pyrifera","KFM","mpa",0,"Den","After",16
"Harris Point SMR",2019,"Mesocentrotus franciscanus","KFM","mpa",11.1666666666667,"Den","After",16
"Harris Point SMR",2019,"Panulirus interruptus","KFM","mpa",0,"Den","After",16
"Harris Point SMR",2019,"Strongylocentrotus purpuratus","KFM","mpa",93.625,"Den","After",16
"Harris Point SMR",2021,"Macrocystis pyrifera","KFM","mpa",0,"Den","After",18
"Harris Point SMR",2021,"Mesocentrotus franciscanus","KFM","mpa",9.625,"Den","After",18
"Harris Point SMR",2021,"Panulirus interruptus","KFM","mpa",0.00138888888888889,"Den","After",18
"Harris Point SMR",2021,"Strongylocentrotus purpuratus","KFM","mpa",117.666666666667,"Den","After",18
"Harris Point SMR",2022,"Macrocystis pyrifera","KFM","mpa",0,"Den","After",19
"Harris Point SMR",2022,"Mesocentrotus franciscanus","KFM","mpa",13.125,"Den","After",19
"Harris Point SMR",2022,"Panulirus interruptus","KFM","mpa",0,"Den","After",19
"Harris Point SMR",2022,"Strongylocentrotus purpuratus","KFM","mpa",89.875,"Den","After",19
"Scorpion SMR",1982,"Mesocentrotus franciscanus","KFM","mpa",2.43333333333333,"Den","Before",0
"Scorpion SMR",1982,"Strongylocentrotus purpuratus","KFM","mpa",3.46666666666667,"Den","Before",0
"Scorpion SMR",1983,"Mesocentrotus franciscanus","KFM","mpa",2.325,"Den","Before",0
"Scorpion SMR",1983,"Panulirus interruptus","KFM","mpa",0,"Den","Before",0
"Scorpion SMR",1983,"Strongylocentrotus purpuratus","KFM","mpa",8.675,"Den","Before",0
"Scorpion SMR",1984,"Mesocentrotus franciscanus","KFM","mpa",2.225,"Den","Before",0
"Scorpion SMR",1984,"Panulirus interruptus","KFM","mpa",0.005,"Den","Before",0
"Scorpion SMR",1984,"Strongylocentrotus purpuratus","KFM","mpa",7.2,"Den","Before",0
"Scorpion SMR",1985,"Mesocentrotus franciscanus","KFM","mpa",2.675,"Den","Before",0
"Scorpion SMR",1985,"Panulirus interruptus","KFM","mpa",0,"Den","Before",0
"Scorpion SMR",1985,"Strongylocentrotus purpuratus","KFM","mpa",8.2,"Den","Before",0
"Scorpion SMR",1986,"Mesocentrotus franciscanus","KFM","mpa",5.45,"Den","Before",0
"Scorpion SMR",1986,"Panulirus interruptus","KFM","mpa",0,"Den","Before",0
"Scorpion SMR",1986,"Strongylocentrotus purpuratus","KFM","mpa",64.7,"Den","Before",0
"Scorpion SMR",1987,"Mesocentrotus franciscanus","KFM","mpa",3.25,"Den","Before",0
"Scorpion SMR",1987,"Panulirus interruptus","KFM","mpa",0.00416666666666667,"Den","Before",0
"Scorpion SMR",1987,"Strongylocentrotus purpuratus","KFM","mpa",57.95,"Den","Before",0
"Scorpion SMR",1988,"Mesocentrotus franciscanus","KFM","mpa",0.7,"Den","Before",0
"Scorpion SMR",1988,"Panulirus interruptus","KFM","mpa",0.00555555555555555,"Den","Before",0
"Scorpion SMR",1988,"Strongylocentrotus purpuratus","KFM","mpa",46.55,"Den","Before",0
"Scorpion SMR",1989,"Mesocentrotus franciscanus","KFM","mpa",2.125,"Den","Before",0
"Scorpion SMR",1989,"Panulirus interruptus","KFM","mpa",0.00277777777777778,"Den","Before",0
"Scorpion SMR",1989,"Strongylocentrotus purpuratus","KFM","mpa",56,"Den","Before",0
"Scorpion SMR",1990,"Mesocentrotus franciscanus","KFM","mpa",1.35,"Den","Before",0
"Scorpion SMR",1990,"Panulirus interruptus","KFM","mpa",0.00138888888888889,"Den","Before",0
"Scorpion SMR",1990,"Strongylocentrotus purpuratus","KFM","mpa",52.3,"Den","Before",0
"Scorpion SMR",1991,"Mesocentrotus franciscanus","KFM","mpa",0.4,"Den","Before",0
"Scorpion SMR",1991,"Panulirus interruptus","KFM","mpa",0,"Den","Before",0
"Scorpion SMR",1991,"Strongylocentrotus purpuratus","KFM","mpa",56.375,"Den","Before",0
"Scorpion SMR",1992,"Mesocentrotus franciscanus","KFM","mpa",0.9,"Den","Before",0
"Scorpion SMR",1992,"Panulirus interruptus","KFM","mpa",0,"Den","Before",0
"Scorpion SMR",1992,"Strongylocentrotus purpuratus","KFM","mpa",42.95,"Den","Before",0
"Scorpion SMR",1993,"Mesocentrotus franciscanus","KFM","mpa",0.35,"Den","Before",0
"Scorpion SMR",1993,"Panulirus interruptus","KFM","mpa",0,"Den","Before",0
"Scorpion SMR",1993,"Strongylocentrotus purpuratus","KFM","mpa",41.55,"Den","Before",0
"Scorpion SMR",1994,"Mesocentrotus franciscanus","KFM","mpa",0.6,"Den","Before",0
"Scorpion SMR",1994,"Panulirus interruptus","KFM","mpa",0.00833333333333333,"Den","Before",0
"Scorpion SMR",1994,"Strongylocentrotus purpuratus","KFM","mpa",37.775,"Den","Before",0
"Scorpion SMR",1995,"Mesocentrotus franciscanus","KFM","mpa",1.575,"Den","Before",0
"Scorpion SMR",1995,"Panulirus interruptus","KFM","mpa",0.0111111111111111,"Den","Before",0
"Scorpion SMR",1995,"Strongylocentrotus purpuratus","KFM","mpa",47.825,"Den","Before",0
"Scorpion SMR",1996,"Mesocentrotus franciscanus","KFM","mpa",1.25,"Den","Before",0
"Scorpion SMR",1996,"Panulirus interruptus","KFM","mpa",0,"Den","Before",0
"Scorpion SMR",1996,"Strongylocentrotus purpuratus","KFM","mpa",54.125,"Den","Before",0
"Scorpion SMR",1997,"Macrocystis pyrifera","KFM","mpa",0,"Den","Before",0
"Scorpion SMR",1997,"Mesocentrotus franciscanus","KFM","mpa",1.29166666666667,"Den","Before",0
"Scorpion SMR",1997,"Panulirus interruptus","KFM","mpa",0.00555555555555555,"Den","Before",0
"Scorpion SMR",1997,"Strongylocentrotus purpuratus","KFM","mpa",47.6666666666667,"Den","Before",0
"Scorpion SMR",1998,"Macrocystis pyrifera","KFM","mpa",0,"Den","Before",0
"Scorpion SMR",1998,"Mesocentrotus franciscanus","KFM","mpa",1.25,"Den","Before",0
"Scorpion SMR",1998,"Panulirus interruptus","KFM","mpa",0.00138888888888889,"Den","Before",0
"Scorpion SMR",1998,"Strongylocentrotus purpuratus","KFM","mpa",30,"Den","Before",0
"Scorpion SMR",1999,"Macrocystis pyrifera","KFM","mpa",0,"Den","Before",0
"Scorpion SMR",1999,"Mesocentrotus franciscanus","KFM","mpa",1.25,"Den","Before",0
"Scorpion SMR",1999,"Panulirus interruptus","KFM","mpa",0.00138888888888889,"Den","Before",0
"Scorpion SMR",1999,"Strongylocentrotus purpuratus","KFM","mpa",27.4166666666667,"Den","Before",0
"Scorpion SMR",2000,"Macrocystis pyrifera","KFM","mpa",0,"Den","Before",0
"Scorpion SMR",2000,"Mesocentrotus franciscanus","KFM","mpa",2.83333333333333,"Den","Before",0
"Scorpion SMR",2000,"Panulirus interruptus","KFM","mpa",0.00277777777777778,"Den","Before",0
"Scorpion SMR",2000,"Strongylocentrotus purpuratus","KFM","mpa",103.458333333333,"Den","Before",0
"Scorpion SMR",2001,"Macrocystis pyrifera","KFM","mpa",0,"Den","Before",0
"Scorpion SMR",2001,"Mesocentrotus franciscanus","KFM","mpa",4.08333333333333,"Den","Before",0
"Scorpion SMR",2001,"Panulirus interruptus","KFM","mpa",0.00833333333333333,"Den","Before",0
"Scorpion SMR",2001,"Strongylocentrotus purpuratus","KFM","mpa",102.833333333333,"Den","Before",0
"Scorpion SMR",2002,"Macrocystis pyrifera","KFM","mpa",0,"Den","Before",0
"Scorpion SMR",2002,"Mesocentrotus franciscanus","KFM","mpa",2.79166666666667,"Den","Before",0
"Scorpion SMR",2002,"Panulirus interruptus","KFM","mpa",0,"Den","Before",0
"Scorpion SMR",2002,"Strongylocentrotus purpuratus","KFM","mpa",85.875,"Den","Before",0
"Scorpion SMR",2003,"Macrocystis pyrifera","KFM","mpa",0,"Den","Before",0
"Scorpion SMR",2003,"Mesocentrotus franciscanus","KFM","mpa",3.125,"Den","Before",0
"Scorpion SMR",2003,"Panulirus interruptus","KFM","mpa",0.00138888888888889,"Den","Before",0
"Scorpion SMR",2003,"Strongylocentrotus purpuratus","KFM","mpa",73.125,"Den","Before",0
"Scorpion SMR",2004,"Macrocystis pyrifera","KFM","mpa",0,"Den","After",1
"Scorpion SMR",2004,"Mesocentrotus franciscanus","KFM","mpa",2.33333333333333,"Den","After",1
"Scorpion SMR",2004,"Panulirus interruptus","KFM","mpa",0.00138888888888889,"Den","After",1
"Scorpion SMR",2004,"Strongylocentrotus purpuratus","KFM","mpa",42.125,"Den","After",1
"Scorpion SMR",2005,"Macrocystis pyrifera","KFM","mpa",0.123395,"Den","After",2
"Scorpion SMR",2005,"Mesocentrotus franciscanus","KFM","mpa",3.04166666666667,"Den","After",2
"Scorpion SMR",2005,"Panulirus interruptus","KFM","mpa",0.00416666666666667,"Den","After",2
"Scorpion SMR",2005,"Strongylocentrotus purpuratus","KFM","mpa",38.625,"Den","After",2
"Scorpion SMR",2006,"Macrocystis pyrifera","KFM","mpa",0,"Den","After",3
"Scorpion SMR",2006,"Mesocentrotus franciscanus","KFM","mpa",2.875,"Den","After",3
"Scorpion SMR",2006,"Panulirus interruptus","KFM","mpa",0.0236111111111111,"Den","After",3
"Scorpion SMR",2006,"Strongylocentrotus purpuratus","KFM","mpa",40.6666666666667,"Den","After",3
"Scorpion SMR",2007,"Macrocystis pyrifera","KFM","mpa",1.05699,"Den","After",4
"Scorpion SMR",2007,"Mesocentrotus franciscanus","KFM","mpa",4,"Den","After",4
"Scorpion SMR",2007,"Panulirus interruptus","KFM","mpa",0.00694444444444444,"Den","After",4
"Scorpion SMR",2007,"Strongylocentrotus purpuratus","KFM","mpa",38.4583333333333,"Den","After",4
"Scorpion SMR",2008,"Macrocystis pyrifera","KFM","mpa",1.52088,"Den","After",5
"Scorpion SMR",2008,"Mesocentrotus franciscanus","KFM","mpa",4.58333333333333,"Den","After",5
"Scorpion SMR",2008,"Panulirus interruptus","KFM","mpa",0.0222222222222222,"Den","After",5
"Scorpion SMR",2008,"Strongylocentrotus purpuratus","KFM","mpa",27.9583333333333,"Den","After",5
"Scorpion SMR",2009,"Macrocystis pyrifera","KFM","mpa",2.10724,"Den","After",6
"Scorpion SMR",2009,"Mesocentrotus franciscanus","KFM","mpa",3.70833333333333,"Den","After",6
"Scorpion SMR",2009,"Panulirus interruptus","KFM","mpa",0.0152777777777778,"Den","After",6
"Scorpion SMR",2009,"Strongylocentrotus purpuratus","KFM","mpa",43.4166666666667,"Den","After",6
"Scorpion SMR",2010,"Mesocentrotus franciscanus","KFM","mpa",3.875,"Den","After",7
"Scorpion SMR",2010,"Panulirus interruptus","KFM","mpa",0.0111111111111111,"Den","After",7
"Scorpion SMR",2010,"Strongylocentrotus purpuratus","KFM","mpa",35.4583333333333,"Den","After",7
"Scorpion SMR",2011,"Macrocystis pyrifera","KFM","mpa",0,"Den","After",8
"Scorpion SMR",2011,"Mesocentrotus franciscanus","KFM","mpa",6.79166666666667,"Den","After",8
"Scorpion SMR",2011,"Panulirus interruptus","KFM","mpa",0.0180555555555556,"Den","After",8
"Scorpion SMR",2011,"Strongylocentrotus purpuratus","KFM","mpa",62,"Den","After",8
"Scorpion SMR",2012,"Macrocystis pyrifera","KFM","mpa",0,"Den","After",9
"Scorpion SMR",2012,"Mesocentrotus franciscanus","KFM","mpa",5.70833333333333,"Den","After",9
"Scorpion SMR",2012,"Panulirus interruptus","KFM","mpa",0.0277777777777778,"Den","After",9
"Scorpion SMR",2012,"Strongylocentrotus purpuratus","KFM","mpa",82.2083333333333,"Den","After",9
"Scorpion SMR",2013,"Macrocystis pyrifera","KFM","mpa",0,"Den","After",10
"Scorpion SMR",2013,"Mesocentrotus franciscanus","KFM","mpa",5.25,"Den","After",10
"Scorpion SMR",2013,"Panulirus interruptus","KFM","mpa",0.00833333333333333,"Den","After",10
"Scorpion SMR",2013,"Strongylocentrotus purpuratus","KFM","mpa",71.125,"Den","After",10
"Scorpion SMR",2014,"Macrocystis pyrifera","KFM","mpa",2.47229,"Den","After",11
"Scorpion SMR",2014,"Mesocentrotus franciscanus","KFM","mpa",2.91666666666667,"Den","After",11
"Scorpion SMR",2014,"Panulirus interruptus","KFM","mpa",0.0180555555555556,"Den","After",11
"Scorpion SMR",2014,"Strongylocentrotus purpuratus","KFM","mpa",27.0833333333333,"Den","After",11
"Scorpion SMR",2015,"Macrocystis pyrifera","KFM","mpa",6.21238,"Den","After",12
"Scorpion SMR",2015,"Mesocentrotus franciscanus","KFM","mpa",0.708333333333333,"Den","After",12
"Scorpion SMR",2015,"Panulirus interruptus","KFM","mpa",0.0444444444444444,"Den","After",12
"Scorpion SMR",2015,"Strongylocentrotus purpuratus","KFM","mpa",11.4583333333333,"Den","After",12
"Scorpion SMR",2016,"Macrocystis pyrifera","KFM","mpa",9.62284,"Den","After",13
"Scorpion SMR",2016,"Mesocentrotus franciscanus","KFM","mpa",0.25,"Den","After",13
"Scorpion SMR",2016,"Panulirus interruptus","KFM","mpa",0.05,"Den","After",13
"Scorpion SMR",2016,"Strongylocentrotus purpuratus","KFM","mpa",1.375,"Den","After",13
"Scorpion SMR",2017,"Macrocystis pyrifera","KFM","mpa",16.460235,"Den","After",14
"Scorpion SMR",2017,"Mesocentrotus franciscanus","KFM","mpa",0.958333333333333,"Den","After",14
"Scorpion SMR",2017,"Panulirus interruptus","KFM","mpa",0.0791666666666667,"Den","After",14
"Scorpion SMR",2017,"Strongylocentrotus purpuratus","KFM","mpa",3.08333333333333,"Den","After",14
"Scorpion SMR",2018,"Macrocystis pyrifera","KFM","mpa",85.400715,"Den","After",15
"Scorpion SMR",2018,"Mesocentrotus franciscanus","KFM","mpa",0.75,"Den","After",15
"Scorpion SMR",2018,"Panulirus interruptus","KFM","mpa",0.0833333333333333,"Den","After",15
"Scorpion SMR",2018,"Strongylocentrotus purpuratus","KFM","mpa",3.20833333333333,"Den","After",15
"Scorpion SMR",2019,"Macrocystis pyrifera","KFM","mpa",9.94739,"Den","After",16
"Scorpion SMR",2019,"Mesocentrotus franciscanus","KFM","mpa",0.708333333333333,"Den","After",16
"Scorpion SMR",2019,"Panulirus interruptus","KFM","mpa",0.0513888888888889,"Den","After",16
"Scorpion SMR",2019,"Strongylocentrotus purpuratus","KFM","mpa",2.08333333333333,"Den","After",16
"Scorpion SMR",2021,"Macrocystis pyrifera","KFM","mpa",14.365515,"Den","After",18
"Scorpion SMR",2021,"Mesocentrotus franciscanus","KFM","mpa",0.875,"Den","After",18
"Scorpion SMR",2021,"Panulirus interruptus","KFM","mpa",0.0513888888888889,"Den","After",18
"Scorpion SMR",2021,"Strongylocentrotus purpuratus","KFM","mpa",2.29166666666667,"Den","After",18
"Scorpion SMR",2022,"Macrocystis pyrifera","KFM","mpa",8.37435,"Den","After",19
"Scorpion SMR",2022,"Mesocentrotus franciscanus","KFM","mpa",0.666666666666667,"Den","After",19
"Scorpion SMR",2022,"Panulirus interruptus","KFM","mpa",0.104166666666667,"Den","After",19
"Scorpion SMR",2022,"Strongylocentrotus purpuratus","KFM","mpa",5.625,"Den","After",19
"South Point SMR",2005,"Macrocystis pyrifera","KFM","mpa",2.84615333333333,"Den","After",2
"South Point SMR",2005,"Mesocentrotus franciscanus","KFM","mpa",2.125,"Den","After",2
"South Point SMR",2005,"Panulirus interruptus","KFM","mpa",0,"Den","After",2
"South Point SMR",2005,"Strongylocentrotus purpuratus","KFM","mpa",0.402777777777778,"Den","After",2
"South Point SMR",2006,"Macrocystis pyrifera","KFM","mpa",4.02372333333333,"Den","After",3
"South Point SMR",2006,"Mesocentrotus franciscanus","KFM","mpa",1.95833333333333,"Den","After",3
"South Point SMR",2006,"Panulirus interruptus","KFM","mpa",0,"Den","After",3
"South Point SMR",2006,"Strongylocentrotus purpuratus","KFM","mpa",0.666666666666667,"Den","After",3
"South Point SMR",2007,"Macrocystis pyrifera","KFM","mpa",5.58275666666667,"Den","After",4
"South Point SMR",2007,"Mesocentrotus franciscanus","KFM","mpa",2.36111111111111,"Den","After",4
"South Point SMR",2007,"Panulirus interruptus","KFM","mpa",0,"Den","After",4
"South Point SMR",2007,"Strongylocentrotus purpuratus","KFM","mpa",1.91666666666667,"Den","After",4
"South Point SMR",2008,"Macrocystis pyrifera","KFM","mpa",8.07369666666667,"Den","After",5
"South Point SMR",2008,"Mesocentrotus franciscanus","KFM","mpa",2.58333333333333,"Den","After",5
"South Point SMR",2008,"Panulirus interruptus","KFM","mpa",0.000925925925925926,"Den","After",5
"South Point SMR",2008,"Strongylocentrotus purpuratus","KFM","mpa",2.97222222222222,"Den","After",5
"South Point SMR",2009,"Macrocystis pyrifera","KFM","mpa",7.204685,"Den","After",6
"South Point SMR",2009,"Mesocentrotus franciscanus","KFM","mpa",3.72222222222222,"Den","After",6
"South Point SMR",2009,"Panulirus interruptus","KFM","mpa",0,"Den","After",6
"South Point SMR",2009,"Strongylocentrotus purpuratus","KFM","mpa",5.38888888888889,"Den","After",6
"South Point SMR",2010,"Macrocystis pyrifera","KFM","mpa",4.184425,"Den","After",7
"South Point SMR",2010,"Mesocentrotus franciscanus","KFM","mpa",5.05555555555556,"Den","After",7
"South Point SMR",2010,"Panulirus interruptus","KFM","mpa",0,"Den","After",7
"South Point SMR",2010,"Strongylocentrotus purpuratus","KFM","mpa",10.8055555555556,"Den","After",7
"South Point SMR",2011,"Macrocystis pyrifera","KFM","mpa",1.48525666666667,"Den","After",8
"South Point SMR",2011,"Mesocentrotus franciscanus","KFM","mpa",5.70833333333333,"Den","After",8
"South Point SMR",2011,"Panulirus interruptus","KFM","mpa",0.000462962962962963,"Den","After",8
"South Point SMR",2011,"Strongylocentrotus purpuratus","KFM","mpa",7.33333333333333,"Den","After",8
"South Point SMR",2012,"Macrocystis pyrifera","KFM","mpa",2.76049666666667,"Den","After",9
"South Point SMR",2012,"Mesocentrotus franciscanus","KFM","mpa",4.22222222222222,"Den","After",9
"South Point SMR",2012,"Panulirus interruptus","KFM","mpa",0,"Den","After",9
"South Point SMR",2012,"Strongylocentrotus purpuratus","KFM","mpa",5.04166666666667,"Den","After",9
"South Point SMR",2013,"Macrocystis pyrifera","KFM","mpa",3.02907666666667,"Den","After",10
"South Point SMR",2013,"Mesocentrotus franciscanus","KFM","mpa",5.69444444444444,"Den","After",10
"South Point SMR",2013,"Panulirus interruptus","KFM","mpa",0,"Den","After",10
"South Point SMR",2013,"Strongylocentrotus purpuratus","KFM","mpa",2.15277777777778,"Den","After",10
"South Point SMR",2014,"Macrocystis pyrifera","KFM","mpa",5.11730833333333,"Den","After",11
"South Point SMR",2014,"Mesocentrotus franciscanus","KFM","mpa",5.5,"Den","After",11
"South Point SMR",2014,"Panulirus interruptus","KFM","mpa",0.000925925925925926,"Den","After",11
"South Point SMR",2014,"Strongylocentrotus purpuratus","KFM","mpa",8.91666666666667,"Den","After",11
"South Point SMR",2015,"Macrocystis pyrifera","KFM","mpa",5.14160333333333,"Den","After",12
"South Point SMR",2015,"Mesocentrotus franciscanus","KFM","mpa",7.875,"Den","After",12
"South Point SMR",2015,"Panulirus interruptus","KFM","mpa",0.00231481481481481,"Den","After",12
"South Point SMR",2015,"Strongylocentrotus purpuratus","KFM","mpa",16.3055555555556,"Den","After",12
"South Point SMR",2016,"Macrocystis pyrifera","KFM","mpa",4.22241833333333,"Den","After",13
"South Point SMR",2016,"Mesocentrotus franciscanus","KFM","mpa",8.19444444444444,"Den","After",13
"South Point SMR",2016,"Panulirus interruptus","KFM","mpa",0.000925925925925926,"Den","After",13
"South Point SMR",2016,"Strongylocentrotus purpuratus","KFM","mpa",14.7916666666667,"Den","After",13
"South Point SMR",2017,"Macrocystis pyrifera","KFM","mpa",4.166665,"Den","After",14
"South Point SMR",2017,"Mesocentrotus franciscanus","KFM","mpa",5.625,"Den","After",14
"South Point SMR",2017,"Panulirus interruptus","KFM","mpa",0.00277777777777778,"Den","After",14
"South Point SMR",2017,"Strongylocentrotus purpuratus","KFM","mpa",17.3333333333333,"Den","After",14
"South Point SMR",2018,"Macrocystis pyrifera","KFM","mpa",4.40842166666667,"Den","After",15
"South Point SMR",2018,"Mesocentrotus franciscanus","KFM","mpa",8.22222222222222,"Den","After",15
"South Point SMR",2018,"Panulirus interruptus","KFM","mpa",0.00601851851851852,"Den","After",15
"South Point SMR",2018,"Strongylocentrotus purpuratus","KFM","mpa",41.4444444444444,"Den","After",15
"South Point SMR",2019,"Macrocystis pyrifera","KFM","mpa",2.99973333333333,"Den","After",16
"South Point SMR",2019,"Mesocentrotus franciscanus","KFM","mpa",8.30555555555556,"Den","After",16
"South Point SMR",2019,"Panulirus interruptus","KFM","mpa",0.000925925925925926,"Den","After",16
"South Point SMR",2019,"Strongylocentrotus purpuratus","KFM","mpa",23.7916666666667,"Den","After",16
"South Point SMR",2021,"Macrocystis pyrifera","KFM","mpa",2.69171166666667,"Den","After",18
"South Point SMR",2021,"Mesocentrotus franciscanus","KFM","mpa",7.97222222222222,"Den","After",18
"South Point SMR",2021,"Panulirus interruptus","KFM","mpa",0.00694444444444444,"Den","After",18
"South Point SMR",2021,"Strongylocentrotus purpuratus","KFM","mpa",26.9027777777778,"Den","After",18
"South Point SMR",2022,"Macrocystis pyrifera","KFM","mpa",2.48705,"Den","After",19
"South Point SMR",2022,"Mesocentrotus franciscanus","KFM","mpa",7.11111111111111,"Den","After",19
"South Point SMR",2022,"Panulirus interruptus","KFM","mpa",0.00138888888888889,"Den","After",19
"South Point SMR",2022,"Strongylocentrotus purpuratus","KFM","mpa",23.6527777777778,"Den","After",19
"Anacapa Island SMR 2003",2005,"Macrocystis pyrifera","KFM","reference",1.98852666666667,"Den","After",2
"Anacapa Island SMR 2003",2005,"Mesocentrotus franciscanus","KFM","reference",9.48611111111111,"Den","After",2
"Anacapa Island SMR 2003",2005,"Panulirus interruptus","KFM","reference",0.00185185185185185,"Den","After",2
"Anacapa Island SMR 2003",2005,"Strongylocentrotus purpuratus","KFM","reference",28.2777777777778,"Den","After",2
"Anacapa Island SMR 2003",2006,"Macrocystis pyrifera","KFM","reference",0,"Den","After",3
"Anacapa Island SMR 2003",2006,"Mesocentrotus franciscanus","KFM","reference",12.7916666666667,"Den","After",3
"Anacapa Island SMR 2003",2006,"Panulirus interruptus","KFM","reference",0.000462962962962963,"Den","After",3
"Anacapa Island SMR 2003",2006,"Strongylocentrotus purpuratus","KFM","reference",45.7083333333333,"Den","After",3
"Anacapa Island SMR 2003",2007,"Macrocystis pyrifera","KFM","reference",0.0131866666666667,"Den","After",4
"Anacapa Island SMR 2003",2007,"Mesocentrotus franciscanus","KFM","reference",10.3888888888889,"Den","After",4
"Anacapa Island SMR 2003",2007,"Panulirus interruptus","KFM","reference",0.00138888888888889,"Den","After",4
"Anacapa Island SMR 2003",2007,"Strongylocentrotus purpuratus","KFM","reference",30.2083333333333,"Den","After",4
"Anacapa Island SMR 2003",2008,"Macrocystis pyrifera","KFM","reference",0,"Den","After",5
"Anacapa Island SMR 2003",2008,"Mesocentrotus franciscanus","KFM","reference",10.375,"Den","After",5
"Anacapa Island SMR 2003",2008,"Panulirus interruptus","KFM","reference",0.000462962962962963,"Den","After",5
"Anacapa Island SMR 2003",2008,"Strongylocentrotus purpuratus","KFM","reference",33.5833333333333,"Den","After",5
"Anacapa Island SMR 2003",2009,"Macrocystis pyrifera","KFM","reference",0,"Den","After",6
"Anacapa Island SMR 2003",2009,"Mesocentrotus franciscanus","KFM","reference",10.2361111111111,"Den","After",6
"Anacapa Island SMR 2003",2009,"Panulirus interruptus","KFM","reference",0.0037037037037037,"Den","After",6
"Anacapa Island SMR 2003",2009,"Strongylocentrotus purpuratus","KFM","reference",49.3194444444444,"Den","After",6
"Anacapa Island SMR 2003",2010,"Macrocystis pyrifera","KFM","reference",0,"Den","After",7
"Anacapa Island SMR 2003",2010,"Mesocentrotus franciscanus","KFM","reference",9.84722222222222,"Den","After",7
"Anacapa Island SMR 2003",2010,"Panulirus interruptus","KFM","reference",0.00138888888888889,"Den","After",7
"Anacapa Island SMR 2003",2010,"Strongylocentrotus purpuratus","KFM","reference",58.875,"Den","After",7
"Anacapa Island SMR 2003",2011,"Macrocystis pyrifera","KFM","reference",0.00338166666666667,"Den","After",8
"Anacapa Island SMR 2003",2011,"Mesocentrotus franciscanus","KFM","reference",10.6944444444444,"Den","After",8
"Anacapa Island SMR 2003",2011,"Panulirus interruptus","KFM","reference",0,"Den","After",8
"Anacapa Island SMR 2003",2011,"Strongylocentrotus purpuratus","KFM","reference",66.875,"Den","After",8
"Anacapa Island SMR 2003",2012,"Macrocystis pyrifera","KFM","reference",0,"Den","After",9
"Anacapa Island SMR 2003",2012,"Mesocentrotus franciscanus","KFM","reference",8.70833333333333,"Den","After",9
"Anacapa Island SMR 2003",2012,"Panulirus interruptus","KFM","reference",0.000462962962962963,"Den","After",9
"Anacapa Island SMR 2003",2012,"Strongylocentrotus purpuratus","KFM","reference",49.0138888888889,"Den","After",9
"Anacapa Island SMR 2003",2013,"Macrocystis pyrifera","KFM","reference",0.0321233333333333,"Den","After",10
"Anacapa Island SMR 2003",2013,"Mesocentrotus franciscanus","KFM","reference",8.76388888888889,"Den","After",10
"Anacapa Island SMR 2003",2013,"Panulirus interruptus","KFM","reference",0,"Den","After",10
"Anacapa Island SMR 2003",2013,"Strongylocentrotus purpuratus","KFM","reference",53.4166666666667,"Den","After",10
"Anacapa Island SMR 2003",2014,"Macrocystis pyrifera","KFM","reference",0.0151533333333333,"Den","After",11
"Anacapa Island SMR 2003",2014,"Mesocentrotus franciscanus","KFM","reference",5.5,"Den","After",11
"Anacapa Island SMR 2003",2014,"Panulirus interruptus","KFM","reference",0.00185185185185185,"Den","After",11
"Anacapa Island SMR 2003",2014,"Strongylocentrotus purpuratus","KFM","reference",43.7083333333333,"Den","After",11
"Anacapa Island SMR 2003",2015,"Macrocystis pyrifera","KFM","reference",3.01460333333333,"Den","After",12
"Anacapa Island SMR 2003",2015,"Mesocentrotus franciscanus","KFM","reference",2.65277777777778,"Den","After",12
"Anacapa Island SMR 2003",2015,"Panulirus interruptus","KFM","reference",0.000925925925925926,"Den","After",12
"Anacapa Island SMR 2003",2015,"Strongylocentrotus purpuratus","KFM","reference",26.2361111111111,"Den","After",12
"Anacapa Island SMR 2003",2016,"Macrocystis pyrifera","KFM","reference",2.49492,"Den","After",13
"Anacapa Island SMR 2003",2016,"Mesocentrotus franciscanus","KFM","reference",2.19444444444444,"Den","After",13
"Anacapa Island SMR 2003",2016,"Panulirus interruptus","KFM","reference",0.0037037037037037,"Den","After",13
"Anacapa Island SMR 2003",2016,"Strongylocentrotus purpuratus","KFM","reference",10.8472222222222,"Den","After",13
"Anacapa Island SMR 2003",2017,"Macrocystis pyrifera","KFM","reference",4.43605166666667,"Den","After",14
"Anacapa Island SMR 2003",2017,"Mesocentrotus franciscanus","KFM","reference",2.41666666666667,"Den","After",14
"Anacapa Island SMR 2003",2017,"Panulirus interruptus","KFM","reference",0.0125,"Den","After",14
"Anacapa Island SMR 2003",2017,"Strongylocentrotus purpuratus","KFM","reference",8.04166666666667,"Den","After",14
"Anacapa Island SMR 2003",2018,"Macrocystis pyrifera","KFM","reference",0.962671666666667,"Den","After",15
"Anacapa Island SMR 2003",2018,"Mesocentrotus franciscanus","KFM","reference",2.5,"Den","After",15
"Anacapa Island SMR 2003",2018,"Panulirus interruptus","KFM","reference",0.0115740740740741,"Den","After",15
"Anacapa Island SMR 2003",2018,"Strongylocentrotus purpuratus","KFM","reference",15.4444444444444,"Den","After",15
"Anacapa Island SMR 2003",2019,"Macrocystis pyrifera","KFM","reference",6.65760333333333,"Den","After",16
"Anacapa Island SMR 2003",2019,"Mesocentrotus franciscanus","KFM","reference",1.45833333333333,"Den","After",16
"Anacapa Island SMR 2003",2019,"Panulirus interruptus","KFM","reference",0.00601851851851852,"Den","After",16
"Anacapa Island SMR 2003",2019,"Strongylocentrotus purpuratus","KFM","reference",10.4166666666667,"Den","After",16
"Anacapa Island SMR 2003",2021,"Macrocystis pyrifera","KFM","reference",2.49292666666667,"Den","After",18
"Anacapa Island SMR 2003",2021,"Mesocentrotus franciscanus","KFM","reference",4.23611111111111,"Den","After",18
"Anacapa Island SMR 2003",2021,"Panulirus interruptus","KFM","reference",0.0162037037037037,"Den","After",18
"Anacapa Island SMR 2003",2021,"Strongylocentrotus purpuratus","KFM","reference",17.7361111111111,"Den","After",18
"Anacapa Island SMR 2003",2022,"Macrocystis pyrifera","KFM","reference",1.826075,"Den","After",19
"Anacapa Island SMR 2003",2022,"Mesocentrotus franciscanus","KFM","reference",4.54166666666667,"Den","After",19
"Anacapa Island SMR 2003",2022,"Panulirus interruptus","KFM","reference",0.0037037037037037,"Den","After",19
"Anacapa Island SMR 2003",2022,"Strongylocentrotus purpuratus","KFM","reference",18.1666666666667,"Den","After",19
"Gull Island SMR",1986,"Mesocentrotus franciscanus","KFM","reference",3.925,"Den","Before",0
"Gull Island SMR",1986,"Panulirus interruptus","KFM","reference",0,"Den","Before",0
"Gull Island SMR",1986,"Strongylocentrotus purpuratus","KFM","reference",21.725,"Den","Before",0
"Gull Island SMR",1987,"Mesocentrotus franciscanus","KFM","reference",1.5,"Den","Before",0
"Gull Island SMR",1987,"Panulirus interruptus","KFM","reference",0,"Den","Before",0
"Gull Island SMR",1987,"Strongylocentrotus purpuratus","KFM","reference",22.725,"Den","Before",0
"Gull Island SMR",1988,"Mesocentrotus franciscanus","KFM","reference",1.475,"Den","Before",0
"Gull Island SMR",1988,"Panulirus interruptus","KFM","reference",0,"Den","Before",0
"Gull Island SMR",1988,"Strongylocentrotus purpuratus","KFM","reference",9.375,"Den","Before",0
"Gull Island SMR",1989,"Mesocentrotus franciscanus","KFM","reference",0.7,"Den","Before",0
"Gull Island SMR",1989,"Panulirus interruptus","KFM","reference",0.00277777777777778,"Den","Before",0
"Gull Island SMR",1989,"Strongylocentrotus purpuratus","KFM","reference",20.5,"Den","Before",0
"Gull Island SMR",1990,"Mesocentrotus franciscanus","KFM","reference",0.325,"Den","Before",0
"Gull Island SMR",1990,"Panulirus interruptus","KFM","reference",0.00416666666666667,"Den","Before",0
"Gull Island SMR",1990,"Strongylocentrotus purpuratus","KFM","reference",10.2,"Den","Before",0
"Gull Island SMR",1991,"Mesocentrotus franciscanus","KFM","reference",2.225,"Den","Before",0
"Gull Island SMR",1991,"Panulirus interruptus","KFM","reference",0,"Den","Before",0
"Gull Island SMR",1991,"Strongylocentrotus purpuratus","KFM","reference",11.475,"Den","Before",0
"Gull Island SMR",1992,"Mesocentrotus franciscanus","KFM","reference",0.25,"Den","Before",0
"Gull Island SMR",1992,"Panulirus interruptus","KFM","reference",0,"Den","Before",0
"Gull Island SMR",1992,"Strongylocentrotus purpuratus","KFM","reference",4.4,"Den","Before",0
"Gull Island SMR",1993,"Mesocentrotus franciscanus","KFM","reference",0.55,"Den","Before",0
"Gull Island SMR",1993,"Panulirus interruptus","KFM","reference",0.00138888888888889,"Den","Before",0
"Gull Island SMR",1993,"Strongylocentrotus purpuratus","KFM","reference",1.425,"Den","Before",0
"Gull Island SMR",1994,"Mesocentrotus franciscanus","KFM","reference",0.4,"Den","Before",0
"Gull Island SMR",1994,"Panulirus interruptus","KFM","reference",0,"Den","Before",0
"Gull Island SMR",1994,"Strongylocentrotus purpuratus","KFM","reference",1.975,"Den","Before",0
"Gull Island SMR",1995,"Mesocentrotus franciscanus","KFM","reference",0.625,"Den","Before",0
"Gull Island SMR",1995,"Panulirus interruptus","KFM","reference",0,"Den","Before",0
"Gull Island SMR",1995,"Strongylocentrotus purpuratus","KFM","reference",10.875,"Den","Before",0
"Gull Island SMR",1996,"Macrocystis pyrifera","KFM","reference",0.89365,"Den","Before",0
"Gull Island SMR",1996,"Mesocentrotus franciscanus","KFM","reference",0.375,"Den","Before",0
"Gull Island SMR",1996,"Panulirus interruptus","KFM","reference",0.00138888888888889,"Den","Before",0
"Gull Island SMR",1996,"Strongylocentrotus purpuratus","KFM","reference",9.54166666666667,"Den","Before",0
"Gull Island SMR",1997,"Macrocystis pyrifera","KFM","reference",2.815765,"Den","Before",0
"Gull Island SMR",1997,"Mesocentrotus franciscanus","KFM","reference",1.79166666666667,"Den","Before",0
"Gull Island SMR",1997,"Panulirus interruptus","KFM","reference",0,"Den","Before",0
"Gull Island SMR",1997,"Strongylocentrotus purpuratus","KFM","reference",10.9583333333333,"Den","Before",0
"Gull Island SMR",1998,"Macrocystis pyrifera","KFM","reference",0,"Den","Before",0
"Gull Island SMR",1998,"Mesocentrotus franciscanus","KFM","reference",1.91666666666667,"Den","Before",0
"Gull Island SMR",1998,"Panulirus interruptus","KFM","reference",0.00694444444444444,"Den","Before",0
"Gull Island SMR",1998,"Strongylocentrotus purpuratus","KFM","reference",10.9166666666667,"Den","Before",0
"Gull Island SMR",1999,"Mesocentrotus franciscanus","KFM","reference",1.58333333333333,"Den","Before",0
"Gull Island SMR",1999,"Panulirus interruptus","KFM","reference",0,"Den","Before",0
"Gull Island SMR",1999,"Strongylocentrotus purpuratus","KFM","reference",13.8333333333333,"Den","Before",0
"Gull Island SMR",2000,"Mesocentrotus franciscanus","KFM","reference",4.45833333333333,"Den","Before",0
"Gull Island SMR",2000,"Panulirus interruptus","KFM","reference",0,"Den","Before",0
"Gull Island SMR",2000,"Strongylocentrotus purpuratus","KFM","reference",32.1666666666667,"Den","Before",0
"Gull Island SMR",2001,"Macrocystis pyrifera","KFM","reference",0,"Den","Before",0
"Gull Island SMR",2001,"Mesocentrotus franciscanus","KFM","reference",3,"Den","Before",0
"Gull Island SMR",2001,"Panulirus interruptus","KFM","reference",0,"Den","Before",0
"Gull Island SMR",2001,"Strongylocentrotus purpuratus","KFM","reference",20.375,"Den","Before",0
"Gull Island SMR",2002,"Macrocystis pyrifera","KFM","reference",0,"Den","Before",0
"Gull Island SMR",2002,"Mesocentrotus franciscanus","KFM","reference",0.708333333333333,"Den","Before",0
"Gull Island SMR",2002,"Panulirus interruptus","KFM","reference",0,"Den","Before",0
"Gull Island SMR",2002,"Strongylocentrotus purpuratus","KFM","reference",6.04166666666667,"Den","Before",0
"Gull Island SMR",2003,"Macrocystis pyrifera","KFM","reference",7.56108,"Den","Before",0
"Gull Island SMR",2003,"Mesocentrotus franciscanus","KFM","reference",0.541666666666667,"Den","Before",0
"Gull Island SMR",2003,"Panulirus interruptus","KFM","reference",0.00555555555555555,"Den","Before",0
"Gull Island SMR",2003,"Strongylocentrotus purpuratus","KFM","reference",1.20833333333333,"Den","Before",0
"Gull Island SMR",2004,"Macrocystis pyrifera","KFM","reference",8.654005,"Den","After",1
"Gull Island SMR",2004,"Mesocentrotus franciscanus","KFM","reference",0.166666666666667,"Den","After",1
"Gull Island SMR",2004,"Panulirus interruptus","KFM","reference",0,"Den","After",1
"Gull Island SMR",2004,"Strongylocentrotus purpuratus","KFM","reference",3.125,"Den","After",1
"Gull Island SMR",2005,"Macrocystis pyrifera","KFM","reference",6.287705,"Den","After",2
"Gull Island SMR",2005,"Mesocentrotus franciscanus","KFM","reference",0.0416666666666667,"Den","After",2
"Gull Island SMR",2005,"Panulirus interruptus","KFM","reference",0,"Den","After",2
"Gull Island SMR",2005,"Strongylocentrotus purpuratus","KFM","reference",2.58333333333333,"Den","After",2
"Gull Island SMR",2006,"Macrocystis pyrifera","KFM","reference",0.252695,"Den","After",3
"Gull Island SMR",2006,"Mesocentrotus franciscanus","KFM","reference",1.20833333333333,"Den","After",3
"Gull Island SMR",2006,"Panulirus interruptus","KFM","reference",0.00277777777777778,"Den","After",3
"Gull Island SMR",2006,"Strongylocentrotus purpuratus","KFM","reference",9.54166666666667,"Den","After",3
"Gull Island SMR",2007,"Macrocystis pyrifera","KFM","reference",6.80729,"Den","After",4
"Gull Island SMR",2007,"Mesocentrotus franciscanus","KFM","reference",0.208333333333333,"Den","After",4
"Gull Island SMR",2007,"Panulirus interruptus","KFM","reference",0,"Den","After",4
"Gull Island SMR",2007,"Strongylocentrotus purpuratus","KFM","reference",2.08333333333333,"Den","After",4
"Gull Island SMR",2008,"Macrocystis pyrifera","KFM","reference",1.523945,"Den","After",5
"Gull Island SMR",2008,"Mesocentrotus franciscanus","KFM","reference",1.375,"Den","After",5
"Gull Island SMR",2008,"Panulirus interruptus","KFM","reference",0.00138888888888889,"Den","After",5
"Gull Island SMR",2008,"Strongylocentrotus purpuratus","KFM","reference",10.6666666666667,"Den","After",5
"Gull Island SMR",2009,"Macrocystis pyrifera","KFM","reference",0.94108,"Den","After",6
"Gull Island SMR",2009,"Mesocentrotus franciscanus","KFM","reference",1.25,"Den","After",6
"Gull Island SMR",2009,"Panulirus interruptus","KFM","reference",0.00277777777777778,"Den","After",6
"Gull Island SMR",2009,"Strongylocentrotus purpuratus","KFM","reference",15.1666666666667,"Den","After",6
"Gull Island SMR",2010,"Macrocystis pyrifera","KFM","reference",5.899925,"Den","After",7
"Gull Island SMR",2010,"Mesocentrotus franciscanus","KFM","reference",1.04166666666667,"Den","After",7
"Gull Island SMR",2010,"Panulirus interruptus","KFM","reference",0,"Den","After",7
"Gull Island SMR",2010,"Strongylocentrotus purpuratus","KFM","reference",10.0833333333333,"Den","After",7
"Gull Island SMR",2011,"Macrocystis pyrifera","KFM","reference",0.055035,"Den","After",8
"Gull Island SMR",2011,"Mesocentrotus franciscanus","KFM","reference",8.45833333333333,"Den","After",8
"Gull Island SMR",2011,"Panulirus interruptus","KFM","reference",0,"Den","After",8
"Gull Island SMR",2011,"Strongylocentrotus purpuratus","KFM","reference",27.5833333333333,"Den","After",8
"Gull Island SMR",2012,"Macrocystis pyrifera","KFM","reference",1.455665,"Den","After",9
"Gull Island SMR",2012,"Mesocentrotus franciscanus","KFM","reference",2.66666666666667,"Den","After",9
"Gull Island SMR",2012,"Panulirus interruptus","KFM","reference",0.00277777777777778,"Den","After",9
"Gull Island SMR",2012,"Strongylocentrotus purpuratus","KFM","reference",1.45833333333333,"Den","After",9
"Gull Island SMR",2013,"Macrocystis pyrifera","KFM","reference",9.34806,"Den","After",10
"Gull Island SMR",2013,"Mesocentrotus franciscanus","KFM","reference",3.16666666666667,"Den","After",10
"Gull Island SMR",2013,"Panulirus interruptus","KFM","reference",0.00138888888888889,"Den","After",10
"Gull Island SMR",2013,"Strongylocentrotus purpuratus","KFM","reference",5.75,"Den","After",10
"Gull Island SMR",2014,"Macrocystis pyrifera","KFM","reference",2.26102,"Den","After",11
"Gull Island SMR",2014,"Mesocentrotus franciscanus","KFM","reference",9.91666666666667,"Den","After",11
"Gull Island SMR",2014,"Panulirus interruptus","KFM","reference",0.00138888888888889,"Den","After",11
"Gull Island SMR",2014,"Strongylocentrotus purpuratus","KFM","reference",31.5416666666667,"Den","After",11
"Gull Island SMR",2015,"Macrocystis pyrifera","KFM","reference",0,"Den","After",12
"Gull Island SMR",2015,"Mesocentrotus franciscanus","KFM","reference",2.83333333333333,"Den","After",12
"Gull Island SMR",2015,"Panulirus interruptus","KFM","reference",0.0138888888888889,"Den","After",12
"Gull Island SMR",2015,"Strongylocentrotus purpuratus","KFM","reference",42.1666666666667,"Den","After",12
"Gull Island SMR",2016,"Macrocystis pyrifera","KFM","reference",0,"Den","After",13
"Gull Island SMR",2016,"Mesocentrotus franciscanus","KFM","reference",0.375,"Den","After",13
"Gull Island SMR",2016,"Panulirus interruptus","KFM","reference",0.0180555555555556,"Den","After",13
"Gull Island SMR",2016,"Strongylocentrotus purpuratus","KFM","reference",18.2916666666667,"Den","After",13
"Gull Island SMR",2017,"Macrocystis pyrifera","KFM","reference",0,"Den","After",14
"Gull Island SMR",2017,"Mesocentrotus franciscanus","KFM","reference",0.291666666666667,"Den","After",14
"Gull Island SMR",2017,"Panulirus interruptus","KFM","reference",0.00138888888888889,"Den","After",14
"Gull Island SMR",2017,"Strongylocentrotus purpuratus","KFM","reference",12.5416666666667,"Den","After",14
"Gull Island SMR",2018,"Macrocystis pyrifera","KFM","reference",0,"Den","After",15
"Gull Island SMR",2018,"Mesocentrotus franciscanus","KFM","reference",1.125,"Den","After",15
"Gull Island SMR",2018,"Panulirus interruptus","KFM","reference",0.0138888888888889,"Den","After",15
"Gull Island SMR",2018,"Strongylocentrotus purpuratus","KFM","reference",12.2083333333333,"Den","After",15
"Gull Island SMR",2019,"Macrocystis pyrifera","KFM","reference",0,"Den","After",16
"Gull Island SMR",2019,"Mesocentrotus franciscanus","KFM","reference",0.375,"Den","After",16
"Gull Island SMR",2019,"Panulirus interruptus","KFM","reference",0.0194444444444444,"Den","After",16
"Gull Island SMR",2019,"Strongylocentrotus purpuratus","KFM","reference",6.41666666666667,"Den","After",16
"Gull Island SMR",2021,"Macrocystis pyrifera","KFM","reference",4.58099,"Den","After",18
"Gull Island SMR",2021,"Mesocentrotus franciscanus","KFM","reference",2.625,"Den","After",18
"Gull Island SMR",2021,"Panulirus interruptus","KFM","reference",0.00138888888888889,"Den","After",18
"Gull Island SMR",2021,"Strongylocentrotus purpuratus","KFM","reference",13.75,"Den","After",18
"Gull Island SMR",2022,"Macrocystis pyrifera","KFM","reference",0,"Den","After",19
"Gull Island SMR",2022,"Mesocentrotus franciscanus","KFM","reference",2.66666666666667,"Den","After",19
"Gull Island SMR",2022,"Panulirus interruptus","KFM","reference",0.0152777777777778,"Den","After",19
"Gull Island SMR",2022,"Strongylocentrotus purpuratus","KFM","reference",44.1666666666667,"Den","After",19
"Harris Point SMR",1982,"Mesocentrotus franciscanus","KFM","reference",0.566666666666667,"Den","Before",0
"Harris Point SMR",1982,"Strongylocentrotus purpuratus","KFM","reference",0.1,"Den","Before",0
"Harris Point SMR",1983,"Mesocentrotus franciscanus","KFM","reference",0.75,"Den","Before",0
"Harris Point SMR",1983,"Panulirus interruptus","KFM","reference",0,"Den","Before",0
"Harris Point SMR",1983,"Strongylocentrotus purpuratus","KFM","reference",0.05,"Den","Before",0
"Harris Point SMR",1984,"Mesocentrotus franciscanus","KFM","reference",0.3,"Den","Before",0
"Harris Point SMR",1984,"Panulirus interruptus","KFM","reference",0,"Den","Before",0
"Harris Point SMR",1984,"Strongylocentrotus purpuratus","KFM","reference",0,"Den","Before",0
"Harris Point SMR",1985,"Mesocentrotus franciscanus","KFM","reference",1.45,"Den","Before",0
"Harris Point SMR",1985,"Panulirus interruptus","KFM","reference",0,"Den","Before",0
"Harris Point SMR",1985,"Strongylocentrotus purpuratus","KFM","reference",0.6,"Den","Before",0
"Harris Point SMR",1986,"Mesocentrotus franciscanus","KFM","reference",3.05,"Den","Before",0
"Harris Point SMR",1986,"Panulirus interruptus","KFM","reference",0,"Den","Before",0
"Harris Point SMR",1986,"Strongylocentrotus purpuratus","KFM","reference",1.85,"Den","Before",0
"Harris Point SMR",1987,"Mesocentrotus franciscanus","KFM","reference",1.75,"Den","Before",0
"Harris Point SMR",1987,"Panulirus interruptus","KFM","reference",0,"Den","Before",0
"Harris Point SMR",1987,"Strongylocentrotus purpuratus","KFM","reference",0.35,"Den","Before",0
"Harris Point SMR",1988,"Mesocentrotus franciscanus","KFM","reference",1.825,"Den","Before",0
"Harris Point SMR",1988,"Panulirus interruptus","KFM","reference",0,"Den","Before",0
"Harris Point SMR",1988,"Strongylocentrotus purpuratus","KFM","reference",0.325,"Den","Before",0
"Harris Point SMR",1989,"Mesocentrotus franciscanus","KFM","reference",2.625,"Den","Before",0
"Harris Point SMR",1989,"Panulirus interruptus","KFM","reference",0,"Den","Before",0
"Harris Point SMR",1989,"Strongylocentrotus purpuratus","KFM","reference",0.45,"Den","Before",0
"Harris Point SMR",1990,"Mesocentrotus franciscanus","KFM","reference",2.5,"Den","Before",0
"Harris Point SMR",1990,"Panulirus interruptus","KFM","reference",0,"Den","Before",0
"Harris Point SMR",1990,"Strongylocentrotus purpuratus","KFM","reference",0.5,"Den","Before",0
"Harris Point SMR",1991,"Mesocentrotus franciscanus","KFM","reference",0.6,"Den","Before",0
"Harris Point SMR",1991,"Panulirus interruptus","KFM","reference",0,"Den","Before",0
"Harris Point SMR",1991,"Strongylocentrotus purpuratus","KFM","reference",0.1,"Den","Before",0
"Harris Point SMR",1992,"Mesocentrotus franciscanus","KFM","reference",0.575,"Den","Before",0
"Harris Point SMR",1992,"Panulirus interruptus","KFM","reference",0,"Den","Before",0
"Harris Point SMR",1992,"Strongylocentrotus purpuratus","KFM","reference",0,"Den","Before",0
"Harris Point SMR",1993,"Mesocentrotus franciscanus","KFM","reference",0.55,"Den","Before",0
"Harris Point SMR",1993,"Panulirus interruptus","KFM","reference",0,"Den","Before",0
"Harris Point SMR",1993,"Strongylocentrotus purpuratus","KFM","reference",0.025,"Den","Before",0
"Harris Point SMR",1994,"Mesocentrotus franciscanus","KFM","reference",0.45,"Den","Before",0
"Harris Point SMR",1994,"Panulirus interruptus","KFM","reference",0,"Den","Before",0
"Harris Point SMR",1994,"Strongylocentrotus purpuratus","KFM","reference",0.375,"Den","Before",0
"Harris Point SMR",1995,"Mesocentrotus franciscanus","KFM","reference",0.5,"Den","Before",0
"Harris Point SMR",1995,"Panulirus interruptus","KFM","reference",0,"Den","Before",0
"Harris Point SMR",1995,"Strongylocentrotus purpuratus","KFM","reference",0.325,"Den","Before",0
"Harris Point SMR",1996,"Macrocystis pyrifera","KFM","reference",5.487405,"Den","Before",0
"Harris Point SMR",1996,"Mesocentrotus franciscanus","KFM","reference",0,"Den","Before",0
"Harris Point SMR",1996,"Panulirus interruptus","KFM","reference",0,"Den","Before",0
"Harris Point SMR",1996,"Strongylocentrotus purpuratus","KFM","reference",0,"Den","Before",0
"Harris Point SMR",1997,"Macrocystis pyrifera","KFM","reference",7.148105,"Den","Before",0
"Harris Point SMR",1997,"Mesocentrotus franciscanus","KFM","reference",0.291666666666667,"Den","Before",0
"Harris Point SMR",1997,"Panulirus interruptus","KFM","reference",0,"Den","Before",0
"Harris Point SMR",1997,"Strongylocentrotus purpuratus","KFM","reference",0.25,"Den","Before",0
"Harris Point SMR",1998,"Macrocystis pyrifera","KFM","reference",3.28838,"Den","Before",0
"Harris Point SMR",1998,"Mesocentrotus franciscanus","KFM","reference",1.54166666666667,"Den","Before",0
"Harris Point SMR",1998,"Panulirus interruptus","KFM","reference",0,"Den","Before",0
"Harris Point SMR",1998,"Strongylocentrotus purpuratus","KFM","reference",0.5,"Den","Before",0
"Harris Point SMR",1999,"Macrocystis pyrifera","KFM","reference",6.530255,"Den","Before",0
"Harris Point SMR",1999,"Mesocentrotus franciscanus","KFM","reference",0.958333333333333,"Den","Before",0
"Harris Point SMR",1999,"Panulirus interruptus","KFM","reference",0,"Den","Before",0
"Harris Point SMR",1999,"Strongylocentrotus purpuratus","KFM","reference",2.875,"Den","Before",0
"Harris Point SMR",2000,"Macrocystis pyrifera","KFM","reference",0.334175,"Den","Before",0
"Harris Point SMR",2000,"Mesocentrotus franciscanus","KFM","reference",1.875,"Den","Before",0
"Harris Point SMR",2000,"Panulirus interruptus","KFM","reference",0,"Den","Before",0
"Harris Point SMR",2000,"Strongylocentrotus purpuratus","KFM","reference",6.66666666666667,"Den","Before",0
"Harris Point SMR",2001,"Macrocystis pyrifera","KFM","reference",1.760065,"Den","Before",0
"Harris Point SMR",2001,"Mesocentrotus franciscanus","KFM","reference",5.41666666666667,"Den","Before",0
"Harris Point SMR",2001,"Panulirus interruptus","KFM","reference",0,"Den","Before",0
"Harris Point SMR",2001,"Strongylocentrotus purpuratus","KFM","reference",5.04166666666667,"Den","Before",0
"Harris Point SMR",2002,"Mesocentrotus franciscanus","KFM","reference",6.125,"Den","Before",0
"Harris Point SMR",2002,"Panulirus interruptus","KFM","reference",0,"Den","Before",0
"Harris Point SMR",2002,"Strongylocentrotus purpuratus","KFM","reference",1.33333333333333,"Den","Before",0
"Harris Point SMR",2003,"Macrocystis pyrifera","KFM","reference",6.604595,"Den","Before",0
"Harris Point SMR",2003,"Mesocentrotus franciscanus","KFM","reference",7.04166666666667,"Den","Before",0
"Harris Point SMR",2003,"Panulirus interruptus","KFM","reference",0,"Den","Before",0
"Harris Point SMR",2003,"Strongylocentrotus purpuratus","KFM","reference",0.75,"Den","Before",0
"Harris Point SMR",2004,"Macrocystis pyrifera","KFM","reference",5.652065,"Den","After",1
"Harris Point SMR",2004,"Mesocentrotus franciscanus","KFM","reference",4.83333333333333,"Den","After",1
"Harris Point SMR",2004,"Panulirus interruptus","KFM","reference",0,"Den","After",1
"Harris Point SMR",2004,"Strongylocentrotus purpuratus","KFM","reference",2.70833333333333,"Den","After",1
"Harris Point SMR",2005,"Macrocystis pyrifera","KFM","reference",2.037715,"Den","After",2
"Harris Point SMR",2005,"Mesocentrotus franciscanus","KFM","reference",0.333333333333333,"Den","After",2
"Harris Point SMR",2005,"Panulirus interruptus","KFM","reference",0,"Den","After",2
"Harris Point SMR",2005,"Strongylocentrotus purpuratus","KFM","reference",0,"Den","After",2
"Harris Point SMR",2006,"Macrocystis pyrifera","KFM","reference",8.207865,"Den","After",3
"Harris Point SMR",2006,"Mesocentrotus franciscanus","KFM","reference",2.25,"Den","After",3
"Harris Point SMR",2006,"Panulirus interruptus","KFM","reference",0,"Den","After",3
"Harris Point SMR",2006,"Strongylocentrotus purpuratus","KFM","reference",0.0416666666666667,"Den","After",3
"Harris Point SMR",2007,"Macrocystis pyrifera","KFM","reference",8.528115,"Den","After",4
"Harris Point SMR",2007,"Mesocentrotus franciscanus","KFM","reference",0.208333333333333,"Den","After",4
"Harris Point SMR",2007,"Panulirus interruptus","KFM","reference",0,"Den","After",4
"Harris Point SMR",2007,"Strongylocentrotus purpuratus","KFM","reference",0.541666666666667,"Den","After",4
"Harris Point SMR",2008,"Macrocystis pyrifera","KFM","reference",4.923965,"Den","After",5
"Harris Point SMR",2008,"Mesocentrotus franciscanus","KFM","reference",0.208333333333333,"Den","After",5
"Harris Point SMR",2008,"Panulirus interruptus","KFM","reference",0,"Den","After",5
"Harris Point SMR",2008,"Strongylocentrotus purpuratus","KFM","reference",0.208333333333333,"Den","After",5
"Harris Point SMR",2009,"Macrocystis pyrifera","KFM","reference",5.77405,"Den","After",6
"Harris Point SMR",2009,"Mesocentrotus franciscanus","KFM","reference",0.416666666666667,"Den","After",6
"Harris Point SMR",2009,"Panulirus interruptus","KFM","reference",0,"Den","After",6
"Harris Point SMR",2009,"Strongylocentrotus purpuratus","KFM","reference",0.208333333333333,"Den","After",6
"Harris Point SMR",2010,"Macrocystis pyrifera","KFM","reference",7.02227,"Den","After",7
"Harris Point SMR",2010,"Mesocentrotus franciscanus","KFM","reference",0.25,"Den","After",7
"Harris Point SMR",2010,"Panulirus interruptus","KFM","reference",0,"Den","After",7
"Harris Point SMR",2010,"Strongylocentrotus purpuratus","KFM","reference",0.458333333333333,"Den","After",7
"Harris Point SMR",2011,"Macrocystis pyrifera","KFM","reference",3.79958,"Den","After",8
"Harris Point SMR",2011,"Mesocentrotus franciscanus","KFM","reference",1,"Den","After",8
"Harris Point SMR",2011,"Panulirus interruptus","KFM","reference",0,"Den","After",8
"Harris Point SMR",2011,"Strongylocentrotus purpuratus","KFM","reference",0.333333333333333,"Den","After",8
"Harris Point SMR",2012,"Macrocystis pyrifera","KFM","reference",2.084935,"Den","After",9
"Harris Point SMR",2012,"Mesocentrotus franciscanus","KFM","reference",1.375,"Den","After",9
"Harris Point SMR",2012,"Panulirus interruptus","KFM","reference",0,"Den","After",9
"Harris Point SMR",2012,"Strongylocentrotus purpuratus","KFM","reference",0.375,"Den","After",9
"Harris Point SMR",2013,"Macrocystis pyrifera","KFM","reference",5.8722,"Den","After",10
"Harris Point SMR",2013,"Mesocentrotus franciscanus","KFM","reference",2.04166666666667,"Den","After",10
"Harris Point SMR",2013,"Panulirus interruptus","KFM","reference",0,"Den","After",10
"Harris Point SMR",2013,"Strongylocentrotus purpuratus","KFM","reference",0.916666666666667,"Den","After",10
"Harris Point SMR",2014,"Macrocystis pyrifera","KFM","reference",3.177995,"Den","After",11
"Harris Point SMR",2014,"Mesocentrotus franciscanus","KFM","reference",1.04166666666667,"Den","After",11
"Harris Point SMR",2014,"Panulirus interruptus","KFM","reference",0,"Den","After",11
"Harris Point SMR",2014,"Strongylocentrotus purpuratus","KFM","reference",3.70833333333333,"Den","After",11
"Harris Point SMR",2015,"Macrocystis pyrifera","KFM","reference",4.427875,"Den","After",12
"Harris Point SMR",2015,"Mesocentrotus franciscanus","KFM","reference",0.333333333333333,"Den","After",12
"Harris Point SMR",2015,"Panulirus interruptus","KFM","reference",0,"Den","After",12
"Harris Point SMR",2015,"Strongylocentrotus purpuratus","KFM","reference",1,"Den","After",12
"Harris Point SMR",2016,"Macrocystis pyrifera","KFM","reference",4.271855,"Den","After",13
"Harris Point SMR",2016,"Mesocentrotus franciscanus","KFM","reference",4.5,"Den","After",13
"Harris Point SMR",2016,"Panulirus interruptus","KFM","reference",0,"Den","After",13
"Harris Point SMR",2016,"Strongylocentrotus purpuratus","KFM","reference",3.75,"Den","After",13
"Harris Point SMR",2017,"Macrocystis pyrifera","KFM","reference",10.86572,"Den","After",14
"Harris Point SMR",2017,"Mesocentrotus franciscanus","KFM","reference",0.583333333333333,"Den","After",14
"Harris Point SMR",2017,"Panulirus interruptus","KFM","reference",0,"Den","After",14
"Harris Point SMR",2017,"Strongylocentrotus purpuratus","KFM","reference",1.33333333333333,"Den","After",14
"Harris Point SMR",2018,"Macrocystis pyrifera","KFM","reference",1.203095,"Den","After",15
"Harris Point SMR",2018,"Mesocentrotus franciscanus","KFM","reference",11.8333333333333,"Den","After",15
"Harris Point SMR",2018,"Panulirus interruptus","KFM","reference",0,"Den","After",15
"Harris Point SMR",2018,"Strongylocentrotus purpuratus","KFM","reference",19.375,"Den","After",15
"Harris Point SMR",2019,"Macrocystis pyrifera","KFM","reference",0,"Den","After",16
"Harris Point SMR",2019,"Mesocentrotus franciscanus","KFM","reference",5.5,"Den","After",16
"Harris Point SMR",2019,"Panulirus interruptus","KFM","reference",0,"Den","After",16
"Harris Point SMR",2019,"Strongylocentrotus purpuratus","KFM","reference",20,"Den","After",16
"Harris Point SMR",2021,"Macrocystis pyrifera","KFM","reference",0,"Den","After",18
"Harris Point SMR",2021,"Mesocentrotus franciscanus","KFM","reference",6.375,"Den","After",18
"Harris Point SMR",2021,"Panulirus interruptus","KFM","reference",0,"Den","After",18
"Harris Point SMR",2021,"Strongylocentrotus purpuratus","KFM","reference",21.25,"Den","After",18
"Harris Point SMR",2022,"Macrocystis pyrifera","KFM","reference",0,"Den","After",19
"Harris Point SMR",2022,"Mesocentrotus franciscanus","KFM","reference",8.83333333333333,"Den","After",19
"Harris Point SMR",2022,"Panulirus interruptus","KFM","reference",0,"Den","After",19
"Harris Point SMR",2022,"Strongylocentrotus purpuratus","KFM","reference",28.7916666666667,"Den","After",19
"Scorpion SMR",1982,"Mesocentrotus franciscanus","KFM","reference",3.06666666666667,"Den","Before",0
"Scorpion SMR",1982,"Strongylocentrotus purpuratus","KFM","reference",3.93333333333333,"Den","Before",0
"Scorpion SMR",1983,"Mesocentrotus franciscanus","KFM","reference",3.025,"Den","Before",0
"Scorpion SMR",1983,"Panulirus interruptus","KFM","reference",0,"Den","Before",0
"Scorpion SMR",1983,"Strongylocentrotus purpuratus","KFM","reference",4.9,"Den","Before",0
"Scorpion SMR",1984,"Mesocentrotus franciscanus","KFM","reference",3.9,"Den","Before",0
"Scorpion SMR",1984,"Panulirus interruptus","KFM","reference",0,"Den","Before",0
"Scorpion SMR",1984,"Strongylocentrotus purpuratus","KFM","reference",6.425,"Den","Before",0
"Scorpion SMR",1985,"Mesocentrotus franciscanus","KFM","reference",3.325,"Den","Before",0
"Scorpion SMR",1985,"Panulirus interruptus","KFM","reference",0,"Den","Before",0
"Scorpion SMR",1985,"Strongylocentrotus purpuratus","KFM","reference",10.675,"Den","Before",0
"Scorpion SMR",1986,"Mesocentrotus franciscanus","KFM","reference",4.925,"Den","Before",0
"Scorpion SMR",1986,"Panulirus interruptus","KFM","reference",0,"Den","Before",0
"Scorpion SMR",1986,"Strongylocentrotus purpuratus","KFM","reference",15.7,"Den","Before",0
"Scorpion SMR",1987,"Mesocentrotus franciscanus","KFM","reference",2.35,"Den","Before",0
"Scorpion SMR",1987,"Panulirus interruptus","KFM","reference",0,"Den","Before",0
"Scorpion SMR",1987,"Strongylocentrotus purpuratus","KFM","reference",16.2,"Den","Before",0
"Scorpion SMR",1988,"Mesocentrotus franciscanus","KFM","reference",1.275,"Den","Before",0
"Scorpion SMR",1988,"Panulirus interruptus","KFM","reference",0,"Den","Before",0
"Scorpion SMR",1988,"Strongylocentrotus purpuratus","KFM","reference",8.55,"Den","Before",0
"Scorpion SMR",1989,"Mesocentrotus franciscanus","KFM","reference",2.45,"Den","Before",0
"Scorpion SMR",1989,"Panulirus interruptus","KFM","reference",0.00138888888888889,"Den","Before",0
"Scorpion SMR",1989,"Strongylocentrotus purpuratus","KFM","reference",8.3,"Den","Before",0
"Scorpion SMR",1990,"Mesocentrotus franciscanus","KFM","reference",2.725,"Den","Before",0
"Scorpion SMR",1990,"Panulirus interruptus","KFM","reference",0,"Den","Before",0
"Scorpion SMR",1990,"Strongylocentrotus purpuratus","KFM","reference",9.95,"Den","Before",0
"Scorpion SMR",1991,"Mesocentrotus franciscanus","KFM","reference",2.225,"Den","Before",0
"Scorpion SMR",1991,"Panulirus interruptus","KFM","reference",0,"Den","Before",0
"Scorpion SMR",1991,"Strongylocentrotus purpuratus","KFM","reference",8.7,"Den","Before",0
"Scorpion SMR",1992,"Mesocentrotus franciscanus","KFM","reference",1.575,"Den","Before",0
"Scorpion SMR",1992,"Panulirus interruptus","KFM","reference",0,"Den","Before",0
"Scorpion SMR",1992,"Strongylocentrotus purpuratus","KFM","reference",4,"Den","Before",0
"Scorpion SMR",1993,"Mesocentrotus franciscanus","KFM","reference",1.35,"Den","Before",0
"Scorpion SMR",1993,"Panulirus interruptus","KFM","reference",0,"Den","Before",0
"Scorpion SMR",1993,"Strongylocentrotus purpuratus","KFM","reference",2.725,"Den","Before",0
"Scorpion SMR",1994,"Mesocentrotus franciscanus","KFM","reference",4.6,"Den","Before",0
"Scorpion SMR",1994,"Panulirus interruptus","KFM","reference",0.00555555555555555,"Den","Before",0
"Scorpion SMR",1994,"Strongylocentrotus purpuratus","KFM","reference",26.075,"Den","Before",0
"Scorpion SMR",1995,"Mesocentrotus franciscanus","KFM","reference",3.825,"Den","Before",0
"Scorpion SMR",1995,"Panulirus interruptus","KFM","reference",0,"Den","Before",0
"Scorpion SMR",1995,"Strongylocentrotus purpuratus","KFM","reference",43.675,"Den","Before",0
"Scorpion SMR",1996,"Mesocentrotus franciscanus","KFM","reference",1.79166666666667,"Den","Before",0
"Scorpion SMR",1996,"Panulirus interruptus","KFM","reference",0,"Den","Before",0
"Scorpion SMR",1996,"Strongylocentrotus purpuratus","KFM","reference",43.2916666666667,"Den","Before",0
"Scorpion SMR",1997,"Macrocystis pyrifera","KFM","reference",0,"Den","Before",0
"Scorpion SMR",1997,"Mesocentrotus franciscanus","KFM","reference",1.875,"Den","Before",0
"Scorpion SMR",1997,"Panulirus interruptus","KFM","reference",0,"Den","Before",0
"Scorpion SMR",1997,"Strongylocentrotus purpuratus","KFM","reference",32.2916666666667,"Den","Before",0
"Scorpion SMR",1998,"Macrocystis pyrifera","KFM","reference",0,"Den","Before",0
"Scorpion SMR",1998,"Mesocentrotus franciscanus","KFM","reference",2.25,"Den","Before",0
"Scorpion SMR",1998,"Panulirus interruptus","KFM","reference",0.00138888888888889,"Den","Before",0
"Scorpion SMR",1998,"Strongylocentrotus purpuratus","KFM","reference",25.75,"Den","Before",0
"Scorpion SMR",1999,"Macrocystis pyrifera","KFM","reference",0,"Den","Before",0
"Scorpion SMR",1999,"Mesocentrotus franciscanus","KFM","reference",4.70833333333333,"Den","Before",0
"Scorpion SMR",1999,"Panulirus interruptus","KFM","reference",0.00138888888888889,"Den","Before",0
"Scorpion SMR",1999,"Strongylocentrotus purpuratus","KFM","reference",20,"Den","Before",0
"Scorpion SMR",2000,"Macrocystis pyrifera","KFM","reference",0,"Den","Before",0
"Scorpion SMR",2000,"Mesocentrotus franciscanus","KFM","reference",4.16666666666667,"Den","Before",0
"Scorpion SMR",2000,"Panulirus interruptus","KFM","reference",0,"Den","Before",0
"Scorpion SMR",2000,"Strongylocentrotus purpuratus","KFM","reference",29.25,"Den","Before",0
"Scorpion SMR",2001,"Macrocystis pyrifera","KFM","reference",0,"Den","Before",0
"Scorpion SMR",2001,"Mesocentrotus franciscanus","KFM","reference",4.45833333333333,"Den","Before",0
"Scorpion SMR",2001,"Panulirus interruptus","KFM","reference",0,"Den","Before",0
"Scorpion SMR",2001,"Strongylocentrotus purpuratus","KFM","reference",46.2083333333333,"Den","Before",0
"Scorpion SMR",2002,"Macrocystis pyrifera","KFM","reference",0,"Den","Before",0
"Scorpion SMR",2002,"Mesocentrotus franciscanus","KFM","reference",2.29166666666667,"Den","Before",0
"Scorpion SMR",2002,"Panulirus interruptus","KFM","reference",0.00138888888888889,"Den","Before",0
"Scorpion SMR",2002,"Strongylocentrotus purpuratus","KFM","reference",38.1666666666667,"Den","Before",0
"Scorpion SMR",2003,"Macrocystis pyrifera","KFM","reference",0,"Den","Before",0
"Scorpion SMR",2003,"Mesocentrotus franciscanus","KFM","reference",2.08333333333333,"Den","Before",0
"Scorpion SMR",2003,"Panulirus interruptus","KFM","reference",0,"Den","Before",0
"Scorpion SMR",2003,"Strongylocentrotus purpuratus","KFM","reference",27.9583333333333,"Den","Before",0
"Scorpion SMR",2004,"Macrocystis pyrifera","KFM","reference",0,"Den","After",1
"Scorpion SMR",2004,"Mesocentrotus franciscanus","KFM","reference",1.41666666666667,"Den","After",1
"Scorpion SMR",2004,"Panulirus interruptus","KFM","reference",0,"Den","After",1
"Scorpion SMR",2004,"Strongylocentrotus purpuratus","KFM","reference",22.125,"Den","After",1
"Scorpion SMR",2005,"Macrocystis pyrifera","KFM","reference",0,"Den","After",2
"Scorpion SMR",2005,"Mesocentrotus franciscanus","KFM","reference",1.95833333333333,"Den","After",2
"Scorpion SMR",2005,"Panulirus interruptus","KFM","reference",0,"Den","After",2
"Scorpion SMR",2005,"Strongylocentrotus purpuratus","KFM","reference",21.4166666666667,"Den","After",2
"Scorpion SMR",2006,"Macrocystis pyrifera","KFM","reference",0,"Den","After",3
"Scorpion SMR",2006,"Mesocentrotus franciscanus","KFM","reference",0.833333333333333,"Den","After",3
"Scorpion SMR",2006,"Panulirus interruptus","KFM","reference",0.00277777777777778,"Den","After",3
"Scorpion SMR",2006,"Strongylocentrotus purpuratus","KFM","reference",12.2083333333333,"Den","After",3
"Scorpion SMR",2007,"Macrocystis pyrifera","KFM","reference",0,"Den","After",4
"Scorpion SMR",2007,"Mesocentrotus franciscanus","KFM","reference",2,"Den","After",4
"Scorpion SMR",2007,"Panulirus interruptus","KFM","reference",0,"Den","After",4
"Scorpion SMR",2007,"Strongylocentrotus purpuratus","KFM","reference",9.20833333333333,"Den","After",4
"Scorpion SMR",2008,"Macrocystis pyrifera","KFM","reference",0.071635,"Den","After",5
"Scorpion SMR",2008,"Mesocentrotus franciscanus","KFM","reference",4,"Den","After",5
"Scorpion SMR",2008,"Panulirus interruptus","KFM","reference",0,"Den","After",5
"Scorpion SMR",2008,"Strongylocentrotus purpuratus","KFM","reference",13.5,"Den","After",5
"Scorpion SMR",2009,"Macrocystis pyrifera","KFM","reference",12.37093,"Den","After",6
"Scorpion SMR",2009,"Mesocentrotus franciscanus","KFM","reference",0.791666666666667,"Den","After",6
"Scorpion SMR",2009,"Panulirus interruptus","KFM","reference",0.00277777777777778,"Den","After",6
"Scorpion SMR",2009,"Strongylocentrotus purpuratus","KFM","reference",2.45833333333333,"Den","After",6
"Scorpion SMR",2010,"Mesocentrotus franciscanus","KFM","reference",2.375,"Den","After",7
"Scorpion SMR",2010,"Panulirus interruptus","KFM","reference",0,"Den","After",7
"Scorpion SMR",2010,"Strongylocentrotus purpuratus","KFM","reference",18.5833333333333,"Den","After",7
"Scorpion SMR",2011,"Macrocystis pyrifera","KFM","reference",0,"Den","After",8
"Scorpion SMR",2011,"Mesocentrotus franciscanus","KFM","reference",4.04166666666667,"Den","After",8
"Scorpion SMR",2011,"Panulirus interruptus","KFM","reference",0,"Den","After",8
"Scorpion SMR",2011,"Strongylocentrotus purpuratus","KFM","reference",22.625,"Den","After",8
"Scorpion SMR",2012,"Macrocystis pyrifera","KFM","reference",0,"Den","After",9
"Scorpion SMR",2012,"Mesocentrotus franciscanus","KFM","reference",4.66666666666667,"Den","After",9
"Scorpion SMR",2012,"Panulirus interruptus","KFM","reference",0,"Den","After",9
"Scorpion SMR",2012,"Strongylocentrotus purpuratus","KFM","reference",33.4166666666667,"Den","After",9
"Scorpion SMR",2013,"Macrocystis pyrifera","KFM","reference",0,"Den","After",10
"Scorpion SMR",2013,"Mesocentrotus franciscanus","KFM","reference",4.04166666666667,"Den","After",10
"Scorpion SMR",2013,"Panulirus interruptus","KFM","reference",0,"Den","After",10
"Scorpion SMR",2013,"Strongylocentrotus purpuratus","KFM","reference",34.2916666666667,"Den","After",10
"Scorpion SMR",2014,"Macrocystis pyrifera","KFM","reference",0,"Den","After",11
"Scorpion SMR",2014,"Mesocentrotus franciscanus","KFM","reference",1.75,"Den","After",11
"Scorpion SMR",2014,"Panulirus interruptus","KFM","reference",0,"Den","After",11
"Scorpion SMR",2014,"Strongylocentrotus purpuratus","KFM","reference",20.375,"Den","After",11
"Scorpion SMR",2015,"Macrocystis pyrifera","KFM","reference",0,"Den","After",12
"Scorpion SMR",2015,"Mesocentrotus franciscanus","KFM","reference",2.16666666666667,"Den","After",12
"Scorpion SMR",2015,"Panulirus interruptus","KFM","reference",0,"Den","After",12
"Scorpion SMR",2015,"Strongylocentrotus purpuratus","KFM","reference",12.1666666666667,"Den","After",12
"Scorpion SMR",2016,"Macrocystis pyrifera","KFM","reference",0,"Den","After",13
"Scorpion SMR",2016,"Mesocentrotus franciscanus","KFM","reference",0.416666666666667,"Den","After",13
"Scorpion SMR",2016,"Panulirus interruptus","KFM","reference",0,"Den","After",13
"Scorpion SMR",2016,"Strongylocentrotus purpuratus","KFM","reference",2.66666666666667,"Den","After",13
"Scorpion SMR",2017,"Macrocystis pyrifera","KFM","reference",0,"Den","After",14
"Scorpion SMR",2017,"Mesocentrotus franciscanus","KFM","reference",1.29166666666667,"Den","After",14
"Scorpion SMR",2017,"Panulirus interruptus","KFM","reference",0,"Den","After",14
"Scorpion SMR",2017,"Strongylocentrotus purpuratus","KFM","reference",3.375,"Den","After",14
"Scorpion SMR",2018,"Macrocystis pyrifera","KFM","reference",0,"Den","After",15
"Scorpion SMR",2018,"Mesocentrotus franciscanus","KFM","reference",0.75,"Den","After",15
"Scorpion SMR",2018,"Panulirus interruptus","KFM","reference",0.00138888888888889,"Den","After",15
"Scorpion SMR",2018,"Strongylocentrotus purpuratus","KFM","reference",1.75,"Den","After",15
"Scorpion SMR",2019,"Macrocystis pyrifera","KFM","reference",0,"Den","After",16
"Scorpion SMR",2019,"Mesocentrotus franciscanus","KFM","reference",0.541666666666667,"Den","After",16
"Scorpion SMR",2019,"Panulirus interruptus","KFM","reference",0.00138888888888889,"Den","After",16
"Scorpion SMR",2019,"Strongylocentrotus purpuratus","KFM","reference",0.916666666666667,"Den","After",16
"Scorpion SMR",2021,"Macrocystis pyrifera","KFM","reference",0,"Den","After",18
"Scorpion SMR",2021,"Mesocentrotus franciscanus","KFM","reference",1.16666666666667,"Den","After",18
"Scorpion SMR",2021,"Panulirus interruptus","KFM","reference",0,"Den","After",18
"Scorpion SMR",2021,"Strongylocentrotus purpuratus","KFM","reference",2.04166666666667,"Den","After",18
"Scorpion SMR",2022,"Macrocystis pyrifera","KFM","reference",0,"Den","After",19
"Scorpion SMR",2022,"Mesocentrotus franciscanus","KFM","reference",4.45833333333333,"Den","After",19
"Scorpion SMR",2022,"Panulirus interruptus","KFM","reference",0,"Den","After",19
"Scorpion SMR",2022,"Strongylocentrotus purpuratus","KFM","reference",7.08333333333333,"Den","After",19
"South Point SMR",2005,"Macrocystis pyrifera","KFM","reference",4.21480166666667,"Den","After",2
"South Point SMR",2005,"Mesocentrotus franciscanus","KFM","reference",0.361111111111111,"Den","After",2
"South Point SMR",2005,"Panulirus interruptus","KFM","reference",0,"Den","After",2
"South Point SMR",2005,"Strongylocentrotus purpuratus","KFM","reference",0.222222222222222,"Den","After",2
"South Point SMR",2006,"Macrocystis pyrifera","KFM","reference",4.44679833333333,"Den","After",3
"South Point SMR",2006,"Mesocentrotus franciscanus","KFM","reference",1.15277777777778,"Den","After",3
"South Point SMR",2006,"Panulirus interruptus","KFM","reference",0,"Den","After",3
"South Point SMR",2006,"Strongylocentrotus purpuratus","KFM","reference",0.513888888888889,"Den","After",3
"South Point SMR",2007,"Macrocystis pyrifera","KFM","reference",4.246085,"Den","After",4
"South Point SMR",2007,"Mesocentrotus franciscanus","KFM","reference",1.29166666666667,"Den","After",4
"South Point SMR",2007,"Panulirus interruptus","KFM","reference",0,"Den","After",4
"South Point SMR",2007,"Strongylocentrotus purpuratus","KFM","reference",0.527777777777778,"Den","After",4
"South Point SMR",2008,"Macrocystis pyrifera","KFM","reference",5.46941,"Den","After",5
"South Point SMR",2008,"Mesocentrotus franciscanus","KFM","reference",1.44444444444444,"Den","After",5
"South Point SMR",2008,"Panulirus interruptus","KFM","reference",0,"Den","After",5
"South Point SMR",2008,"Strongylocentrotus purpuratus","KFM","reference",1.80555555555556,"Den","After",5
"South Point SMR",2009,"Macrocystis pyrifera","KFM","reference",3.98171,"Den","After",6
"South Point SMR",2009,"Mesocentrotus franciscanus","KFM","reference",1.61111111111111,"Den","After",6
"South Point SMR",2009,"Panulirus interruptus","KFM","reference",0,"Den","After",6
"South Point SMR",2009,"Strongylocentrotus purpuratus","KFM","reference",3.26388888888889,"Den","After",6
"South Point SMR",2010,"Macrocystis pyrifera","KFM","reference",3.55844333333333,"Den","After",7
"South Point SMR",2010,"Mesocentrotus franciscanus","KFM","reference",2.44444444444444,"Den","After",7
"South Point SMR",2010,"Panulirus interruptus","KFM","reference",0,"Den","After",7
"South Point SMR",2010,"Strongylocentrotus purpuratus","KFM","reference",3.97222222222222,"Den","After",7
"South Point SMR",2011,"Macrocystis pyrifera","KFM","reference",2.95634333333333,"Den","After",8
"South Point SMR",2011,"Mesocentrotus franciscanus","KFM","reference",2.48611111111111,"Den","After",8
"South Point SMR",2011,"Panulirus interruptus","KFM","reference",0,"Den","After",8
"South Point SMR",2011,"Strongylocentrotus purpuratus","KFM","reference",4.15277777777778,"Den","After",8
"South Point SMR",2012,"Macrocystis pyrifera","KFM","reference",3.86960666666667,"Den","After",9
"South Point SMR",2012,"Mesocentrotus franciscanus","KFM","reference",2,"Den","After",9
"South Point SMR",2012,"Panulirus interruptus","KFM","reference",0,"Den","After",9
"South Point SMR",2012,"Strongylocentrotus purpuratus","KFM","reference",1.30555555555556,"Den","After",9
"South Point SMR",2013,"Macrocystis pyrifera","KFM","reference",3.601455,"Den","After",10
"South Point SMR",2013,"Mesocentrotus franciscanus","KFM","reference",2.81944444444444,"Den","After",10
"South Point SMR",2013,"Panulirus interruptus","KFM","reference",0,"Den","After",10
"South Point SMR",2013,"Strongylocentrotus purpuratus","KFM","reference",2.55555555555556,"Den","After",10
"South Point SMR",2014,"Macrocystis pyrifera","KFM","reference",3.36822833333333,"Den","After",11
"South Point SMR",2014,"Mesocentrotus franciscanus","KFM","reference",2.86111111111111,"Den","After",11
"South Point SMR",2014,"Panulirus interruptus","KFM","reference",0,"Den","After",11
"South Point SMR",2014,"Strongylocentrotus purpuratus","KFM","reference",14.2638888888889,"Den","After",11
"South Point SMR",2015,"Macrocystis pyrifera","KFM","reference",3.83801666666667,"Den","After",12
"South Point SMR",2015,"Mesocentrotus franciscanus","KFM","reference",6.44444444444444,"Den","After",12
"South Point SMR",2015,"Panulirus interruptus","KFM","reference",0,"Den","After",12
"South Point SMR",2015,"Strongylocentrotus purpuratus","KFM","reference",36.625,"Den","After",12
"South Point SMR",2016,"Macrocystis pyrifera","KFM","reference",0.187485,"Den","After",13
"South Point SMR",2016,"Mesocentrotus franciscanus","KFM","reference",11.8055555555556,"Den","After",13
"South Point SMR",2016,"Panulirus interruptus","KFM","reference",0.000925925925925926,"Den","After",13
"South Point SMR",2016,"Strongylocentrotus purpuratus","KFM","reference",33.6805555555556,"Den","After",13
"South Point SMR",2017,"Macrocystis pyrifera","KFM","reference",0.061425,"Den","After",14
"South Point SMR",2017,"Mesocentrotus franciscanus","KFM","reference",3.45833333333333,"Den","After",14
"South Point SMR",2017,"Panulirus interruptus","KFM","reference",0,"Den","After",14
"South Point SMR",2017,"Strongylocentrotus purpuratus","KFM","reference",41.4027777777778,"Den","After",14
"South Point SMR",2018,"Macrocystis pyrifera","KFM","reference",0,"Den","After",15
"South Point SMR",2018,"Mesocentrotus franciscanus","KFM","reference",4.15277777777778,"Den","After",15
"South Point SMR",2018,"Panulirus interruptus","KFM","reference",0,"Den","After",15
"South Point SMR",2018,"Strongylocentrotus purpuratus","KFM","reference",94.7916666666667,"Den","After",15
"South Point SMR",2019,"Macrocystis pyrifera","KFM","reference",1.34887166666667,"Den","After",16
"South Point SMR",2019,"Mesocentrotus franciscanus","KFM","reference",2.69444444444444,"Den","After",16
"South Point SMR",2019,"Panulirus interruptus","KFM","reference",0.000462962962962963,"Den","After",16
"South Point SMR",2019,"Strongylocentrotus purpuratus","KFM","reference",51.8194444444444,"Den","After",16
"South Point SMR",2021,"Macrocystis pyrifera","KFM","reference",1.235915,"Den","After",18
"South Point SMR",2021,"Mesocentrotus franciscanus","KFM","reference",4.81944444444444,"Den","After",18
"South Point SMR",2021,"Panulirus interruptus","KFM","reference",0.00185185185185185,"Den","After",18
"South Point SMR",2021,"Strongylocentrotus purpuratus","KFM","reference",56.8194444444444,"Den","After",18
"South Point SMR",2022,"Macrocystis pyrifera","KFM","reference",0.675761666666667,"Den","After",19
"South Point SMR",2022,"Mesocentrotus franciscanus","KFM","reference",5.55555555555556,"Den","After",19
"South Point SMR",2022,"Panulirus interruptus","KFM","reference",0.000462962962962963,"Den","After",19
"South Point SMR",2022,"Strongylocentrotus purpuratus","KFM","reference",57.5416666666667,"Den","After",19
"Anacapa Island SMR 2003",2005,"Macrocystis pyrifera","KFM","mpa",0,"Bio","After",2
"Anacapa Island SMR 2003",2005,"Mesocentrotus franciscanus","KFM","mpa",160.511979825361,"Bio","After",2
"Anacapa Island SMR 2003",2005,"Strongylocentrotus purpuratus","KFM","mpa",10.8730896911563,"Bio","After",2
"Anacapa Island SMR 2003",2006,"Macrocystis pyrifera","KFM","mpa",0,"Bio","After",3
"Anacapa Island SMR 2003",2006,"Mesocentrotus franciscanus","KFM","mpa",193.519229153717,"Bio","After",3
"Anacapa Island SMR 2003",2006,"Strongylocentrotus purpuratus","KFM","mpa",15.1213932555518,"Bio","After",3
"Anacapa Island SMR 2003",2007,"Macrocystis pyrifera","KFM","mpa",0.5948,"Bio","After",4
"Anacapa Island SMR 2003",2007,"Mesocentrotus franciscanus","KFM","mpa",41.8544073093304,"Bio","After",4
"Anacapa Island SMR 2003",2007,"Strongylocentrotus purpuratus","KFM","mpa",7.89396413416284,"Bio","After",4
"Anacapa Island SMR 2003",2008,"Macrocystis pyrifera","KFM","mpa",21.4228,"Bio","After",5
"Anacapa Island SMR 2003",2008,"Mesocentrotus franciscanus","KFM","mpa",113.290716295689,"Bio","After",5
"Anacapa Island SMR 2003",2008,"Strongylocentrotus purpuratus","KFM","mpa",17.5749641374233,"Bio","After",5
"Anacapa Island SMR 2003",2009,"Macrocystis pyrifera","KFM","mpa",13.5736,"Bio","After",6
"Anacapa Island SMR 2003",2009,"Mesocentrotus franciscanus","KFM","mpa",98.751863310142,"Bio","After",6
"Anacapa Island SMR 2003",2009,"Strongylocentrotus purpuratus","KFM","mpa",154.559330598929,"Bio","After",6
"Anacapa Island SMR 2003",2010,"Macrocystis pyrifera","KFM","mpa",64.194,"Bio","After",7
"Anacapa Island SMR 2003",2010,"Mesocentrotus franciscanus","KFM","mpa",95.7590907080984,"Bio","After",7
"Anacapa Island SMR 2003",2010,"Strongylocentrotus purpuratus","KFM","mpa",245.899539028462,"Bio","After",7
"Anacapa Island SMR 2003",2011,"Macrocystis pyrifera","KFM","mpa",0,"Bio","After",8
"Anacapa Island SMR 2003",2011,"Mesocentrotus franciscanus","KFM","mpa",64.6518248271844,"Bio","After",8
"Anacapa Island SMR 2003",2011,"Strongylocentrotus purpuratus","KFM","mpa",199.121121525866,"Bio","After",8
"Anacapa Island SMR 2003",2012,"Macrocystis pyrifera","KFM","mpa",0.8,"Bio","After",9
"Anacapa Island SMR 2003",2012,"Mesocentrotus franciscanus","KFM","mpa",34.4219787344134,"Bio","After",9
"Anacapa Island SMR 2003",2012,"Strongylocentrotus purpuratus","KFM","mpa",53.0762258088674,"Bio","After",9
"Anacapa Island SMR 2003",2013,"Macrocystis pyrifera","KFM","mpa",10.4456,"Bio","After",10
"Anacapa Island SMR 2003",2013,"Mesocentrotus franciscanus","KFM","mpa",23.2913835421006,"Bio","After",10
"Anacapa Island SMR 2003",2013,"Strongylocentrotus purpuratus","KFM","mpa",12.7124180951011,"Bio","After",10
"Anacapa Island SMR 2003",2014,"Macrocystis pyrifera","KFM","mpa",93.8444,"Bio","After",11
"Anacapa Island SMR 2003",2014,"Mesocentrotus franciscanus","KFM","mpa",46.2620773815358,"Bio","After",11
"Anacapa Island SMR 2003",2014,"Strongylocentrotus purpuratus","KFM","mpa",8.54950812483804,"Bio","After",11
"Anacapa Island SMR 2003",2015,"Macrocystis pyrifera","KFM","mpa",123.0996,"Bio","After",12
"Anacapa Island SMR 2003",2015,"Mesocentrotus franciscanus","KFM","mpa",0,"Bio","After",12
"Anacapa Island SMR 2003",2015,"Strongylocentrotus purpuratus","KFM","mpa",1.42973827897438,"Bio","After",12
"Anacapa Island SMR 2003",2016,"Macrocystis pyrifera","KFM","mpa",11.9732,"Bio","After",13
"Anacapa Island SMR 2003",2016,"Mesocentrotus franciscanus","KFM","mpa",7.63688203189395,"Bio","After",13
"Anacapa Island SMR 2003",2016,"Strongylocentrotus purpuratus","KFM","mpa",0,"Bio","After",13
"Anacapa Island SMR 2003",2017,"Macrocystis pyrifera","KFM","mpa",118.0592,"Bio","After",14
"Anacapa Island SMR 2003",2017,"Mesocentrotus franciscanus","KFM","mpa",6.88220491213499,"Bio","After",14
"Anacapa Island SMR 2003",2017,"Strongylocentrotus purpuratus","KFM","mpa",2.43299145680275,"Bio","After",14
"Anacapa Island SMR 2003",2018,"Macrocystis pyrifera","KFM","mpa",318.134,"Bio","After",15
"Anacapa Island SMR 2003",2018,"Mesocentrotus franciscanus","KFM","mpa",4.53654871768922,"Bio","After",15
"Anacapa Island SMR 2003",2018,"Strongylocentrotus purpuratus","KFM","mpa",0.630784677854995,"Bio","After",15
"Anacapa Island SMR 2003",2019,"Macrocystis pyrifera","KFM","mpa",131.9852,"Bio","After",16
"Anacapa Island SMR 2003",2019,"Mesocentrotus franciscanus","KFM","mpa",15.00712991524,"Bio","After",16
"Anacapa Island SMR 2003",2019,"Strongylocentrotus purpuratus","KFM","mpa",5.66303366128433,"Bio","After",16
"Anacapa Island SMR 2003",2021,"Macrocystis pyrifera","KFM","mpa",25.9436,"Bio","After",18
"Anacapa Island SMR 2003",2021,"Mesocentrotus franciscanus","KFM","mpa",0,"Bio","After",18
"Anacapa Island SMR 2003",2021,"Strongylocentrotus purpuratus","KFM","mpa",0.13924942773763,"Bio","After",18
"Anacapa Island SMR 2003",2022,"Macrocystis pyrifera","KFM","mpa",74.0648,"Bio","After",19
"Anacapa Island SMR 2003",2022,"Mesocentrotus franciscanus","KFM","mpa",0,"Bio","After",19
"Anacapa Island SMR 2003",2022,"Strongylocentrotus purpuratus","KFM","mpa",0.456464539196048,"Bio","After",19
"Gull Island SMR",1986,"Mesocentrotus franciscanus","KFM","mpa",961.083567594311,"Bio","Before",0
"Gull Island SMR",1986,"Strongylocentrotus purpuratus","KFM","mpa",167.890045511639,"Bio","Before",0
"Gull Island SMR",1987,"Mesocentrotus franciscanus","KFM","mpa",640.51295515925,"Bio","Before",0
"Gull Island SMR",1987,"Strongylocentrotus purpuratus","KFM","mpa",560.173608703323,"Bio","Before",0
"Gull Island SMR",1988,"Mesocentrotus franciscanus","KFM","mpa",54.7169987947109,"Bio","Before",0
"Gull Island SMR",1988,"Strongylocentrotus purpuratus","KFM","mpa",115.849513558789,"Bio","Before",0
"Gull Island SMR",1989,"Mesocentrotus franciscanus","KFM","mpa",19.0858856101394,"Bio","Before",0
"Gull Island SMR",1989,"Strongylocentrotus purpuratus","KFM","mpa",348.521019404677,"Bio","Before",0
"Gull Island SMR",1990,"Mesocentrotus franciscanus","KFM","mpa",44.0066489516221,"Bio","Before",0
"Gull Island SMR",1990,"Strongylocentrotus purpuratus","KFM","mpa",143.741573170829,"Bio","Before",0
"Gull Island SMR",1991,"Mesocentrotus franciscanus","KFM","mpa",10.1497145532681,"Bio","Before",0
"Gull Island SMR",1991,"Strongylocentrotus purpuratus","KFM","mpa",267.726689844397,"Bio","Before",0
"Gull Island SMR",1992,"Mesocentrotus franciscanus","KFM","mpa",142.666696517037,"Bio","Before",0
"Gull Island SMR",1992,"Strongylocentrotus purpuratus","KFM","mpa",162.875800405956,"Bio","Before",0
"Gull Island SMR",1993,"Mesocentrotus franciscanus","KFM","mpa",406.224722195891,"Bio","Before",0
"Gull Island SMR",1993,"Strongylocentrotus purpuratus","KFM","mpa",277.841769541453,"Bio","Before",0
"Gull Island SMR",1994,"Mesocentrotus franciscanus","KFM","mpa",309.786178146472,"Bio","Before",0
"Gull Island SMR",1994,"Strongylocentrotus purpuratus","KFM","mpa",199.287253618883,"Bio","Before",0
"Gull Island SMR",1995,"Mesocentrotus franciscanus","KFM","mpa",676.338770859365,"Bio","Before",0
"Gull Island SMR",1995,"Strongylocentrotus purpuratus","KFM","mpa",447.963306988056,"Bio","Before",0
"Gull Island SMR",1996,"Macrocystis pyrifera","KFM","mpa",0,"Bio","Before",0
"Gull Island SMR",1996,"Mesocentrotus franciscanus","KFM","mpa",201.731059094733,"Bio","Before",0
"Gull Island SMR",1996,"Strongylocentrotus purpuratus","KFM","mpa",361.076197797784,"Bio","Before",0
"Gull Island SMR",1997,"Macrocystis pyrifera","KFM","mpa",0,"Bio","Before",0
"Gull Island SMR",1997,"Mesocentrotus franciscanus","KFM","mpa",309.062918456107,"Bio","Before",0
"Gull Island SMR",1997,"Strongylocentrotus purpuratus","KFM","mpa",496.861809043396,"Bio","Before",0
"Gull Island SMR",1998,"Macrocystis pyrifera","KFM","mpa",0,"Bio","Before",0
"Gull Island SMR",1998,"Mesocentrotus franciscanus","KFM","mpa",219.83058375421,"Bio","Before",0
"Gull Island SMR",1998,"Strongylocentrotus purpuratus","KFM","mpa",279.148717746164,"Bio","Before",0
"Gull Island SMR",1999,"Mesocentrotus franciscanus","KFM","mpa",276.302810717283,"Bio","Before",0
"Gull Island SMR",1999,"Strongylocentrotus purpuratus","KFM","mpa",381.201518556685,"Bio","Before",0
"Gull Island SMR",2000,"Mesocentrotus franciscanus","KFM","mpa",167.163407589886,"Bio","Before",0
"Gull Island SMR",2000,"Strongylocentrotus purpuratus","KFM","mpa",212.564865967064,"Bio","Before",0
"Gull Island SMR",2001,"Macrocystis pyrifera","KFM","mpa",16.9944,"Bio","Before",0
"Gull Island SMR",2001,"Mesocentrotus franciscanus","KFM","mpa",98.1228419489019,"Bio","Before",0
"Gull Island SMR",2001,"Strongylocentrotus purpuratus","KFM","mpa",99.1805411069846,"Bio","Before",0
"Gull Island SMR",2002,"Macrocystis pyrifera","KFM","mpa",819.3792,"Bio","Before",0
"Gull Island SMR",2002,"Mesocentrotus franciscanus","KFM","mpa",48.3568104711358,"Bio","Before",0
"Gull Island SMR",2002,"Strongylocentrotus purpuratus","KFM","mpa",12.0374189886336,"Bio","Before",0
"Gull Island SMR",2003,"Macrocystis pyrifera","KFM","mpa",462.996,"Bio","Before",0
"Gull Island SMR",2003,"Mesocentrotus franciscanus","KFM","mpa",18.0591048088371,"Bio","Before",0
"Gull Island SMR",2003,"Strongylocentrotus purpuratus","KFM","mpa",0.724608496035117,"Bio","Before",0
"Gull Island SMR",2004,"Macrocystis pyrifera","KFM","mpa",564.8848,"Bio","After",1
"Gull Island SMR",2004,"Mesocentrotus franciscanus","KFM","mpa",25.109122785852,"Bio","After",1
"Gull Island SMR",2004,"Strongylocentrotus purpuratus","KFM","mpa",0.785283861779665,"Bio","After",1
"Gull Island SMR",2005,"Macrocystis pyrifera","KFM","mpa",438.0396,"Bio","After",2
"Gull Island SMR",2005,"Mesocentrotus franciscanus","KFM","mpa",101.45531252121,"Bio","After",2
"Gull Island SMR",2005,"Strongylocentrotus purpuratus","KFM","mpa",9.26448895024141,"Bio","After",2
"Gull Island SMR",2006,"Macrocystis pyrifera","KFM","mpa",239.2256,"Bio","After",3
"Gull Island SMR",2006,"Mesocentrotus franciscanus","KFM","mpa",121.565082644304,"Bio","After",3
"Gull Island SMR",2006,"Strongylocentrotus purpuratus","KFM","mpa",14.8628707355245,"Bio","After",3
"Gull Island SMR",2007,"Macrocystis pyrifera","KFM","mpa",392.7144,"Bio","After",4
"Gull Island SMR",2007,"Mesocentrotus franciscanus","KFM","mpa",297.563782625443,"Bio","After",4
"Gull Island SMR",2007,"Strongylocentrotus purpuratus","KFM","mpa",33.2963885703582,"Bio","After",4
"Gull Island SMR",2008,"Macrocystis pyrifera","KFM","mpa",285.1776,"Bio","After",5
"Gull Island SMR",2008,"Mesocentrotus franciscanus","KFM","mpa",323.649804579585,"Bio","After",5
"Gull Island SMR",2008,"Strongylocentrotus purpuratus","KFM","mpa",76.2591761636948,"Bio","After",5
"Gull Island SMR",2009,"Macrocystis pyrifera","KFM","mpa",288.8872,"Bio","After",6
"Gull Island SMR",2009,"Mesocentrotus franciscanus","KFM","mpa",179.801582000828,"Bio","After",6
"Gull Island SMR",2009,"Strongylocentrotus purpuratus","KFM","mpa",26.6610753827839,"Bio","After",6
"Gull Island SMR",2010,"Macrocystis pyrifera","KFM","mpa",150.4528,"Bio","After",7
"Gull Island SMR",2010,"Mesocentrotus franciscanus","KFM","mpa",257.809728220999,"Bio","After",7
"Gull Island SMR",2010,"Strongylocentrotus purpuratus","KFM","mpa",98.520627912689,"Bio","After",7
"Gull Island SMR",2011,"Macrocystis pyrifera","KFM","mpa",180.1208,"Bio","After",8
"Gull Island SMR",2011,"Mesocentrotus franciscanus","KFM","mpa",842.490754577002,"Bio","After",8
"Gull Island SMR",2011,"Strongylocentrotus purpuratus","KFM","mpa",459.999613448792,"Bio","After",8
"Gull Island SMR",2012,"Macrocystis pyrifera","KFM","mpa",213.0844,"Bio","After",9
"Gull Island SMR",2012,"Mesocentrotus franciscanus","KFM","mpa",1122.52052843716,"Bio","After",9
"Gull Island SMR",2012,"Strongylocentrotus purpuratus","KFM","mpa",330.026877142603,"Bio","After",9
"Gull Island SMR",2013,"Macrocystis pyrifera","KFM","mpa",26.5308,"Bio","After",10
"Gull Island SMR",2013,"Mesocentrotus franciscanus","KFM","mpa",760.139382254912,"Bio","After",10
"Gull Island SMR",2013,"Strongylocentrotus purpuratus","KFM","mpa",208.639757919658,"Bio","After",10
"Gull Island SMR",2014,"Macrocystis pyrifera","KFM","mpa",43.4748,"Bio","After",11
"Gull Island SMR",2014,"Mesocentrotus franciscanus","KFM","mpa",1044.01797224817,"Bio","After",11
"Gull Island SMR",2014,"Strongylocentrotus purpuratus","KFM","mpa",125.83522044231,"Bio","After",11
"Gull Island SMR",2015,"Macrocystis pyrifera","KFM","mpa",437.114,"Bio","After",12
"Gull Island SMR",2015,"Mesocentrotus franciscanus","KFM","mpa",603.748950117164,"Bio","After",12
"Gull Island SMR",2015,"Strongylocentrotus purpuratus","KFM","mpa",32.0160632259247,"Bio","After",12
"Gull Island SMR",2016,"Macrocystis pyrifera","KFM","mpa",461.466,"Bio","After",13
"Gull Island SMR",2016,"Mesocentrotus franciscanus","KFM","mpa",591.861824420513,"Bio","After",13
"Gull Island SMR",2016,"Strongylocentrotus purpuratus","KFM","mpa",79.6051796546224,"Bio","After",13
"Gull Island SMR",2017,"Macrocystis pyrifera","KFM","mpa",300.3292,"Bio","After",14
"Gull Island SMR",2017,"Mesocentrotus franciscanus","KFM","mpa",956.413389418395,"Bio","After",14
"Gull Island SMR",2017,"Strongylocentrotus purpuratus","KFM","mpa",85.0896265236538,"Bio","After",14
"Gull Island SMR",2018,"Macrocystis pyrifera","KFM","mpa",270.0384,"Bio","After",15
"Gull Island SMR",2018,"Mesocentrotus franciscanus","KFM","mpa",338.281675652251,"Bio","After",15
"Gull Island SMR",2018,"Strongylocentrotus purpuratus","KFM","mpa",70.7297026568042,"Bio","After",15
"Gull Island SMR",2019,"Macrocystis pyrifera","KFM","mpa",365.9704,"Bio","After",16
"Gull Island SMR",2019,"Mesocentrotus franciscanus","KFM","mpa",656.519523243308,"Bio","After",16
"Gull Island SMR",2019,"Strongylocentrotus purpuratus","KFM","mpa",101.427628430722,"Bio","After",16
"Gull Island SMR",2021,"Macrocystis pyrifera","KFM","mpa",410.5812,"Bio","After",18
"Gull Island SMR",2021,"Mesocentrotus franciscanus","KFM","mpa",471.740772664404,"Bio","After",18
"Gull Island SMR",2021,"Strongylocentrotus purpuratus","KFM","mpa",89.7244677090145,"Bio","After",18
"Gull Island SMR",2022,"Macrocystis pyrifera","KFM","mpa",225.116,"Bio","After",19
"Gull Island SMR",2022,"Mesocentrotus franciscanus","KFM","mpa",669.5218688558,"Bio","After",19
"Gull Island SMR",2022,"Strongylocentrotus purpuratus","KFM","mpa",35.5693635037922,"Bio","After",19
"Harris Point SMR",1985,"Mesocentrotus franciscanus","KFM","mpa",588.669838768107,"Bio","Before",0
"Harris Point SMR",1985,"Strongylocentrotus purpuratus","KFM","mpa",76.1269539327091,"Bio","Before",0
"Harris Point SMR",1986,"Mesocentrotus franciscanus","KFM","mpa",566.447088753123,"Bio","Before",0
"Harris Point SMR",1986,"Strongylocentrotus purpuratus","KFM","mpa",461.80290891066,"Bio","Before",0
"Harris Point SMR",1987,"Mesocentrotus franciscanus","KFM","mpa",568.334330092321,"Bio","Before",0
"Harris Point SMR",1987,"Strongylocentrotus purpuratus","KFM","mpa",91.4832676573537,"Bio","Before",0
"Harris Point SMR",1988,"Mesocentrotus franciscanus","KFM","mpa",781.322821193982,"Bio","Before",0
"Harris Point SMR",1988,"Strongylocentrotus purpuratus","KFM","mpa",115.627250353068,"Bio","Before",0
"Harris Point SMR",1989,"Mesocentrotus franciscanus","KFM","mpa",992.377446963899,"Bio","Before",0
"Harris Point SMR",1989,"Strongylocentrotus purpuratus","KFM","mpa",73.7560591472855,"Bio","Before",0
"Harris Point SMR",1990,"Mesocentrotus franciscanus","KFM","mpa",873.823005790192,"Bio","Before",0
"Harris Point SMR",1990,"Strongylocentrotus purpuratus","KFM","mpa",51.5217243850719,"Bio","Before",0
"Harris Point SMR",1991,"Mesocentrotus franciscanus","KFM","mpa",1070.00962405593,"Bio","Before",0
"Harris Point SMR",1991,"Strongylocentrotus purpuratus","KFM","mpa",26.5798011700158,"Bio","Before",0
"Harris Point SMR",1992,"Mesocentrotus franciscanus","KFM","mpa",899.929130259809,"Bio","Before",0
"Harris Point SMR",1992,"Strongylocentrotus purpuratus","KFM","mpa",1.94418273799037,"Bio","Before",0
"Harris Point SMR",1994,"Mesocentrotus franciscanus","KFM","mpa",1060.36589431814,"Bio","Before",0
"Harris Point SMR",1994,"Strongylocentrotus purpuratus","KFM","mpa",13.1922758004977,"Bio","Before",0
"Harris Point SMR",1995,"Mesocentrotus franciscanus","KFM","mpa",724.634486117921,"Bio","Before",0
"Harris Point SMR",1995,"Strongylocentrotus purpuratus","KFM","mpa",10.325868230172,"Bio","Before",0
"Harris Point SMR",1996,"Macrocystis pyrifera","KFM","mpa",0,"Bio","Before",0
"Harris Point SMR",1996,"Mesocentrotus franciscanus","KFM","mpa",562.568391832655,"Bio","Before",0
"Harris Point SMR",1996,"Strongylocentrotus purpuratus","KFM","mpa",1.04421855930798,"Bio","Before",0
"Harris Point SMR",1997,"Macrocystis pyrifera","KFM","mpa",0,"Bio","Before",0
"Harris Point SMR",1997,"Mesocentrotus franciscanus","KFM","mpa",703.772445587335,"Bio","Before",0
"Harris Point SMR",1997,"Strongylocentrotus purpuratus","KFM","mpa",0.472032283726093,"Bio","Before",0
"Harris Point SMR",1998,"Macrocystis pyrifera","KFM","mpa",0,"Bio","Before",0
"Harris Point SMR",1998,"Mesocentrotus franciscanus","KFM","mpa",725.002185933897,"Bio","Before",0
"Harris Point SMR",1998,"Strongylocentrotus purpuratus","KFM","mpa",24.6451312318612,"Bio","Before",0
"Harris Point SMR",1999,"Macrocystis pyrifera","KFM","mpa",0,"Bio","Before",0
"Harris Point SMR",1999,"Mesocentrotus franciscanus","KFM","mpa",975.74239061629,"Bio","Before",0
"Harris Point SMR",1999,"Strongylocentrotus purpuratus","KFM","mpa",30.0011908656552,"Bio","Before",0
"Harris Point SMR",2000,"Macrocystis pyrifera","KFM","mpa",0,"Bio","Before",0
"Harris Point SMR",2000,"Mesocentrotus franciscanus","KFM","mpa",628.640846844178,"Bio","Before",0
"Harris Point SMR",2000,"Strongylocentrotus purpuratus","KFM","mpa",32.7671182948583,"Bio","Before",0
"Harris Point SMR",2001,"Macrocystis pyrifera","KFM","mpa",0,"Bio","Before",0
"Harris Point SMR",2001,"Mesocentrotus franciscanus","KFM","mpa",858.127214931534,"Bio","Before",0
"Harris Point SMR",2001,"Strongylocentrotus purpuratus","KFM","mpa",85.949917491709,"Bio","Before",0
"Harris Point SMR",2002,"Mesocentrotus franciscanus","KFM","mpa",833.010005765379,"Bio","Before",0
"Harris Point SMR",2002,"Strongylocentrotus purpuratus","KFM","mpa",22.7069787458815,"Bio","Before",0
"Harris Point SMR",2003,"Macrocystis pyrifera","KFM","mpa",167.752,"Bio","Before",0
"Harris Point SMR",2003,"Mesocentrotus franciscanus","KFM","mpa",432.389861226571,"Bio","Before",0
"Harris Point SMR",2003,"Strongylocentrotus purpuratus","KFM","mpa",7.35373537152727,"Bio","Before",0
"Harris Point SMR",2004,"Macrocystis pyrifera","KFM","mpa",871.986,"Bio","After",1
"Harris Point SMR",2004,"Mesocentrotus franciscanus","KFM","mpa",513.818572933074,"Bio","After",1
"Harris Point SMR",2004,"Strongylocentrotus purpuratus","KFM","mpa",27.1939313392587,"Bio","After",1
"Harris Point SMR",2005,"Macrocystis pyrifera","KFM","mpa",740.8328,"Bio","After",2
"Harris Point SMR",2005,"Mesocentrotus franciscanus","KFM","mpa",857.451378291165,"Bio","After",2
"Harris Point SMR",2005,"Strongylocentrotus purpuratus","KFM","mpa",5.88919332458811,"Bio","After",2
"Harris Point SMR",2006,"Macrocystis pyrifera","KFM","mpa",288.2364,"Bio","After",3
"Harris Point SMR",2006,"Mesocentrotus franciscanus","KFM","mpa",2914.21133119762,"Bio","After",3
"Harris Point SMR",2006,"Strongylocentrotus purpuratus","KFM","mpa",6.43318718256369,"Bio","After",3
"Harris Point SMR",2007,"Macrocystis pyrifera","KFM","mpa",480.7,"Bio","After",4
"Harris Point SMR",2007,"Mesocentrotus franciscanus","KFM","mpa",1247.0654841224,"Bio","After",4
"Harris Point SMR",2007,"Strongylocentrotus purpuratus","KFM","mpa",19.9356691577739,"Bio","After",4
"Harris Point SMR",2008,"Macrocystis pyrifera","KFM","mpa",0,"Bio","After",5
"Harris Point SMR",2008,"Mesocentrotus franciscanus","KFM","mpa",2521.50533287018,"Bio","After",5
"Harris Point SMR",2008,"Strongylocentrotus purpuratus","KFM","mpa",9.79196511871835,"Bio","After",5
"Harris Point SMR",2009,"Macrocystis pyrifera","KFM","mpa",0,"Bio","After",6
"Harris Point SMR",2009,"Mesocentrotus franciscanus","KFM","mpa",1989.64583412932,"Bio","After",6
"Harris Point SMR",2009,"Strongylocentrotus purpuratus","KFM","mpa",0,"Bio","After",6
"Harris Point SMR",2010,"Macrocystis pyrifera","KFM","mpa",0,"Bio","After",7
"Harris Point SMR",2010,"Mesocentrotus franciscanus","KFM","mpa",1413.20685693891,"Bio","After",7
"Harris Point SMR",2010,"Strongylocentrotus purpuratus","KFM","mpa",0,"Bio","After",7
"Harris Point SMR",2011,"Macrocystis pyrifera","KFM","mpa",0,"Bio","After",8
"Harris Point SMR",2011,"Mesocentrotus franciscanus","KFM","mpa",1620.53369941344,"Bio","After",8
"Harris Point SMR",2011,"Strongylocentrotus purpuratus","KFM","mpa",2.06300163252349,"Bio","After",8
"Harris Point SMR",2012,"Macrocystis pyrifera","KFM","mpa",19.8044,"Bio","After",9
"Harris Point SMR",2012,"Mesocentrotus franciscanus","KFM","mpa",1651.24363835001,"Bio","After",9
"Harris Point SMR",2012,"Strongylocentrotus purpuratus","KFM","mpa",5.83511676654797,"Bio","After",9
"Harris Point SMR",2013,"Macrocystis pyrifera","KFM","mpa",6.7892,"Bio","After",10
"Harris Point SMR",2013,"Mesocentrotus franciscanus","KFM","mpa",1525.05626511961,"Bio","After",10
"Harris Point SMR",2013,"Strongylocentrotus purpuratus","KFM","mpa",4.61554650589594,"Bio","After",10
"Harris Point SMR",2014,"Macrocystis pyrifera","KFM","mpa",0,"Bio","After",11
"Harris Point SMR",2014,"Mesocentrotus franciscanus","KFM","mpa",1931.47245858518,"Bio","After",11
"Harris Point SMR",2014,"Strongylocentrotus purpuratus","KFM","mpa",78.019692515235,"Bio","After",11
"Harris Point SMR",2015,"Macrocystis pyrifera","KFM","mpa",0,"Bio","After",12
"Harris Point SMR",2015,"Mesocentrotus franciscanus","KFM","mpa",1982.34370865606,"Bio","After",12
"Harris Point SMR",2015,"Strongylocentrotus purpuratus","KFM","mpa",200.463507078655,"Bio","After",12
"Harris Point SMR",2016,"Macrocystis pyrifera","KFM","mpa",0,"Bio","After",13
"Harris Point SMR",2016,"Mesocentrotus franciscanus","KFM","mpa",736.363317438147,"Bio","After",13
"Harris Point SMR",2016,"Strongylocentrotus purpuratus","KFM","mpa",380.520814924394,"Bio","After",13
"Harris Point SMR",2017,"Macrocystis pyrifera","KFM","mpa",0,"Bio","After",14
"Harris Point SMR",2017,"Mesocentrotus franciscanus","KFM","mpa",429.898217026723,"Bio","After",14
"Harris Point SMR",2017,"Strongylocentrotus purpuratus","KFM","mpa",499.315357625663,"Bio","After",14
"Harris Point SMR",2018,"Macrocystis pyrifera","KFM","mpa",0,"Bio","After",15
"Harris Point SMR",2018,"Mesocentrotus franciscanus","KFM","mpa",327.745150957567,"Bio","After",15
"Harris Point SMR",2018,"Strongylocentrotus purpuratus","KFM","mpa",460.33527986499,"Bio","After",15
"Harris Point SMR",2019,"Macrocystis pyrifera","KFM","mpa",0,"Bio","After",16
"Harris Point SMR",2019,"Mesocentrotus franciscanus","KFM","mpa",526.041058986588,"Bio","After",16
"Harris Point SMR",2019,"Strongylocentrotus purpuratus","KFM","mpa",374.232739764681,"Bio","After",16
"Harris Point SMR",2021,"Macrocystis pyrifera","KFM","mpa",0,"Bio","After",18
"Harris Point SMR",2021,"Mesocentrotus franciscanus","KFM","mpa",221.365166505713,"Bio","After",18
"Harris Point SMR",2021,"Strongylocentrotus purpuratus","KFM","mpa",575.643831674903,"Bio","After",18
"Harris Point SMR",2022,"Macrocystis pyrifera","KFM","mpa",0,"Bio","After",19
"Harris Point SMR",2022,"Mesocentrotus franciscanus","KFM","mpa",174.437270558957,"Bio","After",19
"Harris Point SMR",2022,"Strongylocentrotus purpuratus","KFM","mpa",321.299197889507,"Bio","After",19
"Scorpion SMR",1985,"Mesocentrotus franciscanus","KFM","mpa",376.502623198131,"Bio","Before",0
"Scorpion SMR",1985,"Strongylocentrotus purpuratus","KFM","mpa",400.850578156008,"Bio","Before",0
"Scorpion SMR",1986,"Mesocentrotus franciscanus","KFM","mpa",444.712925160123,"Bio","Before",0
"Scorpion SMR",1986,"Strongylocentrotus purpuratus","KFM","mpa",1252.65804038905,"Bio","Before",0
"Scorpion SMR",1987,"Mesocentrotus franciscanus","KFM","mpa",124.896208750703,"Bio","Before",0
"Scorpion SMR",1987,"Strongylocentrotus purpuratus","KFM","mpa",552.218501365647,"Bio","Before",0
"Scorpion SMR",1988,"Mesocentrotus franciscanus","KFM","mpa",23.6379716782164,"Bio","Before",0
"Scorpion SMR",1988,"Strongylocentrotus purpuratus","KFM","mpa",414.243143617544,"Bio","Before",0
"Scorpion SMR",1989,"Mesocentrotus franciscanus","KFM","mpa",101.128839266886,"Bio","Before",0
"Scorpion SMR",1989,"Strongylocentrotus purpuratus","KFM","mpa",559.912519140644,"Bio","Before",0
"Scorpion SMR",1990,"Mesocentrotus franciscanus","KFM","mpa",32.4270489098976,"Bio","Before",0
"Scorpion SMR",1990,"Strongylocentrotus purpuratus","KFM","mpa",374.871258529188,"Bio","Before",0
"Scorpion SMR",1991,"Mesocentrotus franciscanus","KFM","mpa",15.1817342899945,"Bio","Before",0
"Scorpion SMR",1991,"Strongylocentrotus purpuratus","KFM","mpa",614.243871612825,"Bio","Before",0
"Scorpion SMR",1992,"Mesocentrotus franciscanus","KFM","mpa",19.2245668326636,"Bio","Before",0
"Scorpion SMR",1992,"Strongylocentrotus purpuratus","KFM","mpa",333.350296273213,"Bio","Before",0
"Scorpion SMR",1993,"Mesocentrotus franciscanus","KFM","mpa",14.4357185823144,"Bio","Before",0
"Scorpion SMR",1993,"Strongylocentrotus purpuratus","KFM","mpa",431.427259556755,"Bio","Before",0
"Scorpion SMR",1994,"Mesocentrotus franciscanus","KFM","mpa",23.5302770059294,"Bio","Before",0
"Scorpion SMR",1994,"Strongylocentrotus purpuratus","KFM","mpa",276.641134065527,"Bio","Before",0
"Scorpion SMR",1995,"Mesocentrotus franciscanus","KFM","mpa",103.224953568344,"Bio","Before",0
"Scorpion SMR",1995,"Strongylocentrotus purpuratus","KFM","mpa",427.829169762343,"Bio","Before",0
"Scorpion SMR",1996,"Mesocentrotus franciscanus","KFM","mpa",41.8352526670825,"Bio","Before",0
"Scorpion SMR",1996,"Strongylocentrotus purpuratus","KFM","mpa",249.842276731794,"Bio","Before",0
"Scorpion SMR",1997,"Macrocystis pyrifera","KFM","mpa",0,"Bio","Before",0
"Scorpion SMR",1997,"Mesocentrotus franciscanus","KFM","mpa",36.5572481536412,"Bio","Before",0
"Scorpion SMR",1997,"Strongylocentrotus purpuratus","KFM","mpa",375.881370120355,"Bio","Before",0
"Scorpion SMR",1998,"Macrocystis pyrifera","KFM","mpa",0,"Bio","Before",0
"Scorpion SMR",1998,"Mesocentrotus franciscanus","KFM","mpa",55.1324917221257,"Bio","Before",0
"Scorpion SMR",1998,"Strongylocentrotus purpuratus","KFM","mpa",257.992184497908,"Bio","Before",0
"Scorpion SMR",1999,"Macrocystis pyrifera","KFM","mpa",0,"Bio","Before",0
"Scorpion SMR",1999,"Mesocentrotus franciscanus","KFM","mpa",56.9552156257551,"Bio","Before",0
"Scorpion SMR",1999,"Strongylocentrotus purpuratus","KFM","mpa",209.398339410149,"Bio","Before",0
"Scorpion SMR",2000,"Macrocystis pyrifera","KFM","mpa",0,"Bio","Before",0
"Scorpion SMR",2000,"Mesocentrotus franciscanus","KFM","mpa",101.681390677756,"Bio","Before",0
"Scorpion SMR",2000,"Strongylocentrotus purpuratus","KFM","mpa",280.120400293085,"Bio","Before",0
"Scorpion SMR",2001,"Macrocystis pyrifera","KFM","mpa",0,"Bio","Before",0
"Scorpion SMR",2001,"Mesocentrotus franciscanus","KFM","mpa",112.29754917918,"Bio","Before",0
"Scorpion SMR",2001,"Strongylocentrotus purpuratus","KFM","mpa",315.972836614433,"Bio","Before",0
"Scorpion SMR",2002,"Macrocystis pyrifera","KFM","mpa",0,"Bio","Before",0
"Scorpion SMR",2002,"Mesocentrotus franciscanus","KFM","mpa",105.627530587346,"Bio","Before",0
"Scorpion SMR",2002,"Strongylocentrotus purpuratus","KFM","mpa",318.451132826128,"Bio","Before",0
"Scorpion SMR",2003,"Macrocystis pyrifera","KFM","mpa",0,"Bio","Before",0
"Scorpion SMR",2003,"Mesocentrotus franciscanus","KFM","mpa",159.140281659541,"Bio","Before",0
"Scorpion SMR",2003,"Strongylocentrotus purpuratus","KFM","mpa",538.977549508997,"Bio","Before",0
"Scorpion SMR",2004,"Macrocystis pyrifera","KFM","mpa",0,"Bio","After",1
"Scorpion SMR",2004,"Mesocentrotus franciscanus","KFM","mpa",125.498289814458,"Bio","After",1
"Scorpion SMR",2004,"Strongylocentrotus purpuratus","KFM","mpa",360.946366385538,"Bio","After",1
"Scorpion SMR",2005,"Macrocystis pyrifera","KFM","mpa",9.8716,"Bio","After",2
"Scorpion SMR",2005,"Mesocentrotus franciscanus","KFM","mpa",157.616199596616,"Bio","After",2
"Scorpion SMR",2005,"Strongylocentrotus purpuratus","KFM","mpa",378.094899144438,"Bio","After",2
"Scorpion SMR",2006,"Macrocystis pyrifera","KFM","mpa",0,"Bio","After",3
"Scorpion SMR",2006,"Mesocentrotus franciscanus","KFM","mpa",116.746234830562,"Bio","After",3
"Scorpion SMR",2006,"Strongylocentrotus purpuratus","KFM","mpa",271.092590856368,"Bio","After",3
"Scorpion SMR",2007,"Macrocystis pyrifera","KFM","mpa",84.5592,"Bio","After",4
"Scorpion SMR",2007,"Mesocentrotus franciscanus","KFM","mpa",241.27197613604,"Bio","After",4
"Scorpion SMR",2007,"Strongylocentrotus purpuratus","KFM","mpa",479.030846122738,"Bio","After",4
"Scorpion SMR",2008,"Macrocystis pyrifera","KFM","mpa",121.6704,"Bio","After",5
"Scorpion SMR",2008,"Mesocentrotus franciscanus","KFM","mpa",308.259451805577,"Bio","After",5
"Scorpion SMR",2008,"Strongylocentrotus purpuratus","KFM","mpa",329.81673972347,"Bio","After",5
"Scorpion SMR",2009,"Macrocystis pyrifera","KFM","mpa",168.5792,"Bio","After",6
"Scorpion SMR",2009,"Mesocentrotus franciscanus","KFM","mpa",222.853544181537,"Bio","After",6
"Scorpion SMR",2009,"Strongylocentrotus purpuratus","KFM","mpa",443.660294734162,"Bio","After",6
"Scorpion SMR",2010,"Mesocentrotus franciscanus","KFM","mpa",452.302241674394,"Bio","After",7
"Scorpion SMR",2010,"Strongylocentrotus purpuratus","KFM","mpa",573.237282643329,"Bio","After",7
"Scorpion SMR",2011,"Macrocystis pyrifera","KFM","mpa",0,"Bio","After",8
"Scorpion SMR",2011,"Mesocentrotus franciscanus","KFM","mpa",392.076336563232,"Bio","After",8
"Scorpion SMR",2011,"Strongylocentrotus purpuratus","KFM","mpa",696.285371357223,"Bio","After",8
"Scorpion SMR",2012,"Macrocystis pyrifera","KFM","mpa",0,"Bio","After",9
"Scorpion SMR",2012,"Mesocentrotus franciscanus","KFM","mpa",404.123720114148,"Bio","After",9
"Scorpion SMR",2012,"Strongylocentrotus purpuratus","KFM","mpa",1154.5729130448,"Bio","After",9
"Scorpion SMR",2013,"Macrocystis pyrifera","KFM","mpa",0,"Bio","After",10
"Scorpion SMR",2013,"Mesocentrotus franciscanus","KFM","mpa",223.354247926365,"Bio","After",10
"Scorpion SMR",2013,"Strongylocentrotus purpuratus","KFM","mpa",606.2727984178,"Bio","After",10
"Scorpion SMR",2014,"Macrocystis pyrifera","KFM","mpa",197.7832,"Bio","After",11
"Scorpion SMR",2014,"Mesocentrotus franciscanus","KFM","mpa",165.770969721338,"Bio","After",11
"Scorpion SMR",2014,"Strongylocentrotus purpuratus","KFM","mpa",333.139166605985,"Bio","After",11
"Scorpion SMR",2015,"Macrocystis pyrifera","KFM","mpa",496.9904,"Bio","After",12
"Scorpion SMR",2015,"Mesocentrotus franciscanus","KFM","mpa",62.0900810272287,"Bio","After",12
"Scorpion SMR",2015,"Strongylocentrotus purpuratus","KFM","mpa",212.732703086696,"Bio","After",12
"Scorpion SMR",2016,"Macrocystis pyrifera","KFM","mpa",769.8272,"Bio","After",13
"Scorpion SMR",2016,"Mesocentrotus franciscanus","KFM","mpa",30.0556570851454,"Bio","After",13
"Scorpion SMR",2016,"Strongylocentrotus purpuratus","KFM","mpa",34.6970824767075,"Bio","After",13
"Scorpion SMR",2017,"Macrocystis pyrifera","KFM","mpa",1316.8188,"Bio","After",14
"Scorpion SMR",2017,"Mesocentrotus franciscanus","KFM","mpa",126.827665435501,"Bio","After",14
"Scorpion SMR",2017,"Strongylocentrotus purpuratus","KFM","mpa",77.2343906517759,"Bio","After",14
"Scorpion SMR",2018,"Macrocystis pyrifera","KFM","mpa",6832.0572,"Bio","After",15
"Scorpion SMR",2018,"Mesocentrotus franciscanus","KFM","mpa",98.4129341939104,"Bio","After",15
"Scorpion SMR",2018,"Strongylocentrotus purpuratus","KFM","mpa",87.6924159074492,"Bio","After",15
"Scorpion SMR",2019,"Macrocystis pyrifera","KFM","mpa",795.7912,"Bio","After",16
"Scorpion SMR",2019,"Mesocentrotus franciscanus","KFM","mpa",107.102818988317,"Bio","After",16
"Scorpion SMR",2019,"Strongylocentrotus purpuratus","KFM","mpa",65.7067265708676,"Bio","After",16
"Scorpion SMR",2021,"Macrocystis pyrifera","KFM","mpa",1149.2412,"Bio","After",18
"Scorpion SMR",2021,"Mesocentrotus franciscanus","KFM","mpa",130.637327375272,"Bio","After",18
"Scorpion SMR",2021,"Strongylocentrotus purpuratus","KFM","mpa",56.1482081963983,"Bio","After",18
"Scorpion SMR",2022,"Macrocystis pyrifera","KFM","mpa",669.948,"Bio","After",19
"Scorpion SMR",2022,"Mesocentrotus franciscanus","KFM","mpa",172.28472297268,"Bio","After",19
"Scorpion SMR",2022,"Strongylocentrotus purpuratus","KFM","mpa",154.215443663357,"Bio","After",19
"South Point SMR",2005,"Macrocystis pyrifera","KFM","mpa",227.692266666667,"Bio","After",2
"South Point SMR",2005,"Mesocentrotus franciscanus","KFM","mpa",624.085221413231,"Bio","After",2
"South Point SMR",2005,"Strongylocentrotus purpuratus","KFM","mpa",12.2719421292653,"Bio","After",2
"South Point SMR",2006,"Macrocystis pyrifera","KFM","mpa",321.897866666667,"Bio","After",3
"South Point SMR",2006,"Mesocentrotus franciscanus","KFM","mpa",504.523292222589,"Bio","After",3
"South Point SMR",2006,"Strongylocentrotus purpuratus","KFM","mpa",12.5822312118059,"Bio","After",3
"South Point SMR",2007,"Macrocystis pyrifera","KFM","mpa",446.620533333333,"Bio","After",4
"South Point SMR",2007,"Mesocentrotus franciscanus","KFM","mpa",641.572646454975,"Bio","After",4
"South Point SMR",2007,"Strongylocentrotus purpuratus","KFM","mpa",27.9600877517113,"Bio","After",4
"South Point SMR",2008,"Macrocystis pyrifera","KFM","mpa",645.895733333333,"Bio","After",5
"South Point SMR",2008,"Mesocentrotus franciscanus","KFM","mpa",761.264703359497,"Bio","After",5
"South Point SMR",2008,"Strongylocentrotus purpuratus","KFM","mpa",58.2166628276032,"Bio","After",5
"South Point SMR",2009,"Macrocystis pyrifera","KFM","mpa",576.3748,"Bio","After",6
"South Point SMR",2009,"Mesocentrotus franciscanus","KFM","mpa",1031.86062161266,"Bio","After",6
"South Point SMR",2009,"Strongylocentrotus purpuratus","KFM","mpa",103.159632155511,"Bio","After",6
"South Point SMR",2010,"Macrocystis pyrifera","KFM","mpa",334.754,"Bio","After",7
"South Point SMR",2010,"Mesocentrotus franciscanus","KFM","mpa",1196.7420947622,"Bio","After",7
"South Point SMR",2010,"Strongylocentrotus purpuratus","KFM","mpa",189.533693832995,"Bio","After",7
"South Point SMR",2011,"Macrocystis pyrifera","KFM","mpa",118.820533333333,"Bio","After",8
"South Point SMR",2011,"Mesocentrotus franciscanus","KFM","mpa",1363.57940760156,"Bio","After",8
"South Point SMR",2011,"Strongylocentrotus purpuratus","KFM","mpa",143.245252552863,"Bio","After",8
"South Point SMR",2012,"Macrocystis pyrifera","KFM","mpa",220.839733333333,"Bio","After",9
"South Point SMR",2012,"Mesocentrotus franciscanus","KFM","mpa",997.591351055795,"Bio","After",9
"South Point SMR",2012,"Strongylocentrotus purpuratus","KFM","mpa",141.638522065201,"Bio","After",9
"South Point SMR",2013,"Macrocystis pyrifera","KFM","mpa",242.326133333333,"Bio","After",10
"South Point SMR",2013,"Mesocentrotus franciscanus","KFM","mpa",1125.19730185327,"Bio","After",10
"South Point SMR",2013,"Strongylocentrotus purpuratus","KFM","mpa",46.1041782150188,"Bio","After",10
"South Point SMR",2014,"Macrocystis pyrifera","KFM","mpa",409.384666666667,"Bio","After",11
"South Point SMR",2014,"Mesocentrotus franciscanus","KFM","mpa",1246.34911396487,"Bio","After",11
"South Point SMR",2014,"Strongylocentrotus purpuratus","KFM","mpa",101.405332022651,"Bio","After",11
"South Point SMR",2015,"Macrocystis pyrifera","KFM","mpa",411.328266666667,"Bio","After",12
"South Point SMR",2015,"Mesocentrotus franciscanus","KFM","mpa",1846.32969304683,"Bio","After",12
"South Point SMR",2015,"Strongylocentrotus purpuratus","KFM","mpa",180.253532233141,"Bio","After",12
"South Point SMR",2016,"Macrocystis pyrifera","KFM","mpa",337.793466666667,"Bio","After",13
"South Point SMR",2016,"Mesocentrotus franciscanus","KFM","mpa",1923.24607827514,"Bio","After",13
"South Point SMR",2016,"Strongylocentrotus purpuratus","KFM","mpa",256.657585259822,"Bio","After",13
"South Point SMR",2017,"Macrocystis pyrifera","KFM","mpa",333.3332,"Bio","After",14
"South Point SMR",2017,"Mesocentrotus franciscanus","KFM","mpa",1148.46618429743,"Bio","After",14
"South Point SMR",2017,"Strongylocentrotus purpuratus","KFM","mpa",258.918529767283,"Bio","After",14
"South Point SMR",2018,"Macrocystis pyrifera","KFM","mpa",352.673733333333,"Bio","After",15
"South Point SMR",2018,"Mesocentrotus franciscanus","KFM","mpa",1114.28212036875,"Bio","After",15
"South Point SMR",2018,"Strongylocentrotus purpuratus","KFM","mpa",544.45394018054,"Bio","After",15
"South Point SMR",2019,"Macrocystis pyrifera","KFM","mpa",239.978666666667,"Bio","After",16
"South Point SMR",2019,"Mesocentrotus franciscanus","KFM","mpa",1518.12098118646,"Bio","After",16
"South Point SMR",2019,"Strongylocentrotus purpuratus","KFM","mpa",296.411518657326,"Bio","After",16
"South Point SMR",2021,"Macrocystis pyrifera","KFM","mpa",215.336933333333,"Bio","After",18
"South Point SMR",2021,"Mesocentrotus franciscanus","KFM","mpa",1574.61638046505,"Bio","After",18
"South Point SMR",2021,"Strongylocentrotus purpuratus","KFM","mpa",504.981909050153,"Bio","After",18
"South Point SMR",2022,"Macrocystis pyrifera","KFM","mpa",198.964,"Bio","After",19
"South Point SMR",2022,"Mesocentrotus franciscanus","KFM","mpa",1315.62090135629,"Bio","After",19
"South Point SMR",2022,"Strongylocentrotus purpuratus","KFM","mpa",355.22342881055,"Bio","After",19
"Anacapa Island SMR 2003",2005,"Macrocystis pyrifera","KFM","reference",159.082133333333,"Bio","After",2
"Anacapa Island SMR 2003",2005,"Mesocentrotus franciscanus","KFM","reference",368.975551967283,"Bio","After",2
"Anacapa Island SMR 2003",2005,"Strongylocentrotus purpuratus","KFM","reference",245.49182080279,"Bio","After",2
"Anacapa Island SMR 2003",2006,"Macrocystis pyrifera","KFM","reference",0,"Bio","After",3
"Anacapa Island SMR 2003",2006,"Mesocentrotus franciscanus","KFM","reference",434.642440170443,"Bio","After",3
"Anacapa Island SMR 2003",2006,"Strongylocentrotus purpuratus","KFM","reference",451.596341727532,"Bio","After",3
"Anacapa Island SMR 2003",2007,"Macrocystis pyrifera","KFM","reference",1.05493333333333,"Bio","After",4
"Anacapa Island SMR 2003",2007,"Mesocentrotus franciscanus","KFM","reference",195.608250275238,"Bio","After",4
"Anacapa Island SMR 2003",2007,"Strongylocentrotus purpuratus","KFM","reference",231.203775125463,"Bio","After",4
"Anacapa Island SMR 2003",2008,"Macrocystis pyrifera","KFM","reference",0,"Bio","After",5
"Anacapa Island SMR 2003",2008,"Mesocentrotus franciscanus","KFM","reference",329.618902732872,"Bio","After",5
"Anacapa Island SMR 2003",2008,"Strongylocentrotus purpuratus","KFM","reference",238.115975486529,"Bio","After",5
"Anacapa Island SMR 2003",2009,"Macrocystis pyrifera","KFM","reference",0,"Bio","After",6
"Anacapa Island SMR 2003",2009,"Mesocentrotus franciscanus","KFM","reference",243.500187166942,"Bio","After",6
"Anacapa Island SMR 2003",2009,"Strongylocentrotus purpuratus","KFM","reference",295.155672698161,"Bio","After",6
"Anacapa Island SMR 2003",2010,"Macrocystis pyrifera","KFM","reference",0,"Bio","After",7
"Anacapa Island SMR 2003",2010,"Mesocentrotus franciscanus","KFM","reference",261.048736716138,"Bio","After",7
"Anacapa Island SMR 2003",2010,"Strongylocentrotus purpuratus","KFM","reference",374.49806090116,"Bio","After",7
"Anacapa Island SMR 2003",2011,"Macrocystis pyrifera","KFM","reference",0.270533333333333,"Bio","After",8
"Anacapa Island SMR 2003",2011,"Mesocentrotus franciscanus","KFM","reference",249.246819525462,"Bio","After",8
"Anacapa Island SMR 2003",2011,"Strongylocentrotus purpuratus","KFM","reference",337.984842934366,"Bio","After",8
"Anacapa Island SMR 2003",2012,"Macrocystis pyrifera","KFM","reference",0,"Bio","After",9
"Anacapa Island SMR 2003",2012,"Mesocentrotus franciscanus","KFM","reference",208.89431759789,"Bio","After",9
"Anacapa Island SMR 2003",2012,"Strongylocentrotus purpuratus","KFM","reference",282.909245189846,"Bio","After",9
"Anacapa Island SMR 2003",2013,"Macrocystis pyrifera","KFM","reference",2.56986666666667,"Bio","After",10
"Anacapa Island SMR 2003",2013,"Mesocentrotus franciscanus","KFM","reference",210.656417495533,"Bio","After",10
"Anacapa Island SMR 2003",2013,"Strongylocentrotus purpuratus","KFM","reference",255.644345019918,"Bio","After",10
"Anacapa Island SMR 2003",2014,"Macrocystis pyrifera","KFM","reference",1.21226666666667,"Bio","After",11
"Anacapa Island SMR 2003",2014,"Mesocentrotus franciscanus","KFM","reference",183.208885160869,"Bio","After",11
"Anacapa Island SMR 2003",2014,"Strongylocentrotus purpuratus","KFM","reference",217.108256271894,"Bio","After",11
"Anacapa Island SMR 2003",2015,"Macrocystis pyrifera","KFM","reference",241.168266666667,"Bio","After",12
"Anacapa Island SMR 2003",2015,"Mesocentrotus franciscanus","KFM","reference",99.1211950481747,"Bio","After",12
"Anacapa Island SMR 2003",2015,"Strongylocentrotus purpuratus","KFM","reference",152.959812368136,"Bio","After",12
"Anacapa Island SMR 2003",2016,"Macrocystis pyrifera","KFM","reference",199.5936,"Bio","After",13
"Anacapa Island SMR 2003",2016,"Mesocentrotus franciscanus","KFM","reference",172.570269817672,"Bio","After",13
"Anacapa Island SMR 2003",2016,"Strongylocentrotus purpuratus","KFM","reference",128.618739655311,"Bio","After",13
"Anacapa Island SMR 2003",2017,"Macrocystis pyrifera","KFM","reference",354.884133333333,"Bio","After",14
"Anacapa Island SMR 2003",2017,"Mesocentrotus franciscanus","KFM","reference",117.168275566281,"Bio","After",14
"Anacapa Island SMR 2003",2017,"Strongylocentrotus purpuratus","KFM","reference",83.0955545912105,"Bio","After",14
"Anacapa Island SMR 2003",2018,"Macrocystis pyrifera","KFM","reference",77.0137333333333,"Bio","After",15
"Anacapa Island SMR 2003",2018,"Mesocentrotus franciscanus","KFM","reference",146.774300381305,"Bio","After",15
"Anacapa Island SMR 2003",2018,"Strongylocentrotus purpuratus","KFM","reference",186.457071184059,"Bio","After",15
"Anacapa Island SMR 2003",2019,"Macrocystis pyrifera","KFM","reference",532.608266666667,"Bio","After",16
"Anacapa Island SMR 2003",2019,"Mesocentrotus franciscanus","KFM","reference",146.617168198692,"Bio","After",16
"Anacapa Island SMR 2003",2019,"Strongylocentrotus purpuratus","KFM","reference",181.613962863891,"Bio","After",16
"Anacapa Island SMR 2003",2021,"Macrocystis pyrifera","KFM","reference",199.434133333333,"Bio","After",18
"Anacapa Island SMR 2003",2021,"Mesocentrotus franciscanus","KFM","reference",298.386657456393,"Bio","After",18
"Anacapa Island SMR 2003",2021,"Strongylocentrotus purpuratus","KFM","reference",259.317705322098,"Bio","After",18
"Anacapa Island SMR 2003",2022,"Macrocystis pyrifera","KFM","reference",146.086,"Bio","After",19
"Anacapa Island SMR 2003",2022,"Mesocentrotus franciscanus","KFM","reference",436.512171269601,"Bio","After",19
"Anacapa Island SMR 2003",2022,"Strongylocentrotus purpuratus","KFM","reference",301.084525207069,"Bio","After",19
"Gull Island SMR",1986,"Mesocentrotus franciscanus","KFM","reference",190.571773449109,"Bio","Before",0
"Gull Island SMR",1986,"Strongylocentrotus purpuratus","KFM","reference",296.869273777867,"Bio","Before",0
"Gull Island SMR",1987,"Mesocentrotus franciscanus","KFM","reference",180.339280695527,"Bio","Before",0
"Gull Island SMR",1987,"Strongylocentrotus purpuratus","KFM","reference",333.542582472738,"Bio","Before",0
"Gull Island SMR",1988,"Mesocentrotus franciscanus","KFM","reference",244.656401064263,"Bio","Before",0
"Gull Island SMR",1988,"Strongylocentrotus purpuratus","KFM","reference",136.840389486535,"Bio","Before",0
"Gull Island SMR",1989,"Mesocentrotus franciscanus","KFM","reference",69.3693506386471,"Bio","Before",0
"Gull Island SMR",1989,"Strongylocentrotus purpuratus","KFM","reference",301.436404614125,"Bio","Before",0
"Gull Island SMR",1990,"Mesocentrotus franciscanus","KFM","reference",21.7866702791021,"Bio","Before",0
"Gull Island SMR",1990,"Strongylocentrotus purpuratus","KFM","reference",190.55353512307,"Bio","Before",0
"Gull Island SMR",1991,"Mesocentrotus franciscanus","KFM","reference",265.011896382482,"Bio","Before",0
"Gull Island SMR",1991,"Strongylocentrotus purpuratus","KFM","reference",185.533707429399,"Bio","Before",0
"Gull Island SMR",1992,"Mesocentrotus franciscanus","KFM","reference",42.9013296722438,"Bio","Before",0
"Gull Island SMR",1992,"Strongylocentrotus purpuratus","KFM","reference",81.7262527052718,"Bio","Before",0
"Gull Island SMR",1993,"Mesocentrotus franciscanus","KFM","reference",112.53831779401,"Bio","Before",0
"Gull Island SMR",1993,"Strongylocentrotus purpuratus","KFM","reference",60.7783484513374,"Bio","Before",0
"Gull Island SMR",1994,"Mesocentrotus franciscanus","KFM","reference",87.2593573215312,"Bio","Before",0
"Gull Island SMR",1994,"Strongylocentrotus purpuratus","KFM","reference",32.4637722511965,"Bio","Before",0
"Gull Island SMR",1995,"Mesocentrotus franciscanus","KFM","reference",83.0254235432797,"Bio","Before",0
"Gull Island SMR",1995,"Strongylocentrotus purpuratus","KFM","reference",123.820987743738,"Bio","Before",0
"Gull Island SMR",1996,"Macrocystis pyrifera","KFM","reference",71.492,"Bio","Before",0
"Gull Island SMR",1996,"Mesocentrotus franciscanus","KFM","reference",51.3587323059352,"Bio","Before",0
"Gull Island SMR",1996,"Strongylocentrotus purpuratus","KFM","reference",173.02924211012,"Bio","Before",0
"Gull Island SMR",1997,"Macrocystis pyrifera","KFM","reference",225.2612,"Bio","Before",0
"Gull Island SMR",1997,"Mesocentrotus franciscanus","KFM","reference",254.705989575906,"Bio","Before",0
"Gull Island SMR",1997,"Strongylocentrotus purpuratus","KFM","reference",268.387318346675,"Bio","Before",0
"Gull Island SMR",1998,"Macrocystis pyrifera","KFM","reference",0,"Bio","Before",0
"Gull Island SMR",1998,"Mesocentrotus franciscanus","KFM","reference",177.019480830399,"Bio","Before",0
"Gull Island SMR",1998,"Strongylocentrotus purpuratus","KFM","reference",299.490229945041,"Bio","Before",0
"Gull Island SMR",1999,"Mesocentrotus franciscanus","KFM","reference",110.175448778954,"Bio","Before",0
"Gull Island SMR",1999,"Strongylocentrotus purpuratus","KFM","reference",287.656788557022,"Bio","Before",0
"Gull Island SMR",2000,"Mesocentrotus franciscanus","KFM","reference",85.3056001124266,"Bio","Before",0
"Gull Island SMR",2000,"Strongylocentrotus purpuratus","KFM","reference",247.179580882361,"Bio","Before",0
"Gull Island SMR",2001,"Macrocystis pyrifera","KFM","reference",0,"Bio","Before",0
"Gull Island SMR",2001,"Mesocentrotus franciscanus","KFM","reference",131.120456946508,"Bio","Before",0
"Gull Island SMR",2001,"Strongylocentrotus purpuratus","KFM","reference",173.851360026672,"Bio","Before",0
"Gull Island SMR",2002,"Macrocystis pyrifera","KFM","reference",0,"Bio","Before",0
"Gull Island SMR",2002,"Mesocentrotus franciscanus","KFM","reference",36.979697268778,"Bio","Before",0
"Gull Island SMR",2002,"Strongylocentrotus purpuratus","KFM","reference",23.0165050299452,"Bio","Before",0
"Gull Island SMR",2003,"Macrocystis pyrifera","KFM","reference",604.8864,"Bio","Before",0
"Gull Island SMR",2003,"Mesocentrotus franciscanus","KFM","reference",106.596829199582,"Bio","Before",0
"Gull Island SMR",2003,"Strongylocentrotus purpuratus","KFM","reference",6.35600313359527,"Bio","Before",0
"Gull Island SMR",2004,"Macrocystis pyrifera","KFM","reference",692.3204,"Bio","After",1
"Gull Island SMR",2004,"Mesocentrotus franciscanus","KFM","reference",17.7467016322361,"Bio","After",1
"Gull Island SMR",2004,"Strongylocentrotus purpuratus","KFM","reference",23.2740150935917,"Bio","After",1
"Gull Island SMR",2005,"Macrocystis pyrifera","KFM","reference",503.0164,"Bio","After",2
"Gull Island SMR",2005,"Mesocentrotus franciscanus","KFM","reference",6.00772968857617,"Bio","After",2
"Gull Island SMR",2005,"Strongylocentrotus purpuratus","KFM","reference",43.999809567466,"Bio","After",2
"Gull Island SMR",2006,"Macrocystis pyrifera","KFM","reference",20.2156,"Bio","After",3
"Gull Island SMR",2006,"Mesocentrotus franciscanus","KFM","reference",57.400033165834,"Bio","After",3
"Gull Island SMR",2006,"Strongylocentrotus purpuratus","KFM","reference",114.160893132861,"Bio","After",3
"Gull Island SMR",2007,"Macrocystis pyrifera","KFM","reference",544.5832,"Bio","After",4
"Gull Island SMR",2007,"Mesocentrotus franciscanus","KFM","reference",11.5180085431198,"Bio","After",4
"Gull Island SMR",2007,"Strongylocentrotus purpuratus","KFM","reference",18.5912265494842,"Bio","After",4
"Gull Island SMR",2008,"Macrocystis pyrifera","KFM","reference",121.9156,"Bio","After",5
"Gull Island SMR",2008,"Mesocentrotus franciscanus","KFM","reference",50.3984872194851,"Bio","After",5
"Gull Island SMR",2008,"Strongylocentrotus purpuratus","KFM","reference",139.659805820227,"Bio","After",5
"Gull Island SMR",2009,"Macrocystis pyrifera","KFM","reference",75.2864,"Bio","After",6
"Gull Island SMR",2009,"Mesocentrotus franciscanus","KFM","reference",48.095958785858,"Bio","After",6
"Gull Island SMR",2009,"Strongylocentrotus purpuratus","KFM","reference",211.529764283762,"Bio","After",6
"Gull Island SMR",2010,"Macrocystis pyrifera","KFM","reference",471.994,"Bio","After",7
"Gull Island SMR",2010,"Mesocentrotus franciscanus","KFM","reference",60.0690425318174,"Bio","After",7
"Gull Island SMR",2010,"Strongylocentrotus purpuratus","KFM","reference",92.0613057170569,"Bio","After",7
"Gull Island SMR",2011,"Macrocystis pyrifera","KFM","reference",4.4028,"Bio","After",8
"Gull Island SMR",2011,"Mesocentrotus franciscanus","KFM","reference",315.408822247179,"Bio","After",8
"Gull Island SMR",2011,"Strongylocentrotus purpuratus","KFM","reference",295.799414508927,"Bio","After",8
"Gull Island SMR",2012,"Macrocystis pyrifera","KFM","reference",116.4532,"Bio","After",9
"Gull Island SMR",2012,"Mesocentrotus franciscanus","KFM","reference",149.171562693266,"Bio","After",9
"Gull Island SMR",2012,"Strongylocentrotus purpuratus","KFM","reference",15.7866068799141,"Bio","After",9
"Gull Island SMR",2013,"Macrocystis pyrifera","KFM","reference",747.8448,"Bio","After",10
"Gull Island SMR",2013,"Mesocentrotus franciscanus","KFM","reference",207.936460825362,"Bio","After",10
"Gull Island SMR",2013,"Strongylocentrotus purpuratus","KFM","reference",39.9627432292308,"Bio","After",10
"Gull Island SMR",2014,"Macrocystis pyrifera","KFM","reference",180.8816,"Bio","After",11
"Gull Island SMR",2014,"Mesocentrotus franciscanus","KFM","reference",782.651978109855,"Bio","After",11
"Gull Island SMR",2014,"Strongylocentrotus purpuratus","KFM","reference",383.706404327484,"Bio","After",11
"Gull Island SMR",2015,"Macrocystis pyrifera","KFM","reference",0,"Bio","After",12
"Gull Island SMR",2015,"Mesocentrotus franciscanus","KFM","reference",177.364141331543,"Bio","After",12
"Gull Island SMR",2015,"Strongylocentrotus purpuratus","KFM","reference",363.348081097172,"Bio","After",12
"Gull Island SMR",2016,"Macrocystis pyrifera","KFM","reference",0,"Bio","After",13
"Gull Island SMR",2016,"Mesocentrotus franciscanus","KFM","reference",31.517349332617,"Bio","After",13
"Gull Island SMR",2016,"Strongylocentrotus purpuratus","KFM","reference",181.068067832823,"Bio","After",13
"Gull Island SMR",2017,"Macrocystis pyrifera","KFM","reference",0,"Bio","After",14
"Gull Island SMR",2017,"Mesocentrotus franciscanus","KFM","reference",30.1146177003745,"Bio","After",14
"Gull Island SMR",2017,"Strongylocentrotus purpuratus","KFM","reference",123.559623792924,"Bio","After",14
"Gull Island SMR",2018,"Macrocystis pyrifera","KFM","reference",0,"Bio","After",15
"Gull Island SMR",2018,"Mesocentrotus franciscanus","KFM","reference",96.6632769689326,"Bio","After",15
"Gull Island SMR",2018,"Strongylocentrotus purpuratus","KFM","reference",93.458250799316,"Bio","After",15
"Gull Island SMR",2019,"Macrocystis pyrifera","KFM","reference",0,"Bio","After",16
"Gull Island SMR",2019,"Mesocentrotus franciscanus","KFM","reference",59.1118708470319,"Bio","After",16
"Gull Island SMR",2019,"Strongylocentrotus purpuratus","KFM","reference",29.6739661001712,"Bio","After",16
"Gull Island SMR",2021,"Macrocystis pyrifera","KFM","reference",366.4792,"Bio","After",18
"Gull Island SMR",2021,"Mesocentrotus franciscanus","KFM","reference",103.219151545264,"Bio","After",18
"Gull Island SMR",2021,"Strongylocentrotus purpuratus","KFM","reference",122.337921719246,"Bio","After",18
"Gull Island SMR",2022,"Macrocystis pyrifera","KFM","reference",0,"Bio","After",19
"Gull Island SMR",2022,"Mesocentrotus franciscanus","KFM","reference",109.877202330805,"Bio","After",19
"Gull Island SMR",2022,"Strongylocentrotus purpuratus","KFM","reference",325.133949388659,"Bio","After",19
"Harris Point SMR",1985,"Mesocentrotus franciscanus","KFM","reference",184.37772901307,"Bio","Before",0
"Harris Point SMR",1985,"Strongylocentrotus purpuratus","KFM","reference",9.70185609819387,"Bio","Before",0
"Harris Point SMR",1986,"Mesocentrotus franciscanus","KFM","reference",388.282370733029,"Bio","Before",0
"Harris Point SMR",1986,"Strongylocentrotus purpuratus","KFM","reference",39.4610814635918,"Bio","Before",0
"Harris Point SMR",1987,"Mesocentrotus franciscanus","KFM","reference",201.961986788171,"Bio","Before",0
"Harris Point SMR",1987,"Strongylocentrotus purpuratus","KFM","reference",8.74144842967146,"Bio","Before",0
"Harris Point SMR",1988,"Mesocentrotus franciscanus","KFM","reference",356.978377697964,"Bio","Before",0
"Harris Point SMR",1988,"Strongylocentrotus purpuratus","KFM","reference",10.8333620398595,"Bio","Before",0
"Harris Point SMR",1989,"Mesocentrotus franciscanus","KFM","reference",329.227498837687,"Bio","Before",0
"Harris Point SMR",1989,"Strongylocentrotus purpuratus","KFM","reference",10.7179797519367,"Bio","Before",0
"Harris Point SMR",1990,"Mesocentrotus franciscanus","KFM","reference",322.482206061953,"Bio","Before",0
"Harris Point SMR",1990,"Strongylocentrotus purpuratus","KFM","reference",4.9478173519289,"Bio","Before",0
"Harris Point SMR",1991,"Mesocentrotus franciscanus","KFM","reference",118.14979881973,"Bio","Before",0
"Harris Point SMR",1991,"Strongylocentrotus purpuratus","KFM","reference",2.5582739767982,"Bio","Before",0
"Harris Point SMR",1992,"Mesocentrotus franciscanus","KFM","reference",113.060648245938,"Bio","Before",0
"Harris Point SMR",1992,"Strongylocentrotus purpuratus","KFM","reference",0,"Bio","Before",0
"Harris Point SMR",1994,"Mesocentrotus franciscanus","KFM","reference",50.0584362783305,"Bio","Before",0
"Harris Point SMR",1994,"Strongylocentrotus purpuratus","KFM","reference",6.7550270607518,"Bio","Before",0
"Harris Point SMR",1995,"Mesocentrotus franciscanus","KFM","reference",58.1027624321022,"Bio","Before",0
"Harris Point SMR",1995,"Strongylocentrotus purpuratus","KFM","reference",9.7232261994579,"Bio","Before",0
"Harris Point SMR",1996,"Macrocystis pyrifera","KFM","reference",438.9924,"Bio","Before",0
"Harris Point SMR",1996,"Mesocentrotus franciscanus","KFM","reference",0,"Bio","Before",0
"Harris Point SMR",1996,"Strongylocentrotus purpuratus","KFM","reference",0,"Bio","Before",0
"Harris Point SMR",1997,"Macrocystis pyrifera","KFM","reference",571.8484,"Bio","Before",0
"Harris Point SMR",1997,"Mesocentrotus franciscanus","KFM","reference",46.7209930979331,"Bio","Before",0
"Harris Point SMR",1997,"Strongylocentrotus purpuratus","KFM","reference",7.92576691326152,"Bio","Before",0
"Harris Point SMR",1998,"Macrocystis pyrifera","KFM","reference",263.0704,"Bio","Before",0
"Harris Point SMR",1998,"Mesocentrotus franciscanus","KFM","reference",299.95328763824,"Bio","Before",0
"Harris Point SMR",1998,"Strongylocentrotus purpuratus","KFM","reference",13.6714851866448,"Bio","Before",0
"Harris Point SMR",1999,"Macrocystis pyrifera","KFM","reference",522.4204,"Bio","Before",0
"Harris Point SMR",1999,"Mesocentrotus franciscanus","KFM","reference",39.8068084244711,"Bio","Before",0
"Harris Point SMR",1999,"Strongylocentrotus purpuratus","KFM","reference",49.1203188513418,"Bio","Before",0
"Harris Point SMR",2000,"Macrocystis pyrifera","KFM","reference",26.734,"Bio","Before",0
"Harris Point SMR",2000,"Mesocentrotus franciscanus","KFM","reference",132.762230484136,"Bio","Before",0
"Harris Point SMR",2000,"Strongylocentrotus purpuratus","KFM","reference",81.6091400440081,"Bio","Before",0
"Harris Point SMR",2001,"Macrocystis pyrifera","KFM","reference",140.8052,"Bio","Before",0
"Harris Point SMR",2001,"Mesocentrotus franciscanus","KFM","reference",763.382565610675,"Bio","Before",0
"Harris Point SMR",2001,"Strongylocentrotus purpuratus","KFM","reference",151.577861962231,"Bio","Before",0
"Harris Point SMR",2002,"Mesocentrotus franciscanus","KFM","reference",1051.03840326558,"Bio","Before",0
"Harris Point SMR",2002,"Strongylocentrotus purpuratus","KFM","reference",40.6084076864756,"Bio","Before",0
"Harris Point SMR",2003,"Macrocystis pyrifera","KFM","reference",528.3676,"Bio","Before",0
"Harris Point SMR",2003,"Mesocentrotus franciscanus","KFM","reference",1151.26589676824,"Bio","Before",0
"Harris Point SMR",2003,"Strongylocentrotus purpuratus","KFM","reference",10.3670326871014,"Bio","Before",0
"Harris Point SMR",2004,"Macrocystis pyrifera","KFM","reference",452.1652,"Bio","After",1
"Harris Point SMR",2004,"Mesocentrotus franciscanus","KFM","reference",951.8379421122,"Bio","After",1
"Harris Point SMR",2004,"Strongylocentrotus purpuratus","KFM","reference",31.8921553471092,"Bio","After",1
"Harris Point SMR",2005,"Macrocystis pyrifera","KFM","reference",163.0172,"Bio","After",2
"Harris Point SMR",2005,"Mesocentrotus franciscanus","KFM","reference",76.3500546296815,"Bio","After",2
"Harris Point SMR",2005,"Strongylocentrotus purpuratus","KFM","reference",0,"Bio","After",2
"Harris Point SMR",2006,"Macrocystis pyrifera","KFM","reference",656.6292,"Bio","After",3
"Harris Point SMR",2006,"Mesocentrotus franciscanus","KFM","reference",597.47077928272,"Bio","After",3
"Harris Point SMR",2006,"Strongylocentrotus purpuratus","KFM","reference",1.66177504066941,"Bio","After",3
"Harris Point SMR",2007,"Macrocystis pyrifera","KFM","reference",682.2492,"Bio","After",4
"Harris Point SMR",2007,"Mesocentrotus franciscanus","KFM","reference",48.8972625532639,"Bio","After",4
"Harris Point SMR",2007,"Strongylocentrotus purpuratus","KFM","reference",11.2738264663557,"Bio","After",4
"Harris Point SMR",2008,"Macrocystis pyrifera","KFM","reference",393.9172,"Bio","After",5
"Harris Point SMR",2008,"Mesocentrotus franciscanus","KFM","reference",61.5567636980088,"Bio","After",5
"Harris Point SMR",2008,"Strongylocentrotus purpuratus","KFM","reference",3.38915487864646,"Bio","After",5
"Harris Point SMR",2009,"Macrocystis pyrifera","KFM","reference",461.924,"Bio","After",6
"Harris Point SMR",2009,"Mesocentrotus franciscanus","KFM","reference",105.959615421999,"Bio","After",6
"Harris Point SMR",2009,"Strongylocentrotus purpuratus","KFM","reference",2.86219617248317,"Bio","After",6
"Harris Point SMR",2010,"Macrocystis pyrifera","KFM","reference",561.7816,"Bio","After",7
"Harris Point SMR",2010,"Mesocentrotus franciscanus","KFM","reference",78.0221218119311,"Bio","After",7
"Harris Point SMR",2010,"Strongylocentrotus purpuratus","KFM","reference",15.2753865843613,"Bio","After",7
"Harris Point SMR",2011,"Macrocystis pyrifera","KFM","reference",303.9664,"Bio","After",8
"Harris Point SMR",2011,"Mesocentrotus franciscanus","KFM","reference",185.825773474433,"Bio","After",8
"Harris Point SMR",2011,"Strongylocentrotus purpuratus","KFM","reference",7.17791418948264,"Bio","After",8
"Harris Point SMR",2012,"Macrocystis pyrifera","KFM","reference",166.7948,"Bio","After",9
"Harris Point SMR",2012,"Mesocentrotus franciscanus","KFM","reference",333.166382224416,"Bio","After",9
"Harris Point SMR",2012,"Strongylocentrotus purpuratus","KFM","reference",9.60056936178441,"Bio","After",9
"Harris Point SMR",2013,"Macrocystis pyrifera","KFM","reference",469.776,"Bio","After",10
"Harris Point SMR",2013,"Mesocentrotus franciscanus","KFM","reference",453.252198535423,"Bio","After",10
"Harris Point SMR",2013,"Strongylocentrotus purpuratus","KFM","reference",14.8690905916003,"Bio","After",10
"Harris Point SMR",2014,"Macrocystis pyrifera","KFM","reference",254.2396,"Bio","After",11
"Harris Point SMR",2014,"Mesocentrotus franciscanus","KFM","reference",202.903594867274,"Bio","After",11
"Harris Point SMR",2014,"Strongylocentrotus purpuratus","KFM","reference",49.3013802046399,"Bio","After",11
"Harris Point SMR",2015,"Macrocystis pyrifera","KFM","reference",354.23,"Bio","After",12
"Harris Point SMR",2015,"Mesocentrotus franciscanus","KFM","reference",56.2087076335262,"Bio","After",12
"Harris Point SMR",2015,"Strongylocentrotus purpuratus","KFM","reference",14.4625819609117,"Bio","After",12
"Harris Point SMR",2016,"Macrocystis pyrifera","KFM","reference",341.7484,"Bio","After",13
"Harris Point SMR",2016,"Mesocentrotus franciscanus","KFM","reference",834.964315293133,"Bio","After",13
"Harris Point SMR",2016,"Strongylocentrotus purpuratus","KFM","reference",64.1516566197102,"Bio","After",13
"Harris Point SMR",2017,"Macrocystis pyrifera","KFM","reference",869.2576,"Bio","After",14
"Harris Point SMR",2017,"Mesocentrotus franciscanus","KFM","reference",77.3120320563162,"Bio","After",14
"Harris Point SMR",2017,"Strongylocentrotus purpuratus","KFM","reference",33.8831700376465,"Bio","After",14
"Harris Point SMR",2018,"Macrocystis pyrifera","KFM","reference",96.2476,"Bio","After",15
"Harris Point SMR",2018,"Mesocentrotus franciscanus","KFM","reference",989.740812936153,"Bio","After",15
"Harris Point SMR",2018,"Strongylocentrotus purpuratus","KFM","reference",485.944386437775,"Bio","After",15
"Harris Point SMR",2019,"Macrocystis pyrifera","KFM","reference",0,"Bio","After",16
"Harris Point SMR",2019,"Mesocentrotus franciscanus","KFM","reference",453.695757184978,"Bio","After",16
"Harris Point SMR",2019,"Strongylocentrotus purpuratus","KFM","reference",435.477503423344,"Bio","After",16
"Harris Point SMR",2021,"Macrocystis pyrifera","KFM","reference",0,"Bio","After",18
"Harris Point SMR",2021,"Mesocentrotus franciscanus","KFM","reference",399.122072979886,"Bio","After",18
"Harris Point SMR",2021,"Strongylocentrotus purpuratus","KFM","reference",251.452676040554,"Bio","After",18
"Harris Point SMR",2022,"Macrocystis pyrifera","KFM","reference",0,"Bio","After",19
"Harris Point SMR",2022,"Mesocentrotus franciscanus","KFM","reference",562.761326695803,"Bio","After",19
"Harris Point SMR",2022,"Strongylocentrotus purpuratus","KFM","reference",348.77474968635,"Bio","After",19
"Scorpion SMR",1985,"Mesocentrotus franciscanus","KFM","reference",553.688336369365,"Bio","Before",0
"Scorpion SMR",1985,"Strongylocentrotus purpuratus","KFM","reference",245.326401502764,"Bio","Before",0
"Scorpion SMR",1986,"Mesocentrotus franciscanus","KFM","reference",779.670136576355,"Bio","Before",0
"Scorpion SMR",1986,"Strongylocentrotus purpuratus","KFM","reference",272.527175070213,"Bio","Before",0
"Scorpion SMR",1987,"Mesocentrotus franciscanus","KFM","reference",121.536046998472,"Bio","Before",0
"Scorpion SMR",1987,"Strongylocentrotus purpuratus","KFM","reference",126.899850192529,"Bio","Before",0
"Scorpion SMR",1988,"Mesocentrotus franciscanus","KFM","reference",74.1523662072803,"Bio","Before",0
"Scorpion SMR",1988,"Strongylocentrotus purpuratus","KFM","reference",111.501174945998,"Bio","Before",0
"Scorpion SMR",1989,"Mesocentrotus franciscanus","KFM","reference",269.752009165794,"Bio","Before",0
"Scorpion SMR",1989,"Strongylocentrotus purpuratus","KFM","reference",139.612698443265,"Bio","Before",0
"Scorpion SMR",1990,"Mesocentrotus franciscanus","KFM","reference",71.3310472109658,"Bio","Before",0
"Scorpion SMR",1990,"Strongylocentrotus purpuratus","KFM","reference",91.3193432034604,"Bio","Before",0
"Scorpion SMR",1991,"Mesocentrotus franciscanus","KFM","reference",212.315109949591,"Bio","Before",0
"Scorpion SMR",1991,"Strongylocentrotus purpuratus","KFM","reference",80.1389122583505,"Bio","Before",0
"Scorpion SMR",1992,"Mesocentrotus franciscanus","KFM","reference",107.708481604946,"Bio","Before",0
"Scorpion SMR",1992,"Strongylocentrotus purpuratus","KFM","reference",39.7478796898523,"Bio","Before",0
"Scorpion SMR",1993,"Mesocentrotus franciscanus","KFM","reference",190.155289931766,"Bio","Before",0
"Scorpion SMR",1993,"Strongylocentrotus purpuratus","KFM","reference",61.4290818462549,"Bio","Before",0
"Scorpion SMR",1994,"Mesocentrotus franciscanus","KFM","reference",628.91642838674,"Bio","Before",0
"Scorpion SMR",1994,"Strongylocentrotus purpuratus","KFM","reference",157.539745394554,"Bio","Before",0
"Scorpion SMR",1995,"Mesocentrotus franciscanus","KFM","reference",252.026415989798,"Bio","Before",0
"Scorpion SMR",1995,"Strongylocentrotus purpuratus","KFM","reference",310.109829605289,"Bio","Before",0
"Scorpion SMR",1996,"Mesocentrotus franciscanus","KFM","reference",98.3771764948763,"Bio","Before",0
"Scorpion SMR",1996,"Strongylocentrotus purpuratus","KFM","reference",213.814508714904,"Bio","Before",0
"Scorpion SMR",1997,"Macrocystis pyrifera","KFM","reference",0,"Bio","Before",0
"Scorpion SMR",1997,"Mesocentrotus franciscanus","KFM","reference",108.344930913496,"Bio","Before",0
"Scorpion SMR",1997,"Strongylocentrotus purpuratus","KFM","reference",290.625755726647,"Bio","Before",0
"Scorpion SMR",1998,"Macrocystis pyrifera","KFM","reference",0,"Bio","Before",0
"Scorpion SMR",1998,"Mesocentrotus franciscanus","KFM","reference",131.303968007255,"Bio","Before",0
"Scorpion SMR",1998,"Strongylocentrotus purpuratus","KFM","reference",149.393947524448,"Bio","Before",0
"Scorpion SMR",1999,"Macrocystis pyrifera","KFM","reference",0,"Bio","Before",0
"Scorpion SMR",1999,"Mesocentrotus franciscanus","KFM","reference",74.029103018853,"Bio","Before",0
"Scorpion SMR",1999,"Strongylocentrotus purpuratus","KFM","reference",154.755132914307,"Bio","Before",0
"Scorpion SMR",2000,"Macrocystis pyrifera","KFM","reference",0,"Bio","Before",0
"Scorpion SMR",2000,"Mesocentrotus franciscanus","KFM","reference",72.0501647332086,"Bio","Before",0
"Scorpion SMR",2000,"Strongylocentrotus purpuratus","KFM","reference",216.073826724725,"Bio","Before",0
"Scorpion SMR",2001,"Macrocystis pyrifera","KFM","reference",0,"Bio","Before",0
"Scorpion SMR",2001,"Mesocentrotus franciscanus","KFM","reference",99.7833165093694,"Bio","Before",0
"Scorpion SMR",2001,"Strongylocentrotus purpuratus","KFM","reference",288.56598138402,"Bio","Before",0
"Scorpion SMR",2002,"Macrocystis pyrifera","KFM","reference",0,"Bio","Before",0
"Scorpion SMR",2002,"Mesocentrotus franciscanus","KFM","reference",58.3402575362844,"Bio","Before",0
"Scorpion SMR",2002,"Strongylocentrotus purpuratus","KFM","reference",289.909801902968,"Bio","Before",0
"Scorpion SMR",2003,"Macrocystis pyrifera","KFM","reference",0,"Bio","Before",0
"Scorpion SMR",2003,"Mesocentrotus franciscanus","KFM","reference",66.8166418500984,"Bio","Before",0
"Scorpion SMR",2003,"Strongylocentrotus purpuratus","KFM","reference",186.518390267923,"Bio","Before",0
"Scorpion SMR",2004,"Macrocystis pyrifera","KFM","reference",0,"Bio","After",1
"Scorpion SMR",2004,"Mesocentrotus franciscanus","KFM","reference",90.4428902803466,"Bio","After",1
"Scorpion SMR",2004,"Strongylocentrotus purpuratus","KFM","reference",244.016491369318,"Bio","After",1
"Scorpion SMR",2005,"Macrocystis pyrifera","KFM","reference",0,"Bio","After",2
"Scorpion SMR",2005,"Mesocentrotus franciscanus","KFM","reference",131.596758186943,"Bio","After",2
"Scorpion SMR",2005,"Strongylocentrotus purpuratus","KFM","reference",225.69526408557,"Bio","After",2
"Scorpion SMR",2006,"Macrocystis pyrifera","KFM","reference",0,"Bio","After",3
"Scorpion SMR",2006,"Mesocentrotus franciscanus","KFM","reference",37.0094008925993,"Bio","After",3
"Scorpion SMR",2006,"Strongylocentrotus purpuratus","KFM","reference",128.70378078511,"Bio","After",3
"Scorpion SMR",2007,"Macrocystis pyrifera","KFM","reference",0,"Bio","After",4
"Scorpion SMR",2007,"Mesocentrotus franciscanus","KFM","reference",89.0383716133584,"Bio","After",4
"Scorpion SMR",2007,"Strongylocentrotus purpuratus","KFM","reference",72.0348182803264,"Bio","After",4
"Scorpion SMR",2008,"Macrocystis pyrifera","KFM","reference",5.7308,"Bio","After",5
"Scorpion SMR",2008,"Mesocentrotus franciscanus","KFM","reference",97.3882376570601,"Bio","After",5
"Scorpion SMR",2008,"Strongylocentrotus purpuratus","KFM","reference",120.640667437935,"Bio","After",5
"Scorpion SMR",2009,"Macrocystis pyrifera","KFM","reference",989.6744,"Bio","After",6
"Scorpion SMR",2009,"Mesocentrotus franciscanus","KFM","reference",34.6249036206431,"Bio","After",6
"Scorpion SMR",2009,"Strongylocentrotus purpuratus","KFM","reference",13.8190728072519,"Bio","After",6
"Scorpion SMR",2010,"Mesocentrotus franciscanus","KFM","reference",166.619678295833,"Bio","After",7
"Scorpion SMR",2010,"Strongylocentrotus purpuratus","KFM","reference",231.324381163288,"Bio","After",7
"Scorpion SMR",2011,"Macrocystis pyrifera","KFM","reference",0,"Bio","After",8
"Scorpion SMR",2011,"Mesocentrotus franciscanus","KFM","reference",246.799396069635,"Bio","After",8
"Scorpion SMR",2011,"Strongylocentrotus purpuratus","KFM","reference",292.770397973095,"Bio","After",8
"Scorpion SMR",2012,"Macrocystis pyrifera","KFM","reference",0,"Bio","After",9
"Scorpion SMR",2012,"Mesocentrotus franciscanus","KFM","reference",306.720615115515,"Bio","After",9
"Scorpion SMR",2012,"Strongylocentrotus purpuratus","KFM","reference",382.752199038182,"Bio","After",9
"Scorpion SMR",2013,"Macrocystis pyrifera","KFM","reference",0,"Bio","After",10
"Scorpion SMR",2013,"Mesocentrotus franciscanus","KFM","reference",351.896408243009,"Bio","After",10
"Scorpion SMR",2013,"Strongylocentrotus purpuratus","KFM","reference",286.186466426888,"Bio","After",10
"Scorpion SMR",2014,"Macrocystis pyrifera","KFM","reference",0,"Bio","After",11
"Scorpion SMR",2014,"Mesocentrotus franciscanus","KFM","reference",142.832311433737,"Bio","After",11
"Scorpion SMR",2014,"Strongylocentrotus purpuratus","KFM","reference",216.941936768688,"Bio","After",11
"Scorpion SMR",2015,"Macrocystis pyrifera","KFM","reference",0,"Bio","After",12
"Scorpion SMR",2015,"Mesocentrotus franciscanus","KFM","reference",138.954697744151,"Bio","After",12
"Scorpion SMR",2015,"Strongylocentrotus purpuratus","KFM","reference",112.509229052834,"Bio","After",12
"Scorpion SMR",2016,"Macrocystis pyrifera","KFM","reference",0,"Bio","After",13
"Scorpion SMR",2016,"Mesocentrotus franciscanus","KFM","reference",25.2574979979358,"Bio","After",13
"Scorpion SMR",2016,"Strongylocentrotus purpuratus","KFM","reference",36.3147670086923,"Bio","After",13
"Scorpion SMR",2017,"Macrocystis pyrifera","KFM","reference",0,"Bio","After",14
"Scorpion SMR",2017,"Mesocentrotus franciscanus","KFM","reference",45.1888907176597,"Bio","After",14
"Scorpion SMR",2017,"Strongylocentrotus purpuratus","KFM","reference",32.5621880281656,"Bio","After",14
"Scorpion SMR",2018,"Macrocystis pyrifera","KFM","reference",0,"Bio","After",15
"Scorpion SMR",2018,"Mesocentrotus franciscanus","KFM","reference",39.9329463212822,"Bio","After",15
"Scorpion SMR",2018,"Strongylocentrotus purpuratus","KFM","reference",24.0027039193668,"Bio","After",15
"Scorpion SMR",2019,"Macrocystis pyrifera","KFM","reference",0,"Bio","After",16
"Scorpion SMR",2019,"Mesocentrotus franciscanus","KFM","reference",38.7567408255006,"Bio","After",16
"Scorpion SMR",2019,"Strongylocentrotus purpuratus","KFM","reference",13.3043998729435,"Bio","After",16
"Scorpion SMR",2021,"Macrocystis pyrifera","KFM","reference",0,"Bio","After",18
"Scorpion SMR",2021,"Mesocentrotus franciscanus","KFM","reference",81.8261522257573,"Bio","After",18
"Scorpion SMR",2021,"Strongylocentrotus purpuratus","KFM","reference",28.7591791352134,"Bio","After",18
"Scorpion SMR",2022,"Macrocystis pyrifera","KFM","reference",0,"Bio","After",19
"Scorpion SMR",2022,"Mesocentrotus franciscanus","KFM","reference",205.879279786358,"Bio","After",19
"Scorpion SMR",2022,"Strongylocentrotus purpuratus","KFM","reference",56.710087750395,"Bio","After",19
"South Point SMR",2005,"Macrocystis pyrifera","KFM","reference",337.184133333333,"Bio","After",2
"South Point SMR",2005,"Mesocentrotus franciscanus","KFM","reference",75.7302677324585,"Bio","After",2
"South Point SMR",2005,"Strongylocentrotus purpuratus","KFM","reference",4.13686862448399,"Bio","After",2
"South Point SMR",2006,"Macrocystis pyrifera","KFM","reference",355.743866666667,"Bio","After",3
"South Point SMR",2006,"Mesocentrotus franciscanus","KFM","reference",216.755476768899,"Bio","After",3
"South Point SMR",2006,"Strongylocentrotus purpuratus","KFM","reference",9.92944953146709,"Bio","After",3
"South Point SMR",2007,"Macrocystis pyrifera","KFM","reference",339.6868,"Bio","After",4
"South Point SMR",2007,"Mesocentrotus franciscanus","KFM","reference",282.048205634117,"Bio","After",4
"South Point SMR",2007,"Strongylocentrotus purpuratus","KFM","reference",7.33524480108957,"Bio","After",4
"South Point SMR",2008,"Macrocystis pyrifera","KFM","reference",437.5528,"Bio","After",5
"South Point SMR",2008,"Mesocentrotus franciscanus","KFM","reference",300.296412472238,"Bio","After",5
"South Point SMR",2008,"Strongylocentrotus purpuratus","KFM","reference",36.9592038260951,"Bio","After",5
"South Point SMR",2009,"Macrocystis pyrifera","KFM","reference",318.5368,"Bio","After",6
"South Point SMR",2009,"Mesocentrotus franciscanus","KFM","reference",289.589054867306,"Bio","After",6
"South Point SMR",2009,"Strongylocentrotus purpuratus","KFM","reference",84.7309837360724,"Bio","After",6
"South Point SMR",2010,"Macrocystis pyrifera","KFM","reference",284.675466666667,"Bio","After",7
"South Point SMR",2010,"Mesocentrotus franciscanus","KFM","reference",382.341426321308,"Bio","After",7
"South Point SMR",2010,"Strongylocentrotus purpuratus","KFM","reference",86.4981516459898,"Bio","After",7
"South Point SMR",2011,"Macrocystis pyrifera","KFM","reference",236.507466666667,"Bio","After",8
"South Point SMR",2011,"Mesocentrotus franciscanus","KFM","reference",449.845970195329,"Bio","After",8
"South Point SMR",2011,"Strongylocentrotus purpuratus","KFM","reference",125.55684608112,"Bio","After",8
"South Point SMR",2012,"Macrocystis pyrifera","KFM","reference",309.568533333333,"Bio","After",9
"South Point SMR",2012,"Mesocentrotus franciscanus","KFM","reference",298.393827558743,"Bio","After",9
"South Point SMR",2012,"Strongylocentrotus purpuratus","KFM","reference",36.4332396916196,"Bio","After",9
"South Point SMR",2013,"Macrocystis pyrifera","KFM","reference",288.1164,"Bio","After",10
"South Point SMR",2013,"Mesocentrotus franciscanus","KFM","reference",452.802454922017,"Bio","After",10
"South Point SMR",2013,"Strongylocentrotus purpuratus","KFM","reference",62.8996544950327,"Bio","After",10
"South Point SMR",2014,"Macrocystis pyrifera","KFM","reference",269.458266666667,"Bio","After",11
"South Point SMR",2014,"Mesocentrotus franciscanus","KFM","reference",378.103418232787,"Bio","After",11
"South Point SMR",2014,"Strongylocentrotus purpuratus","KFM","reference",230.89913792534,"Bio","After",11
"South Point SMR",2015,"Macrocystis pyrifera","KFM","reference",307.041333333333,"Bio","After",12
"South Point SMR",2015,"Mesocentrotus franciscanus","KFM","reference",593.15310786778,"Bio","After",12
"South Point SMR",2015,"Strongylocentrotus purpuratus","KFM","reference",657.302310194849,"Bio","After",12
"South Point SMR",2016,"Macrocystis pyrifera","KFM","reference",14.9988,"Bio","After",13
"South Point SMR",2016,"Mesocentrotus franciscanus","KFM","reference",1238.76752243146,"Bio","After",13
"South Point SMR",2016,"Strongylocentrotus purpuratus","KFM","reference",637.751280100004,"Bio","After",13
"South Point SMR",2017,"Macrocystis pyrifera","KFM","reference",4.914,"Bio","After",14
"South Point SMR",2017,"Mesocentrotus franciscanus","KFM","reference",253.668648969707,"Bio","After",14
"South Point SMR",2017,"Strongylocentrotus purpuratus","KFM","reference",365.514694368431,"Bio","After",14
"South Point SMR",2018,"Macrocystis pyrifera","KFM","reference",0,"Bio","After",15
"South Point SMR",2018,"Mesocentrotus franciscanus","KFM","reference",270.611240297242,"Bio","After",15
"South Point SMR",2018,"Strongylocentrotus purpuratus","KFM","reference",506.738106537103,"Bio","After",15
"South Point SMR",2019,"Macrocystis pyrifera","KFM","reference",107.909733333333,"Bio","After",16
"South Point SMR",2019,"Mesocentrotus franciscanus","KFM","reference",153.623098167124,"Bio","After",16
"South Point SMR",2019,"Strongylocentrotus purpuratus","KFM","reference",305.356203546523,"Bio","After",16
"South Point SMR",2021,"Macrocystis pyrifera","KFM","reference",98.8732,"Bio","After",18
"South Point SMR",2021,"Mesocentrotus franciscanus","KFM","reference",259.74974000913,"Bio","After",18
"South Point SMR",2021,"Strongylocentrotus purpuratus","KFM","reference",344.555690418409,"Bio","After",18
"South Point SMR",2022,"Macrocystis pyrifera","KFM","reference",54.0609333333333,"Bio","After",19
"South Point SMR",2022,"Mesocentrotus franciscanus","KFM","reference",257.772722454157,"Bio","After",19
"South Point SMR",2022,"Strongylocentrotus purpuratus","KFM","reference",345.87102403203,"Bio","After",19
"Abalone Cove SMCA",2010,"Semicossyphus pulcher","PISCO","mpa",0.00833333333333333,"Den","Before",0
"Abalone Cove SMCA",2011,"Macrocystis pyrifera","PISCO","mpa",2.95416666666667,"Den","Before",0
"Abalone Cove SMCA",2011,"Mesocentrotus franciscanus","PISCO","mpa",3.02083333333333,"Den","Before",0
"Abalone Cove SMCA",2011,"Panulirus interruptus","PISCO","mpa",0.00416666666666667,"Den","Before",0
"Abalone Cove SMCA",2011,"Semicossyphus pulcher","PISCO","mpa",0.0145833333333333,"Den","Before",0
"Abalone Cove SMCA",2011,"Strongylocentrotus purpuratus","PISCO","mpa",6.78333333333333,"Den","Before",0
"Abalone Cove SMCA",2012,"Macrocystis pyrifera","PISCO","mpa",1.33333333333333,"Den","Before",0
"Abalone Cove SMCA",2012,"Mesocentrotus franciscanus","PISCO","mpa",1.62916666666667,"Den","Before",0
"Abalone Cove SMCA",2012,"Panulirus interruptus","PISCO","mpa",0,"Den","Before",0
"Abalone Cove SMCA",2012,"Semicossyphus pulcher","PISCO","mpa",0.00416666666666667,"Den","Before",0
"Abalone Cove SMCA",2012,"Strongylocentrotus purpuratus","PISCO","mpa",5.62916666666667,"Den","Before",0
"Abalone Cove SMCA",2013,"Macrocystis pyrifera","PISCO","mpa",0.304166666666667,"Den","After",1
"Abalone Cove SMCA",2013,"Mesocentrotus franciscanus","PISCO","mpa",1.89583333333333,"Den","After",1
"Abalone Cove SMCA",2013,"Panulirus interruptus","PISCO","mpa",0,"Den","After",1
"Abalone Cove SMCA",2013,"Semicossyphus pulcher","PISCO","mpa",0.00208333333333333,"Den","After",1
"Abalone Cove SMCA",2013,"Strongylocentrotus purpuratus","PISCO","mpa",4.275,"Den","After",1
"Abalone Cove SMCA",2014,"Macrocystis pyrifera","PISCO","mpa",0,"Den","After",2
"Abalone Cove SMCA",2014,"Mesocentrotus franciscanus","PISCO","mpa",0.5,"Den","After",2
"Abalone Cove SMCA",2014,"Panulirus interruptus","PISCO","mpa",0,"Den","After",2
"Abalone Cove SMCA",2014,"Semicossyphus pulcher","PISCO","mpa",0.00833333333333333,"Den","After",2
"Abalone Cove SMCA",2014,"Strongylocentrotus purpuratus","PISCO","mpa",15.6916666666667,"Den","After",2
"Abalone Cove SMCA",2015,"Macrocystis pyrifera","PISCO","mpa",3.15833333333333,"Den","After",3
"Abalone Cove SMCA",2015,"Mesocentrotus franciscanus","PISCO","mpa",0.504166666666667,"Den","After",3
"Abalone Cove SMCA",2015,"Panulirus interruptus","PISCO","mpa",0,"Den","After",3
"Abalone Cove SMCA",2015,"Semicossyphus pulcher","PISCO","mpa",0.025,"Den","After",3
"Abalone Cove SMCA",2015,"Strongylocentrotus purpuratus","PISCO","mpa",0.0916666666666667,"Den","After",3
"Abalone Cove SMCA",2016,"Macrocystis pyrifera","PISCO","mpa",5.19722222222222,"Den","After",4
"Abalone Cove SMCA",2016,"Mesocentrotus franciscanus","PISCO","mpa",0.0638888888888889,"Den","After",4
"Abalone Cove SMCA",2016,"Panulirus interruptus","PISCO","mpa",0.00277777777777778,"Den","After",4
"Abalone Cove SMCA",2016,"Semicossyphus pulcher","PISCO","mpa",0.0375,"Den","After",4
"Abalone Cove SMCA",2016,"Strongylocentrotus purpuratus","PISCO","mpa",0.0916666666666667,"Den","After",4
"Abalone Cove SMCA",2017,"Macrocystis pyrifera","PISCO","mpa",2.80833333333333,"Den","After",5
"Abalone Cove SMCA",2017,"Mesocentrotus franciscanus","PISCO","mpa",0.0222222222222222,"Den","After",5
"Abalone Cove SMCA",2017,"Panulirus interruptus","PISCO","mpa",0.00277777777777778,"Den","After",5
"Abalone Cove SMCA",2017,"Semicossyphus pulcher","PISCO","mpa",0.0222222222222222,"Den","After",5
"Abalone Cove SMCA",2017,"Strongylocentrotus purpuratus","PISCO","mpa",0.0305555555555556,"Den","After",5
"Abalone Cove SMCA",2018,"Macrocystis pyrifera","PISCO","mpa",3.61388888888889,"Den","After",6
"Abalone Cove SMCA",2018,"Mesocentrotus franciscanus","PISCO","mpa",0.0958333333333333,"Den","After",6
"Abalone Cove SMCA",2018,"Panulirus interruptus","PISCO","mpa",0.0138888888888889,"Den","After",6
"Abalone Cove SMCA",2018,"Semicossyphus pulcher","PISCO","mpa",0.0215277777777778,"Den","After",6
"Abalone Cove SMCA",2018,"Strongylocentrotus purpuratus","PISCO","mpa",0.163888888888889,"Den","After",6
"Abalone Cove SMCA",2019,"Macrocystis pyrifera","PISCO","mpa",2.62222222222222,"Den","After",7
"Abalone Cove SMCA",2019,"Mesocentrotus franciscanus","PISCO","mpa",0.0555555555555556,"Den","After",7
"Abalone Cove SMCA",2019,"Panulirus interruptus","PISCO","mpa",0.025,"Den","After",7
"Abalone Cove SMCA",2019,"Semicossyphus pulcher","PISCO","mpa",0.0409722222222222,"Den","After",7
"Abalone Cove SMCA",2019,"Strongylocentrotus purpuratus","PISCO","mpa",0.0555555555555556,"Den","After",7
"Abalone Cove SMCA",2020,"Macrocystis pyrifera","PISCO","mpa",2.41944444444444,"Den","After",8
"Abalone Cove SMCA",2020,"Mesocentrotus franciscanus","PISCO","mpa",0.0305555555555556,"Den","After",8
"Abalone Cove SMCA",2020,"Panulirus interruptus","PISCO","mpa",0.0111111111111111,"Den","After",8
"Abalone Cove SMCA",2020,"Semicossyphus pulcher","PISCO","mpa",0.0458333333333333,"Den","After",8
"Abalone Cove SMCA",2020,"Strongylocentrotus purpuratus","PISCO","mpa",0.00277777777777778,"Den","After",8
"Abalone Cove SMCA",2021,"Macrocystis pyrifera","PISCO","mpa",1.26111111111111,"Den","After",9
"Abalone Cove SMCA",2021,"Mesocentrotus franciscanus","PISCO","mpa",0.0888888888888889,"Den","After",9
"Abalone Cove SMCA",2021,"Panulirus interruptus","PISCO","mpa",0.0222222222222222,"Den","After",9
"Abalone Cove SMCA",2021,"Semicossyphus pulcher","PISCO","mpa",0.0208333333333333,"Den","After",9
"Abalone Cove SMCA",2021,"Strongylocentrotus purpuratus","PISCO","mpa",0.0555555555555556,"Den","After",9
"Abalone Cove SMCA",2022,"Macrocystis pyrifera","PISCO","mpa",1.58611111111111,"Den","After",10
"Abalone Cove SMCA",2022,"Mesocentrotus franciscanus","PISCO","mpa",0.0527777777777778,"Den","After",10
"Abalone Cove SMCA",2022,"Panulirus interruptus","PISCO","mpa",0.00555555555555556,"Den","After",10
"Abalone Cove SMCA",2022,"Semicossyphus pulcher","PISCO","mpa",0.025,"Den","After",10
"Abalone Cove SMCA",2022,"Strongylocentrotus purpuratus","PISCO","mpa",0.108333333333333,"Den","After",10
"Abalone Cove SMCA",2023,"Macrocystis pyrifera","PISCO","mpa",1.35,"Den","After",11
"Abalone Cove SMCA",2023,"Mesocentrotus franciscanus","PISCO","mpa",0.0777777777777778,"Den","After",11
"Abalone Cove SMCA",2023,"Panulirus interruptus","PISCO","mpa",0.00277777777777778,"Den","After",11
"Abalone Cove SMCA",2023,"Semicossyphus pulcher","PISCO","mpa",0.0166666666666667,"Den","After",11
"Abalone Cove SMCA",2023,"Strongylocentrotus purpuratus","PISCO","mpa",0.0305555555555556,"Den","After",11
"Anacapa Island SMR 2003",2004,"Semicossyphus pulcher","PISCO","mpa",0.00625,"Den","After",1
"Anacapa Island SMR 2003",2005,"Semicossyphus pulcher","PISCO","mpa",0.0138888888888889,"Den","After",2
"Anacapa Island SMR 2003",2006,"Semicossyphus pulcher","PISCO","mpa",0.0104166666666667,"Den","After",3
"Anacapa Island SMR 2003",2007,"Macrocystis pyrifera","PISCO","mpa",2.67777777777778,"Den","After",4
"Anacapa Island SMR 2003",2007,"Mesocentrotus franciscanus","PISCO","mpa",2.38611111111111,"Den","After",4
"Anacapa Island SMR 2003",2007,"Panulirus interruptus","PISCO","mpa",0.0236111111111111,"Den","After",4
"Anacapa Island SMR 2003",2007,"Semicossyphus pulcher","PISCO","mpa",0.0180555555555556,"Den","After",4
"Anacapa Island SMR 2003",2007,"Strongylocentrotus purpuratus","PISCO","mpa",16.3194444444444,"Den","After",4
"Anacapa Island SMR 2003",2008,"Macrocystis pyrifera","PISCO","mpa",2.92638888888889,"Den","After",5
"Anacapa Island SMR 2003",2008,"Mesocentrotus franciscanus","PISCO","mpa",2.27083333333333,"Den","After",5
"Anacapa Island SMR 2003",2008,"Panulirus interruptus","PISCO","mpa",0.0125,"Den","After",5
"Anacapa Island SMR 2003",2008,"Semicossyphus pulcher","PISCO","mpa",0.00625,"Den","After",5
"Anacapa Island SMR 2003",2008,"Strongylocentrotus purpuratus","PISCO","mpa",21.8569444444444,"Den","After",5
"Anacapa Island SMR 2003",2009,"Macrocystis pyrifera","PISCO","mpa",1.7125,"Den","After",6
"Anacapa Island SMR 2003",2009,"Mesocentrotus franciscanus","PISCO","mpa",3.84444444444444,"Den","After",6
"Anacapa Island SMR 2003",2009,"Panulirus interruptus","PISCO","mpa",0.0583333333333333,"Den","After",6
"Anacapa Island SMR 2003",2009,"Semicossyphus pulcher","PISCO","mpa",0.0506944444444444,"Den","After",6
"Anacapa Island SMR 2003",2009,"Strongylocentrotus purpuratus","PISCO","mpa",20.8097222222222,"Den","After",6
"Anacapa Island SMR 2003",2010,"Macrocystis pyrifera","PISCO","mpa",3.39166666666667,"Den","After",7
"Anacapa Island SMR 2003",2010,"Mesocentrotus franciscanus","PISCO","mpa",1.83611111111111,"Den","After",7
"Anacapa Island SMR 2003",2010,"Panulirus interruptus","PISCO","mpa",0.00972222222222222,"Den","After",7
"Anacapa Island SMR 2003",2010,"Semicossyphus pulcher","PISCO","mpa",0.0236111111111111,"Den","After",7
"Anacapa Island SMR 2003",2010,"Strongylocentrotus purpuratus","PISCO","mpa",10.0222222222222,"Den","After",7
"Anacapa Island SMR 2003",2011,"Macrocystis pyrifera","PISCO","mpa",1.3625,"Den","After",8
"Anacapa Island SMR 2003",2011,"Mesocentrotus franciscanus","PISCO","mpa",1.95694444444444,"Den","After",8
"Anacapa Island SMR 2003",2011,"Panulirus interruptus","PISCO","mpa",0.0111111111111111,"Den","After",8
"Anacapa Island SMR 2003",2011,"Semicossyphus pulcher","PISCO","mpa",0.0284722222222222,"Den","After",8
"Anacapa Island SMR 2003",2011,"Strongylocentrotus purpuratus","PISCO","mpa",13.825,"Den","After",8
"Anacapa Island SMR 2003",2012,"Macrocystis pyrifera","PISCO","mpa",2.90694444444444,"Den","After",9
"Anacapa Island SMR 2003",2012,"Mesocentrotus franciscanus","PISCO","mpa",2.22916666666667,"Den","After",9
"Anacapa Island SMR 2003",2012,"Panulirus interruptus","PISCO","mpa",0.0236111111111111,"Den","After",9
"Anacapa Island SMR 2003",2012,"Semicossyphus pulcher","PISCO","mpa",0.01875,"Den","After",9
"Anacapa Island SMR 2003",2012,"Strongylocentrotus purpuratus","PISCO","mpa",11.7888888888889,"Den","After",9
"Anacapa Island SMR 2003",2014,"Macrocystis pyrifera","PISCO","mpa",4.78472222222222,"Den","After",11
"Anacapa Island SMR 2003",2014,"Mesocentrotus franciscanus","PISCO","mpa",1.30972222222222,"Den","After",11
"Anacapa Island SMR 2003",2014,"Panulirus interruptus","PISCO","mpa",0.0138888888888889,"Den","After",11
"Anacapa Island SMR 2003",2014,"Semicossyphus pulcher","PISCO","mpa",0.0125,"Den","After",11
"Anacapa Island SMR 2003",2014,"Strongylocentrotus purpuratus","PISCO","mpa",0.813888888888889,"Den","After",11
"Anacapa Island SMR 2003",2015,"Macrocystis pyrifera","PISCO","mpa",2.50555555555556,"Den","After",12
"Anacapa Island SMR 2003",2015,"Mesocentrotus franciscanus","PISCO","mpa",0.447222222222222,"Den","After",12
"Anacapa Island SMR 2003",2015,"Panulirus interruptus","PISCO","mpa",0.0597222222222222,"Den","After",12
"Anacapa Island SMR 2003",2015,"Semicossyphus pulcher","PISCO","mpa",0.0194444444444444,"Den","After",12
"Anacapa Island SMR 2003",2015,"Strongylocentrotus purpuratus","PISCO","mpa",0.718055555555556,"Den","After",12
"Anacapa Island SMR 2003",2016,"Macrocystis pyrifera","PISCO","mpa",0.105555555555556,"Den","After",13
"Anacapa Island SMR 2003",2016,"Mesocentrotus franciscanus","PISCO","mpa",0.0638888888888889,"Den","After",13
"Anacapa Island SMR 2003",2016,"Panulirus interruptus","PISCO","mpa",0.0402777777777778,"Den","After",13
"Anacapa Island SMR 2003",2016,"Semicossyphus pulcher","PISCO","mpa",0.0569444444444444,"Den","After",13
"Anacapa Island SMR 2003",2016,"Strongylocentrotus purpuratus","PISCO","mpa",0.3,"Den","After",13
"Anacapa Island SMR 2003",2017,"Macrocystis pyrifera","PISCO","mpa",4.62916666666667,"Den","After",14
"Anacapa Island SMR 2003",2017,"Mesocentrotus franciscanus","PISCO","mpa",0.0972222222222222,"Den","After",14
"Anacapa Island SMR 2003",2017,"Panulirus interruptus","PISCO","mpa",0.0541666666666667,"Den","After",14
"Anacapa Island SMR 2003",2017,"Semicossyphus pulcher","PISCO","mpa",0.0201388888888889,"Den","After",14
"Anacapa Island SMR 2003",2017,"Strongylocentrotus purpuratus","PISCO","mpa",0.3,"Den","After",14
"Anacapa Island SMR 2003",2018,"Macrocystis pyrifera","PISCO","mpa",6.77777777777778,"Den","After",15
"Anacapa Island SMR 2003",2018,"Mesocentrotus franciscanus","PISCO","mpa",0.145833333333333,"Den","After",15
"Anacapa Island SMR 2003",2018,"Panulirus interruptus","PISCO","mpa",0.0861111111111111,"Den","After",15
"Anacapa Island SMR 2003",2018,"Semicossyphus pulcher","PISCO","mpa",0.0166666666666667,"Den","After",15
"Anacapa Island SMR 2003",2018,"Strongylocentrotus purpuratus","PISCO","mpa",0.406944444444444,"Den","After",15
"Anacapa Island SMR 2003",2019,"Macrocystis pyrifera","PISCO","mpa",4.99583333333333,"Den","After",16
"Anacapa Island SMR 2003",2019,"Mesocentrotus franciscanus","PISCO","mpa",0.144444444444444,"Den","After",16
"Anacapa Island SMR 2003",2019,"Panulirus interruptus","PISCO","mpa",0.05,"Den","After",16
"Anacapa Island SMR 2003",2019,"Semicossyphus pulcher","PISCO","mpa",0.0194444444444444,"Den","After",16
"Anacapa Island SMR 2003",2019,"Strongylocentrotus purpuratus","PISCO","mpa",0.311111111111111,"Den","After",16
"Anacapa Island SMR 2003",2020,"Macrocystis pyrifera","PISCO","mpa",4.55555555555556,"Den","After",17
"Anacapa Island SMR 2003",2020,"Mesocentrotus franciscanus","PISCO","mpa",0.223611111111111,"Den","After",17
"Anacapa Island SMR 2003",2020,"Panulirus interruptus","PISCO","mpa",0.0930555555555556,"Den","After",17
"Anacapa Island SMR 2003",2020,"Semicossyphus pulcher","PISCO","mpa",0.0152777777777778,"Den","After",17
"Anacapa Island SMR 2003",2020,"Strongylocentrotus purpuratus","PISCO","mpa",0.472222222222222,"Den","After",17
"Anacapa Island SMR 2003",2021,"Macrocystis pyrifera","PISCO","mpa",5.81805555555556,"Den","After",18
"Anacapa Island SMR 2003",2021,"Mesocentrotus franciscanus","PISCO","mpa",0.205555555555556,"Den","After",18
"Anacapa Island SMR 2003",2021,"Panulirus interruptus","PISCO","mpa",0.0416666666666667,"Den","After",18
"Anacapa Island SMR 2003",2021,"Semicossyphus pulcher","PISCO","mpa",0.0159722222222222,"Den","After",18
"Anacapa Island SMR 2003",2021,"Strongylocentrotus purpuratus","PISCO","mpa",0.373611111111111,"Den","After",18
"Anacapa Island SMR 2003",2022,"Macrocystis pyrifera","PISCO","mpa",5.38333333333333,"Den","After",19
"Anacapa Island SMR 2003",2022,"Mesocentrotus franciscanus","PISCO","mpa",0.261111111111111,"Den","After",19
"Anacapa Island SMR 2003",2022,"Panulirus interruptus","PISCO","mpa",0.0805555555555556,"Den","After",19
"Anacapa Island SMR 2003",2022,"Semicossyphus pulcher","PISCO","mpa",0.0201388888888889,"Den","After",19
"Anacapa Island SMR 2003",2022,"Strongylocentrotus purpuratus","PISCO","mpa",0.433333333333333,"Den","After",19
"Anacapa Island SMR 2003",2023,"Macrocystis pyrifera","PISCO","mpa",7.19444444444444,"Den","After",20
"Anacapa Island SMR 2003",2023,"Mesocentrotus franciscanus","PISCO","mpa",0.216666666666667,"Den","After",20
"Anacapa Island SMR 2003",2023,"Panulirus interruptus","PISCO","mpa",0.0694444444444444,"Den","After",20
"Anacapa Island SMR 2003",2023,"Semicossyphus pulcher","PISCO","mpa",0.0173611111111111,"Den","After",20
"Anacapa Island SMR 2003",2023,"Strongylocentrotus purpuratus","PISCO","mpa",0.768055555555555,"Den","After",20
"Campus Point SMCA",2009,"Semicossyphus pulcher","PISCO","mpa",0.00347222222222222,"Den","Before",0
"Campus Point SMCA",2010,"Macrocystis pyrifera","PISCO","mpa",1.36944444444444,"Den","Before",0
"Campus Point SMCA",2010,"Mesocentrotus franciscanus","PISCO","mpa",1.00277777777778,"Den","Before",0
"Campus Point SMCA",2010,"Panulirus interruptus","PISCO","mpa",0,"Den","Before",0
"Campus Point SMCA",2010,"Semicossyphus pulcher","PISCO","mpa",0.000694444444444444,"Den","Before",0
"Campus Point SMCA",2010,"Strongylocentrotus purpuratus","PISCO","mpa",11.1097222222222,"Den","Before",0
"Campus Point SMCA",2011,"Macrocystis pyrifera","PISCO","mpa",1.27083333333333,"Den","Before",0
"Campus Point SMCA",2011,"Mesocentrotus franciscanus","PISCO","mpa",1.25555555555556,"Den","Before",0
"Campus Point SMCA",2011,"Panulirus interruptus","PISCO","mpa",0,"Den","Before",0
"Campus Point SMCA",2011,"Semicossyphus pulcher","PISCO","mpa",0.00208333333333333,"Den","Before",0
"Campus Point SMCA",2011,"Strongylocentrotus purpuratus","PISCO","mpa",15.9638888888889,"Den","Before",0
"Campus Point SMCA",2012,"Macrocystis pyrifera","PISCO","mpa",4.4375,"Den","Before",0
"Campus Point SMCA",2012,"Mesocentrotus franciscanus","PISCO","mpa",2.20833333333333,"Den","Before",0
"Campus Point SMCA",2012,"Panulirus interruptus","PISCO","mpa",0,"Den","Before",0
"Campus Point SMCA",2012,"Semicossyphus pulcher","PISCO","mpa",0.00486111111111111,"Den","Before",0
"Campus Point SMCA",2012,"Strongylocentrotus purpuratus","PISCO","mpa",4.37777777777778,"Den","Before",0
"Campus Point SMCA",2013,"Macrocystis pyrifera","PISCO","mpa",3.05555555555556,"Den","After",1
"Campus Point SMCA",2013,"Mesocentrotus franciscanus","PISCO","mpa",6.53888888888889,"Den","After",1
"Campus Point SMCA",2013,"Panulirus interruptus","PISCO","mpa",0.00833333333333333,"Den","After",1
"Campus Point SMCA",2013,"Semicossyphus pulcher","PISCO","mpa",0.00138888888888889,"Den","After",1
"Campus Point SMCA",2013,"Strongylocentrotus purpuratus","PISCO","mpa",12.6791666666667,"Den","After",1
"Campus Point SMCA",2014,"Macrocystis pyrifera","PISCO","mpa",0.333333333333333,"Den","After",2
"Campus Point SMCA",2014,"Mesocentrotus franciscanus","PISCO","mpa",0.919444444444444,"Den","After",2
"Campus Point SMCA",2014,"Panulirus interruptus","PISCO","mpa",0.00277777777777778,"Den","After",2
"Campus Point SMCA",2014,"Semicossyphus pulcher","PISCO","mpa",0.00138888888888889,"Den","After",2
"Campus Point SMCA",2014,"Strongylocentrotus purpuratus","PISCO","mpa",4.575,"Den","After",2
"Campus Point SMCA",2015,"Macrocystis pyrifera","PISCO","mpa",7.225,"Den","After",3
"Campus Point SMCA",2015,"Mesocentrotus franciscanus","PISCO","mpa",1.3,"Den","After",3
"Campus Point SMCA",2015,"Panulirus interruptus","PISCO","mpa",0.00833333333333333,"Den","After",3
"Campus Point SMCA",2015,"Semicossyphus pulcher","PISCO","mpa",0.0138888888888889,"Den","After",3
"Campus Point SMCA",2015,"Strongylocentrotus purpuratus","PISCO","mpa",1.54444444444444,"Den","After",3
"Campus Point SMCA",2016,"Macrocystis pyrifera","PISCO","mpa",4.57777777777778,"Den","After",4
"Campus Point SMCA",2016,"Mesocentrotus franciscanus","PISCO","mpa",0.283333333333333,"Den","After",4
"Campus Point SMCA",2016,"Panulirus interruptus","PISCO","mpa",0.0486111111111111,"Den","After",4
"Campus Point SMCA",2016,"Semicossyphus pulcher","PISCO","mpa",0.0159722222222222,"Den","After",4
"Campus Point SMCA",2016,"Strongylocentrotus purpuratus","PISCO","mpa",1.72777777777778,"Den","After",4
"Campus Point SMCA",2017,"Macrocystis pyrifera","PISCO","mpa",5.80416666666667,"Den","After",5
"Campus Point SMCA",2017,"Mesocentrotus franciscanus","PISCO","mpa",0.223611111111111,"Den","After",5
"Campus Point SMCA",2017,"Panulirus interruptus","PISCO","mpa",0.0458333333333333,"Den","After",5
"Campus Point SMCA",2017,"Semicossyphus pulcher","PISCO","mpa",0.01875,"Den","After",5
"Campus Point SMCA",2017,"Strongylocentrotus purpuratus","PISCO","mpa",0.702777777777778,"Den","After",5
"Campus Point SMCA",2018,"Macrocystis pyrifera","PISCO","mpa",5.81388888888889,"Den","After",6
"Campus Point SMCA",2018,"Mesocentrotus franciscanus","PISCO","mpa",0.15,"Den","After",6
"Campus Point SMCA",2018,"Panulirus interruptus","PISCO","mpa",0.0763888888888889,"Den","After",6
"Campus Point SMCA",2018,"Semicossyphus pulcher","PISCO","mpa",0.0201388888888889,"Den","After",6
"Campus Point SMCA",2018,"Strongylocentrotus purpuratus","PISCO","mpa",0.725,"Den","After",6
"Campus Point SMCA",2019,"Macrocystis pyrifera","PISCO","mpa",2.42916666666667,"Den","After",7
"Campus Point SMCA",2019,"Mesocentrotus franciscanus","PISCO","mpa",0.15,"Den","After",7
"Campus Point SMCA",2019,"Panulirus interruptus","PISCO","mpa",0.00972222222222222,"Den","After",7
"Campus Point SMCA",2019,"Semicossyphus pulcher","PISCO","mpa",0.00555555555555556,"Den","After",7
"Campus Point SMCA",2019,"Strongylocentrotus purpuratus","PISCO","mpa",0.973611111111111,"Den","After",7
"Campus Point SMCA",2020,"Macrocystis pyrifera","PISCO","mpa",6.85138888888889,"Den","After",8
"Campus Point SMCA",2020,"Mesocentrotus franciscanus","PISCO","mpa",0.326388888888889,"Den","After",8
"Campus Point SMCA",2020,"Panulirus interruptus","PISCO","mpa",0.0236111111111111,"Den","After",8
"Campus Point SMCA",2020,"Semicossyphus pulcher","PISCO","mpa",0.0131944444444444,"Den","After",8
"Campus Point SMCA",2020,"Strongylocentrotus purpuratus","PISCO","mpa",1.525,"Den","After",8
"Campus Point SMCA",2021,"Macrocystis pyrifera","PISCO","mpa",3.64305555555556,"Den","After",9
"Campus Point SMCA",2021,"Mesocentrotus franciscanus","PISCO","mpa",0.330555555555556,"Den","After",9
"Campus Point SMCA",2021,"Panulirus interruptus","PISCO","mpa",0.0152777777777778,"Den","After",9
"Campus Point SMCA",2021,"Semicossyphus pulcher","PISCO","mpa",0.0118055555555556,"Den","After",9
"Campus Point SMCA",2021,"Strongylocentrotus purpuratus","PISCO","mpa",0.534722222222222,"Den","After",9
"Campus Point SMCA",2022,"Macrocystis pyrifera","PISCO","mpa",4.06944444444444,"Den","After",10
"Campus Point SMCA",2022,"Mesocentrotus franciscanus","PISCO","mpa",0.4,"Den","After",10
"Campus Point SMCA",2022,"Panulirus interruptus","PISCO","mpa",0.00555555555555555,"Den","After",10
"Campus Point SMCA",2022,"Semicossyphus pulcher","PISCO","mpa",0.00763888888888889,"Den","After",10
"Campus Point SMCA",2022,"Strongylocentrotus purpuratus","PISCO","mpa",1.50277777777778,"Den","After",10
"Campus Point SMCA",2023,"Macrocystis pyrifera","PISCO","mpa",3.57638888888889,"Den","After",11
"Campus Point SMCA",2023,"Mesocentrotus franciscanus","PISCO","mpa",0.169444444444444,"Den","After",11
"Campus Point SMCA",2023,"Panulirus interruptus","PISCO","mpa",0.0430555555555556,"Den","After",11
"Campus Point SMCA",2023,"Semicossyphus pulcher","PISCO","mpa",0.00763888888888889,"Den","After",11
"Campus Point SMCA",2023,"Strongylocentrotus purpuratus","PISCO","mpa",0.538888888888889,"Den","After",11
"Gull Island SMR",2003,"Semicossyphus pulcher","PISCO","mpa",0.0340277777777778,"Den","Before",0
"Gull Island SMR",2004,"Macrocystis pyrifera","PISCO","mpa",4.92083333333333,"Den","After",1
"Gull Island SMR",2004,"Mesocentrotus franciscanus","PISCO","mpa",1.77777777777778,"Den","After",1
"Gull Island SMR",2004,"Panulirus interruptus","PISCO","mpa",0.00138888888888889,"Den","After",1
"Gull Island SMR",2004,"Semicossyphus pulcher","PISCO","mpa",0.0451388888888889,"Den","After",1
"Gull Island SMR",2004,"Strongylocentrotus purpuratus","PISCO","mpa",2.21666666666667,"Den","After",1
"Gull Island SMR",2005,"Macrocystis pyrifera","PISCO","mpa",5.08888888888889,"Den","After",2
"Gull Island SMR",2005,"Mesocentrotus franciscanus","PISCO","mpa",1.95416666666667,"Den","After",2
"Gull Island SMR",2005,"Panulirus interruptus","PISCO","mpa",0,"Den","After",2
"Gull Island SMR",2005,"Semicossyphus pulcher","PISCO","mpa",0.0451388888888889,"Den","After",2
"Gull Island SMR",2005,"Strongylocentrotus purpuratus","PISCO","mpa",3.28333333333333,"Den","After",2
"Gull Island SMR",2006,"Macrocystis pyrifera","PISCO","mpa",2.85,"Den","After",3
"Gull Island SMR",2006,"Mesocentrotus franciscanus","PISCO","mpa",2.52638888888889,"Den","After",3
"Gull Island SMR",2006,"Panulirus interruptus","PISCO","mpa",0.00555555555555556,"Den","After",3
"Gull Island SMR",2006,"Semicossyphus pulcher","PISCO","mpa",0.0486111111111111,"Den","After",3
"Gull Island SMR",2006,"Strongylocentrotus purpuratus","PISCO","mpa",2.89305555555556,"Den","After",3
"Gull Island SMR",2007,"Macrocystis pyrifera","PISCO","mpa",3.51666666666667,"Den","After",4
"Gull Island SMR",2007,"Mesocentrotus franciscanus","PISCO","mpa",3.12916666666667,"Den","After",4
"Gull Island SMR",2007,"Panulirus interruptus","PISCO","mpa",0.00277777777777778,"Den","After",4
"Gull Island SMR",2007,"Semicossyphus pulcher","PISCO","mpa",0.0527777777777778,"Den","After",4
"Gull Island SMR",2007,"Strongylocentrotus purpuratus","PISCO","mpa",6.55833333333333,"Den","After",4
"Gull Island SMR",2008,"Macrocystis pyrifera","PISCO","mpa",3.64583333333333,"Den","After",5
"Gull Island SMR",2008,"Mesocentrotus franciscanus","PISCO","mpa",4.45694444444444,"Den","After",5
"Gull Island SMR",2008,"Panulirus interruptus","PISCO","mpa",0.0138888888888889,"Den","After",5
"Gull Island SMR",2008,"Semicossyphus pulcher","PISCO","mpa",0.0368055555555556,"Den","After",5
"Gull Island SMR",2008,"Strongylocentrotus purpuratus","PISCO","mpa",8.43055555555556,"Den","After",5
"Gull Island SMR",2009,"Macrocystis pyrifera","PISCO","mpa",3.07361111111111,"Den","After",6
"Gull Island SMR",2009,"Mesocentrotus franciscanus","PISCO","mpa",3.60694444444444,"Den","After",6
"Gull Island SMR",2009,"Panulirus interruptus","PISCO","mpa",0.0319444444444444,"Den","After",6
"Gull Island SMR",2009,"Semicossyphus pulcher","PISCO","mpa",0.0638888888888889,"Den","After",6
"Gull Island SMR",2009,"Strongylocentrotus purpuratus","PISCO","mpa",12.9916666666667,"Den","After",6
"Gull Island SMR",2010,"Macrocystis pyrifera","PISCO","mpa",2.65694444444444,"Den","After",7
"Gull Island SMR",2010,"Mesocentrotus franciscanus","PISCO","mpa",2.96527777777778,"Den","After",7
"Gull Island SMR",2010,"Panulirus interruptus","PISCO","mpa",0.00138888888888889,"Den","After",7
"Gull Island SMR",2010,"Semicossyphus pulcher","PISCO","mpa",0.0770833333333333,"Den","After",7
"Gull Island SMR",2010,"Strongylocentrotus purpuratus","PISCO","mpa",6.88472222222222,"Den","After",7
"Gull Island SMR",2011,"Macrocystis pyrifera","PISCO","mpa",0.414583333333333,"Den","After",8
"Gull Island SMR",2011,"Mesocentrotus franciscanus","PISCO","mpa",3.36805555555556,"Den","After",8
"Gull Island SMR",2011,"Panulirus interruptus","PISCO","mpa",0.00555555555555556,"Den","After",8
"Gull Island SMR",2011,"Semicossyphus pulcher","PISCO","mpa",0.0694444444444444,"Den","After",8
"Gull Island SMR",2011,"Strongylocentrotus purpuratus","PISCO","mpa",8.46597222222222,"Den","After",8
"Gull Island SMR",2012,"Macrocystis pyrifera","PISCO","mpa",0.752777777777778,"Den","After",9
"Gull Island SMR",2012,"Mesocentrotus franciscanus","PISCO","mpa",4.6375,"Den","After",9
"Gull Island SMR",2012,"Panulirus interruptus","PISCO","mpa",0.00833333333333333,"Den","After",9
"Gull Island SMR",2012,"Semicossyphus pulcher","PISCO","mpa",0.0340277777777778,"Den","After",9
"Gull Island SMR",2012,"Strongylocentrotus purpuratus","PISCO","mpa",6.73888888888889,"Den","After",9
"Gull Island SMR",2014,"Macrocystis pyrifera","PISCO","mpa",0.942361111111111,"Den","After",11
"Gull Island SMR",2014,"Mesocentrotus franciscanus","PISCO","mpa",2.96666666666667,"Den","After",11
"Gull Island SMR",2014,"Panulirus interruptus","PISCO","mpa",0.0402777777777778,"Den","After",11
"Gull Island SMR",2014,"Semicossyphus pulcher","PISCO","mpa",0.0465277777777778,"Den","After",11
"Gull Island SMR",2014,"Strongylocentrotus purpuratus","PISCO","mpa",12.1340277777778,"Den","After",11
"Gull Island SMR",2015,"Macrocystis pyrifera","PISCO","mpa",2.99166666666667,"Den","After",12
"Gull Island SMR",2015,"Mesocentrotus franciscanus","PISCO","mpa",0.95625,"Den","After",12
"Gull Island SMR",2015,"Panulirus interruptus","PISCO","mpa",0.00833333333333333,"Den","After",12
"Gull Island SMR",2015,"Semicossyphus pulcher","PISCO","mpa",0.10625,"Den","After",12
"Gull Island SMR",2015,"Strongylocentrotus purpuratus","PISCO","mpa",1.78263888888889,"Den","After",12
"Gull Island SMR",2016,"Semicossyphus pulcher","PISCO","mpa",0.197222222222222,"Den","After",13
"Gull Island SMR",2017,"Macrocystis pyrifera","PISCO","mpa",5.49583333333333,"Den","After",14
"Gull Island SMR",2017,"Mesocentrotus franciscanus","PISCO","mpa",0.1125,"Den","After",14
"Gull Island SMR",2017,"Panulirus interruptus","PISCO","mpa",0,"Den","After",14
"Gull Island SMR",2017,"Semicossyphus pulcher","PISCO","mpa",0.184027777777778,"Den","After",14
"Gull Island SMR",2017,"Strongylocentrotus purpuratus","PISCO","mpa",0.975,"Den","After",14
"Gull Island SMR",2018,"Macrocystis pyrifera","PISCO","mpa",3.97222222222222,"Den","After",15
"Gull Island SMR",2018,"Mesocentrotus franciscanus","PISCO","mpa",0.6875,"Den","After",15
"Gull Island SMR",2018,"Panulirus interruptus","PISCO","mpa",0.0430555555555556,"Den","After",15
"Gull Island SMR",2018,"Semicossyphus pulcher","PISCO","mpa",0.184027777777778,"Den","After",15
"Gull Island SMR",2018,"Strongylocentrotus purpuratus","PISCO","mpa",1.51527777777778,"Den","After",15
"Gull Island SMR",2019,"Macrocystis pyrifera","PISCO","mpa",2.38472222222222,"Den","After",16
"Gull Island SMR",2019,"Mesocentrotus franciscanus","PISCO","mpa",0.459722222222222,"Den","After",16
"Gull Island SMR",2019,"Panulirus interruptus","PISCO","mpa",0.0166666666666667,"Den","After",16
"Gull Island SMR",2019,"Semicossyphus pulcher","PISCO","mpa",0.134722222222222,"Den","After",16
"Gull Island SMR",2019,"Strongylocentrotus purpuratus","PISCO","mpa",1.45694444444444,"Den","After",16
"Gull Island SMR",2020,"Semicossyphus pulcher","PISCO","mpa",0.165972222222222,"Den","After",17
"Gull Island SMR",2021,"Macrocystis pyrifera","PISCO","mpa",1.25,"Den","After",18
"Gull Island SMR",2021,"Mesocentrotus franciscanus","PISCO","mpa",0.866666666666667,"Den","After",18
"Gull Island SMR",2021,"Panulirus interruptus","PISCO","mpa",0.0166666666666667,"Den","After",18
"Gull Island SMR",2021,"Semicossyphus pulcher","PISCO","mpa",0.122916666666667,"Den","After",18
"Gull Island SMR",2021,"Strongylocentrotus purpuratus","PISCO","mpa",1.0375,"Den","After",18
"Gull Island SMR",2022,"Semicossyphus pulcher","PISCO","mpa",0.132638888888889,"Den","After",19
"Gull Island SMR",2023,"Macrocystis pyrifera","PISCO","mpa",4.68611111111111,"Den","After",20
"Gull Island SMR",2023,"Mesocentrotus franciscanus","PISCO","mpa",0.426388888888889,"Den","After",20
"Gull Island SMR",2023,"Panulirus interruptus","PISCO","mpa",0.0125,"Den","After",20
"Gull Island SMR",2023,"Semicossyphus pulcher","PISCO","mpa",0.142361111111111,"Den","After",20
"Gull Island SMR",2023,"Strongylocentrotus purpuratus","PISCO","mpa",1.14583333333333,"Den","After",20
"Harris Point SMR",2004,"Macrocystis pyrifera","PISCO","mpa",5.85208333333333,"Den","After",1
"Harris Point SMR",2004,"Mesocentrotus franciscanus","PISCO","mpa",3.15347222222222,"Den","After",1
"Harris Point SMR",2004,"Panulirus interruptus","PISCO","mpa",0,"Den","After",1
"Harris Point SMR",2004,"Semicossyphus pulcher","PISCO","mpa",0.00972222222222222,"Den","After",1
"Harris Point SMR",2004,"Strongylocentrotus purpuratus","PISCO","mpa",0.415972222222222,"Den","After",1
"Harris Point SMR",2005,"Macrocystis pyrifera","PISCO","mpa",4.80138888888889,"Den","After",2
"Harris Point SMR",2005,"Mesocentrotus franciscanus","PISCO","mpa",3.66527777777778,"Den","After",2
"Harris Point SMR",2005,"Panulirus interruptus","PISCO","mpa",0,"Den","After",2
"Harris Point SMR",2005,"Semicossyphus pulcher","PISCO","mpa",0.00555555555555556,"Den","After",2
"Harris Point SMR",2005,"Strongylocentrotus purpuratus","PISCO","mpa",0.25,"Den","After",2
"Harris Point SMR",2006,"Macrocystis pyrifera","PISCO","mpa",5.36666666666667,"Den","After",3
"Harris Point SMR",2006,"Mesocentrotus franciscanus","PISCO","mpa",3.4875,"Den","After",3
"Harris Point SMR",2006,"Panulirus interruptus","PISCO","mpa",0,"Den","After",3
"Harris Point SMR",2006,"Semicossyphus pulcher","PISCO","mpa",0.00902777777777778,"Den","After",3
"Harris Point SMR",2006,"Strongylocentrotus purpuratus","PISCO","mpa",0.238888888888889,"Den","After",3
"Harris Point SMR",2007,"Macrocystis pyrifera","PISCO","mpa",4.63888888888889,"Den","After",4
"Harris Point SMR",2007,"Mesocentrotus franciscanus","PISCO","mpa",4.19722222222222,"Den","After",4
"Harris Point SMR",2007,"Panulirus interruptus","PISCO","mpa",0,"Den","After",4
"Harris Point SMR",2007,"Semicossyphus pulcher","PISCO","mpa",0.00555555555555555,"Den","After",4
"Harris Point SMR",2007,"Strongylocentrotus purpuratus","PISCO","mpa",0.243055555555556,"Den","After",4
"Harris Point SMR",2008,"Macrocystis pyrifera","PISCO","mpa",3.18472222222222,"Den","After",5
"Harris Point SMR",2008,"Mesocentrotus franciscanus","PISCO","mpa",10.2222222222222,"Den","After",5
"Harris Point SMR",2008,"Panulirus interruptus","PISCO","mpa",0,"Den","After",5
"Harris Point SMR",2008,"Semicossyphus pulcher","PISCO","mpa",0.00347222222222222,"Den","After",5
"Harris Point SMR",2008,"Strongylocentrotus purpuratus","PISCO","mpa",0.447222222222222,"Den","After",5
"Harris Point SMR",2009,"Macrocystis pyrifera","PISCO","mpa",1.47083333333333,"Den","After",6
"Harris Point SMR",2009,"Mesocentrotus franciscanus","PISCO","mpa",10.2972222222222,"Den","After",6
"Harris Point SMR",2009,"Panulirus interruptus","PISCO","mpa",0,"Den","After",6
"Harris Point SMR",2009,"Semicossyphus pulcher","PISCO","mpa",0.01875,"Den","After",6
"Harris Point SMR",2009,"Strongylocentrotus purpuratus","PISCO","mpa",0.855555555555555,"Den","After",6
"Harris Point SMR",2010,"Macrocystis pyrifera","PISCO","mpa",0.0986111111111111,"Den","After",7
"Harris Point SMR",2010,"Mesocentrotus franciscanus","PISCO","mpa",10.7125,"Den","After",7
"Harris Point SMR",2010,"Panulirus interruptus","PISCO","mpa",0,"Den","After",7
"Harris Point SMR",2010,"Semicossyphus pulcher","PISCO","mpa",0.00972222222222222,"Den","After",7
"Harris Point SMR",2010,"Strongylocentrotus purpuratus","PISCO","mpa",0.15,"Den","After",7
"Harris Point SMR",2011,"Macrocystis pyrifera","PISCO","mpa",0.0208333333333333,"Den","After",8
"Harris Point SMR",2011,"Mesocentrotus franciscanus","PISCO","mpa",10.2486111111111,"Den","After",8
"Harris Point SMR",2011,"Panulirus interruptus","PISCO","mpa",0.00138888888888889,"Den","After",8
"Harris Point SMR",2011,"Semicossyphus pulcher","PISCO","mpa",0.00833333333333333,"Den","After",8
"Harris Point SMR",2011,"Strongylocentrotus purpuratus","PISCO","mpa",0.0222222222222222,"Den","After",8
"Harris Point SMR",2012,"Macrocystis pyrifera","PISCO","mpa",0.743055555555555,"Den","After",9
"Harris Point SMR",2012,"Mesocentrotus franciscanus","PISCO","mpa",9.18194444444444,"Den","After",9
"Harris Point SMR",2012,"Panulirus interruptus","PISCO","mpa",0,"Den","After",9
"Harris Point SMR",2012,"Semicossyphus pulcher","PISCO","mpa",0.00763888888888889,"Den","After",9
"Harris Point SMR",2012,"Strongylocentrotus purpuratus","PISCO","mpa",0.0291666666666667,"Den","After",9
"Harris Point SMR",2014,"Macrocystis pyrifera","PISCO","mpa",2.45416666666667,"Den","After",11
"Harris Point SMR",2014,"Mesocentrotus franciscanus","PISCO","mpa",8.21944444444444,"Den","After",11
"Harris Point SMR",2014,"Panulirus interruptus","PISCO","mpa",0,"Den","After",11
"Harris Point SMR",2014,"Semicossyphus pulcher","PISCO","mpa",0.00833333333333333,"Den","After",11
"Harris Point SMR",2014,"Strongylocentrotus purpuratus","PISCO","mpa",3.30277777777778,"Den","After",11
"Harris Point SMR",2016,"Macrocystis pyrifera","PISCO","mpa",0.168055555555556,"Den","After",13
"Harris Point SMR",2016,"Mesocentrotus franciscanus","PISCO","mpa",7.16805555555556,"Den","After",13
"Harris Point SMR",2016,"Panulirus interruptus","PISCO","mpa",0,"Den","After",13
"Harris Point SMR",2016,"Semicossyphus pulcher","PISCO","mpa",0.0284722222222222,"Den","After",13
"Harris Point SMR",2016,"Strongylocentrotus purpuratus","PISCO","mpa",14.3430555555556,"Den","After",13
"Harris Point SMR",2018,"Macrocystis pyrifera","PISCO","mpa",0,"Den","After",15
"Harris Point SMR",2018,"Mesocentrotus franciscanus","PISCO","mpa",7.52361111111111,"Den","After",15
"Harris Point SMR",2018,"Panulirus interruptus","PISCO","mpa",0.00416666666666667,"Den","After",15
"Harris Point SMR",2018,"Semicossyphus pulcher","PISCO","mpa",0.0215277777777778,"Den","After",15
"Harris Point SMR",2018,"Strongylocentrotus purpuratus","PISCO","mpa",19.2444444444444,"Den","After",15
"Harris Point SMR",2019,"Macrocystis pyrifera","PISCO","mpa",0,"Den","After",16
"Harris Point SMR",2019,"Mesocentrotus franciscanus","PISCO","mpa",4.98333333333333,"Den","After",16
"Harris Point SMR",2019,"Panulirus interruptus","PISCO","mpa",0,"Den","After",16
"Harris Point SMR",2019,"Semicossyphus pulcher","PISCO","mpa",0.0166666666666667,"Den","After",16
"Harris Point SMR",2019,"Strongylocentrotus purpuratus","PISCO","mpa",25.275,"Den","After",16
"Harris Point SMR",2020,"Macrocystis pyrifera","PISCO","mpa",0,"Den","After",17
"Harris Point SMR",2020,"Mesocentrotus franciscanus","PISCO","mpa",5.07222222222222,"Den","After",17
"Harris Point SMR",2020,"Panulirus interruptus","PISCO","mpa",0.00277777777777778,"Den","After",17
"Harris Point SMR",2020,"Semicossyphus pulcher","PISCO","mpa",0.0152777777777778,"Den","After",17
"Harris Point SMR",2020,"Strongylocentrotus purpuratus","PISCO","mpa",9.31805555555556,"Den","After",17
"Harris Point SMR",2021,"Macrocystis pyrifera","PISCO","mpa",0.00972222222222222,"Den","After",18
"Harris Point SMR",2021,"Mesocentrotus franciscanus","PISCO","mpa",8.70138888888889,"Den","After",18
"Harris Point SMR",2021,"Panulirus interruptus","PISCO","mpa",0.00277777777777778,"Den","After",18
"Harris Point SMR",2021,"Semicossyphus pulcher","PISCO","mpa",0.0118055555555556,"Den","After",18
"Harris Point SMR",2021,"Strongylocentrotus purpuratus","PISCO","mpa",28.0652777777778,"Den","After",18
"Harris Point SMR",2022,"Macrocystis pyrifera","PISCO","mpa",0,"Den","After",19
"Harris Point SMR",2022,"Mesocentrotus franciscanus","PISCO","mpa",6.33472222222222,"Den","After",19
"Harris Point SMR",2022,"Panulirus interruptus","PISCO","mpa",0,"Den","After",19
"Harris Point SMR",2022,"Semicossyphus pulcher","PISCO","mpa",0.0194444444444444,"Den","After",19
"Harris Point SMR",2022,"Strongylocentrotus purpuratus","PISCO","mpa",20.9597222222222,"Den","After",19
"Harris Point SMR",2023,"Macrocystis pyrifera","PISCO","mpa",0,"Den","After",20
"Harris Point SMR",2023,"Mesocentrotus franciscanus","PISCO","mpa",6.15972222222222,"Den","After",20
"Harris Point SMR",2023,"Panulirus interruptus","PISCO","mpa",0.00138888888888889,"Den","After",20
"Harris Point SMR",2023,"Semicossyphus pulcher","PISCO","mpa",0.0166666666666667,"Den","After",20
"Harris Point SMR",2023,"Strongylocentrotus purpuratus","PISCO","mpa",9.37916666666667,"Den","After",20
"Matlahuayl SMR",2011,"Macrocystis pyrifera","PISCO","mpa",0.5875,"Den","Before",0
"Matlahuayl SMR",2011,"Mesocentrotus franciscanus","PISCO","mpa",0.108333333333333,"Den","Before",0
"Matlahuayl SMR",2011,"Panulirus interruptus","PISCO","mpa",0.0375,"Den","Before",0
"Matlahuayl SMR",2011,"Semicossyphus pulcher","PISCO","mpa",0.0125,"Den","Before",0
"Matlahuayl SMR",2011,"Strongylocentrotus purpuratus","PISCO","mpa",0,"Den","Before",0
"Matlahuayl SMR",2012,"Macrocystis pyrifera","PISCO","mpa",0.366666666666667,"Den","Before",0
"Matlahuayl SMR",2012,"Mesocentrotus franciscanus","PISCO","mpa",0.191666666666667,"Den","Before",0
"Matlahuayl SMR",2012,"Panulirus interruptus","PISCO","mpa",0.108333333333333,"Den","Before",0
"Matlahuayl SMR",2012,"Semicossyphus pulcher","PISCO","mpa",0.025,"Den","Before",0
"Matlahuayl SMR",2012,"Strongylocentrotus purpuratus","PISCO","mpa",0.025,"Den","Before",0
"Matlahuayl SMR",2019,"Macrocystis pyrifera","PISCO","mpa",0.5,"Den","After",7
"Matlahuayl SMR",2019,"Mesocentrotus franciscanus","PISCO","mpa",0.00833333333333333,"Den","After",7
"Matlahuayl SMR",2019,"Panulirus interruptus","PISCO","mpa",0.0291666666666667,"Den","After",7
"Matlahuayl SMR",2019,"Semicossyphus pulcher","PISCO","mpa",0.0166666666666667,"Den","After",7
"Matlahuayl SMR",2019,"Strongylocentrotus purpuratus","PISCO","mpa",0.00833333333333333,"Den","After",7
"Matlahuayl SMR",2020,"Macrocystis pyrifera","PISCO","mpa",0.220833333333333,"Den","After",8
"Matlahuayl SMR",2020,"Mesocentrotus franciscanus","PISCO","mpa",0,"Den","After",8
"Matlahuayl SMR",2020,"Panulirus interruptus","PISCO","mpa",0.0333333333333333,"Den","After",8
"Matlahuayl SMR",2020,"Semicossyphus pulcher","PISCO","mpa",0.0125,"Den","After",8
"Matlahuayl SMR",2020,"Strongylocentrotus purpuratus","PISCO","mpa",0,"Den","After",8
"Matlahuayl SMR",2021,"Macrocystis pyrifera","PISCO","mpa",0.408333333333333,"Den","After",9
"Matlahuayl SMR",2021,"Mesocentrotus franciscanus","PISCO","mpa",0.00833333333333333,"Den","After",9
"Matlahuayl SMR",2021,"Panulirus interruptus","PISCO","mpa",0.05,"Den","After",9
"Matlahuayl SMR",2021,"Semicossyphus pulcher","PISCO","mpa",0.0104166666666667,"Den","After",9
"Matlahuayl SMR",2021,"Strongylocentrotus purpuratus","PISCO","mpa",0,"Den","After",9
"Matlahuayl SMR",2022,"Macrocystis pyrifera","PISCO","mpa",0.479166666666667,"Den","After",10
"Matlahuayl SMR",2022,"Mesocentrotus franciscanus","PISCO","mpa",0,"Den","After",10
"Matlahuayl SMR",2022,"Panulirus interruptus","PISCO","mpa",0.1625,"Den","After",10
"Matlahuayl SMR",2022,"Semicossyphus pulcher","PISCO","mpa",0.0125,"Den","After",10
"Matlahuayl SMR",2022,"Strongylocentrotus purpuratus","PISCO","mpa",0,"Den","After",10
"Matlahuayl SMR",2023,"Macrocystis pyrifera","PISCO","mpa",0.129166666666667,"Den","After",11
"Matlahuayl SMR",2023,"Mesocentrotus franciscanus","PISCO","mpa",0.00416666666666667,"Den","After",11
"Matlahuayl SMR",2023,"Panulirus interruptus","PISCO","mpa",0.00416666666666667,"Den","After",11
"Matlahuayl SMR",2023,"Semicossyphus pulcher","PISCO","mpa",0,"Den","After",11
"Matlahuayl SMR",2023,"Strongylocentrotus purpuratus","PISCO","mpa",0,"Den","After",11
"Naples SMCA",2009,"Semicossyphus pulcher","PISCO","mpa",0.0180555555555556,"Den","Before",0
"Naples SMCA",2010,"Macrocystis pyrifera","PISCO","mpa",1.39166666666667,"Den","Before",0
"Naples SMCA",2010,"Mesocentrotus franciscanus","PISCO","mpa",3.02361111111111,"Den","Before",0
"Naples SMCA",2010,"Panulirus interruptus","PISCO","mpa",0,"Den","Before",0
"Naples SMCA",2010,"Semicossyphus pulcher","PISCO","mpa",0.0208333333333333,"Den","Before",0
"Naples SMCA",2010,"Strongylocentrotus purpuratus","PISCO","mpa",3.43333333333333,"Den","Before",0
"Naples SMCA",2011,"Macrocystis pyrifera","PISCO","mpa",0.213888888888889,"Den","Before",0
"Naples SMCA",2011,"Mesocentrotus franciscanus","PISCO","mpa",3.29166666666667,"Den","Before",0
"Naples SMCA",2011,"Panulirus interruptus","PISCO","mpa",0,"Den","Before",0
"Naples SMCA",2011,"Semicossyphus pulcher","PISCO","mpa",0.0194444444444444,"Den","Before",0
"Naples SMCA",2011,"Strongylocentrotus purpuratus","PISCO","mpa",3.64166666666667,"Den","Before",0
"Naples SMCA",2012,"Macrocystis pyrifera","PISCO","mpa",0.356944444444444,"Den","Before",0
"Naples SMCA",2012,"Mesocentrotus franciscanus","PISCO","mpa",2.90138888888889,"Den","Before",0
"Naples SMCA",2012,"Panulirus interruptus","PISCO","mpa",0.00138888888888889,"Den","Before",0
"Naples SMCA",2012,"Semicossyphus pulcher","PISCO","mpa",0.0145833333333333,"Den","Before",0
"Naples SMCA",2012,"Strongylocentrotus purpuratus","PISCO","mpa",2.15138888888889,"Den","Before",0
"Naples SMCA",2013,"Macrocystis pyrifera","PISCO","mpa",0.451388888888889,"Den","After",1
"Naples SMCA",2013,"Mesocentrotus franciscanus","PISCO","mpa",3.38611111111111,"Den","After",1
"Naples SMCA",2013,"Panulirus interruptus","PISCO","mpa",0.00138888888888889,"Den","After",1
"Naples SMCA",2013,"Semicossyphus pulcher","PISCO","mpa",0.0118055555555556,"Den","After",1
"Naples SMCA",2013,"Strongylocentrotus purpuratus","PISCO","mpa",0.734722222222222,"Den","After",1
"Naples SMCA",2014,"Macrocystis pyrifera","PISCO","mpa",2.05138888888889,"Den","After",2
"Naples SMCA",2014,"Mesocentrotus franciscanus","PISCO","mpa",2.72361111111111,"Den","After",2
"Naples SMCA",2014,"Panulirus interruptus","PISCO","mpa",0.00277777777777778,"Den","After",2
"Naples SMCA",2014,"Semicossyphus pulcher","PISCO","mpa",0.0166666666666667,"Den","After",2
"Naples SMCA",2014,"Strongylocentrotus purpuratus","PISCO","mpa",0.238888888888889,"Den","After",2
"Naples SMCA",2015,"Macrocystis pyrifera","PISCO","mpa",3.71666666666667,"Den","After",3
"Naples SMCA",2015,"Mesocentrotus franciscanus","PISCO","mpa",1.59375,"Den","After",3
"Naples SMCA",2015,"Panulirus interruptus","PISCO","mpa",0.0333333333333333,"Den","After",3
"Naples SMCA",2015,"Semicossyphus pulcher","PISCO","mpa",0.159027777777778,"Den","After",3
"Naples SMCA",2015,"Strongylocentrotus purpuratus","PISCO","mpa",0.285416666666667,"Den","After",3
"Naples SMCA",2016,"Macrocystis pyrifera","PISCO","mpa",3.16111111111111,"Den","After",4
"Naples SMCA",2016,"Mesocentrotus franciscanus","PISCO","mpa",0.8875,"Den","After",4
"Naples SMCA",2016,"Panulirus interruptus","PISCO","mpa",0.00277777777777778,"Den","After",4
"Naples SMCA",2016,"Semicossyphus pulcher","PISCO","mpa",0.111111111111111,"Den","After",4
"Naples SMCA",2016,"Strongylocentrotus purpuratus","PISCO","mpa",0.35,"Den","After",4
"Naples SMCA",2017,"Macrocystis pyrifera","PISCO","mpa",1.91666666666667,"Den","After",5
"Naples SMCA",2017,"Mesocentrotus franciscanus","PISCO","mpa",0.820833333333333,"Den","After",5
"Naples SMCA",2017,"Panulirus interruptus","PISCO","mpa",0,"Den","After",5
"Naples SMCA",2017,"Semicossyphus pulcher","PISCO","mpa",0.0854166666666667,"Den","After",5
"Naples SMCA",2017,"Strongylocentrotus purpuratus","PISCO","mpa",0.602777777777778,"Den","After",5
"Naples SMCA",2018,"Macrocystis pyrifera","PISCO","mpa",3.04722222222222,"Den","After",6
"Naples SMCA",2018,"Mesocentrotus franciscanus","PISCO","mpa",2.075,"Den","After",6
"Naples SMCA",2018,"Panulirus interruptus","PISCO","mpa",0.00555555555555556,"Den","After",6
"Naples SMCA",2018,"Semicossyphus pulcher","PISCO","mpa",0.09375,"Den","After",6
"Naples SMCA",2018,"Strongylocentrotus purpuratus","PISCO","mpa",2.01805555555556,"Den","After",6
"Naples SMCA",2019,"Macrocystis pyrifera","PISCO","mpa",1.36527777777778,"Den","After",7
"Naples SMCA",2019,"Mesocentrotus franciscanus","PISCO","mpa",2.10138888888889,"Den","After",7
"Naples SMCA",2019,"Panulirus interruptus","PISCO","mpa",0.00138888888888889,"Den","After",7
"Naples SMCA",2019,"Semicossyphus pulcher","PISCO","mpa",0.0729166666666667,"Den","After",7
"Naples SMCA",2019,"Strongylocentrotus purpuratus","PISCO","mpa",2.575,"Den","After",7
"Naples SMCA",2020,"Macrocystis pyrifera","PISCO","mpa",1.38611111111111,"Den","After",8
"Naples SMCA",2020,"Mesocentrotus franciscanus","PISCO","mpa",1.15833333333333,"Den","After",8
"Naples SMCA",2020,"Panulirus interruptus","PISCO","mpa",0.00138888888888889,"Den","After",8
"Naples SMCA",2020,"Semicossyphus pulcher","PISCO","mpa",0.0506944444444444,"Den","After",8
"Naples SMCA",2020,"Strongylocentrotus purpuratus","PISCO","mpa",2.3,"Den","After",8
"Naples SMCA",2021,"Macrocystis pyrifera","PISCO","mpa",1.29027777777778,"Den","After",9
"Naples SMCA",2021,"Mesocentrotus franciscanus","PISCO","mpa",0.85,"Den","After",9
"Naples SMCA",2021,"Panulirus interruptus","PISCO","mpa",0.00138888888888889,"Den","After",9
"Naples SMCA",2021,"Semicossyphus pulcher","PISCO","mpa",0.0527777777777778,"Den","After",9
"Naples SMCA",2021,"Strongylocentrotus purpuratus","PISCO","mpa",2.78194444444444,"Den","After",9
"Naples SMCA",2022,"Macrocystis pyrifera","PISCO","mpa",0.515277777777778,"Den","After",10
"Naples SMCA",2022,"Mesocentrotus franciscanus","PISCO","mpa",0.566666666666667,"Den","After",10
"Naples SMCA",2022,"Panulirus interruptus","PISCO","mpa",0.00416666666666667,"Den","After",10
"Naples SMCA",2022,"Semicossyphus pulcher","PISCO","mpa",0.0611111111111111,"Den","After",10
"Naples SMCA",2022,"Strongylocentrotus purpuratus","PISCO","mpa",2.23333333333333,"Den","After",10
"Naples SMCA",2023,"Macrocystis pyrifera","PISCO","mpa",0.498611111111111,"Den","After",11
"Naples SMCA",2023,"Mesocentrotus franciscanus","PISCO","mpa",1.40833333333333,"Den","After",11
"Naples SMCA",2023,"Panulirus interruptus","PISCO","mpa",0,"Den","After",11
"Naples SMCA",2023,"Semicossyphus pulcher","PISCO","mpa",0.0472222222222222,"Den","After",11
"Naples SMCA",2023,"Strongylocentrotus purpuratus","PISCO","mpa",3.95833333333333,"Den","After",11
"Point Vicente SMCA",2004,"Semicossyphus pulcher","PISCO","mpa",0.0215277777777778,"Den","Before",0
"Point Vicente SMCA",2007,"Semicossyphus pulcher","PISCO","mpa",0.0708333333333333,"Den","Before",0
"Point Vicente SMCA",2008,"Macrocystis pyrifera","PISCO","mpa",1.76388888888889,"Den","Before",0
"Point Vicente SMCA",2008,"Mesocentrotus franciscanus","PISCO","mpa",0.597222222222222,"Den","Before",0
"Point Vicente SMCA",2008,"Panulirus interruptus","PISCO","mpa",0,"Den","Before",0
"Point Vicente SMCA",2008,"Semicossyphus pulcher","PISCO","mpa",0.0388888888888889,"Den","Before",0
"Point Vicente SMCA",2008,"Strongylocentrotus purpuratus","PISCO","mpa",5.04722222222222,"Den","Before",0
"Point Vicente SMCA",2009,"Macrocystis pyrifera","PISCO","mpa",4.19583333333333,"Den","Before",0
"Point Vicente SMCA",2009,"Mesocentrotus franciscanus","PISCO","mpa",0.422916666666667,"Den","Before",0
"Point Vicente SMCA",2009,"Panulirus interruptus","PISCO","mpa",0,"Den","Before",0
"Point Vicente SMCA",2009,"Semicossyphus pulcher","PISCO","mpa",0.0388888888888889,"Den","Before",0
"Point Vicente SMCA",2009,"Strongylocentrotus purpuratus","PISCO","mpa",1.62569444444444,"Den","Before",0
"Point Vicente SMCA",2010,"Macrocystis pyrifera","PISCO","mpa",2.79270833333333,"Den","Before",0
"Point Vicente SMCA",2010,"Mesocentrotus franciscanus","PISCO","mpa",0.333333333333333,"Den","Before",0
"Point Vicente SMCA",2010,"Panulirus interruptus","PISCO","mpa",0,"Den","Before",0
"Point Vicente SMCA",2010,"Semicossyphus pulcher","PISCO","mpa",0.0489583333333333,"Den","Before",0
"Point Vicente SMCA",2010,"Strongylocentrotus purpuratus","PISCO","mpa",1.26458333333333,"Den","Before",0
"Point Vicente SMCA",2011,"Macrocystis pyrifera","PISCO","mpa",3.40833333333333,"Den","Before",0
"Point Vicente SMCA",2011,"Mesocentrotus franciscanus","PISCO","mpa",0.164583333333333,"Den","Before",0
"Point Vicente SMCA",2011,"Panulirus interruptus","PISCO","mpa",0.00520833333333333,"Den","Before",0
"Point Vicente SMCA",2011,"Semicossyphus pulcher","PISCO","mpa",0.0223958333333333,"Den","Before",0
"Point Vicente SMCA",2011,"Strongylocentrotus purpuratus","PISCO","mpa",0.736458333333333,"Den","Before",0
"Point Vicente SMCA",2012,"Macrocystis pyrifera","PISCO","mpa",2.35416666666667,"Den","Before",0
"Point Vicente SMCA",2012,"Mesocentrotus franciscanus","PISCO","mpa",0.344791666666667,"Den","Before",0
"Point Vicente SMCA",2012,"Panulirus interruptus","PISCO","mpa",0.00104166666666667,"Den","Before",0
"Point Vicente SMCA",2012,"Semicossyphus pulcher","PISCO","mpa",0.0078125,"Den","Before",0
"Point Vicente SMCA",2012,"Strongylocentrotus purpuratus","PISCO","mpa",1.046875,"Den","Before",0
"Point Vicente SMCA",2013,"Macrocystis pyrifera","PISCO","mpa",0.00833333333333333,"Den","After",1
"Point Vicente SMCA",2013,"Mesocentrotus franciscanus","PISCO","mpa",0.175,"Den","After",1
"Point Vicente SMCA",2013,"Panulirus interruptus","PISCO","mpa",0,"Den","After",1
"Point Vicente SMCA",2013,"Semicossyphus pulcher","PISCO","mpa",0.0130208333333333,"Den","After",1
"Point Vicente SMCA",2013,"Strongylocentrotus purpuratus","PISCO","mpa",0,"Den","After",1
"Point Vicente SMCA",2014,"Semicossyphus pulcher","PISCO","mpa",0.0322916666666667,"Den","After",2
"Point Vicente SMCA",2015,"Macrocystis pyrifera","PISCO","mpa",1.71041666666667,"Den","After",3
"Point Vicente SMCA",2015,"Mesocentrotus franciscanus","PISCO","mpa",0.220833333333333,"Den","After",3
"Point Vicente SMCA",2015,"Panulirus interruptus","PISCO","mpa",0.104166666666667,"Den","After",3
"Point Vicente SMCA",2015,"Semicossyphus pulcher","PISCO","mpa",0.0526041666666667,"Den","After",3
"Point Vicente SMCA",2015,"Strongylocentrotus purpuratus","PISCO","mpa",0.247916666666667,"Den","After",3
"Point Vicente SMCA",2016,"Macrocystis pyrifera","PISCO","mpa",2.19583333333333,"Den","After",4
"Point Vicente SMCA",2016,"Mesocentrotus franciscanus","PISCO","mpa",0.186458333333333,"Den","After",4
"Point Vicente SMCA",2016,"Panulirus interruptus","PISCO","mpa",0.003125,"Den","After",4
"Point Vicente SMCA",2016,"Semicossyphus pulcher","PISCO","mpa",0.0322916666666667,"Den","After",4
"Point Vicente SMCA",2016,"Strongylocentrotus purpuratus","PISCO","mpa",0.163541666666667,"Den","After",4
"Point Vicente SMCA",2017,"Macrocystis pyrifera","PISCO","mpa",2.64583333333333,"Den","After",5
"Point Vicente SMCA",2017,"Mesocentrotus franciscanus","PISCO","mpa",0.15625,"Den","After",5
"Point Vicente SMCA",2017,"Panulirus interruptus","PISCO","mpa",0.0197916666666667,"Den","After",5
"Point Vicente SMCA",2017,"Semicossyphus pulcher","PISCO","mpa",0.0369791666666667,"Den","After",5
"Point Vicente SMCA",2017,"Strongylocentrotus purpuratus","PISCO","mpa",0.144791666666667,"Den","After",5
"Point Vicente SMCA",2018,"Macrocystis pyrifera","PISCO","mpa",2.36197916666667,"Den","After",6
"Point Vicente SMCA",2018,"Mesocentrotus franciscanus","PISCO","mpa",0.197916666666667,"Den","After",6
"Point Vicente SMCA",2018,"Panulirus interruptus","PISCO","mpa",0.0640625,"Den","After",6
"Point Vicente SMCA",2018,"Semicossyphus pulcher","PISCO","mpa",0.0505208333333333,"Den","After",6
"Point Vicente SMCA",2018,"Strongylocentrotus purpuratus","PISCO","mpa",0.199479166666667,"Den","After",6
"Point Vicente SMCA",2019,"Macrocystis pyrifera","PISCO","mpa",1.9875,"Den","After",7
"Point Vicente SMCA",2019,"Mesocentrotus franciscanus","PISCO","mpa",0.269791666666667,"Den","After",7
"Point Vicente SMCA",2019,"Panulirus interruptus","PISCO","mpa",0.0135416666666667,"Den","After",7
"Point Vicente SMCA",2019,"Semicossyphus pulcher","PISCO","mpa",0.0434895833333333,"Den","After",7
"Point Vicente SMCA",2019,"Strongylocentrotus purpuratus","PISCO","mpa",0.248958333333333,"Den","After",7
"Point Vicente SMCA",2020,"Macrocystis pyrifera","PISCO","mpa",2.30416666666667,"Den","After",8
"Point Vicente SMCA",2020,"Mesocentrotus franciscanus","PISCO","mpa",0.170833333333333,"Den","After",8
"Point Vicente SMCA",2020,"Panulirus interruptus","PISCO","mpa",0.0208333333333333,"Den","After",8
"Point Vicente SMCA",2020,"Semicossyphus pulcher","PISCO","mpa",0.0557291666666667,"Den","After",8
"Point Vicente SMCA",2020,"Strongylocentrotus purpuratus","PISCO","mpa",0.0979166666666667,"Den","After",8
"Point Vicente SMCA",2021,"Macrocystis pyrifera","PISCO","mpa",0.923958333333333,"Den","After",9
"Point Vicente SMCA",2021,"Mesocentrotus franciscanus","PISCO","mpa",0.177083333333333,"Den","After",9
"Point Vicente SMCA",2021,"Panulirus interruptus","PISCO","mpa",0.00208333333333333,"Den","After",9
"Point Vicente SMCA",2021,"Semicossyphus pulcher","PISCO","mpa",0.04375,"Den","After",9
"Point Vicente SMCA",2021,"Strongylocentrotus purpuratus","PISCO","mpa",0.19375,"Den","After",9
"Point Vicente SMCA",2022,"Macrocystis pyrifera","PISCO","mpa",1.88125,"Den","After",10
"Point Vicente SMCA",2022,"Mesocentrotus franciscanus","PISCO","mpa",0.176041666666667,"Den","After",10
"Point Vicente SMCA",2022,"Panulirus interruptus","PISCO","mpa",0.0291666666666667,"Den","After",10
"Point Vicente SMCA",2022,"Semicossyphus pulcher","PISCO","mpa",0.046875,"Den","After",10
"Point Vicente SMCA",2022,"Strongylocentrotus purpuratus","PISCO","mpa",0.201041666666667,"Den","After",10
"Point Vicente SMCA",2023,"Macrocystis pyrifera","PISCO","mpa",1.08888888888889,"Den","After",11
"Point Vicente SMCA",2023,"Mesocentrotus franciscanus","PISCO","mpa",0.184027777777778,"Den","After",11
"Point Vicente SMCA",2023,"Panulirus interruptus","PISCO","mpa",0.0131944444444444,"Den","After",11
"Point Vicente SMCA",2023,"Semicossyphus pulcher","PISCO","mpa",0.0546875,"Den","After",11
"Point Vicente SMCA",2023,"Strongylocentrotus purpuratus","PISCO","mpa",0.1,"Den","After",11
"Scorpion SMR",2004,"Macrocystis pyrifera","PISCO","mpa",2.68888888888889,"Den","After",1
"Scorpion SMR",2004,"Mesocentrotus franciscanus","PISCO","mpa",1.86111111111111,"Den","After",1
"Scorpion SMR",2004,"Panulirus interruptus","PISCO","mpa",0.0194444444444444,"Den","After",1
"Scorpion SMR",2004,"Semicossyphus pulcher","PISCO","mpa",0.0152777777777778,"Den","After",1
"Scorpion SMR",2004,"Strongylocentrotus purpuratus","PISCO","mpa",2.17777777777778,"Den","After",1
"Scorpion SMR",2005,"Macrocystis pyrifera","PISCO","mpa",6.07777777777778,"Den","After",2
"Scorpion SMR",2005,"Mesocentrotus franciscanus","PISCO","mpa",1.61666666666667,"Den","After",2
"Scorpion SMR",2005,"Panulirus interruptus","PISCO","mpa",0.0138888888888889,"Den","After",2
"Scorpion SMR",2005,"Semicossyphus pulcher","PISCO","mpa",0.0140046296296296,"Den","After",2
"Scorpion SMR",2005,"Strongylocentrotus purpuratus","PISCO","mpa",3.23055555555556,"Den","After",2
"Scorpion SMR",2006,"Macrocystis pyrifera","PISCO","mpa",2.70277777777778,"Den","After",3
"Scorpion SMR",2006,"Mesocentrotus franciscanus","PISCO","mpa",5.91111111111111,"Den","After",3
"Scorpion SMR",2006,"Panulirus interruptus","PISCO","mpa",0.00555555555555556,"Den","After",3
"Scorpion SMR",2006,"Semicossyphus pulcher","PISCO","mpa",0.016087962962963,"Den","After",3
"Scorpion SMR",2006,"Strongylocentrotus purpuratus","PISCO","mpa",22.0555555555556,"Den","After",3
"Scorpion SMR",2007,"Macrocystis pyrifera","PISCO","mpa",0.7375,"Den","After",4
"Scorpion SMR",2007,"Mesocentrotus franciscanus","PISCO","mpa",2.77592592592593,"Den","After",4
"Scorpion SMR",2007,"Panulirus interruptus","PISCO","mpa",0.00138888888888889,"Den","After",4
"Scorpion SMR",2007,"Semicossyphus pulcher","PISCO","mpa",0.0134259259259259,"Den","After",4
"Scorpion SMR",2007,"Strongylocentrotus purpuratus","PISCO","mpa",13.2226851851852,"Den","After",4
"Scorpion SMR",2008,"Macrocystis pyrifera","PISCO","mpa",0.841666666666667,"Den","After",5
"Scorpion SMR",2008,"Mesocentrotus franciscanus","PISCO","mpa",3.68055555555556,"Den","After",5
"Scorpion SMR",2008,"Panulirus interruptus","PISCO","mpa",0.00138888888888889,"Den","After",5
"Scorpion SMR",2008,"Semicossyphus pulcher","PISCO","mpa",0.0175925925925926,"Den","After",5
"Scorpion SMR",2008,"Strongylocentrotus purpuratus","PISCO","mpa",8.37638888888889,"Den","After",5
"Scorpion SMR",2009,"Macrocystis pyrifera","PISCO","mpa",0.739814814814815,"Den","After",6
"Scorpion SMR",2009,"Mesocentrotus franciscanus","PISCO","mpa",3.63796296296296,"Den","After",6
"Scorpion SMR",2009,"Panulirus interruptus","PISCO","mpa",0.00972222222222222,"Den","After",6
"Scorpion SMR",2009,"Semicossyphus pulcher","PISCO","mpa",0.0412037037037037,"Den","After",6
"Scorpion SMR",2009,"Strongylocentrotus purpuratus","PISCO","mpa",20.1800925925926,"Den","After",6
"Scorpion SMR",2010,"Macrocystis pyrifera","PISCO","mpa",3.58518518518519,"Den","After",7
"Scorpion SMR",2010,"Mesocentrotus franciscanus","PISCO","mpa",3.04074074074074,"Den","After",7
"Scorpion SMR",2010,"Panulirus interruptus","PISCO","mpa",0.0166666666666667,"Den","After",7
"Scorpion SMR",2010,"Semicossyphus pulcher","PISCO","mpa",0.0305555555555556,"Den","After",7
"Scorpion SMR",2010,"Strongylocentrotus purpuratus","PISCO","mpa",12.3018518518519,"Den","After",7
"Scorpion SMR",2011,"Macrocystis pyrifera","PISCO","mpa",2.36018518518518,"Den","After",8
"Scorpion SMR",2011,"Mesocentrotus franciscanus","PISCO","mpa",2.7962962962963,"Den","After",8
"Scorpion SMR",2011,"Panulirus interruptus","PISCO","mpa",0.0231481481481481,"Den","After",8
"Scorpion SMR",2011,"Semicossyphus pulcher","PISCO","mpa",0.0236111111111111,"Den","After",8
"Scorpion SMR",2011,"Strongylocentrotus purpuratus","PISCO","mpa",11.7805555555556,"Den","After",8
"Scorpion SMR",2012,"Macrocystis pyrifera","PISCO","mpa",2.09907407407407,"Den","After",9
"Scorpion SMR",2012,"Mesocentrotus franciscanus","PISCO","mpa",3.10185185185185,"Den","After",9
"Scorpion SMR",2012,"Panulirus interruptus","PISCO","mpa",0.0148148148148148,"Den","After",9
"Scorpion SMR",2012,"Semicossyphus pulcher","PISCO","mpa",0.024537037037037,"Den","After",9
"Scorpion SMR",2012,"Strongylocentrotus purpuratus","PISCO","mpa",12.8462962962963,"Den","After",9
"Scorpion SMR",2013,"Macrocystis pyrifera","PISCO","mpa",0.850462962962963,"Den","After",10
"Scorpion SMR",2013,"Mesocentrotus franciscanus","PISCO","mpa",3.46759259259259,"Den","After",10
"Scorpion SMR",2013,"Panulirus interruptus","PISCO","mpa",0.025,"Den","After",10
"Scorpion SMR",2013,"Semicossyphus pulcher","PISCO","mpa",0.0240740740740741,"Den","After",10
"Scorpion SMR",2013,"Strongylocentrotus purpuratus","PISCO","mpa",24.687037037037,"Den","After",10
"Scorpion SMR",2014,"Macrocystis pyrifera","PISCO","mpa",2.57962962962963,"Den","After",11
"Scorpion SMR",2014,"Mesocentrotus franciscanus","PISCO","mpa",2.49444444444444,"Den","After",11
"Scorpion SMR",2014,"Panulirus interruptus","PISCO","mpa",0.0222222222222222,"Den","After",11
"Scorpion SMR",2014,"Semicossyphus pulcher","PISCO","mpa",0.0314814814814815,"Den","After",11
"Scorpion SMR",2014,"Strongylocentrotus purpuratus","PISCO","mpa",11.475,"Den","After",11
"Scorpion SMR",2015,"Macrocystis pyrifera","PISCO","mpa",4.68703703703704,"Den","After",12
"Scorpion SMR",2015,"Mesocentrotus franciscanus","PISCO","mpa",0.857407407407407,"Den","After",12
"Scorpion SMR",2015,"Panulirus interruptus","PISCO","mpa",0.0138888888888889,"Den","After",12
"Scorpion SMR",2015,"Semicossyphus pulcher","PISCO","mpa",0.0462962962962963,"Den","After",12
"Scorpion SMR",2015,"Strongylocentrotus purpuratus","PISCO","mpa",1.04166666666667,"Den","After",12
"Scorpion SMR",2016,"Macrocystis pyrifera","PISCO","mpa",2.23888888888889,"Den","After",13
"Scorpion SMR",2016,"Mesocentrotus franciscanus","PISCO","mpa",0.264814814814815,"Den","After",13
"Scorpion SMR",2016,"Panulirus interruptus","PISCO","mpa",0.0722222222222222,"Den","After",13
"Scorpion SMR",2016,"Semicossyphus pulcher","PISCO","mpa",0.0810185185185185,"Den","After",13
"Scorpion SMR",2016,"Strongylocentrotus purpuratus","PISCO","mpa",0.262037037037037,"Den","After",13
"Scorpion SMR",2017,"Macrocystis pyrifera","PISCO","mpa",6.02685185185185,"Den","After",14
"Scorpion SMR",2017,"Mesocentrotus franciscanus","PISCO","mpa",0.465740740740741,"Den","After",14
"Scorpion SMR",2017,"Panulirus interruptus","PISCO","mpa",0.0518518518518519,"Den","After",14
"Scorpion SMR",2017,"Semicossyphus pulcher","PISCO","mpa",0.0703703703703704,"Den","After",14
"Scorpion SMR",2017,"Strongylocentrotus purpuratus","PISCO","mpa",0.444444444444444,"Den","After",14
"Scorpion SMR",2018,"Macrocystis pyrifera","PISCO","mpa",5.41018518518518,"Den","After",15
"Scorpion SMR",2018,"Mesocentrotus franciscanus","PISCO","mpa",0.737962962962963,"Den","After",15
"Scorpion SMR",2018,"Panulirus interruptus","PISCO","mpa",0.062962962962963,"Den","After",15
"Scorpion SMR",2018,"Semicossyphus pulcher","PISCO","mpa",0.0476851851851852,"Den","After",15
"Scorpion SMR",2018,"Strongylocentrotus purpuratus","PISCO","mpa",0.771296296296296,"Den","After",15
"Scorpion SMR",2019,"Macrocystis pyrifera","PISCO","mpa",6.24814814814815,"Den","After",16
"Scorpion SMR",2019,"Mesocentrotus franciscanus","PISCO","mpa",0.246296296296296,"Den","After",16
"Scorpion SMR",2019,"Panulirus interruptus","PISCO","mpa",0.0305555555555556,"Den","After",16
"Scorpion SMR",2019,"Semicossyphus pulcher","PISCO","mpa",0.0518518518518519,"Den","After",16
"Scorpion SMR",2019,"Strongylocentrotus purpuratus","PISCO","mpa",0.312037037037037,"Den","After",16
"Scorpion SMR",2020,"Macrocystis pyrifera","PISCO","mpa",6.73333333333333,"Den","After",17
"Scorpion SMR",2020,"Mesocentrotus franciscanus","PISCO","mpa",0.412962962962963,"Den","After",17
"Scorpion SMR",2020,"Panulirus interruptus","PISCO","mpa",0.0472222222222222,"Den","After",17
"Scorpion SMR",2020,"Semicossyphus pulcher","PISCO","mpa",0.0421296296296296,"Den","After",17
"Scorpion SMR",2020,"Strongylocentrotus purpuratus","PISCO","mpa",0.436111111111111,"Den","After",17
"Scorpion SMR",2021,"Macrocystis pyrifera","PISCO","mpa",6.72407407407407,"Den","After",18
"Scorpion SMR",2021,"Mesocentrotus franciscanus","PISCO","mpa",0.580555555555556,"Den","After",18
"Scorpion SMR",2021,"Panulirus interruptus","PISCO","mpa",0.0898148148148148,"Den","After",18
"Scorpion SMR",2021,"Semicossyphus pulcher","PISCO","mpa",0.0435185185185185,"Den","After",18
"Scorpion SMR",2021,"Strongylocentrotus purpuratus","PISCO","mpa",0.481481481481481,"Den","After",18
"Scorpion SMR",2022,"Macrocystis pyrifera","PISCO","mpa",6.18055555555556,"Den","After",19
"Scorpion SMR",2022,"Mesocentrotus franciscanus","PISCO","mpa",1.12314814814815,"Den","After",19
"Scorpion SMR",2022,"Panulirus interruptus","PISCO","mpa",0.0796296296296296,"Den","After",19
"Scorpion SMR",2022,"Semicossyphus pulcher","PISCO","mpa",0.0606481481481481,"Den","After",19
"Scorpion SMR",2022,"Strongylocentrotus purpuratus","PISCO","mpa",0.60462962962963,"Den","After",19
"Scorpion SMR",2023,"Macrocystis pyrifera","PISCO","mpa",4.2037037037037,"Den","After",20
"Scorpion SMR",2023,"Mesocentrotus franciscanus","PISCO","mpa",0.692592592592593,"Den","After",20
"Scorpion SMR",2023,"Panulirus interruptus","PISCO","mpa",0.0638888888888889,"Den","After",20
"Scorpion SMR",2023,"Semicossyphus pulcher","PISCO","mpa",0.0337962962962963,"Den","After",20
"Scorpion SMR",2023,"Strongylocentrotus purpuratus","PISCO","mpa",0.644444444444444,"Den","After",20
"South Point SMR",2004,"Semicossyphus pulcher","PISCO","mpa",0.0256944444444444,"Den","After",1
"South Point SMR",2005,"Macrocystis pyrifera","PISCO","mpa",3.50416666666667,"Den","After",2
"South Point SMR",2005,"Mesocentrotus franciscanus","PISCO","mpa",1.37222222222222,"Den","After",2
"South Point SMR",2005,"Panulirus interruptus","PISCO","mpa",0,"Den","After",2
"South Point SMR",2005,"Semicossyphus pulcher","PISCO","mpa",0.025,"Den","After",2
"South Point SMR",2005,"Strongylocentrotus purpuratus","PISCO","mpa",0.1,"Den","After",2
"South Point SMR",2006,"Semicossyphus pulcher","PISCO","mpa",0.0298032407407407,"Den","After",3
"South Point SMR",2007,"Macrocystis pyrifera","PISCO","mpa",4.21805555555556,"Den","After",4
"South Point SMR",2007,"Mesocentrotus franciscanus","PISCO","mpa",1.24490740740741,"Den","After",4
"South Point SMR",2007,"Panulirus interruptus","PISCO","mpa",0,"Den","After",4
"South Point SMR",2007,"Semicossyphus pulcher","PISCO","mpa",0.0215277777777778,"Den","After",4
"South Point SMR",2007,"Strongylocentrotus purpuratus","PISCO","mpa",0.502777777777778,"Den","After",4
"South Point SMR",2008,"Macrocystis pyrifera","PISCO","mpa",5.04236111111111,"Den","After",5
"South Point SMR",2008,"Mesocentrotus franciscanus","PISCO","mpa",1.26944444444444,"Den","After",5
"South Point SMR",2008,"Panulirus interruptus","PISCO","mpa",0,"Den","After",5
"South Point SMR",2008,"Semicossyphus pulcher","PISCO","mpa",0.0106481481481481,"Den","After",5
"South Point SMR",2008,"Strongylocentrotus purpuratus","PISCO","mpa",0.763194444444444,"Den","After",5
"South Point SMR",2009,"Macrocystis pyrifera","PISCO","mpa",3.91712962962963,"Den","After",6
"South Point SMR",2009,"Mesocentrotus franciscanus","PISCO","mpa",3.27916666666667,"Den","After",6
"South Point SMR",2009,"Panulirus interruptus","PISCO","mpa",0.000462962962962963,"Den","After",6
"South Point SMR",2009,"Semicossyphus pulcher","PISCO","mpa",0.0231481481481481,"Den","After",6
"South Point SMR",2009,"Strongylocentrotus purpuratus","PISCO","mpa",2.28888888888889,"Den","After",6
"South Point SMR",2010,"Macrocystis pyrifera","PISCO","mpa",3.64444444444444,"Den","After",7
"South Point SMR",2010,"Mesocentrotus franciscanus","PISCO","mpa",1.65,"Den","After",7
"South Point SMR",2010,"Panulirus interruptus","PISCO","mpa",0,"Den","After",7
"South Point SMR",2010,"Semicossyphus pulcher","PISCO","mpa",0.0159722222222222,"Den","After",7
"South Point SMR",2010,"Strongylocentrotus purpuratus","PISCO","mpa",2.60833333333333,"Den","After",7
"South Point SMR",2011,"Macrocystis pyrifera","PISCO","mpa",1.34583333333333,"Den","After",8
"South Point SMR",2011,"Mesocentrotus franciscanus","PISCO","mpa",0.325,"Den","After",8
"South Point SMR",2011,"Panulirus interruptus","PISCO","mpa",0,"Den","After",8
"South Point SMR",2011,"Semicossyphus pulcher","PISCO","mpa",0.0395833333333333,"Den","After",8
"South Point SMR",2011,"Strongylocentrotus purpuratus","PISCO","mpa",0.579166666666667,"Den","After",8
"South Point SMR",2012,"Macrocystis pyrifera","PISCO","mpa",2.58055555555556,"Den","After",9
"South Point SMR",2012,"Mesocentrotus franciscanus","PISCO","mpa",1.21666666666667,"Den","After",9
"South Point SMR",2012,"Panulirus interruptus","PISCO","mpa",0,"Den","After",9
"South Point SMR",2012,"Semicossyphus pulcher","PISCO","mpa",0.0201388888888889,"Den","After",9
"South Point SMR",2012,"Strongylocentrotus purpuratus","PISCO","mpa",0.470833333333333,"Den","After",9
"South Point SMR",2013,"Semicossyphus pulcher","PISCO","mpa",0.0203703703703704,"Den","After",10
"South Point SMR",2014,"Macrocystis pyrifera","PISCO","mpa",4.32083333333333,"Den","After",11
"South Point SMR",2014,"Mesocentrotus franciscanus","PISCO","mpa",6.975,"Den","After",11
"South Point SMR",2014,"Panulirus interruptus","PISCO","mpa",0,"Den","After",11
"South Point SMR",2014,"Semicossyphus pulcher","PISCO","mpa",0.00833333333333333,"Den","After",11
"South Point SMR",2014,"Strongylocentrotus purpuratus","PISCO","mpa",2.31666666666667,"Den","After",11
"South Point SMR",2015,"Macrocystis pyrifera","PISCO","mpa",3.25277777777778,"Den","After",12
"South Point SMR",2015,"Mesocentrotus franciscanus","PISCO","mpa",3.75138888888889,"Den","After",12
"South Point SMR",2015,"Panulirus interruptus","PISCO","mpa",0.00138888888888889,"Den","After",12
"South Point SMR",2015,"Semicossyphus pulcher","PISCO","mpa",0.0243055555555556,"Den","After",12
"South Point SMR",2015,"Strongylocentrotus purpuratus","PISCO","mpa",6.93055555555556,"Den","After",12
"South Point SMR",2016,"Macrocystis pyrifera","PISCO","mpa",3.30555555555556,"Den","After",13
"South Point SMR",2016,"Mesocentrotus franciscanus","PISCO","mpa",3.23194444444444,"Den","After",13
"South Point SMR",2016,"Panulirus interruptus","PISCO","mpa",0.00277777777777778,"Den","After",13
"South Point SMR",2016,"Semicossyphus pulcher","PISCO","mpa",0.0486111111111111,"Den","After",13
"South Point SMR",2016,"Strongylocentrotus purpuratus","PISCO","mpa",8.08611111111111,"Den","After",13
"South Point SMR",2017,"Macrocystis pyrifera","PISCO","mpa",2.74166666666667,"Den","After",14
"South Point SMR",2017,"Mesocentrotus franciscanus","PISCO","mpa",4.94583333333333,"Den","After",14
"South Point SMR",2017,"Panulirus interruptus","PISCO","mpa",0.00833333333333333,"Den","After",14
"South Point SMR",2017,"Semicossyphus pulcher","PISCO","mpa",0.0465277777777778,"Den","After",14
"South Point SMR",2017,"Strongylocentrotus purpuratus","PISCO","mpa",8.04722222222222,"Den","After",14
"South Point SMR",2018,"Macrocystis pyrifera","PISCO","mpa",2.43333333333333,"Den","After",15
"South Point SMR",2018,"Mesocentrotus franciscanus","PISCO","mpa",4.04444444444444,"Den","After",15
"South Point SMR",2018,"Panulirus interruptus","PISCO","mpa",0.00972222222222222,"Den","After",15
"South Point SMR",2018,"Semicossyphus pulcher","PISCO","mpa",0.05625,"Den","After",15
"South Point SMR",2018,"Strongylocentrotus purpuratus","PISCO","mpa",9.01805555555556,"Den","After",15
"South Point SMR",2019,"Macrocystis pyrifera","PISCO","mpa",0,"Den","After",16
"South Point SMR",2019,"Mesocentrotus franciscanus","PISCO","mpa",7.04166666666667,"Den","After",16
"South Point SMR",2019,"Panulirus interruptus","PISCO","mpa",0.00833333333333333,"Den","After",16
"South Point SMR",2019,"Semicossyphus pulcher","PISCO","mpa",0.0680555555555555,"Den","After",16
"South Point SMR",2019,"Strongylocentrotus purpuratus","PISCO","mpa",8.18333333333333,"Den","After",16
"South Point SMR",2020,"Macrocystis pyrifera","PISCO","mpa",2.65416666666667,"Den","After",17
"South Point SMR",2020,"Mesocentrotus franciscanus","PISCO","mpa",1.81527777777778,"Den","After",17
"South Point SMR",2020,"Panulirus interruptus","PISCO","mpa",0.00416666666666667,"Den","After",17
"South Point SMR",2020,"Semicossyphus pulcher","PISCO","mpa",0.0430555555555556,"Den","After",17
"South Point SMR",2020,"Strongylocentrotus purpuratus","PISCO","mpa",7.37222222222222,"Den","After",17
"South Point SMR",2021,"Macrocystis pyrifera","PISCO","mpa",1.57083333333333,"Den","After",18
"South Point SMR",2021,"Mesocentrotus franciscanus","PISCO","mpa",1.32083333333333,"Den","After",18
"South Point SMR",2021,"Panulirus interruptus","PISCO","mpa",0.00416666666666667,"Den","After",18
"South Point SMR",2021,"Semicossyphus pulcher","PISCO","mpa",0.0423611111111111,"Den","After",18
"South Point SMR",2021,"Strongylocentrotus purpuratus","PISCO","mpa",2.8625,"Den","After",18
"South Point SMR",2022,"Semicossyphus pulcher","PISCO","mpa",0.0486111111111111,"Den","After",19
"South Point SMR",2023,"Macrocystis pyrifera","PISCO","mpa",1.3375,"Den","After",20
"South Point SMR",2023,"Mesocentrotus franciscanus","PISCO","mpa",4.23333333333333,"Den","After",20
"South Point SMR",2023,"Panulirus interruptus","PISCO","mpa",0.00416666666666667,"Den","After",20
"South Point SMR",2023,"Semicossyphus pulcher","PISCO","mpa",0.0236111111111111,"Den","After",20
"South Point SMR",2023,"Strongylocentrotus purpuratus","PISCO","mpa",16.825,"Den","After",20
"Abalone Cove SMCA",2010,"Semicossyphus pulcher","PISCO","reference",0.00625,"Den","Before",0
"Abalone Cove SMCA",2011,"Macrocystis pyrifera","PISCO","reference",2.67592592592593,"Den","Before",0
"Abalone Cove SMCA",2011,"Mesocentrotus franciscanus","PISCO","reference",0.710185185185185,"Den","Before",0
"Abalone Cove SMCA",2011,"Panulirus interruptus","PISCO","reference",0.00185185185185185,"Den","Before",0
"Abalone Cove SMCA",2011,"Semicossyphus pulcher","PISCO","reference",0.0148148148148148,"Den","Before",0
"Abalone Cove SMCA",2011,"Strongylocentrotus purpuratus","PISCO","reference",1.52592592592593,"Den","Before",0
"Abalone Cove SMCA",2012,"Macrocystis pyrifera","PISCO","reference",1.95555555555556,"Den","Before",0
"Abalone Cove SMCA",2012,"Mesocentrotus franciscanus","PISCO","reference",0.165277777777778,"Den","Before",0
"Abalone Cove SMCA",2012,"Panulirus interruptus","PISCO","reference",0.00555555555555556,"Den","Before",0
"Abalone Cove SMCA",2012,"Semicossyphus pulcher","PISCO","reference",0.0162037037037037,"Den","Before",0
"Abalone Cove SMCA",2012,"Strongylocentrotus purpuratus","PISCO","reference",0.776388888888889,"Den","Before",0
"Abalone Cove SMCA",2013,"Macrocystis pyrifera","PISCO","reference",1.39074074074074,"Den","After",1
"Abalone Cove SMCA",2013,"Mesocentrotus franciscanus","PISCO","reference",0.451851851851852,"Den","After",1
"Abalone Cove SMCA",2013,"Panulirus interruptus","PISCO","reference",0.000925925925925926,"Den","After",1
"Abalone Cove SMCA",2013,"Semicossyphus pulcher","PISCO","reference",0.025462962962963,"Den","After",1
"Abalone Cove SMCA",2013,"Strongylocentrotus purpuratus","PISCO","reference",2.40740740740741,"Den","After",1
"Abalone Cove SMCA",2014,"Macrocystis pyrifera","PISCO","reference",2.29583333333333,"Den","After",2
"Abalone Cove SMCA",2014,"Mesocentrotus franciscanus","PISCO","reference",0.147222222222222,"Den","After",2
"Abalone Cove SMCA",2014,"Panulirus interruptus","PISCO","reference",0.00972222222222222,"Den","After",2
"Abalone Cove SMCA",2014,"Semicossyphus pulcher","PISCO","reference",0.00920138888888889,"Den","After",2
"Abalone Cove SMCA",2014,"Strongylocentrotus purpuratus","PISCO","reference",1.06944444444444,"Den","After",2
"Abalone Cove SMCA",2015,"Macrocystis pyrifera","PISCO","reference",2.31076388888889,"Den","After",3
"Abalone Cove SMCA",2015,"Mesocentrotus franciscanus","PISCO","reference",0.0963541666666667,"Den","After",3
"Abalone Cove SMCA",2015,"Panulirus interruptus","PISCO","reference",0.0180555555555556,"Den","After",3
"Abalone Cove SMCA",2015,"Semicossyphus pulcher","PISCO","reference",0.0217013888888889,"Den","After",3
"Abalone Cove SMCA",2015,"Strongylocentrotus purpuratus","PISCO","reference",0.0736111111111111,"Den","After",3
"Abalone Cove SMCA",2016,"Macrocystis pyrifera","PISCO","reference",1.44826388888889,"Den","After",4
"Abalone Cove SMCA",2016,"Mesocentrotus franciscanus","PISCO","reference",0.0239583333333333,"Den","After",4
"Abalone Cove SMCA",2016,"Panulirus interruptus","PISCO","reference",0.0251736111111111,"Den","After",4
"Abalone Cove SMCA",2016,"Semicossyphus pulcher","PISCO","reference",0.0149305555555556,"Den","After",4
"Abalone Cove SMCA",2016,"Strongylocentrotus purpuratus","PISCO","reference",0.0520833333333333,"Den","After",4
"Abalone Cove SMCA",2017,"Macrocystis pyrifera","PISCO","reference",2.01041666666667,"Den","After",5
"Abalone Cove SMCA",2017,"Mesocentrotus franciscanus","PISCO","reference",0.00729166666666667,"Den","After",5
"Abalone Cove SMCA",2017,"Panulirus interruptus","PISCO","reference",0.00833333333333333,"Den","After",5
"Abalone Cove SMCA",2017,"Semicossyphus pulcher","PISCO","reference",0.0268229166666667,"Den","After",5
"Abalone Cove SMCA",2017,"Strongylocentrotus purpuratus","PISCO","reference",0.00104166666666667,"Den","After",5
"Abalone Cove SMCA",2018,"Macrocystis pyrifera","PISCO","reference",0.1375,"Den","After",6
"Abalone Cove SMCA",2018,"Mesocentrotus franciscanus","PISCO","reference",0.0833333333333333,"Den","After",6
"Abalone Cove SMCA",2018,"Panulirus interruptus","PISCO","reference",0.00416666666666667,"Den","After",6
"Abalone Cove SMCA",2018,"Semicossyphus pulcher","PISCO","reference",0.0208333333333333,"Den","After",6
"Abalone Cove SMCA",2018,"Strongylocentrotus purpuratus","PISCO","reference",0.0166666666666667,"Den","After",6
"Abalone Cove SMCA",2019,"Macrocystis pyrifera","PISCO","reference",1.49131944444444,"Den","After",7
"Abalone Cove SMCA",2019,"Mesocentrotus franciscanus","PISCO","reference",0.0560763888888889,"Den","After",7
"Abalone Cove SMCA",2019,"Panulirus interruptus","PISCO","reference",0.0178819444444444,"Den","After",7
"Abalone Cove SMCA",2019,"Semicossyphus pulcher","PISCO","reference",0.0374131944444444,"Den","After",7
"Abalone Cove SMCA",2019,"Strongylocentrotus purpuratus","PISCO","reference",0.0994791666666667,"Den","After",7
"Abalone Cove SMCA",2020,"Macrocystis pyrifera","PISCO","reference",3.19270833333333,"Den","After",8
"Abalone Cove SMCA",2020,"Mesocentrotus franciscanus","PISCO","reference",0.0479166666666667,"Den","After",8
"Abalone Cove SMCA",2020,"Panulirus interruptus","PISCO","reference",0.0354166666666667,"Den","After",8
"Abalone Cove SMCA",2020,"Semicossyphus pulcher","PISCO","reference",0.00815972222222222,"Den","After",8
"Abalone Cove SMCA",2020,"Strongylocentrotus purpuratus","PISCO","reference",0.0416666666666667,"Den","After",8
"Abalone Cove SMCA",2021,"Macrocystis pyrifera","PISCO","reference",0.121180555555556,"Den","After",9
"Abalone Cove SMCA",2021,"Mesocentrotus franciscanus","PISCO","reference",0.0722222222222222,"Den","After",9
"Abalone Cove SMCA",2021,"Panulirus interruptus","PISCO","reference",0.00347222222222222,"Den","After",9
"Abalone Cove SMCA",2021,"Semicossyphus pulcher","PISCO","reference",0.0135416666666667,"Den","After",9
"Abalone Cove SMCA",2021,"Strongylocentrotus purpuratus","PISCO","reference",0.0350694444444444,"Den","After",9
"Abalone Cove SMCA",2022,"Macrocystis pyrifera","PISCO","reference",1.78958333333333,"Den","After",10
"Abalone Cove SMCA",2022,"Mesocentrotus franciscanus","PISCO","reference",0.139236111111111,"Den","After",10
"Abalone Cove SMCA",2022,"Panulirus interruptus","PISCO","reference",0.00729166666666667,"Den","After",10
"Abalone Cove SMCA",2022,"Semicossyphus pulcher","PISCO","reference",0.0100694444444444,"Den","After",10
"Abalone Cove SMCA",2022,"Strongylocentrotus purpuratus","PISCO","reference",0.629513888888889,"Den","After",10
"Abalone Cove SMCA",2023,"Macrocystis pyrifera","PISCO","reference",2.090625,"Den","After",11
"Abalone Cove SMCA",2023,"Mesocentrotus franciscanus","PISCO","reference",0.0760416666666667,"Den","After",11
"Abalone Cove SMCA",2023,"Panulirus interruptus","PISCO","reference",0.00520833333333333,"Den","After",11
"Abalone Cove SMCA",2023,"Semicossyphus pulcher","PISCO","reference",0.00954861111111111,"Den","After",11
"Abalone Cove SMCA",2023,"Strongylocentrotus purpuratus","PISCO","reference",0.0354166666666667,"Den","After",11
"Anacapa Island SMR 2003",2004,"Semicossyphus pulcher","PISCO","reference",0.00486111111111111,"Den","After",1
"Anacapa Island SMR 2003",2005,"Semicossyphus pulcher","PISCO","reference",0.00625,"Den","After",2
"Anacapa Island SMR 2003",2006,"Semicossyphus pulcher","PISCO","reference",0.003125,"Den","After",3
"Anacapa Island SMR 2003",2007,"Macrocystis pyrifera","PISCO","reference",3.39652777777778,"Den","After",4
"Anacapa Island SMR 2003",2007,"Mesocentrotus franciscanus","PISCO","reference",4.20277777777778,"Den","After",4
"Anacapa Island SMR 2003",2007,"Panulirus interruptus","PISCO","reference",0.00208333333333333,"Den","After",4
"Anacapa Island SMR 2003",2007,"Semicossyphus pulcher","PISCO","reference",0.00694444444444444,"Den","After",4
"Anacapa Island SMR 2003",2007,"Strongylocentrotus purpuratus","PISCO","reference",23.3347222222222,"Den","After",4
"Anacapa Island SMR 2003",2008,"Macrocystis pyrifera","PISCO","reference",1.79166666666667,"Den","After",5
"Anacapa Island SMR 2003",2008,"Mesocentrotus franciscanus","PISCO","reference",6.11111111111111,"Den","After",5
"Anacapa Island SMR 2003",2008,"Panulirus interruptus","PISCO","reference",0.000694444444444444,"Den","After",5
"Anacapa Island SMR 2003",2008,"Semicossyphus pulcher","PISCO","reference",0.0104166666666667,"Den","After",5
"Anacapa Island SMR 2003",2008,"Strongylocentrotus purpuratus","PISCO","reference",19.1125,"Den","After",5
"Anacapa Island SMR 2003",2009,"Macrocystis pyrifera","PISCO","reference",1.35277777777778,"Den","After",6
"Anacapa Island SMR 2003",2009,"Mesocentrotus franciscanus","PISCO","reference",4.29652777777778,"Den","After",6
"Anacapa Island SMR 2003",2009,"Panulirus interruptus","PISCO","reference",0.00347222222222222,"Den","After",6
"Anacapa Island SMR 2003",2009,"Semicossyphus pulcher","PISCO","reference",0.0260416666666667,"Den","After",6
"Anacapa Island SMR 2003",2009,"Strongylocentrotus purpuratus","PISCO","reference",22.9541666666667,"Den","After",6
"Anacapa Island SMR 2003",2010,"Macrocystis pyrifera","PISCO","reference",0.990277777777778,"Den","After",7
"Anacapa Island SMR 2003",2010,"Mesocentrotus franciscanus","PISCO","reference",4.99027777777778,"Den","After",7
"Anacapa Island SMR 2003",2010,"Panulirus interruptus","PISCO","reference",0.00138888888888889,"Den","After",7
"Anacapa Island SMR 2003",2010,"Semicossyphus pulcher","PISCO","reference",0.0229166666666667,"Den","After",7
"Anacapa Island SMR 2003",2010,"Strongylocentrotus purpuratus","PISCO","reference",20.6375,"Den","After",7
"Anacapa Island SMR 2003",2011,"Macrocystis pyrifera","PISCO","reference",0.455555555555556,"Den","After",8
"Anacapa Island SMR 2003",2011,"Mesocentrotus franciscanus","PISCO","reference",6.88194444444444,"Den","After",8
"Anacapa Island SMR 2003",2011,"Panulirus interruptus","PISCO","reference",0,"Den","After",8
"Anacapa Island SMR 2003",2011,"Semicossyphus pulcher","PISCO","reference",0.00694444444444444,"Den","After",8
"Anacapa Island SMR 2003",2011,"Strongylocentrotus purpuratus","PISCO","reference",27.8041666666667,"Den","After",8
"Anacapa Island SMR 2003",2012,"Macrocystis pyrifera","PISCO","reference",1.39583333333333,"Den","After",9
"Anacapa Island SMR 2003",2012,"Mesocentrotus franciscanus","PISCO","reference",4.45138888888889,"Den","After",9
"Anacapa Island SMR 2003",2012,"Panulirus interruptus","PISCO","reference",0,"Den","After",9
"Anacapa Island SMR 2003",2012,"Semicossyphus pulcher","PISCO","reference",0.00555555555555556,"Den","After",9
"Anacapa Island SMR 2003",2012,"Strongylocentrotus purpuratus","PISCO","reference",14.0861111111111,"Den","After",9
"Anacapa Island SMR 2003",2014,"Macrocystis pyrifera","PISCO","reference",0.0208333333333333,"Den","After",11
"Anacapa Island SMR 2003",2014,"Mesocentrotus franciscanus","PISCO","reference",3.03055555555556,"Den","After",11
"Anacapa Island SMR 2003",2014,"Panulirus interruptus","PISCO","reference",0.00555555555555556,"Den","After",11
"Anacapa Island SMR 2003",2014,"Semicossyphus pulcher","PISCO","reference",0.00555555555555555,"Den","After",11
"Anacapa Island SMR 2003",2014,"Strongylocentrotus purpuratus","PISCO","reference",11.8638888888889,"Den","After",11
"Anacapa Island SMR 2003",2015,"Macrocystis pyrifera","PISCO","reference",0,"Den","After",12
"Anacapa Island SMR 2003",2015,"Mesocentrotus franciscanus","PISCO","reference",3.13888888888889,"Den","After",12
"Anacapa Island SMR 2003",2015,"Panulirus interruptus","PISCO","reference",0.00555555555555555,"Den","After",12
"Anacapa Island SMR 2003",2015,"Semicossyphus pulcher","PISCO","reference",0.0229166666666667,"Den","After",12
"Anacapa Island SMR 2003",2015,"Strongylocentrotus purpuratus","PISCO","reference",16,"Den","After",12
"Anacapa Island SMR 2003",2016,"Macrocystis pyrifera","PISCO","reference",0,"Den","After",13
"Anacapa Island SMR 2003",2016,"Mesocentrotus franciscanus","PISCO","reference",0.679166666666667,"Den","After",13
"Anacapa Island SMR 2003",2016,"Panulirus interruptus","PISCO","reference",0.00416666666666667,"Den","After",13
"Anacapa Island SMR 2003",2016,"Semicossyphus pulcher","PISCO","reference",0.0506944444444444,"Den","After",13
"Anacapa Island SMR 2003",2016,"Strongylocentrotus purpuratus","PISCO","reference",4.82638888888889,"Den","After",13
"Anacapa Island SMR 2003",2017,"Macrocystis pyrifera","PISCO","reference",0.380555555555556,"Den","After",14
"Anacapa Island SMR 2003",2017,"Mesocentrotus franciscanus","PISCO","reference",1.32361111111111,"Den","After",14
"Anacapa Island SMR 2003",2017,"Panulirus interruptus","PISCO","reference",0.0152777777777778,"Den","After",14
"Anacapa Island SMR 2003",2017,"Semicossyphus pulcher","PISCO","reference",0.0833333333333333,"Den","After",14
"Anacapa Island SMR 2003",2017,"Strongylocentrotus purpuratus","PISCO","reference",8.64861111111111,"Den","After",14
"Anacapa Island SMR 2003",2018,"Macrocystis pyrifera","PISCO","reference",1.29166666666667,"Den","After",15
"Anacapa Island SMR 2003",2018,"Mesocentrotus franciscanus","PISCO","reference",1.99027777777778,"Den","After",15
"Anacapa Island SMR 2003",2018,"Panulirus interruptus","PISCO","reference",0.0180555555555556,"Den","After",15
"Anacapa Island SMR 2003",2018,"Semicossyphus pulcher","PISCO","reference",0.0451388888888889,"Den","After",15
"Anacapa Island SMR 2003",2018,"Strongylocentrotus purpuratus","PISCO","reference",15.45,"Den","After",15
"Anacapa Island SMR 2003",2019,"Macrocystis pyrifera","PISCO","reference",1.52361111111111,"Den","After",16
"Anacapa Island SMR 2003",2019,"Mesocentrotus franciscanus","PISCO","reference",1.69583333333333,"Den","After",16
"Anacapa Island SMR 2003",2019,"Panulirus interruptus","PISCO","reference",0.00833333333333333,"Den","After",16
"Anacapa Island SMR 2003",2019,"Semicossyphus pulcher","PISCO","reference",0.04375,"Den","After",16
"Anacapa Island SMR 2003",2019,"Strongylocentrotus purpuratus","PISCO","reference",8.95,"Den","After",16
"Anacapa Island SMR 2003",2020,"Macrocystis pyrifera","PISCO","reference",3.46527777777778,"Den","After",17
"Anacapa Island SMR 2003",2020,"Mesocentrotus franciscanus","PISCO","reference",1.69166666666667,"Den","After",17
"Anacapa Island SMR 2003",2020,"Panulirus interruptus","PISCO","reference",0.00833333333333333,"Den","After",17
"Anacapa Island SMR 2003",2020,"Semicossyphus pulcher","PISCO","reference",0.0201388888888889,"Den","After",17
"Anacapa Island SMR 2003",2020,"Strongylocentrotus purpuratus","PISCO","reference",7.55277777777778,"Den","After",17
"Anacapa Island SMR 2003",2021,"Macrocystis pyrifera","PISCO","reference",2.24027777777778,"Den","After",18
"Anacapa Island SMR 2003",2021,"Mesocentrotus franciscanus","PISCO","reference",2.45277777777778,"Den","After",18
"Anacapa Island SMR 2003",2021,"Panulirus interruptus","PISCO","reference",0.0236111111111111,"Den","After",18
"Anacapa Island SMR 2003",2021,"Semicossyphus pulcher","PISCO","reference",0.025,"Den","After",18
"Anacapa Island SMR 2003",2021,"Strongylocentrotus purpuratus","PISCO","reference",11.5138888888889,"Den","After",18
"Anacapa Island SMR 2003",2022,"Macrocystis pyrifera","PISCO","reference",2.47847222222222,"Den","After",19
"Anacapa Island SMR 2003",2022,"Mesocentrotus franciscanus","PISCO","reference",1.60833333333333,"Den","After",19
"Anacapa Island SMR 2003",2022,"Panulirus interruptus","PISCO","reference",0.00694444444444444,"Den","After",19
"Anacapa Island SMR 2003",2022,"Semicossyphus pulcher","PISCO","reference",0.0184027777777778,"Den","After",19
"Anacapa Island SMR 2003",2022,"Strongylocentrotus purpuratus","PISCO","reference",7.75,"Den","After",19
"Anacapa Island SMR 2003",2023,"Macrocystis pyrifera","PISCO","reference",3.15972222222222,"Den","After",20
"Anacapa Island SMR 2003",2023,"Mesocentrotus franciscanus","PISCO","reference",1.41458333333333,"Den","After",20
"Anacapa Island SMR 2003",2023,"Panulirus interruptus","PISCO","reference",0.0243055555555556,"Den","After",20
"Anacapa Island SMR 2003",2023,"Semicossyphus pulcher","PISCO","reference",0.0131944444444444,"Den","After",20
"Anacapa Island SMR 2003",2023,"Strongylocentrotus purpuratus","PISCO","reference",7.78402777777778,"Den","After",20
"Campus Point SMCA",2009,"Semicossyphus pulcher","PISCO","reference",0.00277777777777778,"Den","Before",0
"Campus Point SMCA",2010,"Macrocystis pyrifera","PISCO","reference",1.30694444444444,"Den","Before",0
"Campus Point SMCA",2010,"Mesocentrotus franciscanus","PISCO","reference",0.654166666666667,"Den","Before",0
"Campus Point SMCA",2010,"Panulirus interruptus","PISCO","reference",0,"Den","Before",0
"Campus Point SMCA",2010,"Semicossyphus pulcher","PISCO","reference",0.00347222222222222,"Den","Before",0
"Campus Point SMCA",2010,"Strongylocentrotus purpuratus","PISCO","reference",7.78472222222222,"Den","Before",0
"Campus Point SMCA",2011,"Macrocystis pyrifera","PISCO","reference",1.34861111111111,"Den","Before",0
"Campus Point SMCA",2011,"Mesocentrotus franciscanus","PISCO","reference",0.336111111111111,"Den","Before",0
"Campus Point SMCA",2011,"Panulirus interruptus","PISCO","reference",0,"Den","Before",0
"Campus Point SMCA",2011,"Semicossyphus pulcher","PISCO","reference",0.00694444444444444,"Den","Before",0
"Campus Point SMCA",2011,"Strongylocentrotus purpuratus","PISCO","reference",7.77222222222222,"Den","Before",0
"Campus Point SMCA",2012,"Macrocystis pyrifera","PISCO","reference",2.39027777777778,"Den","Before",0
"Campus Point SMCA",2012,"Mesocentrotus franciscanus","PISCO","reference",1.37916666666667,"Den","Before",0
"Campus Point SMCA",2012,"Panulirus interruptus","PISCO","reference",0,"Den","Before",0
"Campus Point SMCA",2012,"Semicossyphus pulcher","PISCO","reference",0.00208333333333333,"Den","Before",0
"Campus Point SMCA",2012,"Strongylocentrotus purpuratus","PISCO","reference",3.01944444444444,"Den","Before",0
"Campus Point SMCA",2013,"Macrocystis pyrifera","PISCO","reference",4.96666666666667,"Den","After",1
"Campus Point SMCA",2013,"Mesocentrotus franciscanus","PISCO","reference",3.76111111111111,"Den","After",1
"Campus Point SMCA",2013,"Panulirus interruptus","PISCO","reference",0,"Den","After",1
"Campus Point SMCA",2013,"Semicossyphus pulcher","PISCO","reference",0,"Den","After",1
"Campus Point SMCA",2013,"Strongylocentrotus purpuratus","PISCO","reference",1.96666666666667,"Den","After",1
"Campus Point SMCA",2014,"Macrocystis pyrifera","PISCO","reference",5.06944444444444,"Den","After",2
"Campus Point SMCA",2014,"Mesocentrotus franciscanus","PISCO","reference",0.436111111111111,"Den","After",2
"Campus Point SMCA",2014,"Panulirus interruptus","PISCO","reference",0,"Den","After",2
"Campus Point SMCA",2014,"Semicossyphus pulcher","PISCO","reference",0,"Den","After",2
"Campus Point SMCA",2014,"Strongylocentrotus purpuratus","PISCO","reference",1.58888888888889,"Den","After",2
"Campus Point SMCA",2015,"Macrocystis pyrifera","PISCO","reference",4.16805555555556,"Den","After",3
"Campus Point SMCA",2015,"Mesocentrotus franciscanus","PISCO","reference",0.633333333333333,"Den","After",3
"Campus Point SMCA",2015,"Panulirus interruptus","PISCO","reference",0.00138888888888889,"Den","After",3
"Campus Point SMCA",2015,"Semicossyphus pulcher","PISCO","reference",0.0180555555555556,"Den","After",3
"Campus Point SMCA",2015,"Strongylocentrotus purpuratus","PISCO","reference",0.669444444444445,"Den","After",3
"Campus Point SMCA",2016,"Macrocystis pyrifera","PISCO","reference",2.77638888888889,"Den","After",4
"Campus Point SMCA",2016,"Mesocentrotus franciscanus","PISCO","reference",0.644444444444444,"Den","After",4
"Campus Point SMCA",2016,"Panulirus interruptus","PISCO","reference",0.00277777777777778,"Den","After",4
"Campus Point SMCA",2016,"Semicossyphus pulcher","PISCO","reference",0.0347222222222222,"Den","After",4
"Campus Point SMCA",2016,"Strongylocentrotus purpuratus","PISCO","reference",1.4,"Den","After",4
"Campus Point SMCA",2017,"Macrocystis pyrifera","PISCO","reference",3.47083333333333,"Den","After",5
"Campus Point SMCA",2017,"Mesocentrotus franciscanus","PISCO","reference",0.194444444444444,"Den","After",5
"Campus Point SMCA",2017,"Panulirus interruptus","PISCO","reference",0.00138888888888889,"Den","After",5
"Campus Point SMCA",2017,"Semicossyphus pulcher","PISCO","reference",0.04375,"Den","After",5
"Campus Point SMCA",2017,"Strongylocentrotus purpuratus","PISCO","reference",1.49444444444444,"Den","After",5
"Campus Point SMCA",2018,"Macrocystis pyrifera","PISCO","reference",5.09166666666667,"Den","After",6
"Campus Point SMCA",2018,"Mesocentrotus franciscanus","PISCO","reference",0.369444444444444,"Den","After",6
"Campus Point SMCA",2018,"Panulirus interruptus","PISCO","reference",0.00138888888888889,"Den","After",6
"Campus Point SMCA",2018,"Semicossyphus pulcher","PISCO","reference",0.0326388888888889,"Den","After",6
"Campus Point SMCA",2018,"Strongylocentrotus purpuratus","PISCO","reference",2.19027777777778,"Den","After",6
"Campus Point SMCA",2019,"Macrocystis pyrifera","PISCO","reference",2.11111111111111,"Den","After",7
"Campus Point SMCA",2019,"Mesocentrotus franciscanus","PISCO","reference",0.266666666666667,"Den","After",7
"Campus Point SMCA",2019,"Panulirus interruptus","PISCO","reference",0.00138888888888889,"Den","After",7
"Campus Point SMCA",2019,"Semicossyphus pulcher","PISCO","reference",0.0201388888888889,"Den","After",7
"Campus Point SMCA",2019,"Strongylocentrotus purpuratus","PISCO","reference",3.14444444444444,"Den","After",7
"Campus Point SMCA",2020,"Macrocystis pyrifera","PISCO","reference",3.10694444444444,"Den","After",8
"Campus Point SMCA",2020,"Mesocentrotus franciscanus","PISCO","reference",0.309722222222222,"Den","After",8
"Campus Point SMCA",2020,"Panulirus interruptus","PISCO","reference",0,"Den","After",8
"Campus Point SMCA",2020,"Semicossyphus pulcher","PISCO","reference",0.0131944444444444,"Den","After",8
"Campus Point SMCA",2020,"Strongylocentrotus purpuratus","PISCO","reference",0.966666666666667,"Den","After",8
"Campus Point SMCA",2021,"Macrocystis pyrifera","PISCO","reference",2.1125,"Den","After",9
"Campus Point SMCA",2021,"Mesocentrotus franciscanus","PISCO","reference",0.218055555555556,"Den","After",9
"Campus Point SMCA",2021,"Panulirus interruptus","PISCO","reference",0.00138888888888889,"Den","After",9
"Campus Point SMCA",2021,"Semicossyphus pulcher","PISCO","reference",0.00694444444444444,"Den","After",9
"Campus Point SMCA",2021,"Strongylocentrotus purpuratus","PISCO","reference",3.87916666666667,"Den","After",9
"Campus Point SMCA",2022,"Macrocystis pyrifera","PISCO","reference",0.745833333333333,"Den","After",10
"Campus Point SMCA",2022,"Mesocentrotus franciscanus","PISCO","reference",0.391666666666667,"Den","After",10
"Campus Point SMCA",2022,"Panulirus interruptus","PISCO","reference",0,"Den","After",10
"Campus Point SMCA",2022,"Semicossyphus pulcher","PISCO","reference",0.0104166666666667,"Den","After",10
"Campus Point SMCA",2022,"Strongylocentrotus purpuratus","PISCO","reference",5.58888888888889,"Den","After",10
"Campus Point SMCA",2023,"Macrocystis pyrifera","PISCO","reference",0.475,"Den","After",11
"Campus Point SMCA",2023,"Mesocentrotus franciscanus","PISCO","reference",0.413888888888889,"Den","After",11
"Campus Point SMCA",2023,"Panulirus interruptus","PISCO","reference",0.00138888888888889,"Den","After",11
"Campus Point SMCA",2023,"Semicossyphus pulcher","PISCO","reference",0.00486111111111111,"Den","After",11
"Campus Point SMCA",2023,"Strongylocentrotus purpuratus","PISCO","reference",6.10694444444444,"Den","After",11
"Gull Island SMR",2003,"Semicossyphus pulcher","PISCO","reference",0.0118055555555556,"Den","Before",0
"Gull Island SMR",2004,"Macrocystis pyrifera","PISCO","reference",3.74444444444444,"Den","After",1
"Gull Island SMR",2004,"Mesocentrotus franciscanus","PISCO","reference",5.15833333333333,"Den","After",1
"Gull Island SMR",2004,"Panulirus interruptus","PISCO","reference",0,"Den","After",1
"Gull Island SMR",2004,"Semicossyphus pulcher","PISCO","reference",0.0201388888888889,"Den","After",1
"Gull Island SMR",2004,"Strongylocentrotus purpuratus","PISCO","reference",5.41944444444444,"Den","After",1
"Gull Island SMR",2005,"Macrocystis pyrifera","PISCO","reference",5.01805555555556,"Den","After",2
"Gull Island SMR",2005,"Mesocentrotus franciscanus","PISCO","reference",2.93611111111111,"Den","After",2
"Gull Island SMR",2005,"Panulirus interruptus","PISCO","reference",0,"Den","After",2
"Gull Island SMR",2005,"Semicossyphus pulcher","PISCO","reference",0.0111111111111111,"Den","After",2
"Gull Island SMR",2005,"Strongylocentrotus purpuratus","PISCO","reference",3.28055555555556,"Den","After",2
"Gull Island SMR",2006,"Macrocystis pyrifera","PISCO","reference",2.84166666666667,"Den","After",3
"Gull Island SMR",2006,"Mesocentrotus franciscanus","PISCO","reference",4.07083333333333,"Den","After",3
"Gull Island SMR",2006,"Panulirus interruptus","PISCO","reference",0.00138888888888889,"Den","After",3
"Gull Island SMR",2006,"Semicossyphus pulcher","PISCO","reference",0.0111111111111111,"Den","After",3
"Gull Island SMR",2006,"Strongylocentrotus purpuratus","PISCO","reference",6.02361111111111,"Den","After",3
"Gull Island SMR",2007,"Macrocystis pyrifera","PISCO","reference",3.11805555555556,"Den","After",4
"Gull Island SMR",2007,"Mesocentrotus franciscanus","PISCO","reference",2.73611111111111,"Den","After",4
"Gull Island SMR",2007,"Panulirus interruptus","PISCO","reference",0,"Den","After",4
"Gull Island SMR",2007,"Semicossyphus pulcher","PISCO","reference",0.0138888888888889,"Den","After",4
"Gull Island SMR",2007,"Strongylocentrotus purpuratus","PISCO","reference",9.11527777777778,"Den","After",4
"Gull Island SMR",2008,"Macrocystis pyrifera","PISCO","reference",4.01527777777778,"Den","After",5
"Gull Island SMR",2008,"Mesocentrotus franciscanus","PISCO","reference",2.4375,"Den","After",5
"Gull Island SMR",2008,"Panulirus interruptus","PISCO","reference",0,"Den","After",5
"Gull Island SMR",2008,"Semicossyphus pulcher","PISCO","reference",0.00902777777777778,"Den","After",5
"Gull Island SMR",2008,"Strongylocentrotus purpuratus","PISCO","reference",1.37638888888889,"Den","After",5
"Gull Island SMR",2009,"Macrocystis pyrifera","PISCO","reference",4.15,"Den","After",6
"Gull Island SMR",2009,"Mesocentrotus franciscanus","PISCO","reference",4.15694444444444,"Den","After",6
"Gull Island SMR",2009,"Panulirus interruptus","PISCO","reference",0,"Den","After",6
"Gull Island SMR",2009,"Semicossyphus pulcher","PISCO","reference",0.0111111111111111,"Den","After",6
"Gull Island SMR",2009,"Strongylocentrotus purpuratus","PISCO","reference",2.15138888888889,"Den","After",6
"Gull Island SMR",2010,"Macrocystis pyrifera","PISCO","reference",2.50555555555556,"Den","After",7
"Gull Island SMR",2010,"Mesocentrotus franciscanus","PISCO","reference",3.76527777777778,"Den","After",7
"Gull Island SMR",2010,"Panulirus interruptus","PISCO","reference",0,"Den","After",7
"Gull Island SMR",2010,"Semicossyphus pulcher","PISCO","reference",0.0180555555555556,"Den","After",7
"Gull Island SMR",2010,"Strongylocentrotus purpuratus","PISCO","reference",6.15555555555556,"Den","After",7
"Gull Island SMR",2011,"Macrocystis pyrifera","PISCO","reference",0.976388888888889,"Den","After",8
"Gull Island SMR",2011,"Mesocentrotus franciscanus","PISCO","reference",4.40972222222222,"Den","After",8
"Gull Island SMR",2011,"Panulirus interruptus","PISCO","reference",0,"Den","After",8
"Gull Island SMR",2011,"Semicossyphus pulcher","PISCO","reference",0.0152777777777778,"Den","After",8
"Gull Island SMR",2011,"Strongylocentrotus purpuratus","PISCO","reference",13.2125,"Den","After",8
"Gull Island SMR",2012,"Macrocystis pyrifera","PISCO","reference",1.68333333333333,"Den","After",9
"Gull Island SMR",2012,"Mesocentrotus franciscanus","PISCO","reference",5.13055555555556,"Den","After",9
"Gull Island SMR",2012,"Panulirus interruptus","PISCO","reference",0,"Den","After",9
"Gull Island SMR",2012,"Semicossyphus pulcher","PISCO","reference",0.0131944444444444,"Den","After",9
"Gull Island SMR",2012,"Strongylocentrotus purpuratus","PISCO","reference",8.66805555555556,"Den","After",9
"Gull Island SMR",2014,"Macrocystis pyrifera","PISCO","reference",1.17361111111111,"Den","After",11
"Gull Island SMR",2014,"Mesocentrotus franciscanus","PISCO","reference",5.71666666666667,"Den","After",11
"Gull Island SMR",2014,"Panulirus interruptus","PISCO","reference",0,"Den","After",11
"Gull Island SMR",2014,"Semicossyphus pulcher","PISCO","reference",0.00972222222222222,"Den","After",11
"Gull Island SMR",2014,"Strongylocentrotus purpuratus","PISCO","reference",23.7388888888889,"Den","After",11
"Gull Island SMR",2015,"Macrocystis pyrifera","PISCO","reference",4.27638888888889,"Den","After",12
"Gull Island SMR",2015,"Mesocentrotus franciscanus","PISCO","reference",4.09027777777778,"Den","After",12
"Gull Island SMR",2015,"Panulirus interruptus","PISCO","reference",0,"Den","After",12
"Gull Island SMR",2015,"Semicossyphus pulcher","PISCO","reference",0.0298611111111111,"Den","After",12
"Gull Island SMR",2015,"Strongylocentrotus purpuratus","PISCO","reference",13.2444444444444,"Den","After",12
"Gull Island SMR",2016,"Semicossyphus pulcher","PISCO","reference",0.0569444444444444,"Den","After",13
"Gull Island SMR",2017,"Macrocystis pyrifera","PISCO","reference",1.88472222222222,"Den","After",14
"Gull Island SMR",2017,"Mesocentrotus franciscanus","PISCO","reference",3.12638888888889,"Den","After",14
"Gull Island SMR",2017,"Panulirus interruptus","PISCO","reference",0.00138888888888889,"Den","After",14
"Gull Island SMR",2017,"Semicossyphus pulcher","PISCO","reference",0.0722222222222222,"Den","After",14
"Gull Island SMR",2017,"Strongylocentrotus purpuratus","PISCO","reference",13.9222222222222,"Den","After",14
"Gull Island SMR",2018,"Macrocystis pyrifera","PISCO","reference",0.354166666666667,"Den","After",15
"Gull Island SMR",2018,"Mesocentrotus franciscanus","PISCO","reference",1.49166666666667,"Den","After",15
"Gull Island SMR",2018,"Panulirus interruptus","PISCO","reference",0,"Den","After",15
"Gull Island SMR",2018,"Semicossyphus pulcher","PISCO","reference",0.0375,"Den","After",15
"Gull Island SMR",2018,"Strongylocentrotus purpuratus","PISCO","reference",6.18541666666667,"Den","After",15
"Gull Island SMR",2019,"Macrocystis pyrifera","PISCO","reference",0.0277777777777778,"Den","After",16
"Gull Island SMR",2019,"Mesocentrotus franciscanus","PISCO","reference",2.56805555555556,"Den","After",16
"Gull Island SMR",2019,"Panulirus interruptus","PISCO","reference",0,"Den","After",16
"Gull Island SMR",2019,"Semicossyphus pulcher","PISCO","reference",0.0458333333333333,"Den","After",16
"Gull Island SMR",2019,"Strongylocentrotus purpuratus","PISCO","reference",16.7597222222222,"Den","After",16
"Gull Island SMR",2020,"Semicossyphus pulcher","PISCO","reference",0.0215277777777778,"Den","After",17
"Gull Island SMR",2021,"Macrocystis pyrifera","PISCO","reference",0.466666666666667,"Den","After",18
"Gull Island SMR",2021,"Mesocentrotus franciscanus","PISCO","reference",1.30972222222222,"Den","After",18
"Gull Island SMR",2021,"Panulirus interruptus","PISCO","reference",0.00277777777777778,"Den","After",18
"Gull Island SMR",2021,"Semicossyphus pulcher","PISCO","reference",0.0277777777777778,"Den","After",18
"Gull Island SMR",2021,"Strongylocentrotus purpuratus","PISCO","reference",10.6361111111111,"Den","After",18
"Gull Island SMR",2022,"Semicossyphus pulcher","PISCO","reference",0.0222222222222222,"Den","After",19
"Gull Island SMR",2023,"Macrocystis pyrifera","PISCO","reference",0.3,"Den","After",20
"Gull Island SMR",2023,"Mesocentrotus franciscanus","PISCO","reference",2.96805555555556,"Den","After",20
"Gull Island SMR",2023,"Panulirus interruptus","PISCO","reference",0,"Den","After",20
"Gull Island SMR",2023,"Semicossyphus pulcher","PISCO","reference",0.0229166666666667,"Den","After",20
"Gull Island SMR",2023,"Strongylocentrotus purpuratus","PISCO","reference",11.1722222222222,"Den","After",20
"Harris Point SMR",2004,"Macrocystis pyrifera","PISCO","reference",4.39027777777778,"Den","After",1
"Harris Point SMR",2004,"Mesocentrotus franciscanus","PISCO","reference",2.55277777777778,"Den","After",1
"Harris Point SMR",2004,"Panulirus interruptus","PISCO","reference",0,"Den","After",1
"Harris Point SMR",2004,"Semicossyphus pulcher","PISCO","reference",0.00416666666666667,"Den","After",1
"Harris Point SMR",2004,"Strongylocentrotus purpuratus","PISCO","reference",0.286111111111111,"Den","After",1
"Harris Point SMR",2005,"Macrocystis pyrifera","PISCO","reference",3.90833333333333,"Den","After",2
"Harris Point SMR",2005,"Mesocentrotus franciscanus","PISCO","reference",1.00277777777778,"Den","After",2
"Harris Point SMR",2005,"Panulirus interruptus","PISCO","reference",0,"Den","After",2
"Harris Point SMR",2005,"Semicossyphus pulcher","PISCO","reference",0.000694444444444444,"Den","After",2
"Harris Point SMR",2005,"Strongylocentrotus purpuratus","PISCO","reference",0.286111111111111,"Den","After",2
"Harris Point SMR",2006,"Macrocystis pyrifera","PISCO","reference",6.16666666666667,"Den","After",3
"Harris Point SMR",2006,"Mesocentrotus franciscanus","PISCO","reference",4.73888888888889,"Den","After",3
"Harris Point SMR",2006,"Panulirus interruptus","PISCO","reference",0,"Den","After",3
"Harris Point SMR",2006,"Semicossyphus pulcher","PISCO","reference",0,"Den","After",3
"Harris Point SMR",2006,"Strongylocentrotus purpuratus","PISCO","reference",0.101388888888889,"Den","After",3
"Harris Point SMR",2007,"Macrocystis pyrifera","PISCO","reference",5.81111111111111,"Den","After",4
"Harris Point SMR",2007,"Mesocentrotus franciscanus","PISCO","reference",3.14027777777778,"Den","After",4
"Harris Point SMR",2007,"Panulirus interruptus","PISCO","reference",0,"Den","After",4
"Harris Point SMR",2007,"Semicossyphus pulcher","PISCO","reference",0.000694444444444444,"Den","After",4
"Harris Point SMR",2007,"Strongylocentrotus purpuratus","PISCO","reference",0.448611111111111,"Den","After",4
"Harris Point SMR",2008,"Macrocystis pyrifera","PISCO","reference",2.38611111111111,"Den","After",5
"Harris Point SMR",2008,"Mesocentrotus franciscanus","PISCO","reference",2.55694444444444,"Den","After",5
"Harris Point SMR",2008,"Panulirus interruptus","PISCO","reference",0,"Den","After",5
"Harris Point SMR",2008,"Semicossyphus pulcher","PISCO","reference",0.00416666666666667,"Den","After",5
"Harris Point SMR",2008,"Strongylocentrotus purpuratus","PISCO","reference",1.2625,"Den","After",5
"Harris Point SMR",2009,"Macrocystis pyrifera","PISCO","reference",3.90277777777778,"Den","After",6
"Harris Point SMR",2009,"Mesocentrotus franciscanus","PISCO","reference",3.06527777777778,"Den","After",6
"Harris Point SMR",2009,"Panulirus interruptus","PISCO","reference",0,"Den","After",6
"Harris Point SMR",2009,"Semicossyphus pulcher","PISCO","reference",0,"Den","After",6
"Harris Point SMR",2009,"Strongylocentrotus purpuratus","PISCO","reference",1.22361111111111,"Den","After",6
"Harris Point SMR",2010,"Macrocystis pyrifera","PISCO","reference",3.00138888888889,"Den","After",7
"Harris Point SMR",2010,"Mesocentrotus franciscanus","PISCO","reference",4.79305555555556,"Den","After",7
"Harris Point SMR",2010,"Panulirus interruptus","PISCO","reference",0,"Den","After",7
"Harris Point SMR",2010,"Semicossyphus pulcher","PISCO","reference",0.00208333333333333,"Den","After",7
"Harris Point SMR",2010,"Strongylocentrotus purpuratus","PISCO","reference",0.790277777777778,"Den","After",7
"Harris Point SMR",2011,"Macrocystis pyrifera","PISCO","reference",2.13055555555556,"Den","After",8
"Harris Point SMR",2011,"Mesocentrotus franciscanus","PISCO","reference",2.83194444444444,"Den","After",8
"Harris Point SMR",2011,"Panulirus interruptus","PISCO","reference",0,"Den","After",8
"Harris Point SMR",2011,"Semicossyphus pulcher","PISCO","reference",0.00138888888888889,"Den","After",8
"Harris Point SMR",2011,"Strongylocentrotus purpuratus","PISCO","reference",0.352777777777778,"Den","After",8
"Harris Point SMR",2012,"Macrocystis pyrifera","PISCO","reference",4.45,"Den","After",9
"Harris Point SMR",2012,"Mesocentrotus franciscanus","PISCO","reference",2.45833333333333,"Den","After",9
"Harris Point SMR",2012,"Panulirus interruptus","PISCO","reference",0,"Den","After",9
"Harris Point SMR",2012,"Semicossyphus pulcher","PISCO","reference",0,"Den","After",9
"Harris Point SMR",2012,"Strongylocentrotus purpuratus","PISCO","reference",0.273611111111111,"Den","After",9
"Harris Point SMR",2014,"Macrocystis pyrifera","PISCO","reference",1.49166666666667,"Den","After",11
"Harris Point SMR",2014,"Mesocentrotus franciscanus","PISCO","reference",4.39583333333333,"Den","After",11
"Harris Point SMR",2014,"Panulirus interruptus","PISCO","reference",0,"Den","After",11
"Harris Point SMR",2014,"Semicossyphus pulcher","PISCO","reference",0.00138888888888889,"Den","After",11
"Harris Point SMR",2014,"Strongylocentrotus purpuratus","PISCO","reference",4.73888888888889,"Den","After",11
"Harris Point SMR",2016,"Macrocystis pyrifera","PISCO","reference",0.511111111111111,"Den","After",13
"Harris Point SMR",2016,"Mesocentrotus franciscanus","PISCO","reference",3.86805555555556,"Den","After",13
"Harris Point SMR",2016,"Panulirus interruptus","PISCO","reference",0,"Den","After",13
"Harris Point SMR",2016,"Semicossyphus pulcher","PISCO","reference",0.0180555555555556,"Den","After",13
"Harris Point SMR",2016,"Strongylocentrotus purpuratus","PISCO","reference",13.3861111111111,"Den","After",13
"Harris Point SMR",2018,"Macrocystis pyrifera","PISCO","reference",0,"Den","After",15
"Harris Point SMR",2018,"Mesocentrotus franciscanus","PISCO","reference",5.20555555555556,"Den","After",15
"Harris Point SMR",2018,"Panulirus interruptus","PISCO","reference",0,"Den","After",15
"Harris Point SMR",2018,"Semicossyphus pulcher","PISCO","reference",0.0159722222222222,"Den","After",15
"Harris Point SMR",2018,"Strongylocentrotus purpuratus","PISCO","reference",15.4125,"Den","After",15
"Harris Point SMR",2019,"Macrocystis pyrifera","PISCO","reference",0,"Den","After",16
"Harris Point SMR",2019,"Mesocentrotus franciscanus","PISCO","reference",4.19861111111111,"Den","After",16
"Harris Point SMR",2019,"Panulirus interruptus","PISCO","reference",0,"Den","After",16
"Harris Point SMR",2019,"Semicossyphus pulcher","PISCO","reference",0.00902777777777778,"Den","After",16
"Harris Point SMR",2019,"Strongylocentrotus purpuratus","PISCO","reference",19.7555555555556,"Den","After",16
"Harris Point SMR",2020,"Macrocystis pyrifera","PISCO","reference",0,"Den","After",17
"Harris Point SMR",2020,"Mesocentrotus franciscanus","PISCO","reference",5.61388888888889,"Den","After",17
"Harris Point SMR",2020,"Panulirus interruptus","PISCO","reference",0,"Den","After",17
"Harris Point SMR",2020,"Semicossyphus pulcher","PISCO","reference",0.00277777777777778,"Den","After",17
"Harris Point SMR",2020,"Strongylocentrotus purpuratus","PISCO","reference",14.8944444444444,"Den","After",17
"Harris Point SMR",2021,"Macrocystis pyrifera","PISCO","reference",0,"Den","After",18
"Harris Point SMR",2021,"Mesocentrotus franciscanus","PISCO","reference",5.05972222222222,"Den","After",18
"Harris Point SMR",2021,"Panulirus interruptus","PISCO","reference",0,"Den","After",18
"Harris Point SMR",2021,"Semicossyphus pulcher","PISCO","reference",0.00416666666666667,"Den","After",18
"Harris Point SMR",2021,"Strongylocentrotus purpuratus","PISCO","reference",12.5791666666667,"Den","After",18
"Harris Point SMR",2022,"Macrocystis pyrifera","PISCO","reference",0,"Den","After",19
"Harris Point SMR",2022,"Mesocentrotus franciscanus","PISCO","reference",4.98611111111111,"Den","After",19
"Harris Point SMR",2022,"Panulirus interruptus","PISCO","reference",0,"Den","After",19
"Harris Point SMR",2022,"Semicossyphus pulcher","PISCO","reference",0.00486111111111111,"Den","After",19
"Harris Point SMR",2022,"Strongylocentrotus purpuratus","PISCO","reference",19.0055555555556,"Den","After",19
"Harris Point SMR",2023,"Macrocystis pyrifera","PISCO","reference",0,"Den","After",20
"Harris Point SMR",2023,"Mesocentrotus franciscanus","PISCO","reference",5.24305555555556,"Den","After",20
"Harris Point SMR",2023,"Panulirus interruptus","PISCO","reference",0,"Den","After",20
"Harris Point SMR",2023,"Semicossyphus pulcher","PISCO","reference",0.00555555555555555,"Den","After",20
"Harris Point SMR",2023,"Strongylocentrotus purpuratus","PISCO","reference",12.8819444444444,"Den","After",20
"Matlahuayl SMR",2011,"Macrocystis pyrifera","PISCO","reference",0.202777777777778,"Den","Before",0
"Matlahuayl SMR",2011,"Mesocentrotus franciscanus","PISCO","reference",0.00277777777777778,"Den","Before",0
"Matlahuayl SMR",2011,"Panulirus interruptus","PISCO","reference",0.0472222222222222,"Den","Before",0
"Matlahuayl SMR",2011,"Semicossyphus pulcher","PISCO","reference",0.0111111111111111,"Den","Before",0
"Matlahuayl SMR",2011,"Strongylocentrotus purpuratus","PISCO","reference",0,"Den","Before",0
"Matlahuayl SMR",2012,"Macrocystis pyrifera","PISCO","reference",0.338888888888889,"Den","Before",0
"Matlahuayl SMR",2012,"Mesocentrotus franciscanus","PISCO","reference",0.0722222222222222,"Den","Before",0
"Matlahuayl SMR",2012,"Panulirus interruptus","PISCO","reference",0.0388888888888889,"Den","Before",0
"Matlahuayl SMR",2012,"Semicossyphus pulcher","PISCO","reference",0.00694444444444444,"Den","Before",0
"Matlahuayl SMR",2012,"Strongylocentrotus purpuratus","PISCO","reference",0.0361111111111111,"Den","Before",0
"Matlahuayl SMR",2019,"Macrocystis pyrifera","PISCO","reference",0.194444444444444,"Den","After",7
"Matlahuayl SMR",2019,"Mesocentrotus franciscanus","PISCO","reference",0.0916666666666667,"Den","After",7
"Matlahuayl SMR",2019,"Panulirus interruptus","PISCO","reference",0.0888888888888889,"Den","After",7
"Matlahuayl SMR",2019,"Semicossyphus pulcher","PISCO","reference",0.00555555555555556,"Den","After",7
"Matlahuayl SMR",2019,"Strongylocentrotus purpuratus","PISCO","reference",0.0722222222222222,"Den","After",7
"Matlahuayl SMR",2020,"Macrocystis pyrifera","PISCO","reference",0.0166666666666667,"Den","After",8
"Matlahuayl SMR",2020,"Mesocentrotus franciscanus","PISCO","reference",0.0416666666666667,"Den","After",8
"Matlahuayl SMR",2020,"Panulirus interruptus","PISCO","reference",0.0305555555555556,"Den","After",8
"Matlahuayl SMR",2020,"Semicossyphus pulcher","PISCO","reference",0.0111111111111111,"Den","After",8
"Matlahuayl SMR",2020,"Strongylocentrotus purpuratus","PISCO","reference",0.00555555555555556,"Den","After",8
"Matlahuayl SMR",2021,"Macrocystis pyrifera","PISCO","reference",0,"Den","After",9
"Matlahuayl SMR",2021,"Mesocentrotus franciscanus","PISCO","reference",0.102777777777778,"Den","After",9
"Matlahuayl SMR",2021,"Panulirus interruptus","PISCO","reference",0.0472222222222222,"Den","After",9
"Matlahuayl SMR",2021,"Semicossyphus pulcher","PISCO","reference",0.00555555555555556,"Den","After",9
"Matlahuayl SMR",2021,"Strongylocentrotus purpuratus","PISCO","reference",0.0333333333333333,"Den","After",9
"Matlahuayl SMR",2022,"Macrocystis pyrifera","PISCO","reference",0,"Den","After",10
"Matlahuayl SMR",2022,"Mesocentrotus franciscanus","PISCO","reference",0.152777777777778,"Den","After",10
"Matlahuayl SMR",2022,"Panulirus interruptus","PISCO","reference",0.0555555555555556,"Den","After",10
"Matlahuayl SMR",2022,"Semicossyphus pulcher","PISCO","reference",0.0138888888888889,"Den","After",10
"Matlahuayl SMR",2022,"Strongylocentrotus purpuratus","PISCO","reference",0.0277777777777778,"Den","After",10
"Matlahuayl SMR",2023,"Macrocystis pyrifera","PISCO","reference",0.0222222222222222,"Den","After",11
"Matlahuayl SMR",2023,"Mesocentrotus franciscanus","PISCO","reference",0.161111111111111,"Den","After",11
"Matlahuayl SMR",2023,"Panulirus interruptus","PISCO","reference",0.0305555555555556,"Den","After",11
"Matlahuayl SMR",2023,"Semicossyphus pulcher","PISCO","reference",0.0125,"Den","After",11
"Matlahuayl SMR",2023,"Strongylocentrotus purpuratus","PISCO","reference",0.0305555555555556,"Den","After",11
"Naples SMCA",2009,"Semicossyphus pulcher","PISCO","reference",0.00277777777777778,"Den","Before",0
"Naples SMCA",2010,"Macrocystis pyrifera","PISCO","reference",1.30694444444444,"Den","Before",0
"Naples SMCA",2010,"Mesocentrotus franciscanus","PISCO","reference",0.654166666666667,"Den","Before",0
"Naples SMCA",2010,"Panulirus interruptus","PISCO","reference",0,"Den","Before",0
"Naples SMCA",2010,"Semicossyphus pulcher","PISCO","reference",0.00347222222222222,"Den","Before",0
"Naples SMCA",2010,"Strongylocentrotus purpuratus","PISCO","reference",7.78472222222222,"Den","Before",0
"Naples SMCA",2011,"Macrocystis pyrifera","PISCO","reference",1.34861111111111,"Den","Before",0
"Naples SMCA",2011,"Mesocentrotus franciscanus","PISCO","reference",0.336111111111111,"Den","Before",0
"Naples SMCA",2011,"Panulirus interruptus","PISCO","reference",0,"Den","Before",0
"Naples SMCA",2011,"Semicossyphus pulcher","PISCO","reference",0.00694444444444444,"Den","Before",0
"Naples SMCA",2011,"Strongylocentrotus purpuratus","PISCO","reference",7.77222222222222,"Den","Before",0
"Naples SMCA",2012,"Macrocystis pyrifera","PISCO","reference",2.39027777777778,"Den","Before",0
"Naples SMCA",2012,"Mesocentrotus franciscanus","PISCO","reference",1.37916666666667,"Den","Before",0
"Naples SMCA",2012,"Panulirus interruptus","PISCO","reference",0,"Den","Before",0
"Naples SMCA",2012,"Semicossyphus pulcher","PISCO","reference",0.00208333333333333,"Den","Before",0
"Naples SMCA",2012,"Strongylocentrotus purpuratus","PISCO","reference",3.01944444444444,"Den","Before",0
"Naples SMCA",2013,"Macrocystis pyrifera","PISCO","reference",4.96666666666667,"Den","After",1
"Naples SMCA",2013,"Mesocentrotus franciscanus","PISCO","reference",3.76111111111111,"Den","After",1
"Naples SMCA",2013,"Panulirus interruptus","PISCO","reference",0,"Den","After",1
"Naples SMCA",2013,"Semicossyphus pulcher","PISCO","reference",0,"Den","After",1
"Naples SMCA",2013,"Strongylocentrotus purpuratus","PISCO","reference",1.96666666666667,"Den","After",1
"Naples SMCA",2014,"Macrocystis pyrifera","PISCO","reference",5.06944444444444,"Den","After",2
"Naples SMCA",2014,"Mesocentrotus franciscanus","PISCO","reference",0.436111111111111,"Den","After",2
"Naples SMCA",2014,"Panulirus interruptus","PISCO","reference",0,"Den","After",2
"Naples SMCA",2014,"Semicossyphus pulcher","PISCO","reference",0,"Den","After",2
"Naples SMCA",2014,"Strongylocentrotus purpuratus","PISCO","reference",1.58888888888889,"Den","After",2
"Naples SMCA",2015,"Macrocystis pyrifera","PISCO","reference",4.16805555555556,"Den","After",3
"Naples SMCA",2015,"Mesocentrotus franciscanus","PISCO","reference",0.633333333333333,"Den","After",3
"Naples SMCA",2015,"Panulirus interruptus","PISCO","reference",0.00138888888888889,"Den","After",3
"Naples SMCA",2015,"Semicossyphus pulcher","PISCO","reference",0.0180555555555556,"Den","After",3
"Naples SMCA",2015,"Strongylocentrotus purpuratus","PISCO","reference",0.669444444444445,"Den","After",3
"Naples SMCA",2016,"Macrocystis pyrifera","PISCO","reference",2.77638888888889,"Den","After",4
"Naples SMCA",2016,"Mesocentrotus franciscanus","PISCO","reference",0.644444444444444,"Den","After",4
"Naples SMCA",2016,"Panulirus interruptus","PISCO","reference",0.00277777777777778,"Den","After",4
"Naples SMCA",2016,"Semicossyphus pulcher","PISCO","reference",0.0347222222222222,"Den","After",4
"Naples SMCA",2016,"Strongylocentrotus purpuratus","PISCO","reference",1.4,"Den","After",4
"Naples SMCA",2017,"Macrocystis pyrifera","PISCO","reference",3.47083333333333,"Den","After",5
"Naples SMCA",2017,"Mesocentrotus franciscanus","PISCO","reference",0.194444444444444,"Den","After",5
"Naples SMCA",2017,"Panulirus interruptus","PISCO","reference",0.00138888888888889,"Den","After",5
"Naples SMCA",2017,"Semicossyphus pulcher","PISCO","reference",0.04375,"Den","After",5
"Naples SMCA",2017,"Strongylocentrotus purpuratus","PISCO","reference",1.49444444444444,"Den","After",5
"Naples SMCA",2018,"Macrocystis pyrifera","PISCO","reference",5.09166666666667,"Den","After",6
"Naples SMCA",2018,"Mesocentrotus franciscanus","PISCO","reference",0.369444444444444,"Den","After",6
"Naples SMCA",2018,"Panulirus interruptus","PISCO","reference",0.00138888888888889,"Den","After",6
"Naples SMCA",2018,"Semicossyphus pulcher","PISCO","reference",0.0326388888888889,"Den","After",6
"Naples SMCA",2018,"Strongylocentrotus purpuratus","PISCO","reference",2.19027777777778,"Den","After",6
"Naples SMCA",2019,"Macrocystis pyrifera","PISCO","reference",2.11111111111111,"Den","After",7
"Naples SMCA",2019,"Mesocentrotus franciscanus","PISCO","reference",0.266666666666667,"Den","After",7
"Naples SMCA",2019,"Panulirus interruptus","PISCO","reference",0.00138888888888889,"Den","After",7
"Naples SMCA",2019,"Semicossyphus pulcher","PISCO","reference",0.0201388888888889,"Den","After",7
"Naples SMCA",2019,"Strongylocentrotus purpuratus","PISCO","reference",3.14444444444444,"Den","After",7
"Naples SMCA",2020,"Macrocystis pyrifera","PISCO","reference",3.10694444444444,"Den","After",8
"Naples SMCA",2020,"Mesocentrotus franciscanus","PISCO","reference",0.309722222222222,"Den","After",8
"Naples SMCA",2020,"Panulirus interruptus","PISCO","reference",0,"Den","After",8
"Naples SMCA",2020,"Semicossyphus pulcher","PISCO","reference",0.0131944444444444,"Den","After",8
"Naples SMCA",2020,"Strongylocentrotus purpuratus","PISCO","reference",0.966666666666667,"Den","After",8
"Naples SMCA",2021,"Macrocystis pyrifera","PISCO","reference",2.1125,"Den","After",9
"Naples SMCA",2021,"Mesocentrotus franciscanus","PISCO","reference",0.218055555555556,"Den","After",9
"Naples SMCA",2021,"Panulirus interruptus","PISCO","reference",0.00138888888888889,"Den","After",9
"Naples SMCA",2021,"Semicossyphus pulcher","PISCO","reference",0.00694444444444444,"Den","After",9
"Naples SMCA",2021,"Strongylocentrotus purpuratus","PISCO","reference",3.87916666666667,"Den","After",9
"Naples SMCA",2022,"Macrocystis pyrifera","PISCO","reference",0.745833333333333,"Den","After",10
"Naples SMCA",2022,"Mesocentrotus franciscanus","PISCO","reference",0.391666666666667,"Den","After",10
"Naples SMCA",2022,"Panulirus interruptus","PISCO","reference",0,"Den","After",10
"Naples SMCA",2022,"Semicossyphus pulcher","PISCO","reference",0.0104166666666667,"Den","After",10
"Naples SMCA",2022,"Strongylocentrotus purpuratus","PISCO","reference",5.58888888888889,"Den","After",10
"Naples SMCA",2023,"Macrocystis pyrifera","PISCO","reference",0.475,"Den","After",11
"Naples SMCA",2023,"Mesocentrotus franciscanus","PISCO","reference",0.413888888888889,"Den","After",11
"Naples SMCA",2023,"Panulirus interruptus","PISCO","reference",0.00138888888888889,"Den","After",11
"Naples SMCA",2023,"Semicossyphus pulcher","PISCO","reference",0.00486111111111111,"Den","After",11
"Naples SMCA",2023,"Strongylocentrotus purpuratus","PISCO","reference",6.10694444444444,"Den","After",11
"Point Vicente SMCA",2004,"Semicossyphus pulcher","PISCO","reference",0.0340277777777778,"Den","Before",0
"Point Vicente SMCA",2007,"Semicossyphus pulcher","PISCO","reference",0.0239583333333333,"Den","Before",0
"Point Vicente SMCA",2008,"Macrocystis pyrifera","PISCO","reference",2.50944444444444,"Den","Before",0
"Point Vicente SMCA",2008,"Mesocentrotus franciscanus","PISCO","reference",0.172916666666667,"Den","Before",0
"Point Vicente SMCA",2008,"Panulirus interruptus","PISCO","reference",0.001875,"Den","Before",0
"Point Vicente SMCA",2008,"Semicossyphus pulcher","PISCO","reference",0.0172916666666667,"Den","Before",0
"Point Vicente SMCA",2008,"Strongylocentrotus purpuratus","PISCO","reference",0.156944444444444,"Den","Before",0
"Point Vicente SMCA",2009,"Macrocystis pyrifera","PISCO","reference",3.28680555555556,"Den","Before",0
"Point Vicente SMCA",2009,"Mesocentrotus franciscanus","PISCO","reference",0.31875,"Den","Before",0
"Point Vicente SMCA",2009,"Panulirus interruptus","PISCO","reference",0.00694444444444444,"Den","Before",0
"Point Vicente SMCA",2009,"Semicossyphus pulcher","PISCO","reference",0.0340277777777778,"Den","Before",0
"Point Vicente SMCA",2009,"Strongylocentrotus purpuratus","PISCO","reference",1.65208333333333,"Den","Before",0
"Point Vicente SMCA",2010,"Macrocystis pyrifera","PISCO","reference",4.26927083333333,"Den","Before",0
"Point Vicente SMCA",2010,"Mesocentrotus franciscanus","PISCO","reference",0.411979166666667,"Den","Before",0
"Point Vicente SMCA",2010,"Panulirus interruptus","PISCO","reference",0.0015625,"Den","Before",0
"Point Vicente SMCA",2010,"Semicossyphus pulcher","PISCO","reference",0.02265625,"Den","Before",0
"Point Vicente SMCA",2010,"Strongylocentrotus purpuratus","PISCO","reference",1.81614583333333,"Den","Before",0
"Point Vicente SMCA",2011,"Macrocystis pyrifera","PISCO","reference",2.96361111111111,"Den","Before",0
"Point Vicente SMCA",2011,"Mesocentrotus franciscanus","PISCO","reference",0.315972222222222,"Den","Before",0
"Point Vicente SMCA",2011,"Panulirus interruptus","PISCO","reference",0.00222222222222222,"Den","Before",0
"Point Vicente SMCA",2011,"Semicossyphus pulcher","PISCO","reference",0.0270833333333333,"Den","Before",0
"Point Vicente SMCA",2011,"Strongylocentrotus purpuratus","PISCO","reference",1.88347222222222,"Den","Before",0
"Point Vicente SMCA",2012,"Macrocystis pyrifera","PISCO","reference",2.13628472222222,"Den","Before",0
"Point Vicente SMCA",2012,"Mesocentrotus franciscanus","PISCO","reference",0.489236111111111,"Den","Before",0
"Point Vicente SMCA",2012,"Panulirus interruptus","PISCO","reference",0.003125,"Den","Before",0
"Point Vicente SMCA",2012,"Semicossyphus pulcher","PISCO","reference",0.0183159722222222,"Den","Before",0
"Point Vicente SMCA",2012,"Strongylocentrotus purpuratus","PISCO","reference",2.97265625,"Den","Before",0
"Point Vicente SMCA",2013,"Macrocystis pyrifera","PISCO","reference",1.8577380952381,"Den","After",1
"Point Vicente SMCA",2013,"Mesocentrotus franciscanus","PISCO","reference",0.318849206349206,"Den","After",1
"Point Vicente SMCA",2013,"Panulirus interruptus","PISCO","reference",0.00833333333333333,"Den","After",1
"Point Vicente SMCA",2013,"Semicossyphus pulcher","PISCO","reference",0.019921875,"Den","After",1
"Point Vicente SMCA",2013,"Strongylocentrotus purpuratus","PISCO","reference",1.47123015873016,"Den","After",1
"Point Vicente SMCA",2014,"Semicossyphus pulcher","PISCO","reference",0.0230902777777778,"Den","After",2
"Point Vicente SMCA",2015,"Macrocystis pyrifera","PISCO","reference",2.88720238095238,"Den","After",3
"Point Vicente SMCA",2015,"Mesocentrotus franciscanus","PISCO","reference",0.132142857142857,"Den","After",3
"Point Vicente SMCA",2015,"Panulirus interruptus","PISCO","reference",0.0145833333333333,"Den","After",3
"Point Vicente SMCA",2015,"Semicossyphus pulcher","PISCO","reference",0.0316358024691358,"Den","After",3
"Point Vicente SMCA",2015,"Strongylocentrotus purpuratus","PISCO","reference",0.218154761904762,"Den","After",3
"Point Vicente SMCA",2016,"Macrocystis pyrifera","PISCO","reference",2.04642857142857,"Den","After",4
"Point Vicente SMCA",2016,"Mesocentrotus franciscanus","PISCO","reference",0.0994047619047619,"Den","After",4
"Point Vicente SMCA",2016,"Panulirus interruptus","PISCO","reference",0.0130952380952381,"Den","After",4
"Point Vicente SMCA",2016,"Semicossyphus pulcher","PISCO","reference",0.029320987654321,"Den","After",4
"Point Vicente SMCA",2016,"Strongylocentrotus purpuratus","PISCO","reference",0.100892857142857,"Den","After",4
"Point Vicente SMCA",2017,"Macrocystis pyrifera","PISCO","reference",3.03418209876543,"Den","After",5
"Point Vicente SMCA",2017,"Mesocentrotus franciscanus","PISCO","reference",0.0876543209876543,"Den","After",5
"Point Vicente SMCA",2017,"Panulirus interruptus","PISCO","reference",0.0127314814814815,"Den","After",5
"Point Vicente SMCA",2017,"Semicossyphus pulcher","PISCO","reference",0.0233024691358025,"Den","After",5
"Point Vicente SMCA",2017,"Strongylocentrotus purpuratus","PISCO","reference",0.0850308641975309,"Den","After",5
"Point Vicente SMCA",2018,"Macrocystis pyrifera","PISCO","reference",3.02268518518519,"Den","After",6
"Point Vicente SMCA",2018,"Mesocentrotus franciscanus","PISCO","reference",0.0857638888888889,"Den","After",6
"Point Vicente SMCA",2018,"Panulirus interruptus","PISCO","reference",0.0100694444444444,"Den","After",6
"Point Vicente SMCA",2018,"Semicossyphus pulcher","PISCO","reference",0.0240740740740741,"Den","After",6
"Point Vicente SMCA",2018,"Strongylocentrotus purpuratus","PISCO","reference",0.262538580246914,"Den","After",6
"Point Vicente SMCA",2019,"Macrocystis pyrifera","PISCO","reference",1.93557098765432,"Den","After",7
"Point Vicente SMCA",2019,"Mesocentrotus franciscanus","PISCO","reference",0.119560185185185,"Den","After",7
"Point Vicente SMCA",2019,"Panulirus interruptus","PISCO","reference",0.00925925925925926,"Den","After",7
"Point Vicente SMCA",2019,"Semicossyphus pulcher","PISCO","reference",0.0282021604938272,"Den","After",7
"Point Vicente SMCA",2019,"Strongylocentrotus purpuratus","PISCO","reference",0.317824074074074,"Den","After",7
"Point Vicente SMCA",2020,"Macrocystis pyrifera","PISCO","reference",3.06512345679012,"Den","After",8
"Point Vicente SMCA",2020,"Mesocentrotus franciscanus","PISCO","reference",0.108641975308642,"Den","After",8
"Point Vicente SMCA",2020,"Panulirus interruptus","PISCO","reference",0.00871913580246914,"Den","After",8
"Point Vicente SMCA",2020,"Semicossyphus pulcher","PISCO","reference",0.0207561728395062,"Den","After",8
"Point Vicente SMCA",2020,"Strongylocentrotus purpuratus","PISCO","reference",0.328935185185185,"Den","After",8
"Point Vicente SMCA",2021,"Macrocystis pyrifera","PISCO","reference",1.7929012345679,"Den","After",9
"Point Vicente SMCA",2021,"Mesocentrotus franciscanus","PISCO","reference",0.0848765432098765,"Den","After",9
"Point Vicente SMCA",2021,"Panulirus interruptus","PISCO","reference",0.00625,"Den","After",9
"Point Vicente SMCA",2021,"Semicossyphus pulcher","PISCO","reference",0.0209104938271605,"Den","After",9
"Point Vicente SMCA",2021,"Strongylocentrotus purpuratus","PISCO","reference",0.123225308641975,"Den","After",9
"Point Vicente SMCA",2022,"Macrocystis pyrifera","PISCO","reference",1.68765432098765,"Den","After",10
"Point Vicente SMCA",2022,"Mesocentrotus franciscanus","PISCO","reference",0.197453703703704,"Den","After",10
"Point Vicente SMCA",2022,"Panulirus interruptus","PISCO","reference",0.00949074074074074,"Den","After",10
"Point Vicente SMCA",2022,"Semicossyphus pulcher","PISCO","reference",0.0215277777777778,"Den","After",10
"Point Vicente SMCA",2022,"Strongylocentrotus purpuratus","PISCO","reference",0.291358024691358,"Den","After",10
"Point Vicente SMCA",2023,"Macrocystis pyrifera","PISCO","reference",2.92265625,"Den","After",11
"Point Vicente SMCA",2023,"Mesocentrotus franciscanus","PISCO","reference",0.224913194444444,"Den","After",11
"Point Vicente SMCA",2023,"Panulirus interruptus","PISCO","reference",0.0130208333333333,"Den","After",11
"Point Vicente SMCA",2023,"Semicossyphus pulcher","PISCO","reference",0.0309799382716049,"Den","After",11
"Point Vicente SMCA",2023,"Strongylocentrotus purpuratus","PISCO","reference",1.07769097222222,"Den","After",11
"Scorpion SMR",2004,"Macrocystis pyrifera","PISCO","reference",1.30833333333333,"Den","After",1
"Scorpion SMR",2004,"Mesocentrotus franciscanus","PISCO","reference",2.46574074074074,"Den","After",1
"Scorpion SMR",2004,"Panulirus interruptus","PISCO","reference",0.000462962962962963,"Den","After",1
"Scorpion SMR",2004,"Semicossyphus pulcher","PISCO","reference",0.00747354497354497,"Den","After",1
"Scorpion SMR",2004,"Strongylocentrotus purpuratus","PISCO","reference",11.124537037037,"Den","After",1
"Scorpion SMR",2005,"Macrocystis pyrifera","PISCO","reference",1.17361111111111,"Den","After",2
"Scorpion SMR",2005,"Mesocentrotus franciscanus","PISCO","reference",2.06875,"Den","After",2
"Scorpion SMR",2005,"Panulirus interruptus","PISCO","reference",0.00231481481481481,"Den","After",2
"Scorpion SMR",2005,"Semicossyphus pulcher","PISCO","reference",0.0149305555555556,"Den","After",2
"Scorpion SMR",2005,"Strongylocentrotus purpuratus","PISCO","reference",9.45625,"Den","After",2
"Scorpion SMR",2006,"Macrocystis pyrifera","PISCO","reference",0.925,"Den","After",3
"Scorpion SMR",2006,"Mesocentrotus franciscanus","PISCO","reference",2.5224537037037,"Den","After",3
"Scorpion SMR",2006,"Panulirus interruptus","PISCO","reference",0.000462962962962963,"Den","After",3
"Scorpion SMR",2006,"Semicossyphus pulcher","PISCO","reference",0.0151388888888889,"Den","After",3
"Scorpion SMR",2006,"Strongylocentrotus purpuratus","PISCO","reference",15.4960648148148,"Den","After",3
"Scorpion SMR",2007,"Macrocystis pyrifera","PISCO","reference",0.699166666666667,"Den","After",4
"Scorpion SMR",2007,"Mesocentrotus franciscanus","PISCO","reference",2.72888888888889,"Den","After",4
"Scorpion SMR",2007,"Panulirus interruptus","PISCO","reference",0.000277777777777778,"Den","After",4
"Scorpion SMR",2007,"Semicossyphus pulcher","PISCO","reference",0.0107638888888889,"Den","After",4
"Scorpion SMR",2007,"Strongylocentrotus purpuratus","PISCO","reference",12.0626388888889,"Den","After",4
"Scorpion SMR",2008,"Macrocystis pyrifera","PISCO","reference",1.52916666666667,"Den","After",5
"Scorpion SMR",2008,"Mesocentrotus franciscanus","PISCO","reference",2.61828703703704,"Den","After",5
"Scorpion SMR",2008,"Panulirus interruptus","PISCO","reference",0.000694444444444444,"Den","After",5
"Scorpion SMR",2008,"Semicossyphus pulcher","PISCO","reference",0.0158333333333333,"Den","After",5
"Scorpion SMR",2008,"Strongylocentrotus purpuratus","PISCO","reference",11.6305555555556,"Den","After",5
"Scorpion SMR",2009,"Macrocystis pyrifera","PISCO","reference",0.840833333333333,"Den","After",6
"Scorpion SMR",2009,"Mesocentrotus franciscanus","PISCO","reference",3.19180555555556,"Den","After",6
"Scorpion SMR",2009,"Panulirus interruptus","PISCO","reference",0.000833333333333333,"Den","After",6
"Scorpion SMR",2009,"Semicossyphus pulcher","PISCO","reference",0.0484722222222222,"Den","After",6
"Scorpion SMR",2009,"Strongylocentrotus purpuratus","PISCO","reference",12.2708333333333,"Den","After",6
"Scorpion SMR",2010,"Macrocystis pyrifera","PISCO","reference",1.87847222222222,"Den","After",7
"Scorpion SMR",2010,"Mesocentrotus franciscanus","PISCO","reference",2.17268518518518,"Den","After",7
"Scorpion SMR",2010,"Panulirus interruptus","PISCO","reference",0,"Den","After",7
"Scorpion SMR",2010,"Semicossyphus pulcher","PISCO","reference",0.0295138888888889,"Den","After",7
"Scorpion SMR",2010,"Strongylocentrotus purpuratus","PISCO","reference",11.5733796296296,"Den","After",7
"Scorpion SMR",2011,"Macrocystis pyrifera","PISCO","reference",1.11458333333333,"Den","After",8
"Scorpion SMR",2011,"Mesocentrotus franciscanus","PISCO","reference",2.70092592592593,"Den","After",8
"Scorpion SMR",2011,"Panulirus interruptus","PISCO","reference",0.00231481481481481,"Den","After",8
"Scorpion SMR",2011,"Semicossyphus pulcher","PISCO","reference",0.0236111111111111,"Den","After",8
"Scorpion SMR",2011,"Strongylocentrotus purpuratus","PISCO","reference",14.1474537037037,"Den","After",8
"Scorpion SMR",2012,"Macrocystis pyrifera","PISCO","reference",0.0701388888888889,"Den","After",9
"Scorpion SMR",2012,"Mesocentrotus franciscanus","PISCO","reference",3.25092592592593,"Den","After",9
"Scorpion SMR",2012,"Panulirus interruptus","PISCO","reference",0.000462962962962963,"Den","After",9
"Scorpion SMR",2012,"Semicossyphus pulcher","PISCO","reference",0.0195601851851852,"Den","After",9
"Scorpion SMR",2012,"Strongylocentrotus purpuratus","PISCO","reference",12.012037037037,"Den","After",9
"Scorpion SMR",2013,"Macrocystis pyrifera","PISCO","reference",0,"Den","After",10
"Scorpion SMR",2013,"Mesocentrotus franciscanus","PISCO","reference",8.64722222222222,"Den","After",10
"Scorpion SMR",2013,"Panulirus interruptus","PISCO","reference",0.00436507936507937,"Den","After",10
"Scorpion SMR",2013,"Semicossyphus pulcher","PISCO","reference",0.0148611111111111,"Den","After",10
"Scorpion SMR",2013,"Strongylocentrotus purpuratus","PISCO","reference",20.4484126984127,"Den","After",10
"Scorpion SMR",2014,"Macrocystis pyrifera","PISCO","reference",0.0861111111111111,"Den","After",11
"Scorpion SMR",2014,"Mesocentrotus franciscanus","PISCO","reference",4.06481481481481,"Den","After",11
"Scorpion SMR",2014,"Panulirus interruptus","PISCO","reference",0,"Den","After",11
"Scorpion SMR",2014,"Semicossyphus pulcher","PISCO","reference",0.0122685185185185,"Den","After",11
"Scorpion SMR",2014,"Strongylocentrotus purpuratus","PISCO","reference",19.1553240740741,"Den","After",11
"Scorpion SMR",2015,"Macrocystis pyrifera","PISCO","reference",0,"Den","After",12
"Scorpion SMR",2015,"Mesocentrotus franciscanus","PISCO","reference",2.00717592592593,"Den","After",12
"Scorpion SMR",2015,"Panulirus interruptus","PISCO","reference",0.00277777777777778,"Den","After",12
"Scorpion SMR",2015,"Semicossyphus pulcher","PISCO","reference",0.0644675925925926,"Den","After",12
"Scorpion SMR",2015,"Strongylocentrotus purpuratus","PISCO","reference",9.57384259259259,"Den","After",12
"Scorpion SMR",2016,"Macrocystis pyrifera","PISCO","reference",0.265972222222222,"Den","After",13
"Scorpion SMR",2016,"Mesocentrotus franciscanus","PISCO","reference",0.228935185185185,"Den","After",13
"Scorpion SMR",2016,"Panulirus interruptus","PISCO","reference",0.000925925925925926,"Den","After",13
"Scorpion SMR",2016,"Semicossyphus pulcher","PISCO","reference",0.110185185185185,"Den","After",13
"Scorpion SMR",2016,"Strongylocentrotus purpuratus","PISCO","reference",1.53009259259259,"Den","After",13
"Scorpion SMR",2017,"Macrocystis pyrifera","PISCO","reference",0.0229166666666667,"Den","After",14
"Scorpion SMR",2017,"Mesocentrotus franciscanus","PISCO","reference",0.669212962962963,"Den","After",14
"Scorpion SMR",2017,"Panulirus interruptus","PISCO","reference",0.00162037037037037,"Den","After",14
"Scorpion SMR",2017,"Semicossyphus pulcher","PISCO","reference",0.102662037037037,"Den","After",14
"Scorpion SMR",2017,"Strongylocentrotus purpuratus","PISCO","reference",3.97916666666667,"Den","After",14
"Scorpion SMR",2018,"Macrocystis pyrifera","PISCO","reference",0.0722222222222222,"Den","After",15
"Scorpion SMR",2018,"Mesocentrotus franciscanus","PISCO","reference",1.11388888888889,"Den","After",15
"Scorpion SMR",2018,"Panulirus interruptus","PISCO","reference",0.00347222222222222,"Den","After",15
"Scorpion SMR",2018,"Semicossyphus pulcher","PISCO","reference",0.0640046296296296,"Den","After",15
"Scorpion SMR",2018,"Strongylocentrotus purpuratus","PISCO","reference",4.96736111111111,"Den","After",15
"Scorpion SMR",2019,"Macrocystis pyrifera","PISCO","reference",0.0680555555555556,"Den","After",16
"Scorpion SMR",2019,"Mesocentrotus franciscanus","PISCO","reference",0.615046296296296,"Den","After",16
"Scorpion SMR",2019,"Panulirus interruptus","PISCO","reference",0.00324074074074074,"Den","After",16
"Scorpion SMR",2019,"Semicossyphus pulcher","PISCO","reference",0.0513888888888889,"Den","After",16
"Scorpion SMR",2019,"Strongylocentrotus purpuratus","PISCO","reference",5.04166666666667,"Den","After",16
"Scorpion SMR",2020,"Macrocystis pyrifera","PISCO","reference",0.0328703703703704,"Den","After",17
"Scorpion SMR",2020,"Mesocentrotus franciscanus","PISCO","reference",0.664814814814815,"Den","After",17
"Scorpion SMR",2020,"Panulirus interruptus","PISCO","reference",0.00185185185185185,"Den","After",17
"Scorpion SMR",2020,"Semicossyphus pulcher","PISCO","reference",0.037037037037037,"Den","After",17
"Scorpion SMR",2020,"Strongylocentrotus purpuratus","PISCO","reference",6.50185185185185,"Den","After",17
"Scorpion SMR",2021,"Macrocystis pyrifera","PISCO","reference",0.26875,"Den","After",18
"Scorpion SMR",2021,"Mesocentrotus franciscanus","PISCO","reference",0.913888888888889,"Den","After",18
"Scorpion SMR",2021,"Panulirus interruptus","PISCO","reference",0.00694444444444444,"Den","After",18
"Scorpion SMR",2021,"Semicossyphus pulcher","PISCO","reference",0.0325231481481481,"Den","After",18
"Scorpion SMR",2021,"Strongylocentrotus purpuratus","PISCO","reference",6.76574074074074,"Den","After",18
"Scorpion SMR",2022,"Macrocystis pyrifera","PISCO","reference",0.192824074074074,"Den","After",19
"Scorpion SMR",2022,"Mesocentrotus franciscanus","PISCO","reference",1.37314814814815,"Den","After",19
"Scorpion SMR",2022,"Panulirus interruptus","PISCO","reference",0.00601851851851852,"Den","After",19
"Scorpion SMR",2022,"Semicossyphus pulcher","PISCO","reference",0.0515046296296296,"Den","After",19
"Scorpion SMR",2022,"Strongylocentrotus purpuratus","PISCO","reference",7.25023148148148,"Den","After",19
"Scorpion SMR",2023,"Macrocystis pyrifera","PISCO","reference",0.180555555555556,"Den","After",20
"Scorpion SMR",2023,"Mesocentrotus franciscanus","PISCO","reference",1.75671296296296,"Den","After",20
"Scorpion SMR",2023,"Panulirus interruptus","PISCO","reference",0.0134259259259259,"Den","After",20
"Scorpion SMR",2023,"Semicossyphus pulcher","PISCO","reference",0.0271990740740741,"Den","After",20
"Scorpion SMR",2023,"Strongylocentrotus purpuratus","PISCO","reference",6.19490740740741,"Den","After",20
"South Point SMR",2004,"Semicossyphus pulcher","PISCO","reference",0.0135416666666667,"Den","After",1
"South Point SMR",2005,"Macrocystis pyrifera","PISCO","reference",4.34583333333333,"Den","After",2
"South Point SMR",2005,"Mesocentrotus franciscanus","PISCO","reference",0.195833333333333,"Den","After",2
"South Point SMR",2005,"Panulirus interruptus","PISCO","reference",0,"Den","After",2
"South Point SMR",2005,"Semicossyphus pulcher","PISCO","reference",0.012037037037037,"Den","After",2
"South Point SMR",2005,"Strongylocentrotus purpuratus","PISCO","reference",0.025,"Den","After",2
"South Point SMR",2006,"Semicossyphus pulcher","PISCO","reference",0.0131944444444444,"Den","After",3
"South Point SMR",2007,"Macrocystis pyrifera","PISCO","reference",3.21666666666667,"Den","After",4
"South Point SMR",2007,"Mesocentrotus franciscanus","PISCO","reference",0.331481481481481,"Den","After",4
"South Point SMR",2007,"Panulirus interruptus","PISCO","reference",0,"Den","After",4
"South Point SMR",2007,"Semicossyphus pulcher","PISCO","reference",0.0143518518518519,"Den","After",4
"South Point SMR",2007,"Strongylocentrotus purpuratus","PISCO","reference",0.0611111111111111,"Den","After",4
"South Point SMR",2008,"Macrocystis pyrifera","PISCO","reference",4.68194444444444,"Den","After",5
"South Point SMR",2008,"Mesocentrotus franciscanus","PISCO","reference",0.393055555555556,"Den","After",5
"South Point SMR",2008,"Panulirus interruptus","PISCO","reference",0,"Den","After",5
"South Point SMR",2008,"Semicossyphus pulcher","PISCO","reference",0.0037037037037037,"Den","After",5
"South Point SMR",2008,"Strongylocentrotus purpuratus","PISCO","reference",0.140277777777778,"Den","After",5
"South Point SMR",2009,"Macrocystis pyrifera","PISCO","reference",2.68611111111111,"Den","After",6
"South Point SMR",2009,"Mesocentrotus franciscanus","PISCO","reference",1.05046296296296,"Den","After",6
"South Point SMR",2009,"Panulirus interruptus","PISCO","reference",0,"Den","After",6
"South Point SMR",2009,"Semicossyphus pulcher","PISCO","reference",0.0157407407407407,"Den","After",6
"South Point SMR",2009,"Strongylocentrotus purpuratus","PISCO","reference",0.921759259259259,"Den","After",6
"South Point SMR",2010,"Macrocystis pyrifera","PISCO","reference",2.55694444444444,"Den","After",7
"South Point SMR",2010,"Mesocentrotus franciscanus","PISCO","reference",0.611805555555556,"Den","After",7
"South Point SMR",2010,"Panulirus interruptus","PISCO","reference",0,"Den","After",7
"South Point SMR",2010,"Semicossyphus pulcher","PISCO","reference",0.00902777777777778,"Den","After",7
"South Point SMR",2010,"Strongylocentrotus purpuratus","PISCO","reference",0.306944444444444,"Den","After",7
"South Point SMR",2011,"Macrocystis pyrifera","PISCO","reference",2.50694444444444,"Den","After",8
"South Point SMR",2011,"Mesocentrotus franciscanus","PISCO","reference",1.06666666666667,"Den","After",8
"South Point SMR",2011,"Panulirus interruptus","PISCO","reference",0,"Den","After",8
"South Point SMR",2011,"Semicossyphus pulcher","PISCO","reference",0.00625,"Den","After",8
"South Point SMR",2011,"Strongylocentrotus purpuratus","PISCO","reference",0.923611111111111,"Den","After",8
"South Point SMR",2012,"Macrocystis pyrifera","PISCO","reference",1.68263888888889,"Den","After",9
"South Point SMR",2012,"Mesocentrotus franciscanus","PISCO","reference",0.836805555555556,"Den","After",9
"South Point SMR",2012,"Panulirus interruptus","PISCO","reference",0,"Den","After",9
"South Point SMR",2012,"Semicossyphus pulcher","PISCO","reference",0.0121527777777778,"Den","After",9
"South Point SMR",2012,"Strongylocentrotus purpuratus","PISCO","reference",0.120138888888889,"Den","After",9
"South Point SMR",2013,"Semicossyphus pulcher","PISCO","reference",0.0194444444444444,"Den","After",10
"South Point SMR",2014,"Macrocystis pyrifera","PISCO","reference",1.9625,"Den","After",11
"South Point SMR",2014,"Mesocentrotus franciscanus","PISCO","reference",1.825,"Den","After",11
"South Point SMR",2014,"Panulirus interruptus","PISCO","reference",0,"Den","After",11
"South Point SMR",2014,"Semicossyphus pulcher","PISCO","reference",0.0114583333333333,"Den","After",11
"South Point SMR",2014,"Strongylocentrotus purpuratus","PISCO","reference",2.60972222222222,"Den","After",11
"South Point SMR",2015,"Macrocystis pyrifera","PISCO","reference",1.70069444444444,"Den","After",12
"South Point SMR",2015,"Mesocentrotus franciscanus","PISCO","reference",2.67152777777778,"Den","After",12
"South Point SMR",2015,"Panulirus interruptus","PISCO","reference",0,"Den","After",12
"South Point SMR",2015,"Semicossyphus pulcher","PISCO","reference",0.0111111111111111,"Den","After",12
"South Point SMR",2015,"Strongylocentrotus purpuratus","PISCO","reference",14.0916666666667,"Den","After",12
"South Point SMR",2016,"Macrocystis pyrifera","PISCO","reference",1.12986111111111,"Den","After",13
"South Point SMR",2016,"Mesocentrotus franciscanus","PISCO","reference",3.91527777777778,"Den","After",13
"South Point SMR",2016,"Panulirus interruptus","PISCO","reference",0,"Den","After",13
"South Point SMR",2016,"Semicossyphus pulcher","PISCO","reference",0.0427083333333333,"Den","After",13
"South Point SMR",2016,"Strongylocentrotus purpuratus","PISCO","reference",11.7763888888889,"Den","After",13
"South Point SMR",2017,"Macrocystis pyrifera","PISCO","reference",0.604861111111111,"Den","After",14
"South Point SMR",2017,"Mesocentrotus franciscanus","PISCO","reference",3.49236111111111,"Den","After",14
"South Point SMR",2017,"Panulirus interruptus","PISCO","reference",0,"Den","After",14
"South Point SMR",2017,"Semicossyphus pulcher","PISCO","reference",0.0236111111111111,"Den","After",14
"South Point SMR",2017,"Strongylocentrotus purpuratus","PISCO","reference",12.8340277777778,"Den","After",14
"South Point SMR",2018,"Macrocystis pyrifera","PISCO","reference",1.17916666666667,"Den","After",15
"South Point SMR",2018,"Mesocentrotus franciscanus","PISCO","reference",2.25277777777778,"Den","After",15
"South Point SMR",2018,"Panulirus interruptus","PISCO","reference",0.000694444444444444,"Den","After",15
"South Point SMR",2018,"Semicossyphus pulcher","PISCO","reference",0.0465277777777778,"Den","After",15
"South Point SMR",2018,"Strongylocentrotus purpuratus","PISCO","reference",7.19305555555556,"Den","After",15
"South Point SMR",2019,"Macrocystis pyrifera","PISCO","reference",0.0840277777777778,"Den","After",16
"South Point SMR",2019,"Mesocentrotus franciscanus","PISCO","reference",1.51701388888889,"Den","After",16
"South Point SMR",2019,"Panulirus interruptus","PISCO","reference",0,"Den","After",16
"South Point SMR",2019,"Semicossyphus pulcher","PISCO","reference",0.0263888888888889,"Den","After",16
"South Point SMR",2019,"Strongylocentrotus purpuratus","PISCO","reference",5.76736111111111,"Den","After",16
"South Point SMR",2020,"Macrocystis pyrifera","PISCO","reference",1.86944444444444,"Den","After",17
"South Point SMR",2020,"Mesocentrotus franciscanus","PISCO","reference",1.32569444444444,"Den","After",17
"South Point SMR",2020,"Panulirus interruptus","PISCO","reference",0,"Den","After",17
"South Point SMR",2020,"Semicossyphus pulcher","PISCO","reference",0.0163194444444444,"Den","After",17
"South Point SMR",2020,"Strongylocentrotus purpuratus","PISCO","reference",14.09375,"Den","After",17
"South Point SMR",2021,"Macrocystis pyrifera","PISCO","reference",0.134722222222222,"Den","After",18
"South Point SMR",2021,"Mesocentrotus franciscanus","PISCO","reference",2.58819444444444,"Den","After",18
"South Point SMR",2021,"Panulirus interruptus","PISCO","reference",0,"Den","After",18
"South Point SMR",2021,"Semicossyphus pulcher","PISCO","reference",0.0204861111111111,"Den","After",18
"South Point SMR",2021,"Strongylocentrotus purpuratus","PISCO","reference",8.18402777777778,"Den","After",18
"South Point SMR",2022,"Semicossyphus pulcher","PISCO","reference",0.0291666666666667,"Den","After",19
"South Point SMR",2023,"Macrocystis pyrifera","PISCO","reference",0.0333333333333333,"Den","After",20
"South Point SMR",2023,"Mesocentrotus franciscanus","PISCO","reference",2.19583333333333,"Den","After",20
"South Point SMR",2023,"Panulirus interruptus","PISCO","reference",0,"Den","After",20
"South Point SMR",2023,"Semicossyphus pulcher","PISCO","reference",0.0185185185185185,"Den","After",20
"South Point SMR",2023,"Strongylocentrotus purpuratus","PISCO","reference",12.5208333333333,"Den","After",20
"Abalone Cove SMCA",2010,"Semicossyphus pulcher","PISCO","mpa",3.34231603957869,"Bio","Before",0
"Abalone Cove SMCA",2011,"Macrocystis pyrifera","PISCO","mpa",236.333333333333,"Bio","Before",0
"Abalone Cove SMCA",2011,"Mesocentrotus franciscanus","PISCO","mpa",335.158178081085,"Bio","Before",0
"Abalone Cove SMCA",2011,"Semicossyphus pulcher","PISCO","mpa",6.23438787767487,"Bio","Before",0
"Abalone Cove SMCA",2011,"Strongylocentrotus purpuratus","PISCO","mpa",161.030494756217,"Bio","Before",0
"Abalone Cove SMCA",2012,"Macrocystis pyrifera","PISCO","mpa",106.666666666667,"Bio","Before",0
"Abalone Cove SMCA",2012,"Mesocentrotus franciscanus","PISCO","mpa",134.684329172074,"Bio","Before",0
"Abalone Cove SMCA",2012,"Panulirus interruptus","PISCO","mpa",0,"Bio","Before",0
"Abalone Cove SMCA",2012,"Semicossyphus pulcher","PISCO","mpa",1.80891182935591,"Bio","Before",0
"Abalone Cove SMCA",2012,"Strongylocentrotus purpuratus","PISCO","mpa",130.976971705684,"Bio","Before",0
"Abalone Cove SMCA",2013,"Macrocystis pyrifera","PISCO","mpa",24.3333333333333,"Bio","After",1
"Abalone Cove SMCA",2013,"Mesocentrotus franciscanus","PISCO","mpa",360.306205285499,"Bio","After",1
"Abalone Cove SMCA",2013,"Panulirus interruptus","PISCO","mpa",0,"Bio","After",1
"Abalone Cove SMCA",2013,"Semicossyphus pulcher","PISCO","mpa",0.280812831209079,"Bio","After",1
"Abalone Cove SMCA",2013,"Strongylocentrotus purpuratus","PISCO","mpa",122.781284575667,"Bio","After",1
"Abalone Cove SMCA",2014,"Macrocystis pyrifera","PISCO","mpa",0,"Bio","After",2
"Abalone Cove SMCA",2014,"Mesocentrotus franciscanus","PISCO","mpa",94.4351735387169,"Bio","After",2
"Abalone Cove SMCA",2014,"Panulirus interruptus","PISCO","mpa",0,"Bio","After",2
"Abalone Cove SMCA",2014,"Semicossyphus pulcher","PISCO","mpa",2.35704270461466,"Bio","After",2
"Abalone Cove SMCA",2014,"Strongylocentrotus purpuratus","PISCO","mpa",289.12223417474,"Bio","After",2
"Abalone Cove SMCA",2015,"Macrocystis pyrifera","PISCO","mpa",252.666666666667,"Bio","After",3
"Abalone Cove SMCA",2015,"Mesocentrotus franciscanus","PISCO","mpa",119.10841266086,"Bio","After",3
"Abalone Cove SMCA",2015,"Panulirus interruptus","PISCO","mpa",0,"Bio","After",3
"Abalone Cove SMCA",2015,"Semicossyphus pulcher","PISCO","mpa",8.83760492358904,"Bio","After",3
"Abalone Cove SMCA",2015,"Strongylocentrotus purpuratus","PISCO","mpa",1.65960051134519,"Bio","After",3
"Abalone Cove SMCA",2016,"Macrocystis pyrifera","PISCO","mpa",415.777777777778,"Bio","After",4
"Abalone Cove SMCA",2016,"Mesocentrotus franciscanus","PISCO","mpa",14.9628962146127,"Bio","After",4
"Abalone Cove SMCA",2016,"Panulirus interruptus","PISCO","mpa",0.156735525187098,"Bio","After",4
"Abalone Cove SMCA",2016,"Semicossyphus pulcher","PISCO","mpa",0.822854538185638,"Bio","After",4
"Abalone Cove SMCA",2016,"Strongylocentrotus purpuratus","PISCO","mpa",2.079536300877,"Bio","After",4
"Abalone Cove SMCA",2017,"Macrocystis pyrifera","PISCO","mpa",224.666666666667,"Bio","After",5
"Abalone Cove SMCA",2017,"Mesocentrotus franciscanus","PISCO","mpa",4.17290900703991,"Bio","After",5
"Abalone Cove SMCA",2017,"Panulirus interruptus","PISCO","mpa",0.259976460638117,"Bio","After",5
"Abalone Cove SMCA",2017,"Semicossyphus pulcher","PISCO","mpa",4.2421826155902,"Bio","After",5
"Abalone Cove SMCA",2017,"Strongylocentrotus purpuratus","PISCO","mpa",1.30362798750781,"Bio","After",5
"Abalone Cove SMCA",2018,"Macrocystis pyrifera","PISCO","mpa",289.111111111111,"Bio","After",6
"Abalone Cove SMCA",2018,"Mesocentrotus franciscanus","PISCO","mpa",19.026798859106,"Bio","After",6
"Abalone Cove SMCA",2018,"Panulirus interruptus","PISCO","mpa",4.83882101123571,"Bio","After",6
"Abalone Cove SMCA",2018,"Semicossyphus pulcher","PISCO","mpa",7.65962109970803,"Bio","After",6
"Abalone Cove SMCA",2018,"Strongylocentrotus purpuratus","PISCO","mpa",7.19770242161442,"Bio","After",6
"Abalone Cove SMCA",2019,"Macrocystis pyrifera","PISCO","mpa",209.777777777778,"Bio","After",7
"Abalone Cove SMCA",2019,"Mesocentrotus franciscanus","PISCO","mpa",12.4591716460874,"Bio","After",7
"Abalone Cove SMCA",2019,"Panulirus interruptus","PISCO","mpa",6.98502332674353,"Bio","After",7
"Abalone Cove SMCA",2019,"Semicossyphus pulcher","PISCO","mpa",13.4346467868753,"Bio","After",7
"Abalone Cove SMCA",2019,"Strongylocentrotus purpuratus","PISCO","mpa",1.3063629785484,"Bio","After",7
"Abalone Cove SMCA",2020,"Macrocystis pyrifera","PISCO","mpa",193.555555555556,"Bio","After",8
"Abalone Cove SMCA",2020,"Mesocentrotus franciscanus","PISCO","mpa",4.47402665608013,"Bio","After",8
"Abalone Cove SMCA",2020,"Panulirus interruptus","PISCO","mpa",4.05773940691729,"Bio","After",8
"Abalone Cove SMCA",2020,"Semicossyphus pulcher","PISCO","mpa",16.7931715995109,"Bio","After",8
"Abalone Cove SMCA",2020,"Strongylocentrotus purpuratus","PISCO","mpa",0.108250567740804,"Bio","After",8
"Abalone Cove SMCA",2021,"Macrocystis pyrifera","PISCO","mpa",100.888888888889,"Bio","After",9
"Abalone Cove SMCA",2021,"Mesocentrotus franciscanus","PISCO","mpa",35.6940437558268,"Bio","After",9
"Abalone Cove SMCA",2021,"Panulirus interruptus","PISCO","mpa",6.77482795715243,"Bio","After",9
"Abalone Cove SMCA",2021,"Semicossyphus pulcher","PISCO","mpa",8.09639632318596,"Bio","After",9
"Abalone Cove SMCA",2021,"Strongylocentrotus purpuratus","PISCO","mpa",1.768306725486,"Bio","After",9
"Abalone Cove SMCA",2022,"Macrocystis pyrifera","PISCO","mpa",126.888888888889,"Bio","After",10
"Abalone Cove SMCA",2022,"Mesocentrotus franciscanus","PISCO","mpa",12.4863178091065,"Bio","After",10
"Abalone Cove SMCA",2022,"Panulirus interruptus","PISCO","mpa",1.14139242007363,"Bio","After",10
"Abalone Cove SMCA",2022,"Semicossyphus pulcher","PISCO","mpa",10.0845371496415,"Bio","After",10
"Abalone Cove SMCA",2022,"Strongylocentrotus purpuratus","PISCO","mpa",5.86861591919539,"Bio","After",10
"Abalone Cove SMCA",2023,"Macrocystis pyrifera","PISCO","mpa",108,"Bio","After",11
"Abalone Cove SMCA",2023,"Mesocentrotus franciscanus","PISCO","mpa",22.0177524745994,"Bio","After",11
"Abalone Cove SMCA",2023,"Panulirus interruptus","PISCO","mpa",0.226070423521575,"Bio","After",11
"Abalone Cove SMCA",2023,"Semicossyphus pulcher","PISCO","mpa",9.32779967659183,"Bio","After",11
"Abalone Cove SMCA",2023,"Strongylocentrotus purpuratus","PISCO","mpa",0.538570725122998,"Bio","After",11
"Anacapa Island SMR 2003",2004,"Semicossyphus pulcher","PISCO","mpa",1.06044110506042,"Bio","After",1
"Anacapa Island SMR 2003",2005,"Semicossyphus pulcher","PISCO","mpa",3.26163576849139,"Bio","After",2
"Anacapa Island SMR 2003",2006,"Semicossyphus pulcher","PISCO","mpa",1.47292663074182,"Bio","After",3
"Anacapa Island SMR 2003",2007,"Macrocystis pyrifera","PISCO","mpa",214.222222222222,"Bio","After",4
"Anacapa Island SMR 2003",2007,"Semicossyphus pulcher","PISCO","mpa",6.43658052968926,"Bio","After",4
"Anacapa Island SMR 2003",2008,"Macrocystis pyrifera","PISCO","mpa",234.111111111111,"Bio","After",5
"Anacapa Island SMR 2003",2008,"Semicossyphus pulcher","PISCO","mpa",2.79883129951005,"Bio","After",5
"Anacapa Island SMR 2003",2009,"Macrocystis pyrifera","PISCO","mpa",137,"Bio","After",6
"Anacapa Island SMR 2003",2009,"Semicossyphus pulcher","PISCO","mpa",16.0187928140089,"Bio","After",6
"Anacapa Island SMR 2003",2010,"Macrocystis pyrifera","PISCO","mpa",271.333333333333,"Bio","After",7
"Anacapa Island SMR 2003",2010,"Semicossyphus pulcher","PISCO","mpa",22.2075173726042,"Bio","After",7
"Anacapa Island SMR 2003",2011,"Macrocystis pyrifera","PISCO","mpa",109,"Bio","After",8
"Anacapa Island SMR 2003",2011,"Semicossyphus pulcher","PISCO","mpa",13.6910673822142,"Bio","After",8
"Anacapa Island SMR 2003",2012,"Macrocystis pyrifera","PISCO","mpa",232.555555555556,"Bio","After",9
"Anacapa Island SMR 2003",2012,"Semicossyphus pulcher","PISCO","mpa",11.2120927199478,"Bio","After",9
"Anacapa Island SMR 2003",2014,"Macrocystis pyrifera","PISCO","mpa",382.777777777778,"Bio","After",11
"Anacapa Island SMR 2003",2014,"Semicossyphus pulcher","PISCO","mpa",5.68892944298176,"Bio","After",11
"Anacapa Island SMR 2003",2015,"Macrocystis pyrifera","PISCO","mpa",200.444444444444,"Bio","After",12
"Anacapa Island SMR 2003",2015,"Semicossyphus pulcher","PISCO","mpa",3.55802490196604,"Bio","After",12
"Anacapa Island SMR 2003",2016,"Macrocystis pyrifera","PISCO","mpa",8.44444444444444,"Bio","After",13
"Anacapa Island SMR 2003",2016,"Semicossyphus pulcher","PISCO","mpa",9.23056475954193,"Bio","After",13
"Anacapa Island SMR 2003",2017,"Macrocystis pyrifera","PISCO","mpa",370.333333333333,"Bio","After",14
"Anacapa Island SMR 2003",2017,"Semicossyphus pulcher","PISCO","mpa",5.22757839860773,"Bio","After",14
"Anacapa Island SMR 2003",2018,"Macrocystis pyrifera","PISCO","mpa",542.222222222222,"Bio","After",15
"Anacapa Island SMR 2003",2018,"Semicossyphus pulcher","PISCO","mpa",12.9373580395407,"Bio","After",15
"Anacapa Island SMR 2003",2019,"Macrocystis pyrifera","PISCO","mpa",399.666666666667,"Bio","After",16
"Anacapa Island SMR 2003",2019,"Semicossyphus pulcher","PISCO","mpa",12.121353470311,"Bio","After",16
"Anacapa Island SMR 2003",2020,"Macrocystis pyrifera","PISCO","mpa",364.444444444444,"Bio","After",17
"Anacapa Island SMR 2003",2020,"Semicossyphus pulcher","PISCO","mpa",10.059182658829,"Bio","After",17
"Anacapa Island SMR 2003",2021,"Macrocystis pyrifera","PISCO","mpa",465.444444444444,"Bio","After",18
"Anacapa Island SMR 2003",2021,"Semicossyphus pulcher","PISCO","mpa",11.6271053928885,"Bio","After",18
"Anacapa Island SMR 2003",2022,"Macrocystis pyrifera","PISCO","mpa",430.666666666667,"Bio","After",19
"Anacapa Island SMR 2003",2022,"Semicossyphus pulcher","PISCO","mpa",13.5201737379003,"Bio","After",19
"Anacapa Island SMR 2003",2023,"Macrocystis pyrifera","PISCO","mpa",575.555555555556,"Bio","After",20
"Anacapa Island SMR 2003",2023,"Semicossyphus pulcher","PISCO","mpa",14.5293048214357,"Bio","After",20
"Campus Point SMCA",2009,"Semicossyphus pulcher","PISCO","mpa",1.81944043112961,"Bio","Before",0
"Campus Point SMCA",2010,"Macrocystis pyrifera","PISCO","mpa",109.555555555556,"Bio","Before",0
"Campus Point SMCA",2010,"Semicossyphus pulcher","PISCO","mpa",0.470313616386151,"Bio","Before",0
"Campus Point SMCA",2011,"Macrocystis pyrifera","PISCO","mpa",101.666666666667,"Bio","Before",0
"Campus Point SMCA",2011,"Mesocentrotus franciscanus","PISCO","mpa",225.212636759407,"Bio","Before",0
"Campus Point SMCA",2011,"Semicossyphus pulcher","PISCO","mpa",2.62349280478087,"Bio","Before",0
"Campus Point SMCA",2011,"Strongylocentrotus purpuratus","PISCO","mpa",222.471588350925,"Bio","Before",0
"Campus Point SMCA",2012,"Macrocystis pyrifera","PISCO","mpa",355,"Bio","Before",0
"Campus Point SMCA",2012,"Mesocentrotus franciscanus","PISCO","mpa",309.770512072194,"Bio","Before",0
"Campus Point SMCA",2012,"Semicossyphus pulcher","PISCO","mpa",4.6888177788368,"Bio","Before",0
"Campus Point SMCA",2012,"Strongylocentrotus purpuratus","PISCO","mpa",81.6806300713822,"Bio","Before",0
"Campus Point SMCA",2013,"Macrocystis pyrifera","PISCO","mpa",244.444444444444,"Bio","After",1
"Campus Point SMCA",2013,"Mesocentrotus franciscanus","PISCO","mpa",932.396285134945,"Bio","After",1
"Campus Point SMCA",2013,"Semicossyphus pulcher","PISCO","mpa",1.43367221433908,"Bio","After",1
"Campus Point SMCA",2013,"Strongylocentrotus purpuratus","PISCO","mpa",394.757361494512,"Bio","After",1
"Campus Point SMCA",2014,"Macrocystis pyrifera","PISCO","mpa",26.6666666666667,"Bio","After",2
"Campus Point SMCA",2014,"Mesocentrotus franciscanus","PISCO","mpa",130.776131818544,"Bio","After",2
"Campus Point SMCA",2014,"Semicossyphus pulcher","PISCO","mpa",0.399041512127525,"Bio","After",2
"Campus Point SMCA",2014,"Strongylocentrotus purpuratus","PISCO","mpa",136.903712256075,"Bio","After",2
"Campus Point SMCA",2015,"Macrocystis pyrifera","PISCO","mpa",578,"Bio","After",3
"Campus Point SMCA",2015,"Mesocentrotus franciscanus","PISCO","mpa",179.54247983853,"Bio","After",3
"Campus Point SMCA",2015,"Semicossyphus pulcher","PISCO","mpa",4.62907481412753,"Bio","After",3
"Campus Point SMCA",2015,"Strongylocentrotus purpuratus","PISCO","mpa",32.4103743187921,"Bio","After",3
"Campus Point SMCA",2016,"Macrocystis pyrifera","PISCO","mpa",366.222222222222,"Bio","After",4
"Campus Point SMCA",2016,"Mesocentrotus franciscanus","PISCO","mpa",2.10895353253626,"Bio","After",4
"Campus Point SMCA",2016,"Semicossyphus pulcher","PISCO","mpa",3.21592027627087,"Bio","After",4
"Campus Point SMCA",2016,"Strongylocentrotus purpuratus","PISCO","mpa",47.6160957210361,"Bio","After",4
"Campus Point SMCA",2017,"Macrocystis pyrifera","PISCO","mpa",464.333333333333,"Bio","After",5
"Campus Point SMCA",2017,"Mesocentrotus franciscanus","PISCO","mpa",8.33216079279133,"Bio","After",5
"Campus Point SMCA",2017,"Semicossyphus pulcher","PISCO","mpa",1.89566702063512,"Bio","After",5
"Campus Point SMCA",2017,"Strongylocentrotus purpuratus","PISCO","mpa",25.8721219314231,"Bio","After",5
"Campus Point SMCA",2018,"Macrocystis pyrifera","PISCO","mpa",465.111111111111,"Bio","After",6
"Campus Point SMCA",2018,"Mesocentrotus franciscanus","PISCO","mpa",11.5678864053386,"Bio","After",6
"Campus Point SMCA",2018,"Semicossyphus pulcher","PISCO","mpa",6.4169999645308,"Bio","After",6
"Campus Point SMCA",2018,"Strongylocentrotus purpuratus","PISCO","mpa",27.4273364893799,"Bio","After",6
"Campus Point SMCA",2019,"Macrocystis pyrifera","PISCO","mpa",194.333333333333,"Bio","After",7
"Campus Point SMCA",2019,"Mesocentrotus franciscanus","PISCO","mpa",36.1469528604137,"Bio","After",7
"Campus Point SMCA",2019,"Semicossyphus pulcher","PISCO","mpa",1.45157868148839,"Bio","After",7
"Campus Point SMCA",2019,"Strongylocentrotus purpuratus","PISCO","mpa",47.2955560392429,"Bio","After",7
"Campus Point SMCA",2020,"Macrocystis pyrifera","PISCO","mpa",548.111111111111,"Bio","After",8
"Campus Point SMCA",2020,"Semicossyphus pulcher","PISCO","mpa",7.372514076472,"Bio","After",8
"Campus Point SMCA",2020,"Strongylocentrotus purpuratus","PISCO","mpa",32.5299070320784,"Bio","After",8
"Campus Point SMCA",2021,"Macrocystis pyrifera","PISCO","mpa",291.444444444444,"Bio","After",9
"Campus Point SMCA",2021,"Mesocentrotus franciscanus","PISCO","mpa",89.2897447870021,"Bio","After",9
"Campus Point SMCA",2021,"Semicossyphus pulcher","PISCO","mpa",7.82523932294881,"Bio","After",9
"Campus Point SMCA",2021,"Strongylocentrotus purpuratus","PISCO","mpa",22.89057127113,"Bio","After",9
"Campus Point SMCA",2022,"Macrocystis pyrifera","PISCO","mpa",325.555555555556,"Bio","After",10
"Campus Point SMCA",2022,"Mesocentrotus franciscanus","PISCO","mpa",41.9567187795957,"Bio","After",10
"Campus Point SMCA",2022,"Semicossyphus pulcher","PISCO","mpa",3.01661511353797,"Bio","After",10
"Campus Point SMCA",2022,"Strongylocentrotus purpuratus","PISCO","mpa",16.0154963239065,"Bio","After",10
"Campus Point SMCA",2023,"Macrocystis pyrifera","PISCO","mpa",286.111111111111,"Bio","After",11
"Campus Point SMCA",2023,"Mesocentrotus franciscanus","PISCO","mpa",5.08727184975293,"Bio","After",11
"Campus Point SMCA",2023,"Semicossyphus pulcher","PISCO","mpa",4.85759994420168,"Bio","After",11
"Campus Point SMCA",2023,"Strongylocentrotus purpuratus","PISCO","mpa",19.1674821277379,"Bio","After",11
"Gull Island SMR",2003,"Semicossyphus pulcher","PISCO","mpa",19.5284350370503,"Bio","Before",0
"Gull Island SMR",2004,"Macrocystis pyrifera","PISCO","mpa",393.666666666667,"Bio","After",1
"Gull Island SMR",2004,"Mesocentrotus franciscanus","PISCO","mpa",364.970247957005,"Bio","After",1
"Gull Island SMR",2004,"Semicossyphus pulcher","PISCO","mpa",21.1988032642502,"Bio","After",1
"Gull Island SMR",2004,"Strongylocentrotus purpuratus","PISCO","mpa",46.4638980725794,"Bio","After",1
"Gull Island SMR",2005,"Macrocystis pyrifera","PISCO","mpa",407.111111111111,"Bio","After",2
"Gull Island SMR",2005,"Mesocentrotus franciscanus","PISCO","mpa",531.611020960249,"Bio","After",2
"Gull Island SMR",2005,"Semicossyphus pulcher","PISCO","mpa",18.4026918080625,"Bio","After",2
"Gull Island SMR",2005,"Strongylocentrotus purpuratus","PISCO","mpa",90.9169982092707,"Bio","After",2
"Gull Island SMR",2006,"Macrocystis pyrifera","PISCO","mpa",228,"Bio","After",3
"Gull Island SMR",2006,"Mesocentrotus franciscanus","PISCO","mpa",551.398983063375,"Bio","After",3
"Gull Island SMR",2006,"Semicossyphus pulcher","PISCO","mpa",42.5316427528754,"Bio","After",3
"Gull Island SMR",2006,"Strongylocentrotus purpuratus","PISCO","mpa",69.0960626538438,"Bio","After",3
"Gull Island SMR",2007,"Macrocystis pyrifera","PISCO","mpa",281.333333333333,"Bio","After",4
"Gull Island SMR",2007,"Mesocentrotus franciscanus","PISCO","mpa",767.103106894983,"Bio","After",4
"Gull Island SMR",2007,"Semicossyphus pulcher","PISCO","mpa",41.938205075157,"Bio","After",4
"Gull Island SMR",2007,"Strongylocentrotus purpuratus","PISCO","mpa",125.905441377398,"Bio","After",4
"Gull Island SMR",2008,"Macrocystis pyrifera","PISCO","mpa",291.666666666667,"Bio","After",5
"Gull Island SMR",2008,"Mesocentrotus franciscanus","PISCO","mpa",957.840189268846,"Bio","After",5
"Gull Island SMR",2008,"Semicossyphus pulcher","PISCO","mpa",20.6148674498767,"Bio","After",5
"Gull Island SMR",2008,"Strongylocentrotus purpuratus","PISCO","mpa",248.765459326704,"Bio","After",5
"Gull Island SMR",2009,"Macrocystis pyrifera","PISCO","mpa",245.888888888889,"Bio","After",6
"Gull Island SMR",2009,"Mesocentrotus franciscanus","PISCO","mpa",831.920058476193,"Bio","After",6
"Gull Island SMR",2009,"Semicossyphus pulcher","PISCO","mpa",45.7466353484807,"Bio","After",6
"Gull Island SMR",2009,"Strongylocentrotus purpuratus","PISCO","mpa",262.189757869275,"Bio","After",6
"Gull Island SMR",2010,"Macrocystis pyrifera","PISCO","mpa",212.555555555556,"Bio","After",7
"Gull Island SMR",2010,"Mesocentrotus franciscanus","PISCO","mpa",679.147988281372,"Bio","After",7
"Gull Island SMR",2010,"Semicossyphus pulcher","PISCO","mpa",73.2266061504216,"Bio","After",7
"Gull Island SMR",2010,"Strongylocentrotus purpuratus","PISCO","mpa",164.152066534474,"Bio","After",7
"Gull Island SMR",2011,"Macrocystis pyrifera","PISCO","mpa",33.1666666666667,"Bio","After",8
"Gull Island SMR",2011,"Mesocentrotus franciscanus","PISCO","mpa",562.996011170374,"Bio","After",8
"Gull Island SMR",2011,"Semicossyphus pulcher","PISCO","mpa",70.2079746607608,"Bio","After",8
"Gull Island SMR",2011,"Strongylocentrotus purpuratus","PISCO","mpa",158.525130783926,"Bio","After",8
"Gull Island SMR",2012,"Macrocystis pyrifera","PISCO","mpa",60.2222222222222,"Bio","After",9
"Gull Island SMR",2012,"Mesocentrotus franciscanus","PISCO","mpa",932.516846969416,"Bio","After",9
"Gull Island SMR",2012,"Semicossyphus pulcher","PISCO","mpa",27.2653418868231,"Bio","After",9
"Gull Island SMR",2012,"Strongylocentrotus purpuratus","PISCO","mpa",121.395343864937,"Bio","After",9
"Gull Island SMR",2014,"Macrocystis pyrifera","PISCO","mpa",75.3888888888889,"Bio","After",11
"Gull Island SMR",2014,"Mesocentrotus franciscanus","PISCO","mpa",1029.87136752415,"Bio","After",11
"Gull Island SMR",2014,"Semicossyphus pulcher","PISCO","mpa",46.5182692626473,"Bio","After",11
"Gull Island SMR",2014,"Strongylocentrotus purpuratus","PISCO","mpa",194.927789558399,"Bio","After",11
"Gull Island SMR",2015,"Macrocystis pyrifera","PISCO","mpa",239.333333333333,"Bio","After",12
"Gull Island SMR",2015,"Mesocentrotus franciscanus","PISCO","mpa",276.121691159795,"Bio","After",12
"Gull Island SMR",2015,"Semicossyphus pulcher","PISCO","mpa",69.5817433477576,"Bio","After",12
"Gull Island SMR",2015,"Strongylocentrotus purpuratus","PISCO","mpa",32.6679841690941,"Bio","After",12
"Gull Island SMR",2016,"Semicossyphus pulcher","PISCO","mpa",102.233397698857,"Bio","After",13
"Gull Island SMR",2017,"Macrocystis pyrifera","PISCO","mpa",439.666666666667,"Bio","After",14
"Gull Island SMR",2017,"Mesocentrotus franciscanus","PISCO","mpa",29.7704787539467,"Bio","After",14
"Gull Island SMR",2017,"Semicossyphus pulcher","PISCO","mpa",107.999210190903,"Bio","After",14
"Gull Island SMR",2017,"Strongylocentrotus purpuratus","PISCO","mpa",27.3565235373219,"Bio","After",14
"Gull Island SMR",2018,"Macrocystis pyrifera","PISCO","mpa",317.777777777778,"Bio","After",15
"Gull Island SMR",2018,"Mesocentrotus franciscanus","PISCO","mpa",93.6853970786679,"Bio","After",15
"Gull Island SMR",2018,"Semicossyphus pulcher","PISCO","mpa",106.801430864138,"Bio","After",15
"Gull Island SMR",2018,"Strongylocentrotus purpuratus","PISCO","mpa",28.8343296799838,"Bio","After",15
"Gull Island SMR",2019,"Macrocystis pyrifera","PISCO","mpa",190.777777777778,"Bio","After",16
"Gull Island SMR",2019,"Mesocentrotus franciscanus","PISCO","mpa",94.9767057557452,"Bio","After",16
"Gull Island SMR",2019,"Semicossyphus pulcher","PISCO","mpa",66.8274054056368,"Bio","After",16
"Gull Island SMR",2019,"Strongylocentrotus purpuratus","PISCO","mpa",32.802149141885,"Bio","After",16
"Gull Island SMR",2020,"Semicossyphus pulcher","PISCO","mpa",89.3923206108001,"Bio","After",17
"Gull Island SMR",2021,"Macrocystis pyrifera","PISCO","mpa",100,"Bio","After",18
"Gull Island SMR",2021,"Mesocentrotus franciscanus","PISCO","mpa",194.428594581059,"Bio","After",18
"Gull Island SMR",2021,"Semicossyphus pulcher","PISCO","mpa",54.8685685837451,"Bio","After",18
"Gull Island SMR",2021,"Strongylocentrotus purpuratus","PISCO","mpa",24.415192308483,"Bio","After",18
"Gull Island SMR",2022,"Semicossyphus pulcher","PISCO","mpa",80.3281993412818,"Bio","After",19
"Gull Island SMR",2023,"Macrocystis pyrifera","PISCO","mpa",374.888888888889,"Bio","After",20
"Gull Island SMR",2023,"Semicossyphus pulcher","PISCO","mpa",100.377155538222,"Bio","After",20
"Harris Point SMR",2004,"Macrocystis pyrifera","PISCO","mpa",468.166666666667,"Bio","After",1
"Harris Point SMR",2004,"Mesocentrotus franciscanus","PISCO","mpa",385.542077659148,"Bio","After",1
"Harris Point SMR",2004,"Semicossyphus pulcher","PISCO","mpa",5.66258349202895,"Bio","After",1
"Harris Point SMR",2004,"Strongylocentrotus purpuratus","PISCO","mpa",4.78535194722457,"Bio","After",1
"Harris Point SMR",2005,"Macrocystis pyrifera","PISCO","mpa",384.111111111111,"Bio","After",2
"Harris Point SMR",2005,"Mesocentrotus franciscanus","PISCO","mpa",469.606021641253,"Bio","After",2
"Harris Point SMR",2005,"Semicossyphus pulcher","PISCO","mpa",3.11987939425129,"Bio","After",2
"Harris Point SMR",2005,"Strongylocentrotus purpuratus","PISCO","mpa",4.12787530149983,"Bio","After",2
"Harris Point SMR",2006,"Macrocystis pyrifera","PISCO","mpa",429.333333333333,"Bio","After",3
"Harris Point SMR",2006,"Mesocentrotus franciscanus","PISCO","mpa",630.881739133204,"Bio","After",3
"Harris Point SMR",2006,"Semicossyphus pulcher","PISCO","mpa",6.31835070661577,"Bio","After",3
"Harris Point SMR",2006,"Strongylocentrotus purpuratus","PISCO","mpa",4.16612169485122,"Bio","After",3
"Harris Point SMR",2007,"Macrocystis pyrifera","PISCO","mpa",371.111111111111,"Bio","After",4
"Harris Point SMR",2007,"Mesocentrotus franciscanus","PISCO","mpa",582.069526817091,"Bio","After",4
"Harris Point SMR",2007,"Semicossyphus pulcher","PISCO","mpa",4.33676209798267,"Bio","After",4
"Harris Point SMR",2007,"Strongylocentrotus purpuratus","PISCO","mpa",4.52479098200861,"Bio","After",4
"Harris Point SMR",2008,"Macrocystis pyrifera","PISCO","mpa",254.777777777778,"Bio","After",5
"Harris Point SMR",2008,"Mesocentrotus franciscanus","PISCO","mpa",1811.27640591935,"Bio","After",5
"Harris Point SMR",2008,"Semicossyphus pulcher","PISCO","mpa",4.31604305758661,"Bio","After",5
"Harris Point SMR",2008,"Strongylocentrotus purpuratus","PISCO","mpa",10.3339052998518,"Bio","After",5
"Harris Point SMR",2009,"Macrocystis pyrifera","PISCO","mpa",117.666666666667,"Bio","After",6
"Harris Point SMR",2009,"Mesocentrotus franciscanus","PISCO","mpa",1804.21292162337,"Bio","After",6
"Harris Point SMR",2009,"Semicossyphus pulcher","PISCO","mpa",18.6479652119841,"Bio","After",6
"Harris Point SMR",2009,"Strongylocentrotus purpuratus","PISCO","mpa",27.207422322806,"Bio","After",6
"Harris Point SMR",2010,"Macrocystis pyrifera","PISCO","mpa",7.88888888888889,"Bio","After",7
"Harris Point SMR",2010,"Mesocentrotus franciscanus","PISCO","mpa",1929.87478470044,"Bio","After",7
"Harris Point SMR",2010,"Semicossyphus pulcher","PISCO","mpa",16.9406983099857,"Bio","After",7
"Harris Point SMR",2010,"Strongylocentrotus purpuratus","PISCO","mpa",4.07300307546818,"Bio","After",7
"Harris Point SMR",2011,"Macrocystis pyrifera","PISCO","mpa",1.66666666666667,"Bio","After",8
"Harris Point SMR",2011,"Mesocentrotus franciscanus","PISCO","mpa",1294.70263239119,"Bio","After",8
"Harris Point SMR",2011,"Semicossyphus pulcher","PISCO","mpa",9.90226876910549,"Bio","After",8
"Harris Point SMR",2011,"Strongylocentrotus purpuratus","PISCO","mpa",0.364963022061782,"Bio","After",8
"Harris Point SMR",2012,"Macrocystis pyrifera","PISCO","mpa",59.4444444444444,"Bio","After",9
"Harris Point SMR",2012,"Mesocentrotus franciscanus","PISCO","mpa",1281.17778970231,"Bio","After",9
"Harris Point SMR",2012,"Semicossyphus pulcher","PISCO","mpa",13.4339490486576,"Bio","After",9
"Harris Point SMR",2012,"Strongylocentrotus purpuratus","PISCO","mpa",0.532287108482241,"Bio","After",9
"Harris Point SMR",2014,"Macrocystis pyrifera","PISCO","mpa",196.333333333333,"Bio","After",11
"Harris Point SMR",2014,"Mesocentrotus franciscanus","PISCO","mpa",1153.12034311588,"Bio","After",11
"Harris Point SMR",2014,"Semicossyphus pulcher","PISCO","mpa",8.22000504276524,"Bio","After",11
"Harris Point SMR",2014,"Strongylocentrotus purpuratus","PISCO","mpa",27.0601462142463,"Bio","After",11
"Harris Point SMR",2016,"Macrocystis pyrifera","PISCO","mpa",13.4444444444444,"Bio","After",13
"Harris Point SMR",2016,"Mesocentrotus franciscanus","PISCO","mpa",448.569880901349,"Bio","After",13
"Harris Point SMR",2016,"Semicossyphus pulcher","PISCO","mpa",3.81544133540467,"Bio","After",13
"Harris Point SMR",2016,"Strongylocentrotus purpuratus","PISCO","mpa",144.195115723377,"Bio","After",13
"Harris Point SMR",2018,"Macrocystis pyrifera","PISCO","mpa",0,"Bio","After",15
"Harris Point SMR",2018,"Mesocentrotus franciscanus","PISCO","mpa",303.154977598305,"Bio","After",15
"Harris Point SMR",2018,"Semicossyphus pulcher","PISCO","mpa",5.40666770633202,"Bio","After",15
"Harris Point SMR",2018,"Strongylocentrotus purpuratus","PISCO","mpa",166.143597219189,"Bio","After",15
"Harris Point SMR",2019,"Macrocystis pyrifera","PISCO","mpa",0,"Bio","After",16
"Harris Point SMR",2019,"Mesocentrotus franciscanus","PISCO","mpa",316.620493912203,"Bio","After",16
"Harris Point SMR",2019,"Semicossyphus pulcher","PISCO","mpa",11.6526908130373,"Bio","After",16
"Harris Point SMR",2019,"Strongylocentrotus purpuratus","PISCO","mpa",312.004424783499,"Bio","After",16
"Harris Point SMR",2020,"Macrocystis pyrifera","PISCO","mpa",0,"Bio","After",17
"Harris Point SMR",2020,"Semicossyphus pulcher","PISCO","mpa",12.3521079730302,"Bio","After",17
"Harris Point SMR",2021,"Macrocystis pyrifera","PISCO","mpa",0.777777777777778,"Bio","After",18
"Harris Point SMR",2021,"Mesocentrotus franciscanus","PISCO","mpa",236.891899743959,"Bio","After",18
"Harris Point SMR",2021,"Semicossyphus pulcher","PISCO","mpa",15.0031721319886,"Bio","After",18
"Harris Point SMR",2021,"Strongylocentrotus purpuratus","PISCO","mpa",255.398901401077,"Bio","After",18
"Harris Point SMR",2022,"Macrocystis pyrifera","PISCO","mpa",0,"Bio","After",19
"Harris Point SMR",2022,"Mesocentrotus franciscanus","PISCO","mpa",119.683713483665,"Bio","After",19
"Harris Point SMR",2022,"Semicossyphus pulcher","PISCO","mpa",33.1679789956028,"Bio","After",19
"Harris Point SMR",2022,"Strongylocentrotus purpuratus","PISCO","mpa",205.928196235517,"Bio","After",19
"Harris Point SMR",2023,"Macrocystis pyrifera","PISCO","mpa",0,"Bio","After",20
"Harris Point SMR",2023,"Semicossyphus pulcher","PISCO","mpa",40.4969810456361,"Bio","After",20
"Matlahuayl SMR",2011,"Macrocystis pyrifera","PISCO","mpa",47,"Bio","Before",0
"Matlahuayl SMR",2011,"Panulirus interruptus","PISCO","mpa",24.196292070537,"Bio","Before",0
"Matlahuayl SMR",2011,"Semicossyphus pulcher","PISCO","mpa",7.6113221419109,"Bio","Before",0
"Matlahuayl SMR",2011,"Strongylocentrotus purpuratus","PISCO","mpa",0,"Bio","Before",0
"Matlahuayl SMR",2012,"Macrocystis pyrifera","PISCO","mpa",29.3333333333333,"Bio","Before",0
"Matlahuayl SMR",2012,"Mesocentrotus franciscanus","PISCO","mpa",158.703070023236,"Bio","Before",0
"Matlahuayl SMR",2012,"Panulirus interruptus","PISCO","mpa",95.1171248022099,"Bio","Before",0
"Matlahuayl SMR",2012,"Semicossyphus pulcher","PISCO","mpa",11.1459942365568,"Bio","Before",0
"Matlahuayl SMR",2019,"Macrocystis pyrifera","PISCO","mpa",40,"Bio","After",7
"Matlahuayl SMR",2019,"Mesocentrotus franciscanus","PISCO","mpa",0.297709599729037,"Bio","After",7
"Matlahuayl SMR",2019,"Panulirus interruptus","PISCO","mpa",5.17579488709861,"Bio","After",7
"Matlahuayl SMR",2019,"Semicossyphus pulcher","PISCO","mpa",3.36232053024976,"Bio","After",7
"Matlahuayl SMR",2019,"Strongylocentrotus purpuratus","PISCO","mpa",0.730163125135846,"Bio","After",7
"Matlahuayl SMR",2020,"Macrocystis pyrifera","PISCO","mpa",17.6666666666667,"Bio","After",8
"Matlahuayl SMR",2020,"Mesocentrotus franciscanus","PISCO","mpa",0,"Bio","After",8
"Matlahuayl SMR",2020,"Panulirus interruptus","PISCO","mpa",8.40978779121212,"Bio","After",8
"Matlahuayl SMR",2020,"Semicossyphus pulcher","PISCO","mpa",3.88602116299729,"Bio","After",8
"Matlahuayl SMR",2020,"Strongylocentrotus purpuratus","PISCO","mpa",0,"Bio","After",8
"Matlahuayl SMR",2021,"Macrocystis pyrifera","PISCO","mpa",32.6666666666667,"Bio","After",9
"Matlahuayl SMR",2021,"Mesocentrotus franciscanus","PISCO","mpa",3.34184331792296,"Bio","After",9
"Matlahuayl SMR",2021,"Panulirus interruptus","PISCO","mpa",20.4506052729072,"Bio","After",9
"Matlahuayl SMR",2021,"Semicossyphus pulcher","PISCO","mpa",4.83581537203421,"Bio","After",9
"Matlahuayl SMR",2021,"Strongylocentrotus purpuratus","PISCO","mpa",0,"Bio","After",9
"Matlahuayl SMR",2022,"Macrocystis pyrifera","PISCO","mpa",38.3333333333333,"Bio","After",10
"Matlahuayl SMR",2022,"Mesocentrotus franciscanus","PISCO","mpa",0,"Bio","After",10
"Matlahuayl SMR",2022,"Panulirus interruptus","PISCO","mpa",93.2886132115794,"Bio","After",10
"Matlahuayl SMR",2022,"Semicossyphus pulcher","PISCO","mpa",3.02432198195042,"Bio","After",10
"Matlahuayl SMR",2022,"Strongylocentrotus purpuratus","PISCO","mpa",0,"Bio","After",10
"Matlahuayl SMR",2023,"Macrocystis pyrifera","PISCO","mpa",10.3333333333333,"Bio","After",11
"Matlahuayl SMR",2023,"Panulirus interruptus","PISCO","mpa",0.36964266403551,"Bio","After",11
"Matlahuayl SMR",2023,"Semicossyphus pulcher","PISCO","mpa",0,"Bio","After",11
"Naples SMCA",2009,"Semicossyphus pulcher","PISCO","mpa",12.4641597719693,"Bio","Before",0
"Naples SMCA",2010,"Macrocystis pyrifera","PISCO","mpa",111.333333333333,"Bio","Before",0
"Naples SMCA",2010,"Semicossyphus pulcher","PISCO","mpa",15.2718681551303,"Bio","Before",0
"Naples SMCA",2011,"Macrocystis pyrifera","PISCO","mpa",17.1111111111111,"Bio","Before",0
"Naples SMCA",2011,"Mesocentrotus franciscanus","PISCO","mpa",770.928242596015,"Bio","Before",0
"Naples SMCA",2011,"Semicossyphus pulcher","PISCO","mpa",15.2205463626138,"Bio","Before",0
"Naples SMCA",2011,"Strongylocentrotus purpuratus","PISCO","mpa",109.856227673332,"Bio","Before",0
"Naples SMCA",2012,"Macrocystis pyrifera","PISCO","mpa",28.5555555555556,"Bio","Before",0
"Naples SMCA",2012,"Mesocentrotus franciscanus","PISCO","mpa",432.19484353176,"Bio","Before",0
"Naples SMCA",2012,"Semicossyphus pulcher","PISCO","mpa",9.72863185960484,"Bio","Before",0
"Naples SMCA",2012,"Strongylocentrotus purpuratus","PISCO","mpa",70.3783521931715,"Bio","Before",0
"Naples SMCA",2013,"Macrocystis pyrifera","PISCO","mpa",36.1111111111111,"Bio","After",1
"Naples SMCA",2013,"Mesocentrotus franciscanus","PISCO","mpa",492.07629609381,"Bio","After",1
"Naples SMCA",2013,"Semicossyphus pulcher","PISCO","mpa",11.5383473896247,"Bio","After",1
"Naples SMCA",2013,"Strongylocentrotus purpuratus","PISCO","mpa",9.83422380408305,"Bio","After",1
"Naples SMCA",2014,"Macrocystis pyrifera","PISCO","mpa",164.111111111111,"Bio","After",2
"Naples SMCA",2014,"Mesocentrotus franciscanus","PISCO","mpa",577.638607143797,"Bio","After",2
"Naples SMCA",2014,"Semicossyphus pulcher","PISCO","mpa",23.2237216210247,"Bio","After",2
"Naples SMCA",2014,"Strongylocentrotus purpuratus","PISCO","mpa",6.00088446749574,"Bio","After",2
"Naples SMCA",2015,"Macrocystis pyrifera","PISCO","mpa",297.333333333333,"Bio","After",3
"Naples SMCA",2015,"Mesocentrotus franciscanus","PISCO","mpa",302.96387327058,"Bio","After",3
"Naples SMCA",2015,"Semicossyphus pulcher","PISCO","mpa",20.4434835971186,"Bio","After",3
"Naples SMCA",2015,"Strongylocentrotus purpuratus","PISCO","mpa",7.39360936430784,"Bio","After",3
"Naples SMCA",2016,"Macrocystis pyrifera","PISCO","mpa",252.888888888889,"Bio","After",4
"Naples SMCA",2016,"Mesocentrotus franciscanus","PISCO","mpa",158.07639639427,"Bio","After",4
"Naples SMCA",2016,"Semicossyphus pulcher","PISCO","mpa",16.7323162124429,"Bio","After",4
"Naples SMCA",2016,"Strongylocentrotus purpuratus","PISCO","mpa",9.91218512601719,"Bio","After",4
"Naples SMCA",2017,"Macrocystis pyrifera","PISCO","mpa",153.333333333333,"Bio","After",5
"Naples SMCA",2017,"Mesocentrotus franciscanus","PISCO","mpa",76.788400974495,"Bio","After",5
"Naples SMCA",2017,"Semicossyphus pulcher","PISCO","mpa",37.033262775153,"Bio","After",5
"Naples SMCA",2017,"Strongylocentrotus purpuratus","PISCO","mpa",12.4371748153313,"Bio","After",5
"Naples SMCA",2018,"Macrocystis pyrifera","PISCO","mpa",243.777777777778,"Bio","After",6
"Naples SMCA",2018,"Mesocentrotus franciscanus","PISCO","mpa",75.670601192634,"Bio","After",6
"Naples SMCA",2018,"Semicossyphus pulcher","PISCO","mpa",48.1575906867528,"Bio","After",6
"Naples SMCA",2018,"Strongylocentrotus purpuratus","PISCO","mpa",27.1136916308097,"Bio","After",6
"Naples SMCA",2019,"Macrocystis pyrifera","PISCO","mpa",109.222222222222,"Bio","After",7
"Naples SMCA",2019,"Mesocentrotus franciscanus","PISCO","mpa",241.388547560911,"Bio","After",7
"Naples SMCA",2019,"Semicossyphus pulcher","PISCO","mpa",38.1912065676564,"Bio","After",7
"Naples SMCA",2019,"Strongylocentrotus purpuratus","PISCO","mpa",64.21488371405,"Bio","After",7
"Naples SMCA",2020,"Macrocystis pyrifera","PISCO","mpa",110.888888888889,"Bio","After",8
"Naples SMCA",2020,"Mesocentrotus franciscanus","PISCO","mpa",169.79956582112,"Bio","After",8
"Naples SMCA",2020,"Semicossyphus pulcher","PISCO","mpa",35.462571749713,"Bio","After",8
"Naples SMCA",2020,"Strongylocentrotus purpuratus","PISCO","mpa",50.3991638901726,"Bio","After",8
"Naples SMCA",2021,"Macrocystis pyrifera","PISCO","mpa",103.222222222222,"Bio","After",9
"Naples SMCA",2021,"Mesocentrotus franciscanus","PISCO","mpa",156.971038602225,"Bio","After",9
"Naples SMCA",2021,"Semicossyphus pulcher","PISCO","mpa",42.1666889007092,"Bio","After",9
"Naples SMCA",2021,"Strongylocentrotus purpuratus","PISCO","mpa",45.1805025193725,"Bio","After",9
"Naples SMCA",2022,"Macrocystis pyrifera","PISCO","mpa",41.2222222222222,"Bio","After",10
"Naples SMCA",2022,"Mesocentrotus franciscanus","PISCO","mpa",37.0630573573063,"Bio","After",10
"Naples SMCA",2022,"Semicossyphus pulcher","PISCO","mpa",43.0169093763645,"Bio","After",10
"Naples SMCA",2022,"Strongylocentrotus purpuratus","PISCO","mpa",39.8247306822902,"Bio","After",10
"Naples SMCA",2023,"Macrocystis pyrifera","PISCO","mpa",39.8888888888889,"Bio","After",11
"Naples SMCA",2023,"Mesocentrotus franciscanus","PISCO","mpa",202.535893763925,"Bio","After",11
"Naples SMCA",2023,"Semicossyphus pulcher","PISCO","mpa",51.866486274417,"Bio","After",11
"Naples SMCA",2023,"Strongylocentrotus purpuratus","PISCO","mpa",67.2883517402542,"Bio","After",11
"Point Vicente SMCA",2004,"Semicossyphus pulcher","PISCO","mpa",3.14009743234793,"Bio","Before",0
"Point Vicente SMCA",2007,"Semicossyphus pulcher","PISCO","mpa",20.0162736704126,"Bio","Before",0
"Point Vicente SMCA",2008,"Macrocystis pyrifera","PISCO","mpa",141.111111111111,"Bio","Before",0
"Point Vicente SMCA",2008,"Semicossyphus pulcher","PISCO","mpa",13.4346720179314,"Bio","Before",0
"Point Vicente SMCA",2009,"Macrocystis pyrifera","PISCO","mpa",335.666666666667,"Bio","Before",0
"Point Vicente SMCA",2009,"Mesocentrotus franciscanus","PISCO","mpa",111.45795540585,"Bio","Before",0
"Point Vicente SMCA",2009,"Semicossyphus pulcher","PISCO","mpa",12.0711876634659,"Bio","Before",0
"Point Vicente SMCA",2009,"Strongylocentrotus purpuratus","PISCO","mpa",49.2010753844732,"Bio","Before",0
"Point Vicente SMCA",2010,"Macrocystis pyrifera","PISCO","mpa",223.416666666667,"Bio","Before",0
"Point Vicente SMCA",2010,"Mesocentrotus franciscanus","PISCO","mpa",135.528291787825,"Bio","Before",0
"Point Vicente SMCA",2010,"Semicossyphus pulcher","PISCO","mpa",23.1198220280742,"Bio","Before",0
"Point Vicente SMCA",2010,"Strongylocentrotus purpuratus","PISCO","mpa",41.482692930641,"Bio","Before",0
"Point Vicente SMCA",2011,"Macrocystis pyrifera","PISCO","mpa",272.666666666667,"Bio","Before",0
"Point Vicente SMCA",2011,"Mesocentrotus franciscanus","PISCO","mpa",55.1296063701724,"Bio","Before",0
"Point Vicente SMCA",2011,"Panulirus interruptus","PISCO","mpa",1.71823927335775,"Bio","Before",0
"Point Vicente SMCA",2011,"Semicossyphus pulcher","PISCO","mpa",9.00178243760057,"Bio","Before",0
"Point Vicente SMCA",2011,"Strongylocentrotus purpuratus","PISCO","mpa",30.8536637470229,"Bio","Before",0
"Point Vicente SMCA",2012,"Macrocystis pyrifera","PISCO","mpa",188.333333333333,"Bio","Before",0
"Point Vicente SMCA",2012,"Mesocentrotus franciscanus","PISCO","mpa",99.3052564067145,"Bio","Before",0
"Point Vicente SMCA",2012,"Panulirus interruptus","PISCO","mpa",0.249736529818614,"Bio","Before",0
"Point Vicente SMCA",2012,"Semicossyphus pulcher","PISCO","mpa",2.50080056002428,"Bio","Before",0
"Point Vicente SMCA",2012,"Strongylocentrotus purpuratus","PISCO","mpa",43.435608175602,"Bio","Before",0
"Point Vicente SMCA",2013,"Macrocystis pyrifera","PISCO","mpa",0.666666666666667,"Bio","After",1
"Point Vicente SMCA",2013,"Mesocentrotus franciscanus","PISCO","mpa",55.6567018558652,"Bio","After",1
"Point Vicente SMCA",2013,"Panulirus interruptus","PISCO","mpa",0,"Bio","After",1
"Point Vicente SMCA",2013,"Semicossyphus pulcher","PISCO","mpa",3.87045723010927,"Bio","After",1
"Point Vicente SMCA",2013,"Strongylocentrotus purpuratus","PISCO","mpa",0,"Bio","After",1
"Point Vicente SMCA",2014,"Semicossyphus pulcher","PISCO","mpa",22.3506269483428,"Bio","After",2
"Point Vicente SMCA",2015,"Macrocystis pyrifera","PISCO","mpa",136.833333333333,"Bio","After",3
"Point Vicente SMCA",2015,"Mesocentrotus franciscanus","PISCO","mpa",74.5713506342557,"Bio","After",3
"Point Vicente SMCA",2015,"Panulirus interruptus","PISCO","mpa",81.1823173881255,"Bio","After",3
"Point Vicente SMCA",2015,"Semicossyphus pulcher","PISCO","mpa",23.9208999842439,"Bio","After",3
"Point Vicente SMCA",2015,"Strongylocentrotus purpuratus","PISCO","mpa",14.6893696996301,"Bio","After",3
"Point Vicente SMCA",2016,"Macrocystis pyrifera","PISCO","mpa",175.666666666667,"Bio","After",4
"Point Vicente SMCA",2016,"Mesocentrotus franciscanus","PISCO","mpa",34.8105801476962,"Bio","After",4
"Point Vicente SMCA",2016,"Panulirus interruptus","PISCO","mpa",1.49218091202095,"Bio","After",4
"Point Vicente SMCA",2016,"Semicossyphus pulcher","PISCO","mpa",12.7205260538888,"Bio","After",4
"Point Vicente SMCA",2016,"Strongylocentrotus purpuratus","PISCO","mpa",6.24753983047466,"Bio","After",4
"Point Vicente SMCA",2017,"Macrocystis pyrifera","PISCO","mpa",211.666666666667,"Bio","After",5
"Point Vicente SMCA",2017,"Mesocentrotus franciscanus","PISCO","mpa",53.9442376728343,"Bio","After",5
"Point Vicente SMCA",2017,"Panulirus interruptus","PISCO","mpa",7.704455777159,"Bio","After",5
"Point Vicente SMCA",2017,"Semicossyphus pulcher","PISCO","mpa",10.1359544427305,"Bio","After",5
"Point Vicente SMCA",2017,"Strongylocentrotus purpuratus","PISCO","mpa",7.87031659182292,"Bio","After",5
"Point Vicente SMCA",2018,"Macrocystis pyrifera","PISCO","mpa",188.958333333333,"Bio","After",6
"Point Vicente SMCA",2018,"Mesocentrotus franciscanus","PISCO","mpa",61.6785427582624,"Bio","After",6
"Point Vicente SMCA",2018,"Panulirus interruptus","PISCO","mpa",29.5375918832286,"Bio","After",6
"Point Vicente SMCA",2018,"Semicossyphus pulcher","PISCO","mpa",24.8716924167997,"Bio","After",6
"Point Vicente SMCA",2018,"Strongylocentrotus purpuratus","PISCO","mpa",7.41740985700404,"Bio","After",6
"Point Vicente SMCA",2019,"Macrocystis pyrifera","PISCO","mpa",159,"Bio","After",7
"Point Vicente SMCA",2019,"Mesocentrotus franciscanus","PISCO","mpa",65.9162789040806,"Bio","After",7
"Point Vicente SMCA",2019,"Panulirus interruptus","PISCO","mpa",4.01752518333187,"Bio","After",7
"Point Vicente SMCA",2019,"Semicossyphus pulcher","PISCO","mpa",22.9789748982688,"Bio","After",7
"Point Vicente SMCA",2019,"Strongylocentrotus purpuratus","PISCO","mpa",8.15761251339893,"Bio","After",7
"Point Vicente SMCA",2020,"Macrocystis pyrifera","PISCO","mpa",184.333333333333,"Bio","After",8
"Point Vicente SMCA",2020,"Mesocentrotus franciscanus","PISCO","mpa",49.7241387415571,"Bio","After",8
"Point Vicente SMCA",2020,"Panulirus interruptus","PISCO","mpa",9.44003784385899,"Bio","After",8
"Point Vicente SMCA",2020,"Semicossyphus pulcher","PISCO","mpa",20.5840634426676,"Bio","After",8
"Point Vicente SMCA",2020,"Strongylocentrotus purpuratus","PISCO","mpa",3.42053687341975,"Bio","After",8
"Point Vicente SMCA",2021,"Macrocystis pyrifera","PISCO","mpa",73.9166666666667,"Bio","After",9
"Point Vicente SMCA",2021,"Mesocentrotus franciscanus","PISCO","mpa",70.8537255301777,"Bio","After",9
"Point Vicente SMCA",2021,"Panulirus interruptus","PISCO","mpa",0.829450300283224,"Bio","After",9
"Point Vicente SMCA",2021,"Semicossyphus pulcher","PISCO","mpa",20.1080055496647,"Bio","After",9
"Point Vicente SMCA",2021,"Strongylocentrotus purpuratus","PISCO","mpa",9.7744132131404,"Bio","After",9
"Point Vicente SMCA",2022,"Macrocystis pyrifera","PISCO","mpa",150.5,"Bio","After",10
"Point Vicente SMCA",2022,"Mesocentrotus franciscanus","PISCO","mpa",57.9377584305364,"Bio","After",10
"Point Vicente SMCA",2022,"Panulirus interruptus","PISCO","mpa",24.6050832902636,"Bio","After",10
"Point Vicente SMCA",2022,"Semicossyphus pulcher","PISCO","mpa",27.6761180618729,"Bio","After",10
"Point Vicente SMCA",2022,"Strongylocentrotus purpuratus","PISCO","mpa",12.6451189955944,"Bio","After",10
"Point Vicente SMCA",2023,"Macrocystis pyrifera","PISCO","mpa",87.1111111111111,"Bio","After",11
"Point Vicente SMCA",2023,"Mesocentrotus franciscanus","PISCO","mpa",70.9451521473684,"Bio","After",11
"Point Vicente SMCA",2023,"Panulirus interruptus","PISCO","mpa",6.76590229764239,"Bio","After",11
"Point Vicente SMCA",2023,"Semicossyphus pulcher","PISCO","mpa",33.7518051933311,"Bio","After",11
"Point Vicente SMCA",2023,"Strongylocentrotus purpuratus","PISCO","mpa",5.43828812647,"Bio","After",11
"Scorpion SMR",2004,"Macrocystis pyrifera","PISCO","mpa",215.111111111111,"Bio","After",1
"Scorpion SMR",2004,"Mesocentrotus franciscanus","PISCO","mpa",100.686728264526,"Bio","After",1
"Scorpion SMR",2004,"Semicossyphus pulcher","PISCO","mpa",8.91008338590045,"Bio","After",1
"Scorpion SMR",2004,"Strongylocentrotus purpuratus","PISCO","mpa",21.0311333817271,"Bio","After",1
"Scorpion SMR",2005,"Macrocystis pyrifera","PISCO","mpa",486.222222222222,"Bio","After",2
"Scorpion SMR",2005,"Mesocentrotus franciscanus","PISCO","mpa",85.1295262406347,"Bio","After",2
"Scorpion SMR",2005,"Semicossyphus pulcher","PISCO","mpa",7.10695783942238,"Bio","After",2
"Scorpion SMR",2005,"Strongylocentrotus purpuratus","PISCO","mpa",35.6785562084228,"Bio","After",2
"Scorpion SMR",2006,"Macrocystis pyrifera","PISCO","mpa",216.222222222222,"Bio","After",3
"Scorpion SMR",2006,"Mesocentrotus franciscanus","PISCO","mpa",243.00876147942,"Bio","After",3
"Scorpion SMR",2006,"Semicossyphus pulcher","PISCO","mpa",5.69584127606945,"Bio","After",3
"Scorpion SMR",2006,"Strongylocentrotus purpuratus","PISCO","mpa",164.849273038961,"Bio","After",3
"Scorpion SMR",2007,"Macrocystis pyrifera","PISCO","mpa",59,"Bio","After",4
"Scorpion SMR",2007,"Mesocentrotus franciscanus","PISCO","mpa",167.814183077051,"Bio","After",4
"Scorpion SMR",2007,"Semicossyphus pulcher","PISCO","mpa",6.33441314312062,"Bio","After",4
"Scorpion SMR",2007,"Strongylocentrotus purpuratus","PISCO","mpa",207.607088153627,"Bio","After",4
"Scorpion SMR",2008,"Macrocystis pyrifera","PISCO","mpa",67.3333333333333,"Bio","After",5
"Scorpion SMR",2008,"Mesocentrotus franciscanus","PISCO","mpa",250.592594396777,"Bio","After",5
"Scorpion SMR",2008,"Semicossyphus pulcher","PISCO","mpa",13.6746154708344,"Bio","After",5
"Scorpion SMR",2008,"Strongylocentrotus purpuratus","PISCO","mpa",116.793533795485,"Bio","After",5
"Scorpion SMR",2009,"Macrocystis pyrifera","PISCO","mpa",59.1851851851852,"Bio","After",6
"Scorpion SMR",2009,"Mesocentrotus franciscanus","PISCO","mpa",218.420602795295,"Bio","After",6
"Scorpion SMR",2009,"Semicossyphus pulcher","PISCO","mpa",12.9897639329774,"Bio","After",6
"Scorpion SMR",2009,"Strongylocentrotus purpuratus","PISCO","mpa",216.66840195353,"Bio","After",6
"Scorpion SMR",2010,"Macrocystis pyrifera","PISCO","mpa",286.814814814815,"Bio","After",7
"Scorpion SMR",2010,"Mesocentrotus franciscanus","PISCO","mpa",358.794537625779,"Bio","After",7
"Scorpion SMR",2010,"Semicossyphus pulcher","PISCO","mpa",20.6116986372895,"Bio","After",7
"Scorpion SMR",2010,"Strongylocentrotus purpuratus","PISCO","mpa",216.022671402285,"Bio","After",7
"Scorpion SMR",2011,"Macrocystis pyrifera","PISCO","mpa",188.814814814815,"Bio","After",8
"Scorpion SMR",2011,"Mesocentrotus franciscanus","PISCO","mpa",309.716202193376,"Bio","After",8
"Scorpion SMR",2011,"Semicossyphus pulcher","PISCO","mpa",26.3780081923151,"Bio","After",8
"Scorpion SMR",2011,"Strongylocentrotus purpuratus","PISCO","mpa",312.615259965034,"Bio","After",8
"Scorpion SMR",2012,"Macrocystis pyrifera","PISCO","mpa",167.925925925926,"Bio","After",9
"Scorpion SMR",2012,"Mesocentrotus franciscanus","PISCO","mpa",250.946017815344,"Bio","After",9
"Scorpion SMR",2012,"Semicossyphus pulcher","PISCO","mpa",20.2973118206899,"Bio","After",9
"Scorpion SMR",2012,"Strongylocentrotus purpuratus","PISCO","mpa",291.420514244537,"Bio","After",9
"Scorpion SMR",2013,"Macrocystis pyrifera","PISCO","mpa",68.037037037037,"Bio","After",10
"Scorpion SMR",2013,"Mesocentrotus franciscanus","PISCO","mpa",153.889273821561,"Bio","After",10
"Scorpion SMR",2013,"Semicossyphus pulcher","PISCO","mpa",23.7757722049649,"Bio","After",10
"Scorpion SMR",2013,"Strongylocentrotus purpuratus","PISCO","mpa",240.567621102049,"Bio","After",10
"Scorpion SMR",2014,"Macrocystis pyrifera","PISCO","mpa",206.37037037037,"Bio","After",11
"Scorpion SMR",2014,"Mesocentrotus franciscanus","PISCO","mpa",144.866188391563,"Bio","After",11
"Scorpion SMR",2014,"Semicossyphus pulcher","PISCO","mpa",21.5047793164308,"Bio","After",11
"Scorpion SMR",2014,"Strongylocentrotus purpuratus","PISCO","mpa",156.095264549638,"Bio","After",11
"Scorpion SMR",2015,"Macrocystis pyrifera","PISCO","mpa",374.962962962963,"Bio","After",12
"Scorpion SMR",2015,"Mesocentrotus franciscanus","PISCO","mpa",76.8429222933413,"Bio","After",12
"Scorpion SMR",2015,"Semicossyphus pulcher","PISCO","mpa",10.1625354378931,"Bio","After",12
"Scorpion SMR",2015,"Strongylocentrotus purpuratus","PISCO","mpa",20.2665827417219,"Bio","After",12
"Scorpion SMR",2016,"Macrocystis pyrifera","PISCO","mpa",179.111111111111,"Bio","After",13
"Scorpion SMR",2016,"Mesocentrotus franciscanus","PISCO","mpa",32.3268304982731,"Bio","After",13
"Scorpion SMR",2016,"Semicossyphus pulcher","PISCO","mpa",28.4276349942894,"Bio","After",13
"Scorpion SMR",2016,"Strongylocentrotus purpuratus","PISCO","mpa",6.87357436856271,"Bio","After",13
"Scorpion SMR",2017,"Macrocystis pyrifera","PISCO","mpa",482.148148148148,"Bio","After",14
"Scorpion SMR",2017,"Mesocentrotus franciscanus","PISCO","mpa",63.5901077666199,"Bio","After",14
"Scorpion SMR",2017,"Semicossyphus pulcher","PISCO","mpa",16.9331135491533,"Bio","After",14
"Scorpion SMR",2017,"Strongylocentrotus purpuratus","PISCO","mpa",12.8118842886483,"Bio","After",14
"Scorpion SMR",2018,"Macrocystis pyrifera","PISCO","mpa",432.814814814815,"Bio","After",15
"Scorpion SMR",2018,"Mesocentrotus franciscanus","PISCO","mpa",101.201117609093,"Bio","After",15
"Scorpion SMR",2018,"Semicossyphus pulcher","PISCO","mpa",22.1048909428107,"Bio","After",15
"Scorpion SMR",2018,"Strongylocentrotus purpuratus","PISCO","mpa",23.7575639668078,"Bio","After",15
"Scorpion SMR",2019,"Macrocystis pyrifera","PISCO","mpa",499.851851851852,"Bio","After",16
"Scorpion SMR",2019,"Mesocentrotus franciscanus","PISCO","mpa",38.2926889904427,"Bio","After",16
"Scorpion SMR",2019,"Semicossyphus pulcher","PISCO","mpa",34.5348214258203,"Bio","After",16
"Scorpion SMR",2019,"Strongylocentrotus purpuratus","PISCO","mpa",10.4078654660586,"Bio","After",16
"Scorpion SMR",2020,"Macrocystis pyrifera","PISCO","mpa",538.666666666667,"Bio","After",17
"Scorpion SMR",2020,"Semicossyphus pulcher","PISCO","mpa",30.6460063924605,"Bio","After",17
"Scorpion SMR",2021,"Macrocystis pyrifera","PISCO","mpa",537.925925925926,"Bio","After",18
"Scorpion SMR",2021,"Mesocentrotus franciscanus","PISCO","mpa",114.27858369039,"Bio","After",18
"Scorpion SMR",2021,"Semicossyphus pulcher","PISCO","mpa",22.9349902028956,"Bio","After",18
"Scorpion SMR",2021,"Strongylocentrotus purpuratus","PISCO","mpa",14.0217891286555,"Bio","After",18
"Scorpion SMR",2022,"Macrocystis pyrifera","PISCO","mpa",494.444444444444,"Bio","After",19
"Scorpion SMR",2022,"Mesocentrotus franciscanus","PISCO","mpa",298.938560676094,"Bio","After",19
"Scorpion SMR",2022,"Semicossyphus pulcher","PISCO","mpa",44.8187864974775,"Bio","After",19
"Scorpion SMR",2022,"Strongylocentrotus purpuratus","PISCO","mpa",20.2399686094402,"Bio","After",19
"Scorpion SMR",2023,"Macrocystis pyrifera","PISCO","mpa",336.296296296296,"Bio","After",20
"Scorpion SMR",2023,"Semicossyphus pulcher","PISCO","mpa",22.1594800512938,"Bio","After",20
"South Point SMR",2004,"Semicossyphus pulcher","PISCO","mpa",29.0987540015619,"Bio","After",1
"South Point SMR",2005,"Macrocystis pyrifera","PISCO","mpa",280.333333333333,"Bio","After",2
"South Point SMR",2005,"Mesocentrotus franciscanus","PISCO","mpa",430.020285740993,"Bio","After",2
"South Point SMR",2005,"Semicossyphus pulcher","PISCO","mpa",26.265871720426,"Bio","After",2
"South Point SMR",2005,"Strongylocentrotus purpuratus","PISCO","mpa",3.71778542804392,"Bio","After",2
"South Point SMR",2006,"Semicossyphus pulcher","PISCO","mpa",32.2919225335552,"Bio","After",3
"South Point SMR",2007,"Macrocystis pyrifera","PISCO","mpa",337.444444444444,"Bio","After",4
"South Point SMR",2007,"Mesocentrotus franciscanus","PISCO","mpa",385.762741983077,"Bio","After",4
"South Point SMR",2007,"Semicossyphus pulcher","PISCO","mpa",39.4982598932646,"Bio","After",4
"South Point SMR",2007,"Strongylocentrotus purpuratus","PISCO","mpa",10.7300216325903,"Bio","After",4
"South Point SMR",2008,"Macrocystis pyrifera","PISCO","mpa",403.388888888889,"Bio","After",5
"South Point SMR",2008,"Mesocentrotus franciscanus","PISCO","mpa",423.487845346895,"Bio","After",5
"South Point SMR",2008,"Semicossyphus pulcher","PISCO","mpa",17.6458496111088,"Bio","After",5
"South Point SMR",2008,"Strongylocentrotus purpuratus","PISCO","mpa",19.333066154634,"Bio","After",5
"South Point SMR",2009,"Macrocystis pyrifera","PISCO","mpa",313.37037037037,"Bio","After",6
"South Point SMR",2009,"Mesocentrotus franciscanus","PISCO","mpa",1030.05148922049,"Bio","After",6
"South Point SMR",2009,"Semicossyphus pulcher","PISCO","mpa",34.8752872102914,"Bio","After",6
"South Point SMR",2009,"Strongylocentrotus purpuratus","PISCO","mpa",55.4516338606765,"Bio","After",6
"South Point SMR",2010,"Macrocystis pyrifera","PISCO","mpa",291.555555555556,"Bio","After",7
"South Point SMR",2010,"Mesocentrotus franciscanus","PISCO","mpa",435.359838668402,"Bio","After",7
"South Point SMR",2010,"Semicossyphus pulcher","PISCO","mpa",30.153927091013,"Bio","After",7
"South Point SMR",2010,"Strongylocentrotus purpuratus","PISCO","mpa",60.8970168450842,"Bio","After",7
"South Point SMR",2011,"Macrocystis pyrifera","PISCO","mpa",107.666666666667,"Bio","After",8
"South Point SMR",2011,"Mesocentrotus franciscanus","PISCO","mpa",87.9263134485641,"Bio","After",8
"South Point SMR",2011,"Semicossyphus pulcher","PISCO","mpa",67.835891433335,"Bio","After",8
"South Point SMR",2011,"Strongylocentrotus purpuratus","PISCO","mpa",14.8220054445203,"Bio","After",8
"South Point SMR",2012,"Macrocystis pyrifera","PISCO","mpa",206.444444444444,"Bio","After",9
"South Point SMR",2012,"Mesocentrotus franciscanus","PISCO","mpa",332.523648180461,"Bio","After",9
"South Point SMR",2012,"Semicossyphus pulcher","PISCO","mpa",35.8627429892824,"Bio","After",9
"South Point SMR",2012,"Strongylocentrotus purpuratus","PISCO","mpa",14.8262722362923,"Bio","After",9
"South Point SMR",2013,"Semicossyphus pulcher","PISCO","mpa",37.0543853518054,"Bio","After",10
"South Point SMR",2014,"Macrocystis pyrifera","PISCO","mpa",345.666666666667,"Bio","After",11
"South Point SMR",2014,"Mesocentrotus franciscanus","PISCO","mpa",1922.35351868228,"Bio","After",11
"South Point SMR",2014,"Semicossyphus pulcher","PISCO","mpa",14.4358217644115,"Bio","After",11
"South Point SMR",2014,"Strongylocentrotus purpuratus","PISCO","mpa",53.797518910705,"Bio","After",11
"South Point SMR",2015,"Macrocystis pyrifera","PISCO","mpa",260.222222222222,"Bio","After",12
"South Point SMR",2015,"Mesocentrotus franciscanus","PISCO","mpa",1081.01440054437,"Bio","After",12
"South Point SMR",2015,"Semicossyphus pulcher","PISCO","mpa",28.6724586248747,"Bio","After",12
"South Point SMR",2015,"Strongylocentrotus purpuratus","PISCO","mpa",111.291877334208,"Bio","After",12
"South Point SMR",2016,"Macrocystis pyrifera","PISCO","mpa",264.444444444444,"Bio","After",13
"South Point SMR",2016,"Mesocentrotus franciscanus","PISCO","mpa",868.473936017642,"Bio","After",13
"South Point SMR",2016,"Semicossyphus pulcher","PISCO","mpa",16.1544038915202,"Bio","After",13
"South Point SMR",2016,"Strongylocentrotus purpuratus","PISCO","mpa",180.170223570898,"Bio","After",13
"South Point SMR",2017,"Macrocystis pyrifera","PISCO","mpa",219.333333333333,"Bio","After",14
"South Point SMR",2017,"Mesocentrotus franciscanus","PISCO","mpa",1116.09121613034,"Bio","After",14
"South Point SMR",2017,"Semicossyphus pulcher","PISCO","mpa",17.4810196237206,"Bio","After",14
"South Point SMR",2017,"Strongylocentrotus purpuratus","PISCO","mpa",188.785077422851,"Bio","After",14
"South Point SMR",2018,"Macrocystis pyrifera","PISCO","mpa",194.666666666667,"Bio","After",15
"South Point SMR",2018,"Mesocentrotus franciscanus","PISCO","mpa",670.468012650838,"Bio","After",15
"South Point SMR",2018,"Semicossyphus pulcher","PISCO","mpa",39.8428590206063,"Bio","After",15
"South Point SMR",2018,"Strongylocentrotus purpuratus","PISCO","mpa",199.869201122926,"Bio","After",15
"South Point SMR",2019,"Macrocystis pyrifera","PISCO","mpa",0,"Bio","After",16
"South Point SMR",2019,"Mesocentrotus franciscanus","PISCO","mpa",1432.87907208551,"Bio","After",16
"South Point SMR",2019,"Semicossyphus pulcher","PISCO","mpa",65.1255266369397,"Bio","After",16
"South Point SMR",2019,"Strongylocentrotus purpuratus","PISCO","mpa",186.280270205887,"Bio","After",16
"South Point SMR",2020,"Macrocystis pyrifera","PISCO","mpa",212.333333333333,"Bio","After",17
"South Point SMR",2020,"Semicossyphus pulcher","PISCO","mpa",43.8050244000272,"Bio","After",17
"South Point SMR",2021,"Macrocystis pyrifera","PISCO","mpa",125.666666666667,"Bio","After",18
"South Point SMR",2021,"Mesocentrotus franciscanus","PISCO","mpa",291.497399122558,"Bio","After",18
"South Point SMR",2021,"Semicossyphus pulcher","PISCO","mpa",37.5181992248145,"Bio","After",18
"South Point SMR",2021,"Strongylocentrotus purpuratus","PISCO","mpa",77.3812812504608,"Bio","After",18
"South Point SMR",2022,"Semicossyphus pulcher","PISCO","mpa",54.5699838570638,"Bio","After",19
"South Point SMR",2023,"Macrocystis pyrifera","PISCO","mpa",107,"Bio","After",20
"South Point SMR",2023,"Semicossyphus pulcher","PISCO","mpa",36.1502333090859,"Bio","After",20
"Abalone Cove SMCA",2010,"Semicossyphus pulcher","PISCO","reference",1.46282997805941,"Bio","Before",0
"Abalone Cove SMCA",2011,"Macrocystis pyrifera","PISCO","reference",214.074074074074,"Bio","Before",0
"Abalone Cove SMCA",2011,"Mesocentrotus franciscanus","PISCO","reference",180.442567970358,"Bio","Before",0
"Abalone Cove SMCA",2011,"Semicossyphus pulcher","PISCO","reference",6.92256479600165,"Bio","Before",0
"Abalone Cove SMCA",2011,"Strongylocentrotus purpuratus","PISCO","reference",70.5671344310483,"Bio","Before",0
"Abalone Cove SMCA",2012,"Macrocystis pyrifera","PISCO","reference",156.444444444444,"Bio","Before",0
"Abalone Cove SMCA",2012,"Mesocentrotus franciscanus","PISCO","reference",38.2647414142025,"Bio","Before",0
"Abalone Cove SMCA",2012,"Panulirus interruptus","PISCO","reference",2.49664245497758,"Bio","Before",0
"Abalone Cove SMCA",2012,"Semicossyphus pulcher","PISCO","reference",14.436743261373,"Bio","Before",0
"Abalone Cove SMCA",2012,"Strongylocentrotus purpuratus","PISCO","reference",36.329904901639,"Bio","Before",0
"Abalone Cove SMCA",2013,"Macrocystis pyrifera","PISCO","reference",111.259259259259,"Bio","After",1
"Abalone Cove SMCA",2013,"Mesocentrotus franciscanus","PISCO","reference",117.527169202877,"Bio","After",1
"Abalone Cove SMCA",2013,"Panulirus interruptus","PISCO","reference",0.112173155031274,"Bio","After",1
"Abalone Cove SMCA",2013,"Semicossyphus pulcher","PISCO","reference",13.8636613493179,"Bio","After",1
"Abalone Cove SMCA",2013,"Strongylocentrotus purpuratus","PISCO","reference",144.107225785064,"Bio","After",1
"Abalone Cove SMCA",2014,"Macrocystis pyrifera","PISCO","reference",183.666666666667,"Bio","After",2
"Abalone Cove SMCA",2014,"Mesocentrotus franciscanus","PISCO","reference",31.1090090204741,"Bio","After",2
"Abalone Cove SMCA",2014,"Panulirus interruptus","PISCO","reference",3.06979939396839,"Bio","After",2
"Abalone Cove SMCA",2014,"Semicossyphus pulcher","PISCO","reference",4.87918190813634,"Bio","After",2
"Abalone Cove SMCA",2014,"Strongylocentrotus purpuratus","PISCO","reference",50.2733408906489,"Bio","After",2
"Abalone Cove SMCA",2015,"Macrocystis pyrifera","PISCO","reference",184.861111111111,"Bio","After",3
"Abalone Cove SMCA",2015,"Mesocentrotus franciscanus","PISCO","reference",19.2635232293403,"Bio","After",3
"Abalone Cove SMCA",2015,"Panulirus interruptus","PISCO","reference",5.65852014421086,"Bio","After",3
"Abalone Cove SMCA",2015,"Semicossyphus pulcher","PISCO","reference",8.54563150086489,"Bio","After",3
"Abalone Cove SMCA",2015,"Strongylocentrotus purpuratus","PISCO","reference",2.8158760155481,"Bio","After",3
"Abalone Cove SMCA",2016,"Macrocystis pyrifera","PISCO","reference",115.861111111111,"Bio","After",4
"Abalone Cove SMCA",2016,"Mesocentrotus franciscanus","PISCO","reference",4.62218691389275,"Bio","After",4
"Abalone Cove SMCA",2016,"Panulirus interruptus","PISCO","reference",6.4402881725891,"Bio","After",4
"Abalone Cove SMCA",2016,"Semicossyphus pulcher","PISCO","reference",3.90888678091146,"Bio","After",4
"Abalone Cove SMCA",2016,"Strongylocentrotus purpuratus","PISCO","reference",3.13635700645032,"Bio","After",4
"Abalone Cove SMCA",2017,"Macrocystis pyrifera","PISCO","reference",160.833333333333,"Bio","After",5
"Abalone Cove SMCA",2017,"Mesocentrotus franciscanus","PISCO","reference",1.79716559464346,"Bio","After",5
"Abalone Cove SMCA",2017,"Panulirus interruptus","PISCO","reference",1.97421287166669,"Bio","After",5
"Abalone Cove SMCA",2017,"Semicossyphus pulcher","PISCO","reference",6.48532925192616,"Bio","After",5
"Abalone Cove SMCA",2017,"Strongylocentrotus purpuratus","PISCO","reference",0.0463121218786607,"Bio","After",5
"Abalone Cove SMCA",2018,"Macrocystis pyrifera","PISCO","reference",11,"Bio","After",6
"Abalone Cove SMCA",2018,"Mesocentrotus franciscanus","PISCO","reference",24.449504458457,"Bio","After",6
"Abalone Cove SMCA",2018,"Panulirus interruptus","PISCO","reference",1.02448248131034,"Bio","After",6
"Abalone Cove SMCA",2018,"Semicossyphus pulcher","PISCO","reference",7.94277158362501,"Bio","After",6
"Abalone Cove SMCA",2018,"Strongylocentrotus purpuratus","PISCO","reference",0.298922950784505,"Bio","After",6
"Abalone Cove SMCA",2019,"Macrocystis pyrifera","PISCO","reference",119.305555555556,"Bio","After",7
"Abalone Cove SMCA",2019,"Mesocentrotus franciscanus","PISCO","reference",9.51472579920522,"Bio","After",7
"Abalone Cove SMCA",2019,"Panulirus interruptus","PISCO","reference",7.09675185135937,"Bio","After",7
"Abalone Cove SMCA",2019,"Semicossyphus pulcher","PISCO","reference",12.678021114738,"Bio","After",7
"Abalone Cove SMCA",2019,"Strongylocentrotus purpuratus","PISCO","reference",3.17300475852401,"Bio","After",7
"Abalone Cove SMCA",2020,"Macrocystis pyrifera","PISCO","reference",255.416666666667,"Bio","After",8
"Abalone Cove SMCA",2020,"Mesocentrotus franciscanus","PISCO","reference",8.0981414630633,"Bio","After",8
"Abalone Cove SMCA",2020,"Panulirus interruptus","PISCO","reference",13.2429239079322,"Bio","After",8
"Abalone Cove SMCA",2020,"Semicossyphus pulcher","PISCO","reference",1.87758748650566,"Bio","After",8
"Abalone Cove SMCA",2020,"Strongylocentrotus purpuratus","PISCO","reference",1.69133991773377,"Bio","After",8
"Abalone Cove SMCA",2021,"Macrocystis pyrifera","PISCO","reference",9.69444444444444,"Bio","After",9
"Abalone Cove SMCA",2021,"Mesocentrotus franciscanus","PISCO","reference",16.2177128246371,"Bio","After",9
"Abalone Cove SMCA",2021,"Panulirus interruptus","PISCO","reference",1.0520291353349,"Bio","After",9
"Abalone Cove SMCA",2021,"Semicossyphus pulcher","PISCO","reference",4.08093141598699,"Bio","After",9
"Abalone Cove SMCA",2021,"Strongylocentrotus purpuratus","PISCO","reference",1.61819892048361,"Bio","After",9
"Abalone Cove SMCA",2022,"Macrocystis pyrifera","PISCO","reference",143.166666666667,"Bio","After",10
"Abalone Cove SMCA",2022,"Mesocentrotus franciscanus","PISCO","reference",36.0440739857922,"Bio","After",10
"Abalone Cove SMCA",2022,"Panulirus interruptus","PISCO","reference",4.88357456905697,"Bio","After",10
"Abalone Cove SMCA",2022,"Semicossyphus pulcher","PISCO","reference",3.80147513721325,"Bio","After",10
"Abalone Cove SMCA",2022,"Strongylocentrotus purpuratus","PISCO","reference",26.5149318352425,"Bio","After",10
"Abalone Cove SMCA",2023,"Macrocystis pyrifera","PISCO","reference",167.25,"Bio","After",11
"Abalone Cove SMCA",2023,"Mesocentrotus franciscanus","PISCO","reference",20.4924965858681,"Bio","After",11
"Abalone Cove SMCA",2023,"Panulirus interruptus","PISCO","reference",1.85423252543383,"Bio","After",11
"Abalone Cove SMCA",2023,"Semicossyphus pulcher","PISCO","reference",3.98966575101075,"Bio","After",11
"Abalone Cove SMCA",2023,"Strongylocentrotus purpuratus","PISCO","reference",1.77208328439225,"Bio","After",11
"Anacapa Island SMR 2003",2004,"Semicossyphus pulcher","PISCO","reference",2.35584427936873,"Bio","After",1
"Anacapa Island SMR 2003",2005,"Semicossyphus pulcher","PISCO","reference",1.8225219807129,"Bio","After",2
"Anacapa Island SMR 2003",2006,"Semicossyphus pulcher","PISCO","reference",0.736672431952254,"Bio","After",3
"Anacapa Island SMR 2003",2007,"Macrocystis pyrifera","PISCO","reference",271.722222222222,"Bio","After",4
"Anacapa Island SMR 2003",2007,"Semicossyphus pulcher","PISCO","reference",1.95902135372039,"Bio","After",4
"Anacapa Island SMR 2003",2008,"Macrocystis pyrifera","PISCO","reference",143.333333333333,"Bio","After",5
"Anacapa Island SMR 2003",2008,"Semicossyphus pulcher","PISCO","reference",4.90799193755103,"Bio","After",5
"Anacapa Island SMR 2003",2009,"Macrocystis pyrifera","PISCO","reference",108.222222222222,"Bio","After",6
"Anacapa Island SMR 2003",2009,"Semicossyphus pulcher","PISCO","reference",8.2169919745473,"Bio","After",6
"Anacapa Island SMR 2003",2010,"Macrocystis pyrifera","PISCO","reference",79.2222222222222,"Bio","After",7
"Anacapa Island SMR 2003",2010,"Semicossyphus pulcher","PISCO","reference",8.77721726152192,"Bio","After",7
"Anacapa Island SMR 2003",2011,"Macrocystis pyrifera","PISCO","reference",36.4444444444444,"Bio","After",8
"Anacapa Island SMR 2003",2011,"Semicossyphus pulcher","PISCO","reference",3.40377502250467,"Bio","After",8
"Anacapa Island SMR 2003",2012,"Macrocystis pyrifera","PISCO","reference",111.666666666667,"Bio","After",9
"Anacapa Island SMR 2003",2012,"Semicossyphus pulcher","PISCO","reference",3.47483838603444,"Bio","After",9
"Anacapa Island SMR 2003",2014,"Macrocystis pyrifera","PISCO","reference",1.66666666666667,"Bio","After",11
"Anacapa Island SMR 2003",2014,"Semicossyphus pulcher","PISCO","reference",5.02889382778022,"Bio","After",11
"Anacapa Island SMR 2003",2015,"Macrocystis pyrifera","PISCO","reference",0,"Bio","After",12
"Anacapa Island SMR 2003",2015,"Semicossyphus pulcher","PISCO","reference",2.01235258480215,"Bio","After",12
"Anacapa Island SMR 2003",2016,"Macrocystis pyrifera","PISCO","reference",0,"Bio","After",13
"Anacapa Island SMR 2003",2016,"Semicossyphus pulcher","PISCO","reference",3.46077210907345,"Bio","After",13
"Anacapa Island SMR 2003",2017,"Macrocystis pyrifera","PISCO","reference",30.4444444444444,"Bio","After",14
"Anacapa Island SMR 2003",2017,"Semicossyphus pulcher","PISCO","reference",9.46125427633699,"Bio","After",14
"Anacapa Island SMR 2003",2018,"Macrocystis pyrifera","PISCO","reference",103.333333333333,"Bio","After",15
"Anacapa Island SMR 2003",2018,"Semicossyphus pulcher","PISCO","reference",10.1924527479642,"Bio","After",15
"Anacapa Island SMR 2003",2019,"Macrocystis pyrifera","PISCO","reference",121.888888888889,"Bio","After",16
"Anacapa Island SMR 2003",2019,"Semicossyphus pulcher","PISCO","reference",13.4688446017563,"Bio","After",16
"Anacapa Island SMR 2003",2020,"Macrocystis pyrifera","PISCO","reference",277.222222222222,"Bio","After",17
"Anacapa Island SMR 2003",2020,"Semicossyphus pulcher","PISCO","reference",9.2481271459557,"Bio","After",17
"Anacapa Island SMR 2003",2021,"Macrocystis pyrifera","PISCO","reference",179.222222222222,"Bio","After",18
"Anacapa Island SMR 2003",2021,"Semicossyphus pulcher","PISCO","reference",10.1570587551425,"Bio","After",18
"Anacapa Island SMR 2003",2022,"Macrocystis pyrifera","PISCO","reference",198.277777777778,"Bio","After",19
"Anacapa Island SMR 2003",2022,"Semicossyphus pulcher","PISCO","reference",7.83832685643945,"Bio","After",19
"Anacapa Island SMR 2003",2023,"Macrocystis pyrifera","PISCO","reference",252.777777777778,"Bio","After",20
"Anacapa Island SMR 2003",2023,"Semicossyphus pulcher","PISCO","reference",7.92937392578844,"Bio","After",20
"Campus Point SMCA",2009,"Semicossyphus pulcher","PISCO","reference",1.00318383160928,"Bio","Before",0
"Campus Point SMCA",2010,"Macrocystis pyrifera","PISCO","reference",104.555555555556,"Bio","Before",0
"Campus Point SMCA",2010,"Semicossyphus pulcher","PISCO","reference",4.67052023599303,"Bio","Before",0
"Campus Point SMCA",2011,"Macrocystis pyrifera","PISCO","reference",107.888888888889,"Bio","Before",0
"Campus Point SMCA",2011,"Mesocentrotus franciscanus","PISCO","reference",107.634674764073,"Bio","Before",0
"Campus Point SMCA",2011,"Semicossyphus pulcher","PISCO","reference",6.33083953707949,"Bio","Before",0
"Campus Point SMCA",2011,"Strongylocentrotus purpuratus","PISCO","reference",426.084042562278,"Bio","Before",0
"Campus Point SMCA",2012,"Macrocystis pyrifera","PISCO","reference",191.222222222222,"Bio","Before",0
"Campus Point SMCA",2012,"Mesocentrotus franciscanus","PISCO","reference",347.46583634017,"Bio","Before",0
"Campus Point SMCA",2012,"Semicossyphus pulcher","PISCO","reference",1.85294661451798,"Bio","Before",0
"Campus Point SMCA",2012,"Strongylocentrotus purpuratus","PISCO","reference",177.725617749291,"Bio","Before",0
"Campus Point SMCA",2013,"Macrocystis pyrifera","PISCO","reference",397.333333333333,"Bio","After",1
"Campus Point SMCA",2013,"Mesocentrotus franciscanus","PISCO","reference",694.44891791954,"Bio","After",1
"Campus Point SMCA",2013,"Semicossyphus pulcher","PISCO","reference",0,"Bio","After",1
"Campus Point SMCA",2013,"Strongylocentrotus purpuratus","PISCO","reference",67.9596472935646,"Bio","After",1
"Campus Point SMCA",2014,"Macrocystis pyrifera","PISCO","reference",405.555555555556,"Bio","After",2
"Campus Point SMCA",2014,"Mesocentrotus franciscanus","PISCO","reference",73.1619163039929,"Bio","After",2
"Campus Point SMCA",2014,"Semicossyphus pulcher","PISCO","reference",0,"Bio","After",2
"Campus Point SMCA",2014,"Strongylocentrotus purpuratus","PISCO","reference",61.9370094268148,"Bio","After",2
"Campus Point SMCA",2015,"Macrocystis pyrifera","PISCO","reference",333.444444444444,"Bio","After",3
"Campus Point SMCA",2015,"Mesocentrotus franciscanus","PISCO","reference",68.7958445652318,"Bio","After",3
"Campus Point SMCA",2015,"Semicossyphus pulcher","PISCO","reference",1.16386981994284,"Bio","After",3
"Campus Point SMCA",2015,"Strongylocentrotus purpuratus","PISCO","reference",32.1114856936049,"Bio","After",3
"Campus Point SMCA",2016,"Macrocystis pyrifera","PISCO","reference",222.111111111111,"Bio","After",4
"Campus Point SMCA",2016,"Mesocentrotus franciscanus","PISCO","reference",26.1303135814413,"Bio","After",4
"Campus Point SMCA",2016,"Semicossyphus pulcher","PISCO","reference",3.78368135227663,"Bio","After",4
"Campus Point SMCA",2016,"Strongylocentrotus purpuratus","PISCO","reference",36.0425997429468,"Bio","After",4
"Campus Point SMCA",2017,"Macrocystis pyrifera","PISCO","reference",277.666666666667,"Bio","After",5
"Campus Point SMCA",2017,"Mesocentrotus franciscanus","PISCO","reference",14.9883464323021,"Bio","After",5
"Campus Point SMCA",2017,"Semicossyphus pulcher","PISCO","reference",3.267540998634,"Bio","After",5
"Campus Point SMCA",2017,"Strongylocentrotus purpuratus","PISCO","reference",93.4627590991535,"Bio","After",5
"Campus Point SMCA",2018,"Macrocystis pyrifera","PISCO","reference",407.333333333333,"Bio","After",6
"Campus Point SMCA",2018,"Mesocentrotus franciscanus","PISCO","reference",77.5737245779063,"Bio","After",6
"Campus Point SMCA",2018,"Semicossyphus pulcher","PISCO","reference",10.2528217268782,"Bio","After",6
"Campus Point SMCA",2018,"Strongylocentrotus purpuratus","PISCO","reference",166.966144872222,"Bio","After",6
"Campus Point SMCA",2019,"Macrocystis pyrifera","PISCO","reference",168.888888888889,"Bio","After",7
"Campus Point SMCA",2019,"Mesocentrotus franciscanus","PISCO","reference",60.8601794773981,"Bio","After",7
"Campus Point SMCA",2019,"Semicossyphus pulcher","PISCO","reference",6.85423800220955,"Bio","After",7
"Campus Point SMCA",2019,"Strongylocentrotus purpuratus","PISCO","reference",82.8002714458563,"Bio","After",7
"Campus Point SMCA",2020,"Macrocystis pyrifera","PISCO","reference",248.555555555556,"Bio","After",8
"Campus Point SMCA",2020,"Semicossyphus pulcher","PISCO","reference",5.94545583362017,"Bio","After",8
"Campus Point SMCA",2020,"Strongylocentrotus purpuratus","PISCO","reference",29.2487163892323,"Bio","After",8
"Campus Point SMCA",2021,"Macrocystis pyrifera","PISCO","reference",169,"Bio","After",9
"Campus Point SMCA",2021,"Mesocentrotus franciscanus","PISCO","reference",14.9613899198648,"Bio","After",9
"Campus Point SMCA",2021,"Semicossyphus pulcher","PISCO","reference",3.53177273083697,"Bio","After",9
"Campus Point SMCA",2021,"Strongylocentrotus purpuratus","PISCO","reference",82.2819668315014,"Bio","After",9
"Campus Point SMCA",2022,"Macrocystis pyrifera","PISCO","reference",59.6666666666667,"Bio","After",10
"Campus Point SMCA",2022,"Mesocentrotus franciscanus","PISCO","reference",31.2809338392334,"Bio","After",10
"Campus Point SMCA",2022,"Semicossyphus pulcher","PISCO","reference",6.99672040809285,"Bio","After",10
"Campus Point SMCA",2022,"Strongylocentrotus purpuratus","PISCO","reference",85.2124453295617,"Bio","After",10
"Campus Point SMCA",2023,"Macrocystis pyrifera","PISCO","reference",38,"Bio","After",11
"Campus Point SMCA",2023,"Mesocentrotus franciscanus","PISCO","reference",77.5651022746894,"Bio","After",11
"Campus Point SMCA",2023,"Semicossyphus pulcher","PISCO","reference",4.0705912774446,"Bio","After",11
"Campus Point SMCA",2023,"Strongylocentrotus purpuratus","PISCO","reference",114.375320750545,"Bio","After",11
"Gull Island SMR",2003,"Semicossyphus pulcher","PISCO","reference",28.2075953677165,"Bio","Before",0
"Gull Island SMR",2004,"Macrocystis pyrifera","PISCO","reference",299.555555555556,"Bio","After",1
"Gull Island SMR",2004,"Mesocentrotus franciscanus","PISCO","reference",608.477142919187,"Bio","After",1
"Gull Island SMR",2004,"Semicossyphus pulcher","PISCO","reference",16.6899046074589,"Bio","After",1
"Gull Island SMR",2004,"Strongylocentrotus purpuratus","PISCO","reference",56.7290660776686,"Bio","After",1
"Gull Island SMR",2005,"Macrocystis pyrifera","PISCO","reference",401.444444444444,"Bio","After",2
"Gull Island SMR",2005,"Mesocentrotus franciscanus","PISCO","reference",469.018643579527,"Bio","After",2
"Gull Island SMR",2005,"Semicossyphus pulcher","PISCO","reference",10.0026790869745,"Bio","After",2
"Gull Island SMR",2005,"Strongylocentrotus purpuratus","PISCO","reference",66.7349099334464,"Bio","After",2
"Gull Island SMR",2006,"Macrocystis pyrifera","PISCO","reference",227.333333333333,"Bio","After",3
"Gull Island SMR",2006,"Mesocentrotus franciscanus","PISCO","reference",283.098967965767,"Bio","After",3
"Gull Island SMR",2006,"Semicossyphus pulcher","PISCO","reference",6.78207584685637,"Bio","After",3
"Gull Island SMR",2006,"Strongylocentrotus purpuratus","PISCO","reference",113.915773944554,"Bio","After",3
"Gull Island SMR",2007,"Macrocystis pyrifera","PISCO","reference",249.444444444444,"Bio","After",4
"Gull Island SMR",2007,"Mesocentrotus franciscanus","PISCO","reference",256.244486425363,"Bio","After",4
"Gull Island SMR",2007,"Semicossyphus pulcher","PISCO","reference",24.0682610152618,"Bio","After",4
"Gull Island SMR",2007,"Strongylocentrotus purpuratus","PISCO","reference",171.041126391004,"Bio","After",4
"Gull Island SMR",2008,"Macrocystis pyrifera","PISCO","reference",321.222222222222,"Bio","After",5
"Gull Island SMR",2008,"Mesocentrotus franciscanus","PISCO","reference",123.223359387014,"Bio","After",5
"Gull Island SMR",2008,"Semicossyphus pulcher","PISCO","reference",7.51765327688473,"Bio","After",5
"Gull Island SMR",2008,"Strongylocentrotus purpuratus","PISCO","reference",22.1454950843902,"Bio","After",5
"Gull Island SMR",2009,"Macrocystis pyrifera","PISCO","reference",332,"Bio","After",6
"Gull Island SMR",2009,"Mesocentrotus franciscanus","PISCO","reference",244.839742106162,"Bio","After",6
"Gull Island SMR",2009,"Semicossyphus pulcher","PISCO","reference",9.68858050620476,"Bio","After",6
"Gull Island SMR",2009,"Strongylocentrotus purpuratus","PISCO","reference",48.4852428902583,"Bio","After",6
"Gull Island SMR",2010,"Macrocystis pyrifera","PISCO","reference",200.444444444444,"Bio","After",7
"Gull Island SMR",2010,"Mesocentrotus franciscanus","PISCO","reference",302.306952462053,"Bio","After",7
"Gull Island SMR",2010,"Semicossyphus pulcher","PISCO","reference",23.5853900887144,"Bio","After",7
"Gull Island SMR",2010,"Strongylocentrotus purpuratus","PISCO","reference",121.56190367488,"Bio","After",7
"Gull Island SMR",2011,"Macrocystis pyrifera","PISCO","reference",78.1111111111111,"Bio","After",8
"Gull Island SMR",2011,"Mesocentrotus franciscanus","PISCO","reference",186.714541912314,"Bio","After",8
"Gull Island SMR",2011,"Semicossyphus pulcher","PISCO","reference",15.2164525203474,"Bio","After",8
"Gull Island SMR",2011,"Strongylocentrotus purpuratus","PISCO","reference",196.926414308944,"Bio","After",8
"Gull Island SMR",2012,"Macrocystis pyrifera","PISCO","reference",134.666666666667,"Bio","After",9
"Gull Island SMR",2012,"Mesocentrotus franciscanus","PISCO","reference",611.200985223974,"Bio","After",9
"Gull Island SMR",2012,"Semicossyphus pulcher","PISCO","reference",11.4026564541944,"Bio","After",9
"Gull Island SMR",2012,"Strongylocentrotus purpuratus","PISCO","reference",134.04268528489,"Bio","After",9
"Gull Island SMR",2014,"Macrocystis pyrifera","PISCO","reference",93.8888888888889,"Bio","After",11
"Gull Island SMR",2014,"Mesocentrotus franciscanus","PISCO","reference",517.521216633389,"Bio","After",11
"Gull Island SMR",2014,"Semicossyphus pulcher","PISCO","reference",14.5422310261098,"Bio","After",11
"Gull Island SMR",2014,"Strongylocentrotus purpuratus","PISCO","reference",427.034169746206,"Bio","After",11
"Gull Island SMR",2015,"Macrocystis pyrifera","PISCO","reference",342.111111111111,"Bio","After",12
"Gull Island SMR",2015,"Mesocentrotus franciscanus","PISCO","reference",284.857485883335,"Bio","After",12
"Gull Island SMR",2015,"Semicossyphus pulcher","PISCO","reference",15.6112061124482,"Bio","After",12
"Gull Island SMR",2015,"Strongylocentrotus purpuratus","PISCO","reference",143.105208383757,"Bio","After",12
"Gull Island SMR",2016,"Semicossyphus pulcher","PISCO","reference",18.4235214426432,"Bio","After",13
"Gull Island SMR",2017,"Macrocystis pyrifera","PISCO","reference",150.777777777778,"Bio","After",14
"Gull Island SMR",2017,"Mesocentrotus franciscanus","PISCO","reference",509.663705851723,"Bio","After",14
"Gull Island SMR",2017,"Semicossyphus pulcher","PISCO","reference",23.888591321356,"Bio","After",14
"Gull Island SMR",2017,"Strongylocentrotus purpuratus","PISCO","reference",157.855776064508,"Bio","After",14
"Gull Island SMR",2018,"Macrocystis pyrifera","PISCO","reference",28.3333333333333,"Bio","After",15
"Gull Island SMR",2018,"Mesocentrotus franciscanus","PISCO","reference",200.046648359294,"Bio","After",15
"Gull Island SMR",2018,"Semicossyphus pulcher","PISCO","reference",22.2290963277537,"Bio","After",15
"Gull Island SMR",2018,"Strongylocentrotus purpuratus","PISCO","reference",71.9010612354337,"Bio","After",15
"Gull Island SMR",2019,"Macrocystis pyrifera","PISCO","reference",2.22222222222222,"Bio","After",16
"Gull Island SMR",2019,"Mesocentrotus franciscanus","PISCO","reference",446.516938936629,"Bio","After",16
"Gull Island SMR",2019,"Semicossyphus pulcher","PISCO","reference",25.9005613676946,"Bio","After",16
"Gull Island SMR",2019,"Strongylocentrotus purpuratus","PISCO","reference",148.748921235363,"Bio","After",16
"Gull Island SMR",2020,"Semicossyphus pulcher","PISCO","reference",19.8809098135749,"Bio","After",17
"Gull Island SMR",2021,"Macrocystis pyrifera","PISCO","reference",37.3333333333333,"Bio","After",18
"Gull Island SMR",2021,"Mesocentrotus franciscanus","PISCO","reference",67.3043566620849,"Bio","After",18
"Gull Island SMR",2021,"Semicossyphus pulcher","PISCO","reference",16.2756501593587,"Bio","After",18
"Gull Island SMR",2021,"Strongylocentrotus purpuratus","PISCO","reference",132.407269092642,"Bio","After",18
"Gull Island SMR",2022,"Semicossyphus pulcher","PISCO","reference",16.36304262321,"Bio","After",19
"Gull Island SMR",2023,"Macrocystis pyrifera","PISCO","reference",24,"Bio","After",20
"Gull Island SMR",2023,"Semicossyphus pulcher","PISCO","reference",15.03039471508,"Bio","After",20
"Harris Point SMR",2004,"Macrocystis pyrifera","PISCO","reference",351.222222222222,"Bio","After",1
"Harris Point SMR",2004,"Mesocentrotus franciscanus","PISCO","reference",539.176437046795,"Bio","After",1
"Harris Point SMR",2004,"Semicossyphus pulcher","PISCO","reference",2.95614022412476,"Bio","After",1
"Harris Point SMR",2004,"Strongylocentrotus purpuratus","PISCO","reference",5.4152733690257,"Bio","After",1
"Harris Point SMR",2005,"Macrocystis pyrifera","PISCO","reference",312.666666666667,"Bio","After",2
"Harris Point SMR",2005,"Mesocentrotus franciscanus","PISCO","reference",238.402648497156,"Bio","After",2
"Harris Point SMR",2005,"Semicossyphus pulcher","PISCO","reference",0.470313616386151,"Bio","After",2
"Harris Point SMR",2005,"Strongylocentrotus purpuratus","PISCO","reference",9.6438992311459,"Bio","After",2
"Harris Point SMR",2006,"Macrocystis pyrifera","PISCO","reference",493.333333333333,"Bio","After",3
"Harris Point SMR",2006,"Mesocentrotus franciscanus","PISCO","reference",1345.90277067605,"Bio","After",3
"Harris Point SMR",2006,"Semicossyphus pulcher","PISCO","reference",0,"Bio","After",3
"Harris Point SMR",2006,"Strongylocentrotus purpuratus","PISCO","reference",4.61498339893284,"Bio","After",3
"Harris Point SMR",2007,"Macrocystis pyrifera","PISCO","reference",464.888888888889,"Bio","After",4
"Harris Point SMR",2007,"Mesocentrotus franciscanus","PISCO","reference",801.051805543908,"Bio","After",4
"Harris Point SMR",2007,"Semicossyphus pulcher","PISCO","reference",0.016684759226267,"Bio","After",4
"Harris Point SMR",2007,"Strongylocentrotus purpuratus","PISCO","reference",15.7589638575138,"Bio","After",4
"Harris Point SMR",2008,"Macrocystis pyrifera","PISCO","reference",190.888888888889,"Bio","After",5
"Harris Point SMR",2008,"Mesocentrotus franciscanus","PISCO","reference",789.433303579016,"Bio","After",5
"Harris Point SMR",2008,"Semicossyphus pulcher","PISCO","reference",5.34326918668715,"Bio","After",5
"Harris Point SMR",2008,"Strongylocentrotus purpuratus","PISCO","reference",26.4984182857853,"Bio","After",5
"Harris Point SMR",2009,"Macrocystis pyrifera","PISCO","reference",312.222222222222,"Bio","After",6
"Harris Point SMR",2009,"Mesocentrotus franciscanus","PISCO","reference",840.945312928188,"Bio","After",6
"Harris Point SMR",2009,"Semicossyphus pulcher","PISCO","reference",0,"Bio","After",6
"Harris Point SMR",2009,"Strongylocentrotus purpuratus","PISCO","reference",32.6068844436786,"Bio","After",6
"Harris Point SMR",2010,"Macrocystis pyrifera","PISCO","reference",240.111111111111,"Bio","After",7
"Harris Point SMR",2010,"Mesocentrotus franciscanus","PISCO","reference",1550.02553289226,"Bio","After",7
"Harris Point SMR",2010,"Semicossyphus pulcher","PISCO","reference",3.26673688996655,"Bio","After",7
"Harris Point SMR",2010,"Strongylocentrotus purpuratus","PISCO","reference",41.1228140775694,"Bio","After",7
"Harris Point SMR",2011,"Macrocystis pyrifera","PISCO","reference",170.444444444444,"Bio","After",8
"Harris Point SMR",2011,"Mesocentrotus franciscanus","PISCO","reference",582.600598163987,"Bio","After",8
"Harris Point SMR",2011,"Semicossyphus pulcher","PISCO","reference",2.9589812236873,"Bio","After",8
"Harris Point SMR",2011,"Strongylocentrotus purpuratus","PISCO","reference",11.915074941761,"Bio","After",8
"Harris Point SMR",2012,"Macrocystis pyrifera","PISCO","reference",356,"Bio","After",9
"Harris Point SMR",2012,"Mesocentrotus franciscanus","PISCO","reference",648.582578475244,"Bio","After",9
"Harris Point SMR",2012,"Semicossyphus pulcher","PISCO","reference",0,"Bio","After",9
"Harris Point SMR",2012,"Strongylocentrotus purpuratus","PISCO","reference",8.92102801016826,"Bio","After",9
"Harris Point SMR",2014,"Macrocystis pyrifera","PISCO","reference",119.333333333333,"Bio","After",11
"Harris Point SMR",2014,"Mesocentrotus franciscanus","PISCO","reference",938.181963263944,"Bio","After",11
"Harris Point SMR",2014,"Semicossyphus pulcher","PISCO","reference",1.71282270325971,"Bio","After",11
"Harris Point SMR",2014,"Strongylocentrotus purpuratus","PISCO","reference",105.631701987038,"Bio","After",11
"Harris Point SMR",2016,"Macrocystis pyrifera","PISCO","reference",40.8888888888889,"Bio","After",13
"Harris Point SMR",2016,"Mesocentrotus franciscanus","PISCO","reference",882.341699122294,"Bio","After",13
"Harris Point SMR",2016,"Semicossyphus pulcher","PISCO","reference",1.91389428133863,"Bio","After",13
"Harris Point SMR",2016,"Strongylocentrotus purpuratus","PISCO","reference",305.560347610962,"Bio","After",13
"Harris Point SMR",2018,"Macrocystis pyrifera","PISCO","reference",0,"Bio","After",15
"Harris Point SMR",2018,"Mesocentrotus franciscanus","PISCO","reference",477.687028015296,"Bio","After",15
"Harris Point SMR",2018,"Semicossyphus pulcher","PISCO","reference",5.12980077418147,"Bio","After",15
"Harris Point SMR",2018,"Strongylocentrotus purpuratus","PISCO","reference",436.338822374891,"Bio","After",15
"Harris Point SMR",2019,"Macrocystis pyrifera","PISCO","reference",0,"Bio","After",16
"Harris Point SMR",2019,"Mesocentrotus franciscanus","PISCO","reference",388.297947356945,"Bio","After",16
"Harris Point SMR",2019,"Semicossyphus pulcher","PISCO","reference",2.31852461075727,"Bio","After",16
"Harris Point SMR",2019,"Strongylocentrotus purpuratus","PISCO","reference",583.224515731742,"Bio","After",16
"Harris Point SMR",2020,"Macrocystis pyrifera","PISCO","reference",0,"Bio","After",17
"Harris Point SMR",2020,"Semicossyphus pulcher","PISCO","reference",2.11303405374117,"Bio","After",17
"Harris Point SMR",2021,"Macrocystis pyrifera","PISCO","reference",0,"Bio","After",18
"Harris Point SMR",2021,"Mesocentrotus franciscanus","PISCO","reference",356.847353465361,"Bio","After",18
"Harris Point SMR",2021,"Semicossyphus pulcher","PISCO","reference",2.3828720350722,"Bio","After",18
"Harris Point SMR",2021,"Strongylocentrotus purpuratus","PISCO","reference",240.303323467839,"Bio","After",18
"Harris Point SMR",2022,"Macrocystis pyrifera","PISCO","reference",0,"Bio","After",19
"Harris Point SMR",2022,"Mesocentrotus franciscanus","PISCO","reference",382.639741777701,"Bio","After",19
"Harris Point SMR",2022,"Semicossyphus pulcher","PISCO","reference",9.64592058276576,"Bio","After",19
"Harris Point SMR",2022,"Strongylocentrotus purpuratus","PISCO","reference",401.959521313833,"Bio","After",19
"Harris Point SMR",2023,"Macrocystis pyrifera","PISCO","reference",0,"Bio","After",20
"Harris Point SMR",2023,"Semicossyphus pulcher","PISCO","reference",8.43868883161428,"Bio","After",20
"Matlahuayl SMR",2011,"Macrocystis pyrifera","PISCO","reference",16.2222222222222,"Bio","Before",0
"Matlahuayl SMR",2011,"Panulirus interruptus","PISCO","reference",23.3694951546395,"Bio","Before",0
"Matlahuayl SMR",2011,"Semicossyphus pulcher","PISCO","reference",3.4831138502709,"Bio","Before",0
"Matlahuayl SMR",2011,"Strongylocentrotus purpuratus","PISCO","reference",0,"Bio","Before",0
"Matlahuayl SMR",2012,"Macrocystis pyrifera","PISCO","reference",27.1111111111111,"Bio","Before",0
"Matlahuayl SMR",2012,"Mesocentrotus franciscanus","PISCO","reference",17.8579070054689,"Bio","Before",0
"Matlahuayl SMR",2012,"Panulirus interruptus","PISCO","reference",6.53460227789842,"Bio","Before",0
"Matlahuayl SMR",2012,"Semicossyphus pulcher","PISCO","reference",1.56979606541097,"Bio","Before",0
"Matlahuayl SMR",2019,"Macrocystis pyrifera","PISCO","reference",15.5555555555556,"Bio","After",7
"Matlahuayl SMR",2019,"Mesocentrotus franciscanus","PISCO","reference",49.0830989640183,"Bio","After",7
"Matlahuayl SMR",2019,"Panulirus interruptus","PISCO","reference",22.5489355232735,"Bio","After",7
"Matlahuayl SMR",2019,"Semicossyphus pulcher","PISCO","reference",1.13397937903503,"Bio","After",7
"Matlahuayl SMR",2019,"Strongylocentrotus purpuratus","PISCO","reference",5.75033081642852,"Bio","After",7
"Matlahuayl SMR",2020,"Macrocystis pyrifera","PISCO","reference",1.33333333333333,"Bio","After",8
"Matlahuayl SMR",2020,"Mesocentrotus franciscanus","PISCO","reference",14.6153692247074,"Bio","After",8
"Matlahuayl SMR",2020,"Panulirus interruptus","PISCO","reference",6.83490223061426,"Bio","After",8
"Matlahuayl SMR",2020,"Semicossyphus pulcher","PISCO","reference",2.85647224133207,"Bio","After",8
"Matlahuayl SMR",2020,"Strongylocentrotus purpuratus","PISCO","reference",0.292232497576316,"Bio","After",8
"Matlahuayl SMR",2021,"Macrocystis pyrifera","PISCO","reference",0,"Bio","After",9
"Matlahuayl SMR",2021,"Mesocentrotus franciscanus","PISCO","reference",34.7433088215083,"Bio","After",9
"Matlahuayl SMR",2021,"Panulirus interruptus","PISCO","reference",14.2664892519106,"Bio","After",9
"Matlahuayl SMR",2021,"Semicossyphus pulcher","PISCO","reference",1.59455841209443,"Bio","After",9
"Matlahuayl SMR",2021,"Strongylocentrotus purpuratus","PISCO","reference",3.14984285101127,"Bio","After",9
"Matlahuayl SMR",2022,"Macrocystis pyrifera","PISCO","reference",0,"Bio","After",10
"Matlahuayl SMR",2022,"Mesocentrotus franciscanus","PISCO","reference",52.0375020314796,"Bio","After",10
"Matlahuayl SMR",2022,"Panulirus interruptus","PISCO","reference",12.7064254923535,"Bio","After",10
"Matlahuayl SMR",2022,"Semicossyphus pulcher","PISCO","reference",3.4908552186292,"Bio","After",10
"Matlahuayl SMR",2022,"Strongylocentrotus purpuratus","PISCO","reference",1.55440339997836,"Bio","After",10
"Matlahuayl SMR",2023,"Macrocystis pyrifera","PISCO","reference",1.77777777777778,"Bio","After",11
"Matlahuayl SMR",2023,"Panulirus interruptus","PISCO","reference",4.61321007099011,"Bio","After",11
"Matlahuayl SMR",2023,"Semicossyphus pulcher","PISCO","reference",3.90067221525258,"Bio","After",11
"Naples SMCA",2009,"Semicossyphus pulcher","PISCO","reference",1.00318383160928,"Bio","Before",0
"Naples SMCA",2010,"Macrocystis pyrifera","PISCO","reference",104.555555555556,"Bio","Before",0
"Naples SMCA",2010,"Semicossyphus pulcher","PISCO","reference",4.67052023599303,"Bio","Before",0
"Naples SMCA",2011,"Macrocystis pyrifera","PISCO","reference",107.888888888889,"Bio","Before",0
"Naples SMCA",2011,"Mesocentrotus franciscanus","PISCO","reference",27.574002810578,"Bio","Before",0
"Naples SMCA",2011,"Semicossyphus pulcher","PISCO","reference",6.33083953707949,"Bio","Before",0
"Naples SMCA",2011,"Strongylocentrotus purpuratus","PISCO","reference",202.593227465501,"Bio","Before",0
"Naples SMCA",2012,"Macrocystis pyrifera","PISCO","reference",191.222222222222,"Bio","Before",0
"Naples SMCA",2012,"Mesocentrotus franciscanus","PISCO","reference",392.455681835768,"Bio","Before",0
"Naples SMCA",2012,"Semicossyphus pulcher","PISCO","reference",1.85294661451798,"Bio","Before",0
"Naples SMCA",2012,"Strongylocentrotus purpuratus","PISCO","reference",99.0244046948482,"Bio","Before",0
"Naples SMCA",2013,"Macrocystis pyrifera","PISCO","reference",397.333333333333,"Bio","After",1
"Naples SMCA",2013,"Mesocentrotus franciscanus","PISCO","reference",384.371070707885,"Bio","After",1
"Naples SMCA",2013,"Semicossyphus pulcher","PISCO","reference",0,"Bio","After",1
"Naples SMCA",2013,"Strongylocentrotus purpuratus","PISCO","reference",45.9721636136984,"Bio","After",1
"Naples SMCA",2014,"Macrocystis pyrifera","PISCO","reference",405.555555555556,"Bio","After",2
"Naples SMCA",2014,"Mesocentrotus franciscanus","PISCO","reference",82.7595358829474,"Bio","After",2
"Naples SMCA",2014,"Semicossyphus pulcher","PISCO","reference",0,"Bio","After",2
"Naples SMCA",2014,"Strongylocentrotus purpuratus","PISCO","reference",48.6101826425064,"Bio","After",2
"Naples SMCA",2015,"Macrocystis pyrifera","PISCO","reference",333.444444444444,"Bio","After",3
"Naples SMCA",2015,"Mesocentrotus franciscanus","PISCO","reference",122.769404596832,"Bio","After",3
"Naples SMCA",2015,"Semicossyphus pulcher","PISCO","reference",1.16386981994284,"Bio","After",3
"Naples SMCA",2015,"Strongylocentrotus purpuratus","PISCO","reference",16.1912722620194,"Bio","After",3
"Naples SMCA",2016,"Macrocystis pyrifera","PISCO","reference",222.111111111111,"Bio","After",4
"Naples SMCA",2016,"Mesocentrotus franciscanus","PISCO","reference",98.466715759896,"Bio","After",4
"Naples SMCA",2016,"Semicossyphus pulcher","PISCO","reference",3.78368135227663,"Bio","After",4
"Naples SMCA",2016,"Strongylocentrotus purpuratus","PISCO","reference",26.3689642120474,"Bio","After",4
"Naples SMCA",2017,"Macrocystis pyrifera","PISCO","reference",277.666666666667,"Bio","After",5
"Naples SMCA",2017,"Mesocentrotus franciscanus","PISCO","reference",14.6519706604666,"Bio","After",5
"Naples SMCA",2017,"Semicossyphus pulcher","PISCO","reference",3.267540998634,"Bio","After",5
"Naples SMCA",2017,"Strongylocentrotus purpuratus","PISCO","reference",43.7896446665992,"Bio","After",5
"Naples SMCA",2018,"Macrocystis pyrifera","PISCO","reference",407.333333333333,"Bio","After",6
"Naples SMCA",2018,"Mesocentrotus franciscanus","PISCO","reference",44.9438087007979,"Bio","After",6
"Naples SMCA",2018,"Semicossyphus pulcher","PISCO","reference",10.2528217268782,"Bio","After",6
"Naples SMCA",2018,"Strongylocentrotus purpuratus","PISCO","reference",75.3830420256247,"Bio","After",6
"Naples SMCA",2019,"Macrocystis pyrifera","PISCO","reference",168.888888888889,"Bio","After",7
"Naples SMCA",2019,"Mesocentrotus franciscanus","PISCO","reference",29.2536668206253,"Bio","After",7
"Naples SMCA",2019,"Semicossyphus pulcher","PISCO","reference",6.85423800220955,"Bio","After",7
"Naples SMCA",2019,"Strongylocentrotus purpuratus","PISCO","reference",114.766810891236,"Bio","After",7
"Naples SMCA",2020,"Macrocystis pyrifera","PISCO","reference",248.555555555556,"Bio","After",8
"Naples SMCA",2020,"Mesocentrotus franciscanus","PISCO","reference",37.7967892015122,"Bio","After",8
"Naples SMCA",2020,"Semicossyphus pulcher","PISCO","reference",5.94545583362017,"Bio","After",8
"Naples SMCA",2020,"Strongylocentrotus purpuratus","PISCO","reference",24.4737397680784,"Bio","After",8
"Naples SMCA",2021,"Macrocystis pyrifera","PISCO","reference",169,"Bio","After",9
"Naples SMCA",2021,"Mesocentrotus franciscanus","PISCO","reference",13.4627736446738,"Bio","After",9
"Naples SMCA",2021,"Semicossyphus pulcher","PISCO","reference",3.53177273083697,"Bio","After",9
"Naples SMCA",2021,"Strongylocentrotus purpuratus","PISCO","reference",70.7789336680292,"Bio","After",9
"Naples SMCA",2022,"Macrocystis pyrifera","PISCO","reference",59.6666666666667,"Bio","After",10
"Naples SMCA",2022,"Mesocentrotus franciscanus","PISCO","reference",21.8789735583453,"Bio","After",10
"Naples SMCA",2022,"Semicossyphus pulcher","PISCO","reference",6.99672040809285,"Bio","After",10
"Naples SMCA",2022,"Strongylocentrotus purpuratus","PISCO","reference",109.260211271201,"Bio","After",10
"Naples SMCA",2023,"Macrocystis pyrifera","PISCO","reference",38,"Bio","After",11
"Naples SMCA",2023,"Mesocentrotus franciscanus","PISCO","reference",46.9884386322812,"Bio","After",11
"Naples SMCA",2023,"Semicossyphus pulcher","PISCO","reference",4.0705912774446,"Bio","After",11
"Naples SMCA",2023,"Strongylocentrotus purpuratus","PISCO","reference",131.257055075377,"Bio","After",11
"Point Vicente SMCA",2004,"Semicossyphus pulcher","PISCO","reference",12.0820307007346,"Bio","Before",0
"Point Vicente SMCA",2007,"Semicossyphus pulcher","PISCO","reference",6.82879308332871,"Bio","Before",0
"Point Vicente SMCA",2008,"Macrocystis pyrifera","PISCO","reference",200.755555555556,"Bio","Before",0
"Point Vicente SMCA",2008,"Semicossyphus pulcher","PISCO","reference",8.23815925609346,"Bio","Before",0
"Point Vicente SMCA",2009,"Macrocystis pyrifera","PISCO","reference",262.944444444444,"Bio","Before",0
"Point Vicente SMCA",2009,"Mesocentrotus franciscanus","PISCO","reference",79.3345698095587,"Bio","Before",0
"Point Vicente SMCA",2009,"Semicossyphus pulcher","PISCO","reference",8.6412789750257,"Bio","Before",0
"Point Vicente SMCA",2009,"Strongylocentrotus purpuratus","PISCO","reference",52.9996362076818,"Bio","Before",0
"Point Vicente SMCA",2010,"Macrocystis pyrifera","PISCO","reference",341.541666666667,"Bio","Before",0
"Point Vicente SMCA",2010,"Mesocentrotus franciscanus","PISCO","reference",108.6719901084,"Bio","Before",0
"Point Vicente SMCA",2010,"Semicossyphus pulcher","PISCO","reference",7.95625978134586,"Bio","Before",0
"Point Vicente SMCA",2010,"Strongylocentrotus purpuratus","PISCO","reference",49.5613144652549,"Bio","Before",0
"Point Vicente SMCA",2011,"Macrocystis pyrifera","PISCO","reference",237.088888888889,"Bio","Before",0
"Point Vicente SMCA",2011,"Mesocentrotus franciscanus","PISCO","reference",104.910516987537,"Bio","Before",0
"Point Vicente SMCA",2011,"Panulirus interruptus","PISCO","reference",1.08409249087684,"Bio","Before",0
"Point Vicente SMCA",2011,"Semicossyphus pulcher","PISCO","reference",9.80783016476872,"Bio","Before",0
"Point Vicente SMCA",2011,"Strongylocentrotus purpuratus","PISCO","reference",68.9025686863036,"Bio","Before",0
"Point Vicente SMCA",2012,"Macrocystis pyrifera","PISCO","reference",170.902777777778,"Bio","Before",0
"Point Vicente SMCA",2012,"Mesocentrotus franciscanus","PISCO","reference",127.607433672677,"Bio","Before",0
"Point Vicente SMCA",2012,"Panulirus interruptus","PISCO","reference",1.26610904296613,"Bio","Before",0
"Point Vicente SMCA",2012,"Semicossyphus pulcher","PISCO","reference",5.60840694130181,"Bio","Before",0
"Point Vicente SMCA",2012,"Strongylocentrotus purpuratus","PISCO","reference",106.493552292257,"Bio","Before",0
"Point Vicente SMCA",2013,"Macrocystis pyrifera","PISCO","reference",148.619047619048,"Bio","After",1
"Point Vicente SMCA",2013,"Mesocentrotus franciscanus","PISCO","reference",94.8163277330375,"Bio","After",1
"Point Vicente SMCA",2013,"Panulirus interruptus","PISCO","reference",2.76334862517919,"Bio","After",1
"Point Vicente SMCA",2013,"Semicossyphus pulcher","PISCO","reference",5.83792675547945,"Bio","After",1
"Point Vicente SMCA",2013,"Strongylocentrotus purpuratus","PISCO","reference",56.3778704264625,"Bio","After",1
"Point Vicente SMCA",2014,"Semicossyphus pulcher","PISCO","reference",7.27249445492755,"Bio","After",2
"Point Vicente SMCA",2015,"Macrocystis pyrifera","PISCO","reference",230.97619047619,"Bio","After",3
"Point Vicente SMCA",2015,"Mesocentrotus franciscanus","PISCO","reference",32.2361943660203,"Bio","After",3
"Point Vicente SMCA",2015,"Panulirus interruptus","PISCO","reference",6.10866661568233,"Bio","After",3
"Point Vicente SMCA",2015,"Semicossyphus pulcher","PISCO","reference",6.6762210249109,"Bio","After",3
"Point Vicente SMCA",2015,"Strongylocentrotus purpuratus","PISCO","reference",7.62251268486191,"Bio","After",3
"Point Vicente SMCA",2016,"Macrocystis pyrifera","PISCO","reference",163.714285714286,"Bio","After",4
"Point Vicente SMCA",2016,"Mesocentrotus franciscanus","PISCO","reference",25.9738217384265,"Bio","After",4
"Point Vicente SMCA",2016,"Panulirus interruptus","PISCO","reference",3.7268337168194,"Bio","After",4
"Point Vicente SMCA",2016,"Semicossyphus pulcher","PISCO","reference",6.61131003036926,"Bio","After",4
"Point Vicente SMCA",2016,"Strongylocentrotus purpuratus","PISCO","reference",4.78618419752142,"Bio","After",4
"Point Vicente SMCA",2017,"Macrocystis pyrifera","PISCO","reference",242.734567901235,"Bio","After",5
"Point Vicente SMCA",2017,"Mesocentrotus franciscanus","PISCO","reference",23.6860695965966,"Bio","After",5
"Point Vicente SMCA",2017,"Panulirus interruptus","PISCO","reference",2.62969955181741,"Bio","After",5
"Point Vicente SMCA",2017,"Semicossyphus pulcher","PISCO","reference",5.16629991524091,"Bio","After",5
"Point Vicente SMCA",2017,"Strongylocentrotus purpuratus","PISCO","reference",4.19499827528884,"Bio","After",5
"Point Vicente SMCA",2018,"Macrocystis pyrifera","PISCO","reference",241.814814814815,"Bio","After",6
"Point Vicente SMCA",2018,"Mesocentrotus franciscanus","PISCO","reference",22.3152631526169,"Bio","After",6
"Point Vicente SMCA",2018,"Panulirus interruptus","PISCO","reference",2.95616947520592,"Bio","After",6
"Point Vicente SMCA",2018,"Semicossyphus pulcher","PISCO","reference",5.69347532945258,"Bio","After",6
"Point Vicente SMCA",2018,"Strongylocentrotus purpuratus","PISCO","reference",9.53767510454657,"Bio","After",6
"Point Vicente SMCA",2019,"Macrocystis pyrifera","PISCO","reference",154.845679012346,"Bio","After",7
"Point Vicente SMCA",2019,"Mesocentrotus franciscanus","PISCO","reference",27.3445174452355,"Bio","After",7
"Point Vicente SMCA",2019,"Panulirus interruptus","PISCO","reference",2.03405199860042,"Bio","After",7
"Point Vicente SMCA",2019,"Semicossyphus pulcher","PISCO","reference",6.62710955165224,"Bio","After",7
"Point Vicente SMCA",2019,"Strongylocentrotus purpuratus","PISCO","reference",11.8776810372464,"Bio","After",7
"Point Vicente SMCA",2020,"Macrocystis pyrifera","PISCO","reference",245.20987654321,"Bio","After",8
"Point Vicente SMCA",2020,"Mesocentrotus franciscanus","PISCO","reference",26.6236678071108,"Bio","After",8
"Point Vicente SMCA",2020,"Panulirus interruptus","PISCO","reference",2.83668519709235,"Bio","After",8
"Point Vicente SMCA",2020,"Semicossyphus pulcher","PISCO","reference",5.29466245825225,"Bio","After",8
"Point Vicente SMCA",2020,"Strongylocentrotus purpuratus","PISCO","reference",11.5597314552335,"Bio","After",8
"Point Vicente SMCA",2021,"Macrocystis pyrifera","PISCO","reference",143.432098765432,"Bio","After",9
"Point Vicente SMCA",2021,"Mesocentrotus franciscanus","PISCO","reference",23.7848237226865,"Bio","After",9
"Point Vicente SMCA",2021,"Panulirus interruptus","PISCO","reference",1.33676035992258,"Bio","After",9
"Point Vicente SMCA",2021,"Semicossyphus pulcher","PISCO","reference",6.24364232980272,"Bio","After",9
"Point Vicente SMCA",2021,"Strongylocentrotus purpuratus","PISCO","reference",5.78906324672359,"Bio","After",9
"Point Vicente SMCA",2022,"Macrocystis pyrifera","PISCO","reference",135.012345679012,"Bio","After",10
"Point Vicente SMCA",2022,"Mesocentrotus franciscanus","PISCO","reference",58.5239427929869,"Bio","After",10
"Point Vicente SMCA",2022,"Panulirus interruptus","PISCO","reference",3.17180312371633,"Bio","After",10
"Point Vicente SMCA",2022,"Semicossyphus pulcher","PISCO","reference",6.72255743372373,"Bio","After",10
"Point Vicente SMCA",2022,"Strongylocentrotus purpuratus","PISCO","reference",11.0000832155807,"Bio","After",10
"Point Vicente SMCA",2023,"Macrocystis pyrifera","PISCO","reference",233.8125,"Bio","After",11
"Point Vicente SMCA",2023,"Mesocentrotus franciscanus","PISCO","reference",78.8622061755721,"Bio","After",11
"Point Vicente SMCA",2023,"Panulirus interruptus","PISCO","reference",4.37862621423607,"Bio","After",11
"Point Vicente SMCA",2023,"Semicossyphus pulcher","PISCO","reference",9.55105672110211,"Bio","After",11
"Point Vicente SMCA",2023,"Strongylocentrotus purpuratus","PISCO","reference",36.543965658515,"Bio","After",11
"Scorpion SMR",2004,"Macrocystis pyrifera","PISCO","reference",104.666666666667,"Bio","After",1
"Scorpion SMR",2004,"Mesocentrotus franciscanus","PISCO","reference",166.259812270831,"Bio","After",1
"Scorpion SMR",2004,"Semicossyphus pulcher","PISCO","reference",2.94555521607322,"Bio","After",1
"Scorpion SMR",2004,"Strongylocentrotus purpuratus","PISCO","reference",129.921035344665,"Bio","After",1
"Scorpion SMR",2005,"Macrocystis pyrifera","PISCO","reference",93.8888888888889,"Bio","After",2
"Scorpion SMR",2005,"Mesocentrotus franciscanus","PISCO","reference",143.409437225698,"Bio","After",2
"Scorpion SMR",2005,"Semicossyphus pulcher","PISCO","reference",4.89232707663878,"Bio","After",2
"Scorpion SMR",2005,"Strongylocentrotus purpuratus","PISCO","reference",111.631709296478,"Bio","After",2
"Scorpion SMR",2006,"Macrocystis pyrifera","PISCO","reference",74,"Bio","After",3
"Scorpion SMR",2006,"Mesocentrotus franciscanus","PISCO","reference",140.691355032157,"Bio","After",3
"Scorpion SMR",2006,"Semicossyphus pulcher","PISCO","reference",4.57063165317007,"Bio","After",3
"Scorpion SMR",2006,"Strongylocentrotus purpuratus","PISCO","reference",173.35693238501,"Bio","After",3
"Scorpion SMR",2007,"Macrocystis pyrifera","PISCO","reference",55.9333333333333,"Bio","After",4
"Scorpion SMR",2007,"Mesocentrotus franciscanus","PISCO","reference",127.022120705822,"Bio","After",4
"Scorpion SMR",2007,"Semicossyphus pulcher","PISCO","reference",4.87424608343834,"Bio","After",4
"Scorpion SMR",2007,"Strongylocentrotus purpuratus","PISCO","reference",103.159786633829,"Bio","After",4
"Scorpion SMR",2008,"Macrocystis pyrifera","PISCO","reference",122.333333333333,"Bio","After",5
"Scorpion SMR",2008,"Mesocentrotus franciscanus","PISCO","reference",93.4327725442394,"Bio","After",5
"Scorpion SMR",2008,"Semicossyphus pulcher","PISCO","reference",7.0918289195177,"Bio","After",5
"Scorpion SMR",2008,"Strongylocentrotus purpuratus","PISCO","reference",125.809354291692,"Bio","After",5
"Scorpion SMR",2009,"Macrocystis pyrifera","PISCO","reference",67.2666666666667,"Bio","After",6
"Scorpion SMR",2009,"Mesocentrotus franciscanus","PISCO","reference",192.670041039465,"Bio","After",6
"Scorpion SMR",2009,"Semicossyphus pulcher","PISCO","reference",9.75518282401114,"Bio","After",6
"Scorpion SMR",2009,"Strongylocentrotus purpuratus","PISCO","reference",141.462324620126,"Bio","After",6
"Scorpion SMR",2010,"Macrocystis pyrifera","PISCO","reference",150.277777777778,"Bio","After",7
"Scorpion SMR",2010,"Mesocentrotus franciscanus","PISCO","reference",169.056806488035,"Bio","After",7
"Scorpion SMR",2010,"Semicossyphus pulcher","PISCO","reference",6.33424711409771,"Bio","After",7
"Scorpion SMR",2010,"Strongylocentrotus purpuratus","PISCO","reference",174.943660254586,"Bio","After",7
"Scorpion SMR",2011,"Macrocystis pyrifera","PISCO","reference",89.1666666666667,"Bio","After",8
"Scorpion SMR",2011,"Mesocentrotus franciscanus","PISCO","reference",188.703526485998,"Bio","After",8
"Scorpion SMR",2011,"Semicossyphus pulcher","PISCO","reference",7.68160993081275,"Bio","After",8
"Scorpion SMR",2011,"Strongylocentrotus purpuratus","PISCO","reference",243.762029775423,"Bio","After",8
"Scorpion SMR",2012,"Macrocystis pyrifera","PISCO","reference",5.61111111111111,"Bio","After",9
"Scorpion SMR",2012,"Mesocentrotus franciscanus","PISCO","reference",224.172529868611,"Bio","After",9
"Scorpion SMR",2012,"Semicossyphus pulcher","PISCO","reference",10.637746197353,"Bio","After",9
"Scorpion SMR",2012,"Strongylocentrotus purpuratus","PISCO","reference",182.658973342918,"Bio","After",9
"Scorpion SMR",2013,"Macrocystis pyrifera","PISCO","reference",0,"Bio","After",10
"Scorpion SMR",2013,"Mesocentrotus franciscanus","PISCO","reference",758.59553604505,"Bio","After",10
"Scorpion SMR",2013,"Semicossyphus pulcher","PISCO","reference",12.1114832033773,"Bio","After",10
"Scorpion SMR",2013,"Strongylocentrotus purpuratus","PISCO","reference",206.338615078891,"Bio","After",10
"Scorpion SMR",2014,"Macrocystis pyrifera","PISCO","reference",6.88888888888889,"Bio","After",11
"Scorpion SMR",2014,"Mesocentrotus franciscanus","PISCO","reference",335.82853749254,"Bio","After",11
"Scorpion SMR",2014,"Semicossyphus pulcher","PISCO","reference",12.9900672804852,"Bio","After",11
"Scorpion SMR",2014,"Strongylocentrotus purpuratus","PISCO","reference",226.656724237545,"Bio","After",11
"Scorpion SMR",2015,"Macrocystis pyrifera","PISCO","reference",0,"Bio","After",12
"Scorpion SMR",2015,"Mesocentrotus franciscanus","PISCO","reference",128.948910835334,"Bio","After",12
"Scorpion SMR",2015,"Semicossyphus pulcher","PISCO","reference",8.3871281459508,"Bio","After",12
"Scorpion SMR",2015,"Strongylocentrotus purpuratus","PISCO","reference",109.969843985139,"Bio","After",12
"Scorpion SMR",2016,"Macrocystis pyrifera","PISCO","reference",21.2777777777778,"Bio","After",13
"Scorpion SMR",2016,"Mesocentrotus franciscanus","PISCO","reference",19.6604784206548,"Bio","After",13
"Scorpion SMR",2016,"Semicossyphus pulcher","PISCO","reference",11.5579431250208,"Bio","After",13
"Scorpion SMR",2016,"Strongylocentrotus purpuratus","PISCO","reference",22.2235340871832,"Bio","After",13
"Scorpion SMR",2017,"Macrocystis pyrifera","PISCO","reference",1.83333333333333,"Bio","After",14
"Scorpion SMR",2017,"Mesocentrotus franciscanus","PISCO","reference",29.1318214362144,"Bio","After",14
"Scorpion SMR",2017,"Semicossyphus pulcher","PISCO","reference",12.1848979714114,"Bio","After",14
"Scorpion SMR",2017,"Strongylocentrotus purpuratus","PISCO","reference",56.7831105023533,"Bio","After",14
"Scorpion SMR",2018,"Macrocystis pyrifera","PISCO","reference",5.77777777777778,"Bio","After",15
"Scorpion SMR",2018,"Mesocentrotus franciscanus","PISCO","reference",64.6982717874692,"Bio","After",15
"Scorpion SMR",2018,"Semicossyphus pulcher","PISCO","reference",14.4608283171049,"Bio","After",15
"Scorpion SMR",2018,"Strongylocentrotus purpuratus","PISCO","reference",84.0879405843387,"Bio","After",15
"Scorpion SMR",2019,"Macrocystis pyrifera","PISCO","reference",5.44444444444444,"Bio","After",16
"Scorpion SMR",2019,"Mesocentrotus franciscanus","PISCO","reference",54.656372828711,"Bio","After",16
"Scorpion SMR",2019,"Semicossyphus pulcher","PISCO","reference",13.7202396872049,"Bio","After",16
"Scorpion SMR",2019,"Strongylocentrotus purpuratus","PISCO","reference",85.2973333583674,"Bio","After",16
"Scorpion SMR",2020,"Macrocystis pyrifera","PISCO","reference",2.62962962962963,"Bio","After",17
"Scorpion SMR",2020,"Semicossyphus pulcher","PISCO","reference",15.4182899031201,"Bio","After",17
"Scorpion SMR",2021,"Macrocystis pyrifera","PISCO","reference",21.5,"Bio","After",18
"Scorpion SMR",2021,"Mesocentrotus franciscanus","PISCO","reference",93.1662140816427,"Bio","After",18
"Scorpion SMR",2021,"Semicossyphus pulcher","PISCO","reference",16.0958400196716,"Bio","After",18
"Scorpion SMR",2021,"Strongylocentrotus purpuratus","PISCO","reference",120.586192285119,"Bio","After",18
"Scorpion SMR",2022,"Macrocystis pyrifera","PISCO","reference",15.4259259259259,"Bio","After",19
"Scorpion SMR",2022,"Mesocentrotus franciscanus","PISCO","reference",171.208255334773,"Bio","After",19
"Scorpion SMR",2022,"Semicossyphus pulcher","PISCO","reference",30.7765471640752,"Bio","After",19
"Scorpion SMR",2022,"Strongylocentrotus purpuratus","PISCO","reference",103.098424147632,"Bio","After",19
"Scorpion SMR",2023,"Macrocystis pyrifera","PISCO","reference",14.4444444444444,"Bio","After",20
"Scorpion SMR",2023,"Semicossyphus pulcher","PISCO","reference",20.8533465016364,"Bio","After",20
"South Point SMR",2004,"Semicossyphus pulcher","PISCO","reference",9.57569838333265,"Bio","After",1
"South Point SMR",2005,"Macrocystis pyrifera","PISCO","reference",347.666666666667,"Bio","After",2
"South Point SMR",2005,"Mesocentrotus franciscanus","PISCO","reference",44.7993049111381,"Bio","After",2
"South Point SMR",2005,"Semicossyphus pulcher","PISCO","reference",10.5456833358624,"Bio","After",2
"South Point SMR",2005,"Strongylocentrotus purpuratus","PISCO","reference",0.566301789212613,"Bio","After",2
"South Point SMR",2006,"Semicossyphus pulcher","PISCO","reference",13.3374113019272,"Bio","After",3
"South Point SMR",2007,"Macrocystis pyrifera","PISCO","reference",257.333333333333,"Bio","After",4
"South Point SMR",2007,"Mesocentrotus franciscanus","PISCO","reference",80.181748685979,"Bio","After",4
"South Point SMR",2007,"Semicossyphus pulcher","PISCO","reference",23.8988214330291,"Bio","After",4
"South Point SMR",2007,"Strongylocentrotus purpuratus","PISCO","reference",1.3487916845466,"Bio","After",4
"South Point SMR",2008,"Macrocystis pyrifera","PISCO","reference",374.555555555556,"Bio","After",5
"South Point SMR",2008,"Mesocentrotus franciscanus","PISCO","reference",92.4224393310279,"Bio","After",5
"South Point SMR",2008,"Semicossyphus pulcher","PISCO","reference",2.69921962297812,"Bio","After",5
"South Point SMR",2008,"Strongylocentrotus purpuratus","PISCO","reference",3.95318246648802,"Bio","After",5
"South Point SMR",2009,"Macrocystis pyrifera","PISCO","reference",214.888888888889,"Bio","After",6
"South Point SMR",2009,"Mesocentrotus franciscanus","PISCO","reference",205.276165654824,"Bio","After",6
"South Point SMR",2009,"Semicossyphus pulcher","PISCO","reference",12.041808526958,"Bio","After",6
"South Point SMR",2009,"Strongylocentrotus purpuratus","PISCO","reference",29.7682858318833,"Bio","After",6
"South Point SMR",2010,"Macrocystis pyrifera","PISCO","reference",204.555555555556,"Bio","After",7
"South Point SMR",2010,"Mesocentrotus franciscanus","PISCO","reference",110.952634282987,"Bio","After",7
"South Point SMR",2010,"Semicossyphus pulcher","PISCO","reference",9.6661447588617,"Bio","After",7
"South Point SMR",2010,"Strongylocentrotus purpuratus","PISCO","reference",8.64162367622367,"Bio","After",7
"South Point SMR",2011,"Macrocystis pyrifera","PISCO","reference",200.555555555556,"Bio","After",8
"South Point SMR",2011,"Mesocentrotus franciscanus","PISCO","reference",214.459807170033,"Bio","After",8
"South Point SMR",2011,"Semicossyphus pulcher","PISCO","reference",8.12653342366635,"Bio","After",8
"South Point SMR",2011,"Strongylocentrotus purpuratus","PISCO","reference",32.7604067446986,"Bio","After",8
"South Point SMR",2012,"Macrocystis pyrifera","PISCO","reference",134.611111111111,"Bio","After",9
"South Point SMR",2012,"Mesocentrotus franciscanus","PISCO","reference",142.516989642238,"Bio","After",9
"South Point SMR",2012,"Semicossyphus pulcher","PISCO","reference",12.2737749143071,"Bio","After",9
"South Point SMR",2012,"Strongylocentrotus purpuratus","PISCO","reference",3.9179033150644,"Bio","After",9
"South Point SMR",2013,"Semicossyphus pulcher","PISCO","reference",25.9803645340929,"Bio","After",10
"South Point SMR",2014,"Macrocystis pyrifera","PISCO","reference",157,"Bio","After",11
"South Point SMR",2014,"Mesocentrotus franciscanus","PISCO","reference",278.416012161939,"Bio","After",11
"South Point SMR",2014,"Semicossyphus pulcher","PISCO","reference",14.5994866506111,"Bio","After",11
"South Point SMR",2014,"Strongylocentrotus purpuratus","PISCO","reference",59.7996185974462,"Bio","After",11
"South Point SMR",2015,"Macrocystis pyrifera","PISCO","reference",136.055555555556,"Bio","After",12
"South Point SMR",2015,"Mesocentrotus franciscanus","PISCO","reference",290.440869990434,"Bio","After",12
"South Point SMR",2015,"Semicossyphus pulcher","PISCO","reference",6.44441980399752,"Bio","After",12
"South Point SMR",2015,"Strongylocentrotus purpuratus","PISCO","reference",333.289443992356,"Bio","After",12
"South Point SMR",2016,"Macrocystis pyrifera","PISCO","reference",90.3888888888889,"Bio","After",13
"South Point SMR",2016,"Mesocentrotus franciscanus","PISCO","reference",454.637996557769,"Bio","After",13
"South Point SMR",2016,"Semicossyphus pulcher","PISCO","reference",14.0575573656625,"Bio","After",13
"South Point SMR",2016,"Strongylocentrotus purpuratus","PISCO","reference",282.27273676378,"Bio","After",13
"South Point SMR",2017,"Macrocystis pyrifera","PISCO","reference",48.3888888888889,"Bio","After",14
"South Point SMR",2017,"Mesocentrotus franciscanus","PISCO","reference",300.539870992579,"Bio","After",14
"South Point SMR",2017,"Semicossyphus pulcher","PISCO","reference",10.7723554796878,"Bio","After",14
"South Point SMR",2017,"Strongylocentrotus purpuratus","PISCO","reference",243.631053925953,"Bio","After",14
"South Point SMR",2018,"Macrocystis pyrifera","PISCO","reference",94.3333333333333,"Bio","After",15
"South Point SMR",2018,"Mesocentrotus franciscanus","PISCO","reference",185.360721645159,"Bio","After",15
"South Point SMR",2018,"Semicossyphus pulcher","PISCO","reference",18.5911585769298,"Bio","After",15
"South Point SMR",2018,"Strongylocentrotus purpuratus","PISCO","reference",109.934840755199,"Bio","After",15
"South Point SMR",2019,"Macrocystis pyrifera","PISCO","reference",6.72222222222222,"Bio","After",16
"South Point SMR",2019,"Mesocentrotus franciscanus","PISCO","reference",103.223895771778,"Bio","After",16
"South Point SMR",2019,"Semicossyphus pulcher","PISCO","reference",22.124580911568,"Bio","After",16
"South Point SMR",2019,"Strongylocentrotus purpuratus","PISCO","reference",83.5956740181506,"Bio","After",16
"South Point SMR",2020,"Macrocystis pyrifera","PISCO","reference",149.555555555556,"Bio","After",17
"South Point SMR",2020,"Semicossyphus pulcher","PISCO","reference",12.106226277326,"Bio","After",17
"South Point SMR",2021,"Macrocystis pyrifera","PISCO","reference",10.7777777777778,"Bio","After",18
"South Point SMR",2021,"Mesocentrotus franciscanus","PISCO","reference",206.245920387565,"Bio","After",18
"South Point SMR",2021,"Semicossyphus pulcher","PISCO","reference",14.725056604133,"Bio","After",18
"South Point SMR",2021,"Strongylocentrotus purpuratus","PISCO","reference",108.073329570479,"Bio","After",18
"South Point SMR",2022,"Semicossyphus pulcher","PISCO","reference",27.8486256723195,"Bio","After",19
"South Point SMR",2023,"Macrocystis pyrifera","PISCO","reference",2.66666666666667,"Bio","After",20
"South Point SMR",2023,"Semicossyphus pulcher","PISCO","reference",19.2240035278625,"Bio","After",20
"Santa Barbara Island SMR",1985,"Semicossyphus pulcher","KFM","mpa",0.0225,"Den","Before",0
"Santa Barbara Island SMR",1986,"Semicossyphus pulcher","KFM","mpa",0.02375,"Den","Before",0
"Santa Barbara Island SMR",1987,"Semicossyphus pulcher","KFM","mpa",0.0116666666666667,"Den","Before",0
"Santa Barbara Island SMR",1988,"Semicossyphus pulcher","KFM","mpa",0.01,"Den","Before",0
"Santa Barbara Island SMR",1989,"Semicossyphus pulcher","KFM","mpa",0.00375,"Den","Before",0
"Santa Barbara Island SMR",1990,"Semicossyphus pulcher","KFM","mpa",0.00375,"Den","Before",0
"Santa Barbara Island SMR",1991,"Semicossyphus pulcher","KFM","mpa",0.01125,"Den","Before",0
"Santa Barbara Island SMR",1992,"Semicossyphus pulcher","KFM","mpa",0.01,"Den","Before",0
"Santa Barbara Island SMR",1993,"Semicossyphus pulcher","KFM","mpa",0.01875,"Den","Before",0
"Santa Barbara Island SMR",1994,"Semicossyphus pulcher","KFM","mpa",0.025,"Den","Before",0
"Santa Barbara Island SMR",1995,"Semicossyphus pulcher","KFM","mpa",0.0125,"Den","Before",0
"Santa Barbara Island SMR",1996,"Semicossyphus pulcher","KFM","mpa",0.01375,"Den","Before",0
"Santa Barbara Island SMR",1997,"Semicossyphus pulcher","KFM","mpa",0.0025,"Den","Before",0
"Santa Barbara Island SMR",1998,"Semicossyphus pulcher","KFM","mpa",0.01,"Den","Before",0
"Santa Barbara Island SMR",1999,"Semicossyphus pulcher","KFM","mpa",0.015,"Den","Before",0
"Santa Barbara Island SMR",2000,"Semicossyphus pulcher","KFM","mpa",0,"Den","Before",0
"Santa Barbara Island SMR",2001,"Semicossyphus pulcher","KFM","mpa",0.00125,"Den","Before",0
"Santa Barbara Island SMR",2002,"Semicossyphus pulcher","KFM","mpa",0,"Den","Before",0
"Santa Barbara Island SMR",2003,"Semicossyphus pulcher","KFM","mpa",0,"Den","Before",0
"Santa Barbara Island SMR",2004,"Semicossyphus pulcher","KFM","mpa",0.00125,"Den","After",1
"Santa Barbara Island SMR",2005,"Semicossyphus pulcher","KFM","mpa",0.005,"Den","After",2
"Santa Barbara Island SMR",2006,"Semicossyphus pulcher","KFM","mpa",0.00583333333333333,"Den","After",3
"Santa Barbara Island SMR",2007,"Semicossyphus pulcher","KFM","mpa",0.00833333333333333,"Den","After",4
"Santa Barbara Island SMR",2008,"Semicossyphus pulcher","KFM","mpa",0.00166666666666667,"Den","After",5
"Santa Barbara Island SMR",2009,"Semicossyphus pulcher","KFM","mpa",0.0133333333333333,"Den","After",6
"Santa Barbara Island SMR",2010,"Semicossyphus pulcher","KFM","mpa",0.0116666666666667,"Den","After",7
"Santa Barbara Island SMR",2011,"Semicossyphus pulcher","KFM","mpa",0.00833333333333333,"Den","After",8
"Santa Barbara Island SMR",2012,"Semicossyphus pulcher","KFM","mpa",0.000833333333333333,"Den","After",9
"Santa Barbara Island SMR",2013,"Semicossyphus pulcher","KFM","mpa",0.0075,"Den","After",10
"Santa Barbara Island SMR",2014,"Semicossyphus pulcher","KFM","mpa",0.0133333333333333,"Den","After",11
"Santa Barbara Island SMR",2015,"Semicossyphus pulcher","KFM","mpa",0.0108333333333333,"Den","After",12
"Santa Barbara Island SMR",2016,"Semicossyphus pulcher","KFM","mpa",0.0116666666666667,"Den","After",13
"Santa Barbara Island SMR",2017,"Semicossyphus pulcher","KFM","mpa",0.0166666666666667,"Den","After",14
"Santa Barbara Island SMR",2018,"Semicossyphus pulcher","KFM","mpa",0.00833333333333333,"Den","After",15
"Santa Barbara Island SMR",2019,"Semicossyphus pulcher","KFM","mpa",0.00666666666666667,"Den","After",16
"Santa Barbara Island SMR",2021,"Semicossyphus pulcher","KFM","mpa",0.00916666666666667,"Den","After",18
"Santa Barbara Island SMR",2022,"Semicossyphus pulcher","KFM","mpa",0.00416666666666667,"Den","After",19
"Santa Barbara Island SMR",2023,"Semicossyphus pulcher","KFM","mpa",0.00125,"Den","After",20
"Santa Barbara Island SMR",1985,"Semicossyphus pulcher","KFM","reference",0.0225,"Den","Before",0
"Santa Barbara Island SMR",1986,"Semicossyphus pulcher","KFM","reference",0.016875,"Den","Before",0
"Santa Barbara Island SMR",1987,"Semicossyphus pulcher","KFM","reference",0.00875,"Den","Before",0
"Santa Barbara Island SMR",1988,"Semicossyphus pulcher","KFM","reference",0.01,"Den","Before",0
"Santa Barbara Island SMR",1989,"Semicossyphus pulcher","KFM","reference",0.0075,"Den","Before",0
"Santa Barbara Island SMR",1990,"Semicossyphus pulcher","KFM","reference",0.005,"Den","Before",0
"Santa Barbara Island SMR",1991,"Semicossyphus pulcher","KFM","reference",0.00375,"Den","Before",0
"Santa Barbara Island SMR",1992,"Semicossyphus pulcher","KFM","reference",0.0075,"Den","Before",0
"Santa Barbara Island SMR",1993,"Semicossyphus pulcher","KFM","reference",0.0125,"Den","Before",0
"Santa Barbara Island SMR",1994,"Semicossyphus pulcher","KFM","reference",0.0175,"Den","Before",0
"Santa Barbara Island SMR",1995,"Semicossyphus pulcher","KFM","reference",0.02375,"Den","Before",0
"Santa Barbara Island SMR",1996,"Semicossyphus pulcher","KFM","reference",0.030625,"Den","Before",0
"Santa Barbara Island SMR",1997,"Semicossyphus pulcher","KFM","reference",0.013125,"Den","Before",0
"Santa Barbara Island SMR",1998,"Semicossyphus pulcher","KFM","reference",0.011875,"Den","Before",0
"Santa Barbara Island SMR",1999,"Semicossyphus pulcher","KFM","reference",0.023125,"Den","Before",0
"Santa Barbara Island SMR",2000,"Semicossyphus pulcher","KFM","reference",0.00625,"Den","Before",0
"Santa Barbara Island SMR",2001,"Semicossyphus pulcher","KFM","reference",0.00625,"Den","Before",0
"Santa Barbara Island SMR",2002,"Semicossyphus pulcher","KFM","reference",0.004375,"Den","Before",0
"Santa Barbara Island SMR",2003,"Semicossyphus pulcher","KFM","reference",0.00375,"Den","Before",0
"Santa Barbara Island SMR",2004,"Semicossyphus pulcher","KFM","reference",0.00375,"Den","After",1
"Santa Barbara Island SMR",2005,"Semicossyphus pulcher","KFM","reference",0.00416666666666667,"Den","After",2
"Santa Barbara Island SMR",2006,"Semicossyphus pulcher","KFM","reference",0.0075,"Den","After",3
"Santa Barbara Island SMR",2007,"Semicossyphus pulcher","KFM","reference",0.00583333333333333,"Den","After",4
"Santa Barbara Island SMR",2008,"Semicossyphus pulcher","KFM","reference",0.00166666666666667,"Den","After",5
"Santa Barbara Island SMR",2009,"Semicossyphus pulcher","KFM","reference",0.00666666666666667,"Den","After",6
"Santa Barbara Island SMR",2010,"Semicossyphus pulcher","KFM","reference",0.0108333333333333,"Den","After",7
"Santa Barbara Island SMR",2011,"Semicossyphus pulcher","KFM","reference",0.0158333333333333,"Den","After",8
"Santa Barbara Island SMR",2012,"Semicossyphus pulcher","KFM","reference",0.0075,"Den","After",9
"Santa Barbara Island SMR",2013,"Semicossyphus pulcher","KFM","reference",0.01,"Den","After",10
"Santa Barbara Island SMR",2014,"Semicossyphus pulcher","KFM","reference",0.00916666666666667,"Den","After",11
"Santa Barbara Island SMR",2015,"Semicossyphus pulcher","KFM","reference",0.02,"Den","After",12
"Santa Barbara Island SMR",2016,"Semicossyphus pulcher","KFM","reference",0.0383333333333333,"Den","After",13
"Santa Barbara Island SMR",2017,"Semicossyphus pulcher","KFM","reference",0.0233333333333333,"Den","After",14
"Santa Barbara Island SMR",2018,"Semicossyphus pulcher","KFM","reference",0.0208333333333333,"Den","After",15
"Santa Barbara Island SMR",2019,"Semicossyphus pulcher","KFM","reference",0.03,"Den","After",16
"Santa Barbara Island SMR",2021,"Semicossyphus pulcher","KFM","reference",0.00916666666666667,"Den","After",18
"Santa Barbara Island SMR",2022,"Semicossyphus pulcher","KFM","reference",0.00666666666666667,"Den","After",19
"Santa Barbara Island SMR",2023,"Semicossyphus pulcher","KFM","reference",0,"Den","After",20
"Santa Barbara Island SMR",1982,"Mesocentrotus franciscanus","KFM","mpa",5.56666666666667,"Den","Before",0
"Santa Barbara Island SMR",1982,"Strongylocentrotus purpuratus","KFM","mpa",15.9,"Den","Before",0
"Santa Barbara Island SMR",1983,"Mesocentrotus franciscanus","KFM","mpa",8.25,"Den","Before",0
"Santa Barbara Island SMR",1983,"Panulirus interruptus","KFM","mpa",0,"Den","Before",0
"Santa Barbara Island SMR",1983,"Strongylocentrotus purpuratus","KFM","mpa",14.125,"Den","Before",0
"Santa Barbara Island SMR",1984,"Mesocentrotus franciscanus","KFM","mpa",5.575,"Den","Before",0
"Santa Barbara Island SMR",1984,"Panulirus interruptus","KFM","mpa",0,"Den","Before",0
"Santa Barbara Island SMR",1984,"Strongylocentrotus purpuratus","KFM","mpa",10.025,"Den","Before",0
"Santa Barbara Island SMR",1985,"Mesocentrotus franciscanus","KFM","mpa",4.675,"Den","Before",0
"Santa Barbara Island SMR",1985,"Panulirus interruptus","KFM","mpa",0,"Den","Before",0
"Santa Barbara Island SMR",1985,"Strongylocentrotus purpuratus","KFM","mpa",27.425,"Den","Before",0
"Santa Barbara Island SMR",1986,"Mesocentrotus franciscanus","KFM","mpa",5.45,"Den","Before",0
"Santa Barbara Island SMR",1986,"Panulirus interruptus","KFM","mpa",0,"Den","Before",0
"Santa Barbara Island SMR",1986,"Strongylocentrotus purpuratus","KFM","mpa",96.75,"Den","Before",0
"Santa Barbara Island SMR",1987,"Mesocentrotus franciscanus","KFM","mpa",3.2,"Den","Before",0
"Santa Barbara Island SMR",1987,"Panulirus interruptus","KFM","mpa",0,"Den","Before",0
"Santa Barbara Island SMR",1987,"Strongylocentrotus purpuratus","KFM","mpa",76.1,"Den","Before",0
"Santa Barbara Island SMR",1988,"Mesocentrotus franciscanus","KFM","mpa",1.75,"Den","Before",0
"Santa Barbara Island SMR",1988,"Panulirus interruptus","KFM","mpa",0,"Den","Before",0
"Santa Barbara Island SMR",1988,"Strongylocentrotus purpuratus","KFM","mpa",98.575,"Den","Before",0
"Santa Barbara Island SMR",1989,"Mesocentrotus franciscanus","KFM","mpa",1.45,"Den","Before",0
"Santa Barbara Island SMR",1989,"Panulirus interruptus","KFM","mpa",0,"Den","Before",0
"Santa Barbara Island SMR",1989,"Strongylocentrotus purpuratus","KFM","mpa",95.35,"Den","Before",0
"Santa Barbara Island SMR",1990,"Mesocentrotus franciscanus","KFM","mpa",1.225,"Den","Before",0
"Santa Barbara Island SMR",1990,"Panulirus interruptus","KFM","mpa",0,"Den","Before",0
"Santa Barbara Island SMR",1990,"Strongylocentrotus purpuratus","KFM","mpa",77.675,"Den","Before",0
"Santa Barbara Island SMR",1991,"Mesocentrotus franciscanus","KFM","mpa",1.6,"Den","Before",0
"Santa Barbara Island SMR",1991,"Panulirus interruptus","KFM","mpa",0,"Den","Before",0
"Santa Barbara Island SMR",1991,"Strongylocentrotus purpuratus","KFM","mpa",52.825,"Den","Before",0
"Santa Barbara Island SMR",1992,"Mesocentrotus franciscanus","KFM","mpa",1.825,"Den","Before",0
"Santa Barbara Island SMR",1992,"Panulirus interruptus","KFM","mpa",0.00138888888888889,"Den","Before",0
"Santa Barbara Island SMR",1992,"Strongylocentrotus purpuratus","KFM","mpa",38.975,"Den","Before",0
"Santa Barbara Island SMR",1993,"Mesocentrotus franciscanus","KFM","mpa",2.675,"Den","Before",0
"Santa Barbara Island SMR",1993,"Panulirus interruptus","KFM","mpa",0,"Den","Before",0
"Santa Barbara Island SMR",1993,"Strongylocentrotus purpuratus","KFM","mpa",16.775,"Den","Before",0
"Santa Barbara Island SMR",1994,"Mesocentrotus franciscanus","KFM","mpa",7.175,"Den","Before",0
"Santa Barbara Island SMR",1994,"Panulirus interruptus","KFM","mpa",0,"Den","Before",0
"Santa Barbara Island SMR",1994,"Strongylocentrotus purpuratus","KFM","mpa",65.475,"Den","Before",0
"Santa Barbara Island SMR",1995,"Mesocentrotus franciscanus","KFM","mpa",4.6,"Den","Before",0
"Santa Barbara Island SMR",1995,"Panulirus interruptus","KFM","mpa",0,"Den","Before",0
"Santa Barbara Island SMR",1995,"Strongylocentrotus purpuratus","KFM","mpa",107.6,"Den","Before",0
"Santa Barbara Island SMR",1996,"Macrocystis pyrifera","KFM","mpa",0,"Den","Before",0
"Santa Barbara Island SMR",1996,"Mesocentrotus franciscanus","KFM","mpa",2.54166666666667,"Den","Before",0
"Santa Barbara Island SMR",1996,"Panulirus interruptus","KFM","mpa",0,"Den","Before",0
"Santa Barbara Island SMR",1996,"Strongylocentrotus purpuratus","KFM","mpa",53.125,"Den","Before",0
"Santa Barbara Island SMR",1997,"Mesocentrotus franciscanus","KFM","mpa",2.83333333333333,"Den","Before",0
"Santa Barbara Island SMR",1997,"Panulirus interruptus","KFM","mpa",0,"Den","Before",0
"Santa Barbara Island SMR",1997,"Strongylocentrotus purpuratus","KFM","mpa",40.5,"Den","Before",0
"Santa Barbara Island SMR",1998,"Mesocentrotus franciscanus","KFM","mpa",1.33333333333333,"Den","Before",0
"Santa Barbara Island SMR",1998,"Panulirus interruptus","KFM","mpa",0,"Den","Before",0
"Santa Barbara Island SMR",1998,"Strongylocentrotus purpuratus","KFM","mpa",20.25,"Den","Before",0
"Santa Barbara Island SMR",1999,"Mesocentrotus franciscanus","KFM","mpa",9.95833333333333,"Den","Before",0
"Santa Barbara Island SMR",1999,"Panulirus interruptus","KFM","mpa",0,"Den","Before",0
"Santa Barbara Island SMR",1999,"Strongylocentrotus purpuratus","KFM","mpa",34.7083333333333,"Den","Before",0
"Santa Barbara Island SMR",2000,"Mesocentrotus franciscanus","KFM","mpa",5.125,"Den","Before",0
"Santa Barbara Island SMR",2000,"Panulirus interruptus","KFM","mpa",0,"Den","Before",0
"Santa Barbara Island SMR",2000,"Strongylocentrotus purpuratus","KFM","mpa",80.125,"Den","Before",0
"Santa Barbara Island SMR",2001,"Macrocystis pyrifera","KFM","mpa",0,"Den","Before",0
"Santa Barbara Island SMR",2001,"Mesocentrotus franciscanus","KFM","mpa",3.125,"Den","Before",0
"Santa Barbara Island SMR",2001,"Panulirus interruptus","KFM","mpa",0,"Den","Before",0
"Santa Barbara Island SMR",2001,"Strongylocentrotus purpuratus","KFM","mpa",21.9166666666667,"Den","Before",0
"Santa Barbara Island SMR",2002,"Macrocystis pyrifera","KFM","mpa",0,"Den","Before",0
"Santa Barbara Island SMR",2002,"Mesocentrotus franciscanus","KFM","mpa",1.625,"Den","Before",0
"Santa Barbara Island SMR",2002,"Panulirus interruptus","KFM","mpa",0,"Den","Before",0
"Santa Barbara Island SMR",2002,"Strongylocentrotus purpuratus","KFM","mpa",2.875,"Den","Before",0
"Santa Barbara Island SMR",2003,"Macrocystis pyrifera","KFM","mpa",0.50592,"Den","Before",0
"Santa Barbara Island SMR",2003,"Mesocentrotus franciscanus","KFM","mpa",4.08333333333333,"Den","Before",0
"Santa Barbara Island SMR",2003,"Panulirus interruptus","KFM","mpa",0,"Den","Before",0
"Santa Barbara Island SMR",2003,"Strongylocentrotus purpuratus","KFM","mpa",0.25,"Den","Before",0
"Santa Barbara Island SMR",2004,"Macrocystis pyrifera","KFM","mpa",0,"Den","After",1
"Santa Barbara Island SMR",2004,"Mesocentrotus franciscanus","KFM","mpa",13,"Den","After",1
"Santa Barbara Island SMR",2004,"Panulirus interruptus","KFM","mpa",0,"Den","After",1
"Santa Barbara Island SMR",2004,"Strongylocentrotus purpuratus","KFM","mpa",18.5,"Den","After",1
"Santa Barbara Island SMR",2005,"Macrocystis pyrifera","KFM","mpa",0,"Den","After",2
"Santa Barbara Island SMR",2005,"Mesocentrotus franciscanus","KFM","mpa",14.0416666666667,"Den","After",2
"Santa Barbara Island SMR",2005,"Panulirus interruptus","KFM","mpa",0,"Den","After",2
"Santa Barbara Island SMR",2005,"Strongylocentrotus purpuratus","KFM","mpa",6.125,"Den","After",2
"Santa Barbara Island SMR",2006,"Macrocystis pyrifera","KFM","mpa",0,"Den","After",3
"Santa Barbara Island SMR",2006,"Mesocentrotus franciscanus","KFM","mpa",11.0416666666667,"Den","After",3
"Santa Barbara Island SMR",2006,"Panulirus interruptus","KFM","mpa",0,"Den","After",3
"Santa Barbara Island SMR",2006,"Strongylocentrotus purpuratus","KFM","mpa",1.75,"Den","After",3
"Santa Barbara Island SMR",2007,"Macrocystis pyrifera","KFM","mpa",0,"Den","After",4
"Santa Barbara Island SMR",2007,"Mesocentrotus franciscanus","KFM","mpa",10.875,"Den","After",4
"Santa Barbara Island SMR",2007,"Panulirus interruptus","KFM","mpa",0,"Den","After",4
"Santa Barbara Island SMR",2007,"Strongylocentrotus purpuratus","KFM","mpa",3.20833333333333,"Den","After",4
"Santa Barbara Island SMR",2008,"Macrocystis pyrifera","KFM","mpa",0,"Den","After",5
"Santa Barbara Island SMR",2008,"Mesocentrotus franciscanus","KFM","mpa",13.0416666666667,"Den","After",5
"Santa Barbara Island SMR",2008,"Panulirus interruptus","KFM","mpa",0.00138888888888889,"Den","After",5
"Santa Barbara Island SMR",2008,"Strongylocentrotus purpuratus","KFM","mpa",18.375,"Den","After",5
"Santa Barbara Island SMR",2009,"Macrocystis pyrifera","KFM","mpa",0,"Den","After",6
"Santa Barbara Island SMR",2009,"Mesocentrotus franciscanus","KFM","mpa",7.08333333333333,"Den","After",6
"Santa Barbara Island SMR",2009,"Panulirus interruptus","KFM","mpa",0.00277777777777778,"Den","After",6
"Santa Barbara Island SMR",2009,"Strongylocentrotus purpuratus","KFM","mpa",20.375,"Den","After",6
"Santa Barbara Island SMR",2010,"Macrocystis pyrifera","KFM","mpa",0.08046,"Den","After",7
"Santa Barbara Island SMR",2010,"Mesocentrotus franciscanus","KFM","mpa",6.625,"Den","After",7
"Santa Barbara Island SMR",2010,"Panulirus interruptus","KFM","mpa",0,"Den","After",7
"Santa Barbara Island SMR",2010,"Strongylocentrotus purpuratus","KFM","mpa",15.9166666666667,"Den","After",7
"Santa Barbara Island SMR",2011,"Macrocystis pyrifera","KFM","mpa",0,"Den","After",8
"Santa Barbara Island SMR",2011,"Mesocentrotus franciscanus","KFM","mpa",4.79166666666667,"Den","After",8
"Santa Barbara Island SMR",2011,"Panulirus interruptus","KFM","mpa",0.00138888888888889,"Den","After",8
"Santa Barbara Island SMR",2011,"Strongylocentrotus purpuratus","KFM","mpa",47.75,"Den","After",8
"Santa Barbara Island SMR",2012,"Macrocystis pyrifera","KFM","mpa",0,"Den","After",9
"Santa Barbara Island SMR",2012,"Mesocentrotus franciscanus","KFM","mpa",0.708333333333333,"Den","After",9
"Santa Barbara Island SMR",2012,"Panulirus interruptus","KFM","mpa",0.00138888888888889,"Den","After",9
"Santa Barbara Island SMR",2012,"Strongylocentrotus purpuratus","KFM","mpa",27.625,"Den","After",9
"Santa Barbara Island SMR",2013,"Macrocystis pyrifera","KFM","mpa",0,"Den","After",10
"Santa Barbara Island SMR",2013,"Mesocentrotus franciscanus","KFM","mpa",0.208333333333333,"Den","After",10
"Santa Barbara Island SMR",2013,"Panulirus interruptus","KFM","mpa",0.00277777777777778,"Den","After",10
"Santa Barbara Island SMR",2013,"Strongylocentrotus purpuratus","KFM","mpa",11.0416666666667,"Den","After",10
"Santa Barbara Island SMR",2014,"Macrocystis pyrifera","KFM","mpa",2.1606,"Den","After",11
"Santa Barbara Island SMR",2014,"Mesocentrotus franciscanus","KFM","mpa",0.541666666666667,"Den","After",11
"Santa Barbara Island SMR",2014,"Panulirus interruptus","KFM","mpa",0.00555555555555555,"Den","After",11
"Santa Barbara Island SMR",2014,"Strongylocentrotus purpuratus","KFM","mpa",13.4166666666667,"Den","After",11
"Santa Barbara Island SMR",2015,"Macrocystis pyrifera","KFM","mpa",9.07916,"Den","After",12
"Santa Barbara Island SMR",2015,"Mesocentrotus franciscanus","KFM","mpa",0.458333333333333,"Den","After",12
"Santa Barbara Island SMR",2015,"Panulirus interruptus","KFM","mpa",0.0125,"Den","After",12
"Santa Barbara Island SMR",2015,"Strongylocentrotus purpuratus","KFM","mpa",4.58333333333333,"Den","After",12
"Santa Barbara Island SMR",2016,"Macrocystis pyrifera","KFM","mpa",3.16169,"Den","After",13
"Santa Barbara Island SMR",2016,"Mesocentrotus franciscanus","KFM","mpa",0.166666666666667,"Den","After",13
"Santa Barbara Island SMR",2016,"Panulirus interruptus","KFM","mpa",0.0125,"Den","After",13
"Santa Barbara Island SMR",2016,"Strongylocentrotus purpuratus","KFM","mpa",2.25,"Den","After",13
"Santa Barbara Island SMR",2017,"Macrocystis pyrifera","KFM","mpa",8.433285,"Den","After",14
"Santa Barbara Island SMR",2017,"Mesocentrotus franciscanus","KFM","mpa",0.75,"Den","After",14
"Santa Barbara Island SMR",2017,"Panulirus interruptus","KFM","mpa",0.00833333333333333,"Den","After",14
"Santa Barbara Island SMR",2017,"Strongylocentrotus purpuratus","KFM","mpa",1.95833333333333,"Den","After",14
"Santa Barbara Island SMR",2018,"Macrocystis pyrifera","KFM","mpa",6.99206,"Den","After",15
"Santa Barbara Island SMR",2018,"Mesocentrotus franciscanus","KFM","mpa",0.25,"Den","After",15
"Santa Barbara Island SMR",2018,"Panulirus interruptus","KFM","mpa",0.0194444444444444,"Den","After",15
"Santa Barbara Island SMR",2018,"Strongylocentrotus purpuratus","KFM","mpa",2.375,"Den","After",15
"Santa Barbara Island SMR",2019,"Macrocystis pyrifera","KFM","mpa",8.30557,"Den","After",16
"Santa Barbara Island SMR",2019,"Mesocentrotus franciscanus","KFM","mpa",0.458333333333333,"Den","After",16
"Santa Barbara Island SMR",2019,"Panulirus interruptus","KFM","mpa",0.00833333333333333,"Den","After",16
"Santa Barbara Island SMR",2019,"Strongylocentrotus purpuratus","KFM","mpa",2.91666666666667,"Den","After",16
"Santa Barbara Island SMR",2021,"Macrocystis pyrifera","KFM","mpa",14.621705,"Den","After",18
"Santa Barbara Island SMR",2021,"Mesocentrotus franciscanus","KFM","mpa",0.25,"Den","After",18
"Santa Barbara Island SMR",2021,"Panulirus interruptus","KFM","mpa",0.0597222222222222,"Den","After",18
"Santa Barbara Island SMR",2021,"Strongylocentrotus purpuratus","KFM","mpa",0.416666666666667,"Den","After",18
"Santa Barbara Island SMR",2022,"Macrocystis pyrifera","KFM","mpa",6.77386,"Den","After",19
"Santa Barbara Island SMR",2022,"Mesocentrotus franciscanus","KFM","mpa",0.541666666666667,"Den","After",19
"Santa Barbara Island SMR",2022,"Panulirus interruptus","KFM","mpa",0.00694444444444444,"Den","After",19
"Santa Barbara Island SMR",2022,"Strongylocentrotus purpuratus","KFM","mpa",0.791666666666667,"Den","After",19
"Santa Barbara Island SMR",2023,"Macrocystis pyrifera","KFM","mpa",9.031675,"Den","After",20
"Santa Barbara Island SMR",2023,"Mesocentrotus franciscanus","KFM","mpa",0.708333333333333,"Den","After",20
"Santa Barbara Island SMR",2023,"Panulirus interruptus","KFM","mpa",0.00972222222222222,"Den","After",20
"Santa Barbara Island SMR",2023,"Strongylocentrotus purpuratus","KFM","mpa",1.875,"Den","After",20
"Santa Barbara Island SMR",1982,"Mesocentrotus franciscanus","KFM","reference",2.86666666666667,"Den","Before",0
"Santa Barbara Island SMR",1982,"Strongylocentrotus purpuratus","KFM","reference",46.9666666666667,"Den","Before",0
"Santa Barbara Island SMR",1983,"Mesocentrotus franciscanus","KFM","reference",2.375,"Den","Before",0
"Santa Barbara Island SMR",1983,"Panulirus interruptus","KFM","reference",0,"Den","Before",0
"Santa Barbara Island SMR",1983,"Strongylocentrotus purpuratus","KFM","reference",36.25,"Den","Before",0
"Santa Barbara Island SMR",1984,"Mesocentrotus franciscanus","KFM","reference",2.925,"Den","Before",0
"Santa Barbara Island SMR",1984,"Panulirus interruptus","KFM","reference",0,"Den","Before",0
"Santa Barbara Island SMR",1984,"Strongylocentrotus purpuratus","KFM","reference",5.35,"Den","Before",0
"Santa Barbara Island SMR",1985,"Mesocentrotus franciscanus","KFM","reference",3.3,"Den","Before",0
"Santa Barbara Island SMR",1985,"Panulirus interruptus","KFM","reference",0,"Den","Before",0
"Santa Barbara Island SMR",1985,"Strongylocentrotus purpuratus","KFM","reference",30.6,"Den","Before",0
"Santa Barbara Island SMR",1986,"Mesocentrotus franciscanus","KFM","reference",2.35,"Den","Before",0
"Santa Barbara Island SMR",1986,"Panulirus interruptus","KFM","reference",0.00486111111111111,"Den","Before",0
"Santa Barbara Island SMR",1986,"Strongylocentrotus purpuratus","KFM","reference",83.1125,"Den","Before",0
"Santa Barbara Island SMR",1987,"Mesocentrotus franciscanus","KFM","reference",2.4625,"Den","Before",0
"Santa Barbara Island SMR",1987,"Panulirus interruptus","KFM","reference",0.00833333333333333,"Den","Before",0
"Santa Barbara Island SMR",1987,"Strongylocentrotus purpuratus","KFM","reference",51.05,"Den","Before",0
"Santa Barbara Island SMR",1988,"Mesocentrotus franciscanus","KFM","reference",2.175,"Den","Before",0
"Santa Barbara Island SMR",1988,"Panulirus interruptus","KFM","reference",0.00138888888888889,"Den","Before",0
"Santa Barbara Island SMR",1988,"Strongylocentrotus purpuratus","KFM","reference",50.9125,"Den","Before",0
"Santa Barbara Island SMR",1989,"Mesocentrotus franciscanus","KFM","reference",2.475,"Den","Before",0
"Santa Barbara Island SMR",1989,"Panulirus interruptus","KFM","reference",0.0152777777777778,"Den","Before",0
"Santa Barbara Island SMR",1989,"Strongylocentrotus purpuratus","KFM","reference",54.875,"Den","Before",0
"Santa Barbara Island SMR",1990,"Mesocentrotus franciscanus","KFM","reference",2.1375,"Den","Before",0
"Santa Barbara Island SMR",1990,"Panulirus interruptus","KFM","reference",0.00833333333333333,"Den","Before",0
"Santa Barbara Island SMR",1990,"Strongylocentrotus purpuratus","KFM","reference",55.775,"Den","Before",0
"Santa Barbara Island SMR",1991,"Mesocentrotus franciscanus","KFM","reference",2.025,"Den","Before",0
"Santa Barbara Island SMR",1991,"Panulirus interruptus","KFM","reference",0.0145833333333333,"Den","Before",0
"Santa Barbara Island SMR",1991,"Strongylocentrotus purpuratus","KFM","reference",48.375,"Den","Before",0
"Santa Barbara Island SMR",1992,"Mesocentrotus franciscanus","KFM","reference",2.6625,"Den","Before",0
"Santa Barbara Island SMR",1992,"Panulirus interruptus","KFM","reference",0.0118055555555556,"Den","Before",0
"Santa Barbara Island SMR",1992,"Strongylocentrotus purpuratus","KFM","reference",46.9875,"Den","Before",0
"Santa Barbara Island SMR",1993,"Mesocentrotus franciscanus","KFM","reference",3.0375,"Den","Before",0
"Santa Barbara Island SMR",1993,"Panulirus interruptus","KFM","reference",0.0145833333333333,"Den","Before",0
"Santa Barbara Island SMR",1993,"Strongylocentrotus purpuratus","KFM","reference",5.7125,"Den","Before",0
"Santa Barbara Island SMR",1994,"Mesocentrotus franciscanus","KFM","reference",4.675,"Den","Before",0
"Santa Barbara Island SMR",1994,"Panulirus interruptus","KFM","reference",0.00486111111111111,"Den","Before",0
"Santa Barbara Island SMR",1994,"Strongylocentrotus purpuratus","KFM","reference",13.0625,"Den","Before",0
"Santa Barbara Island SMR",1995,"Mesocentrotus franciscanus","KFM","reference",11.375,"Den","Before",0
"Santa Barbara Island SMR",1995,"Panulirus interruptus","KFM","reference",0.00347222222222222,"Den","Before",0
"Santa Barbara Island SMR",1995,"Strongylocentrotus purpuratus","KFM","reference",74.05,"Den","Before",0
"Santa Barbara Island SMR",1996,"Macrocystis pyrifera","KFM","reference",4.4402025,"Den","Before",0
"Santa Barbara Island SMR",1996,"Mesocentrotus franciscanus","KFM","reference",7.33333333333333,"Den","Before",0
"Santa Barbara Island SMR",1996,"Panulirus interruptus","KFM","reference",0.0104166666666667,"Den","Before",0
"Santa Barbara Island SMR",1996,"Strongylocentrotus purpuratus","KFM","reference",55,"Den","Before",0
"Santa Barbara Island SMR",1997,"Mesocentrotus franciscanus","KFM","reference",8.58333333333333,"Den","Before",0
"Santa Barbara Island SMR",1997,"Panulirus interruptus","KFM","reference",0.00277777777777778,"Den","Before",0
"Santa Barbara Island SMR",1997,"Strongylocentrotus purpuratus","KFM","reference",44.4791666666667,"Den","Before",0
"Santa Barbara Island SMR",1998,"Mesocentrotus franciscanus","KFM","reference",5.1875,"Den","Before",0
"Santa Barbara Island SMR",1998,"Panulirus interruptus","KFM","reference",0.00763888888888889,"Den","Before",0
"Santa Barbara Island SMR",1998,"Strongylocentrotus purpuratus","KFM","reference",11.5208333333333,"Den","Before",0
"Santa Barbara Island SMR",1999,"Mesocentrotus franciscanus","KFM","reference",11,"Den","Before",0
"Santa Barbara Island SMR",1999,"Panulirus interruptus","KFM","reference",0.00486111111111111,"Den","Before",0
"Santa Barbara Island SMR",1999,"Strongylocentrotus purpuratus","KFM","reference",26.0625,"Den","Before",0
"Santa Barbara Island SMR",2000,"Mesocentrotus franciscanus","KFM","reference",12.1041666666667,"Den","Before",0
"Santa Barbara Island SMR",2000,"Panulirus interruptus","KFM","reference",0.000694444444444444,"Den","Before",0
"Santa Barbara Island SMR",2000,"Strongylocentrotus purpuratus","KFM","reference",69.875,"Den","Before",0
"Santa Barbara Island SMR",2001,"Macrocystis pyrifera","KFM","reference",0,"Den","Before",0
"Santa Barbara Island SMR",2001,"Mesocentrotus franciscanus","KFM","reference",7.125,"Den","Before",0
"Santa Barbara Island SMR",2001,"Panulirus interruptus","KFM","reference",0.00486111111111111,"Den","Before",0
"Santa Barbara Island SMR",2001,"Strongylocentrotus purpuratus","KFM","reference",55.3125,"Den","Before",0
"Santa Barbara Island SMR",2002,"Macrocystis pyrifera","KFM","reference",0,"Den","Before",0
"Santa Barbara Island SMR",2002,"Mesocentrotus franciscanus","KFM","reference",5.125,"Den","Before",0
"Santa Barbara Island SMR",2002,"Panulirus interruptus","KFM","reference",0.00138888888888889,"Den","Before",0
"Santa Barbara Island SMR",2002,"Strongylocentrotus purpuratus","KFM","reference",61.5,"Den","Before",0
"Santa Barbara Island SMR",2003,"Macrocystis pyrifera","KFM","reference",0.054015,"Den","Before",0
"Santa Barbara Island SMR",2003,"Mesocentrotus franciscanus","KFM","reference",7.83333333333333,"Den","Before",0
"Santa Barbara Island SMR",2003,"Panulirus interruptus","KFM","reference",0.00347222222222222,"Den","Before",0
"Santa Barbara Island SMR",2003,"Strongylocentrotus purpuratus","KFM","reference",2.125,"Den","Before",0
"Santa Barbara Island SMR",2004,"Macrocystis pyrifera","KFM","reference",0,"Den","After",1
"Santa Barbara Island SMR",2004,"Mesocentrotus franciscanus","KFM","reference",26.0833333333333,"Den","After",1
"Santa Barbara Island SMR",2004,"Panulirus interruptus","KFM","reference",0.00625,"Den","After",1
"Santa Barbara Island SMR",2004,"Strongylocentrotus purpuratus","KFM","reference",44.3333333333333,"Den","After",1
"Santa Barbara Island SMR",2005,"Macrocystis pyrifera","KFM","reference",0,"Den","After",2
"Santa Barbara Island SMR",2005,"Mesocentrotus franciscanus","KFM","reference",18.875,"Den","After",2
"Santa Barbara Island SMR",2005,"Panulirus interruptus","KFM","reference",0,"Den","After",2
"Santa Barbara Island SMR",2005,"Strongylocentrotus purpuratus","KFM","reference",62.9166666666667,"Den","After",2
"Santa Barbara Island SMR",2006,"Macrocystis pyrifera","KFM","reference",0,"Den","After",3
"Santa Barbara Island SMR",2006,"Mesocentrotus franciscanus","KFM","reference",15.5416666666667,"Den","After",3
"Santa Barbara Island SMR",2006,"Panulirus interruptus","KFM","reference",0.00555555555555555,"Den","After",3
"Santa Barbara Island SMR",2006,"Strongylocentrotus purpuratus","KFM","reference",54.5625,"Den","After",3
"Santa Barbara Island SMR",2007,"Macrocystis pyrifera","KFM","reference",0,"Den","After",4
"Santa Barbara Island SMR",2007,"Mesocentrotus franciscanus","KFM","reference",12.625,"Den","After",4
"Santa Barbara Island SMR",2007,"Panulirus interruptus","KFM","reference",0.00416666666666667,"Den","After",4
"Santa Barbara Island SMR",2007,"Strongylocentrotus purpuratus","KFM","reference",61.375,"Den","After",4
"Santa Barbara Island SMR",2008,"Macrocystis pyrifera","KFM","reference",0,"Den","After",5
"Santa Barbara Island SMR",2008,"Mesocentrotus franciscanus","KFM","reference",11.875,"Den","After",5
"Santa Barbara Island SMR",2008,"Panulirus interruptus","KFM","reference",0.00416666666666667,"Den","After",5
"Santa Barbara Island SMR",2008,"Strongylocentrotus purpuratus","KFM","reference",111.333333333333,"Den","After",5
"Santa Barbara Island SMR",2009,"Macrocystis pyrifera","KFM","reference",0,"Den","After",6
"Santa Barbara Island SMR",2009,"Mesocentrotus franciscanus","KFM","reference",7.1875,"Den","After",6
"Santa Barbara Island SMR",2009,"Panulirus interruptus","KFM","reference",0.00208333333333333,"Den","After",6
"Santa Barbara Island SMR",2009,"Strongylocentrotus purpuratus","KFM","reference",137.520833333333,"Den","After",6
"Santa Barbara Island SMR",2010,"Macrocystis pyrifera","KFM","reference",0.7579925,"Den","After",7
"Santa Barbara Island SMR",2010,"Mesocentrotus franciscanus","KFM","reference",7.08333333333333,"Den","After",7
"Santa Barbara Island SMR",2010,"Panulirus interruptus","KFM","reference",0.000694444444444444,"Den","After",7
"Santa Barbara Island SMR",2010,"Strongylocentrotus purpuratus","KFM","reference",83.4791666666667,"Den","After",7
"Santa Barbara Island SMR",2011,"Macrocystis pyrifera","KFM","reference",0,"Den","After",8
"Santa Barbara Island SMR",2011,"Mesocentrotus franciscanus","KFM","reference",8.64583333333333,"Den","After",8
"Santa Barbara Island SMR",2011,"Panulirus interruptus","KFM","reference",0.00208333333333333,"Den","After",8
"Santa Barbara Island SMR",2011,"Strongylocentrotus purpuratus","KFM","reference",108.229166666667,"Den","After",8
"Santa Barbara Island SMR",2012,"Macrocystis pyrifera","KFM","reference",0,"Den","After",9
"Santa Barbara Island SMR",2012,"Mesocentrotus franciscanus","KFM","reference",5.4375,"Den","After",9
"Santa Barbara Island SMR",2012,"Panulirus interruptus","KFM","reference",0.00277777777777778,"Den","After",9
"Santa Barbara Island SMR",2012,"Strongylocentrotus purpuratus","KFM","reference",76.0416666666667,"Den","After",9
"Santa Barbara Island SMR",2013,"Macrocystis pyrifera","KFM","reference",0.493855,"Den","After",10
"Santa Barbara Island SMR",2013,"Mesocentrotus franciscanus","KFM","reference",6,"Den","After",10
"Santa Barbara Island SMR",2013,"Panulirus interruptus","KFM","reference",0.00208333333333333,"Den","After",10
"Santa Barbara Island SMR",2013,"Strongylocentrotus purpuratus","KFM","reference",70.9791666666667,"Den","After",10
"Santa Barbara Island SMR",2014,"Macrocystis pyrifera","KFM","reference",0.54719,"Den","After",11
"Santa Barbara Island SMR",2014,"Mesocentrotus franciscanus","KFM","reference",3.39583333333333,"Den","After",11
"Santa Barbara Island SMR",2014,"Panulirus interruptus","KFM","reference",0.00416666666666667,"Den","After",11
"Santa Barbara Island SMR",2014,"Strongylocentrotus purpuratus","KFM","reference",134.270833333333,"Den","After",11
"Santa Barbara Island SMR",2015,"Macrocystis pyrifera","KFM","reference",0.058365,"Den","After",12
"Santa Barbara Island SMR",2015,"Mesocentrotus franciscanus","KFM","reference",1.39583333333333,"Den","After",12
"Santa Barbara Island SMR",2015,"Panulirus interruptus","KFM","reference",0.00486111111111111,"Den","After",12
"Santa Barbara Island SMR",2015,"Strongylocentrotus purpuratus","KFM","reference",24.75,"Den","After",12
"Santa Barbara Island SMR",2016,"Macrocystis pyrifera","KFM","reference",1.4208125,"Den","After",13
"Santa Barbara Island SMR",2016,"Mesocentrotus franciscanus","KFM","reference",0.4375,"Den","After",13
"Santa Barbara Island SMR",2016,"Panulirus interruptus","KFM","reference",0.00347222222222222,"Den","After",13
"Santa Barbara Island SMR",2016,"Strongylocentrotus purpuratus","KFM","reference",4.0625,"Den","After",13
"Santa Barbara Island SMR",2017,"Macrocystis pyrifera","KFM","reference",12.221105,"Den","After",14
"Santa Barbara Island SMR",2017,"Mesocentrotus franciscanus","KFM","reference",0.5625,"Den","After",14
"Santa Barbara Island SMR",2017,"Panulirus interruptus","KFM","reference",0.00625,"Den","After",14
"Santa Barbara Island SMR",2017,"Strongylocentrotus purpuratus","KFM","reference",9.9375,"Den","After",14
"Santa Barbara Island SMR",2018,"Macrocystis pyrifera","KFM","reference",8.9876,"Den","After",15
"Santa Barbara Island SMR",2018,"Mesocentrotus franciscanus","KFM","reference",1.10416666666667,"Den","After",15
"Santa Barbara Island SMR",2018,"Panulirus interruptus","KFM","reference",0.00625,"Den","After",15
"Santa Barbara Island SMR",2018,"Strongylocentrotus purpuratus","KFM","reference",28.5416666666667,"Den","After",15
"Santa Barbara Island SMR",2019,"Macrocystis pyrifera","KFM","reference",0.2959475,"Den","After",16
"Santa Barbara Island SMR",2019,"Mesocentrotus franciscanus","KFM","reference",1.89583333333333,"Den","After",16
"Santa Barbara Island SMR",2019,"Panulirus interruptus","KFM","reference",0.0152777777777778,"Den","After",16
"Santa Barbara Island SMR",2019,"Strongylocentrotus purpuratus","KFM","reference",23.3958333333333,"Den","After",16
"Santa Barbara Island SMR",2021,"Macrocystis pyrifera","KFM","reference",1.499145,"Den","After",18
"Santa Barbara Island SMR",2021,"Mesocentrotus franciscanus","KFM","reference",0.791666666666667,"Den","After",18
"Santa Barbara Island SMR",2021,"Panulirus interruptus","KFM","reference",0.0208333333333333,"Den","After",18
"Santa Barbara Island SMR",2021,"Strongylocentrotus purpuratus","KFM","reference",15.8958333333333,"Den","After",18
"Santa Barbara Island SMR",2022,"Macrocystis pyrifera","KFM","reference",2.33254,"Den","After",19
"Santa Barbara Island SMR",2022,"Mesocentrotus franciscanus","KFM","reference",1.91666666666667,"Den","After",19
"Santa Barbara Island SMR",2022,"Panulirus interruptus","KFM","reference",0.0270833333333333,"Den","After",19
"Santa Barbara Island SMR",2022,"Strongylocentrotus purpuratus","KFM","reference",53.7291666666667,"Den","After",19
"Santa Barbara Island SMR",2023,"Macrocystis pyrifera","KFM","reference",1.03088,"Den","After",20
"Santa Barbara Island SMR",2023,"Mesocentrotus franciscanus","KFM","reference",0.833333333333333,"Den","After",20
"Santa Barbara Island SMR",2023,"Panulirus interruptus","KFM","reference",0.00694444444444444,"Den","After",20
"Santa Barbara Island SMR",2023,"Strongylocentrotus purpuratus","KFM","reference",23.8333333333333,"Den","After",20
"Santa Barbara Island SMR",1996,"Macrocystis pyrifera","KFM","mpa",0,"Bio","Before",0
"Santa Barbara Island SMR",2001,"Macrocystis pyrifera","KFM","mpa",0,"Bio","Before",0
"Santa Barbara Island SMR",2002,"Macrocystis pyrifera","KFM","mpa",0,"Bio","Before",0
"Santa Barbara Island SMR",2003,"Macrocystis pyrifera","KFM","mpa",40.4736,"Bio","Before",0
"Santa Barbara Island SMR",2004,"Macrocystis pyrifera","KFM","mpa",0,"Bio","After",1
"Santa Barbara Island SMR",2005,"Macrocystis pyrifera","KFM","mpa",0,"Bio","After",2
"Santa Barbara Island SMR",2005,"Mesocentrotus franciscanus","KFM","mpa",946.157979583268,"Bio","After",2
"Santa Barbara Island SMR",2005,"Strongylocentrotus purpuratus","KFM","mpa",57.5750585097419,"Bio","After",2
"Santa Barbara Island SMR",2006,"Macrocystis pyrifera","KFM","mpa",0,"Bio","After",3
"Santa Barbara Island SMR",2006,"Mesocentrotus franciscanus","KFM","mpa",1054.60173696109,"Bio","After",3
"Santa Barbara Island SMR",2006,"Strongylocentrotus purpuratus","KFM","mpa",18.7808607322473,"Bio","After",3
"Santa Barbara Island SMR",2007,"Macrocystis pyrifera","KFM","mpa",0,"Bio","After",4
"Santa Barbara Island SMR",2007,"Mesocentrotus franciscanus","KFM","mpa",1020.33691578122,"Bio","After",4
"Santa Barbara Island SMR",2007,"Strongylocentrotus purpuratus","KFM","mpa",41.1462448454303,"Bio","After",4
"Santa Barbara Island SMR",2008,"Macrocystis pyrifera","KFM","mpa",0,"Bio","After",5
"Santa Barbara Island SMR",2008,"Mesocentrotus franciscanus","KFM","mpa",1282.43083535935,"Bio","After",5
"Santa Barbara Island SMR",2008,"Strongylocentrotus purpuratus","KFM","mpa",220.84992978525,"Bio","After",5
"Santa Barbara Island SMR",2009,"Macrocystis pyrifera","KFM","mpa",0,"Bio","After",6
"Santa Barbara Island SMR",2009,"Mesocentrotus franciscanus","KFM","mpa",870.204051188925,"Bio","After",6
"Santa Barbara Island SMR",2009,"Strongylocentrotus purpuratus","KFM","mpa",201.72316907785,"Bio","After",6
"Santa Barbara Island SMR",2010,"Macrocystis pyrifera","KFM","mpa",6.4368,"Bio","After",7
"Santa Barbara Island SMR",2010,"Mesocentrotus franciscanus","KFM","mpa",1047.91965544763,"Bio","After",7
"Santa Barbara Island SMR",2010,"Strongylocentrotus purpuratus","KFM","mpa",98.422025053322,"Bio","After",7
"Santa Barbara Island SMR",2011,"Macrocystis pyrifera","KFM","mpa",0,"Bio","After",8
"Santa Barbara Island SMR",2011,"Mesocentrotus franciscanus","KFM","mpa",364.443700404175,"Bio","After",8
"Santa Barbara Island SMR",2011,"Strongylocentrotus purpuratus","KFM","mpa",114.610406285357,"Bio","After",8
"Santa Barbara Island SMR",2012,"Macrocystis pyrifera","KFM","mpa",0,"Bio","After",9
"Santa Barbara Island SMR",2012,"Mesocentrotus franciscanus","KFM","mpa",105.428216815018,"Bio","After",9
"Santa Barbara Island SMR",2012,"Strongylocentrotus purpuratus","KFM","mpa",190.175666825199,"Bio","After",9
"Santa Barbara Island SMR",2013,"Macrocystis pyrifera","KFM","mpa",0,"Bio","After",10
"Santa Barbara Island SMR",2013,"Mesocentrotus franciscanus","KFM","mpa",57.5992493303607,"Bio","After",10
"Santa Barbara Island SMR",2013,"Strongylocentrotus purpuratus","KFM","mpa",222.319926283461,"Bio","After",10
"Santa Barbara Island SMR",2014,"Macrocystis pyrifera","KFM","mpa",172.848,"Bio","After",11
"Santa Barbara Island SMR",2014,"Mesocentrotus franciscanus","KFM","mpa",148.890823028551,"Bio","After",11
"Santa Barbara Island SMR",2014,"Strongylocentrotus purpuratus","KFM","mpa",294.688059097292,"Bio","After",11
"Santa Barbara Island SMR",2015,"Macrocystis pyrifera","KFM","mpa",726.3328,"Bio","After",12
"Santa Barbara Island SMR",2015,"Mesocentrotus franciscanus","KFM","mpa",132.397658655209,"Bio","After",12
"Santa Barbara Island SMR",2015,"Strongylocentrotus purpuratus","KFM","mpa",121.612016264431,"Bio","After",12
"Santa Barbara Island SMR",2016,"Macrocystis pyrifera","KFM","mpa",252.9352,"Bio","After",13
"Santa Barbara Island SMR",2016,"Mesocentrotus franciscanus","KFM","mpa",36.4227450914669,"Bio","After",13
"Santa Barbara Island SMR",2016,"Strongylocentrotus purpuratus","KFM","mpa",52.7911455632177,"Bio","After",13
"Santa Barbara Island SMR",2017,"Macrocystis pyrifera","KFM","mpa",674.6628,"Bio","After",14
"Santa Barbara Island SMR",2017,"Mesocentrotus franciscanus","KFM","mpa",140.253487611989,"Bio","After",14
"Santa Barbara Island SMR",2017,"Strongylocentrotus purpuratus","KFM","mpa",43.1830657135925,"Bio","After",14
"Santa Barbara Island SMR",2018,"Macrocystis pyrifera","KFM","mpa",559.3648,"Bio","After",15
"Santa Barbara Island SMR",2018,"Mesocentrotus franciscanus","KFM","mpa",29.644388366009,"Bio","After",15
"Santa Barbara Island SMR",2018,"Strongylocentrotus purpuratus","KFM","mpa",41.2012547757891,"Bio","After",15
"Santa Barbara Island SMR",2019,"Macrocystis pyrifera","KFM","mpa",664.4456,"Bio","After",16
"Santa Barbara Island SMR",2019,"Mesocentrotus franciscanus","KFM","mpa",70.9889972569897,"Bio","After",16
"Santa Barbara Island SMR",2019,"Strongylocentrotus purpuratus","KFM","mpa",71.9840875019903,"Bio","After",16
"Santa Barbara Island SMR",2021,"Macrocystis pyrifera","KFM","mpa",1169.7364,"Bio","After",18
"Santa Barbara Island SMR",2021,"Mesocentrotus franciscanus","KFM","mpa",35.7176074767569,"Bio","After",18
"Santa Barbara Island SMR",2021,"Strongylocentrotus purpuratus","KFM","mpa",8.39980311182292,"Bio","After",18
"Santa Barbara Island SMR",2022,"Macrocystis pyrifera","KFM","mpa",541.9088,"Bio","After",19
"Santa Barbara Island SMR",2022,"Mesocentrotus franciscanus","KFM","mpa",107.746193562688,"Bio","After",19
"Santa Barbara Island SMR",2022,"Strongylocentrotus purpuratus","KFM","mpa",19.7668130379789,"Bio","After",19
"Santa Barbara Island SMR",2023,"Macrocystis pyrifera","KFM","mpa",722.534,"Bio","After",20
"Santa Barbara Island SMR",1996,"Macrocystis pyrifera","KFM","reference",355.2162,"Bio","Before",0
"Santa Barbara Island SMR",2001,"Macrocystis pyrifera","KFM","reference",0,"Bio","Before",0
"Santa Barbara Island SMR",2002,"Macrocystis pyrifera","KFM","reference",0,"Bio","Before",0
"Santa Barbara Island SMR",2003,"Macrocystis pyrifera","KFM","reference",4.3212,"Bio","Before",0
"Santa Barbara Island SMR",2004,"Macrocystis pyrifera","KFM","reference",0,"Bio","After",1
"Santa Barbara Island SMR",2005,"Macrocystis pyrifera","KFM","reference",0,"Bio","After",2
"Santa Barbara Island SMR",2005,"Mesocentrotus franciscanus","KFM","reference",854.416018188698,"Bio","After",2
"Santa Barbara Island SMR",2005,"Strongylocentrotus purpuratus","KFM","reference",325.009717354483,"Bio","After",2
"Santa Barbara Island SMR",2006,"Macrocystis pyrifera","KFM","reference",0,"Bio","After",3
"Santa Barbara Island SMR",2006,"Mesocentrotus franciscanus","KFM","reference",404.847343941825,"Bio","After",3
"Santa Barbara Island SMR",2006,"Strongylocentrotus purpuratus","KFM","reference",269.680590845776,"Bio","After",3
"Santa Barbara Island SMR",2007,"Macrocystis pyrifera","KFM","reference",0,"Bio","After",4
"Santa Barbara Island SMR",2007,"Mesocentrotus franciscanus","KFM","reference",234.699168875642,"Bio","After",4
"Santa Barbara Island SMR",2007,"Strongylocentrotus purpuratus","KFM","reference",233.960042196365,"Bio","After",4
"Santa Barbara Island SMR",2008,"Macrocystis pyrifera","KFM","reference",0,"Bio","After",5
"Santa Barbara Island SMR",2008,"Mesocentrotus franciscanus","KFM","reference",282.731019352747,"Bio","After",5
"Santa Barbara Island SMR",2008,"Strongylocentrotus purpuratus","KFM","reference",183.064791283156,"Bio","After",5
"Santa Barbara Island SMR",2009,"Macrocystis pyrifera","KFM","reference",0,"Bio","After",6
"Santa Barbara Island SMR",2009,"Mesocentrotus franciscanus","KFM","reference",142.564542442432,"Bio","After",6
"Santa Barbara Island SMR",2009,"Strongylocentrotus purpuratus","KFM","reference",215.955318978718,"Bio","After",6
"Santa Barbara Island SMR",2010,"Macrocystis pyrifera","KFM","reference",60.6394,"Bio","After",7
"Santa Barbara Island SMR",2010,"Mesocentrotus franciscanus","KFM","reference",250.665979769267,"Bio","After",7
"Santa Barbara Island SMR",2010,"Strongylocentrotus purpuratus","KFM","reference",236.402852573758,"Bio","After",7
"Santa Barbara Island SMR",2011,"Macrocystis pyrifera","KFM","reference",0,"Bio","After",8
"Santa Barbara Island SMR",2011,"Mesocentrotus franciscanus","KFM","reference",320.036275851475,"Bio","After",8
"Santa Barbara Island SMR",2011,"Strongylocentrotus purpuratus","KFM","reference",462.974336248286,"Bio","After",8
"Santa Barbara Island SMR",2012,"Macrocystis pyrifera","KFM","reference",0,"Bio","After",9
"Santa Barbara Island SMR",2012,"Mesocentrotus franciscanus","KFM","reference",156.89402447916,"Bio","After",9
"Santa Barbara Island SMR",2012,"Strongylocentrotus purpuratus","KFM","reference",277.671896450614,"Bio","After",9
"Santa Barbara Island SMR",2013,"Macrocystis pyrifera","KFM","reference",39.5084,"Bio","After",10
"Santa Barbara Island SMR",2013,"Mesocentrotus franciscanus","KFM","reference",206.498335864729,"Bio","After",10
"Santa Barbara Island SMR",2013,"Strongylocentrotus purpuratus","KFM","reference",349.67126425105,"Bio","After",10
"Santa Barbara Island SMR",2014,"Macrocystis pyrifera","KFM","reference",43.7752,"Bio","After",11
"Santa Barbara Island SMR",2014,"Mesocentrotus franciscanus","KFM","reference",143.508030273871,"Bio","After",11
"Santa Barbara Island SMR",2014,"Strongylocentrotus purpuratus","KFM","reference",974.324034553142,"Bio","After",11
"Santa Barbara Island SMR",2015,"Macrocystis pyrifera","KFM","reference",4.6692,"Bio","After",12
"Santa Barbara Island SMR",2015,"Mesocentrotus franciscanus","KFM","reference",127.077165011938,"Bio","After",12
"Santa Barbara Island SMR",2015,"Strongylocentrotus purpuratus","KFM","reference",263.008451187313,"Bio","After",12
"Santa Barbara Island SMR",2016,"Macrocystis pyrifera","KFM","reference",113.665,"Bio","After",13
"Santa Barbara Island SMR",2016,"Mesocentrotus franciscanus","KFM","reference",66.5989283569156,"Bio","After",13
"Santa Barbara Island SMR",2016,"Strongylocentrotus purpuratus","KFM","reference",70.7802416493713,"Bio","After",13
"Santa Barbara Island SMR",2017,"Macrocystis pyrifera","KFM","reference",977.6884,"Bio","After",14
"Santa Barbara Island SMR",2017,"Mesocentrotus franciscanus","KFM","reference",48.92582048223,"Bio","After",14
"Santa Barbara Island SMR",2017,"Strongylocentrotus purpuratus","KFM","reference",132.445945136397,"Bio","After",14
"Santa Barbara Island SMR",2018,"Macrocystis pyrifera","KFM","reference",719.008,"Bio","After",15
"Santa Barbara Island SMR",2018,"Mesocentrotus franciscanus","KFM","reference",114.368578262364,"Bio","After",15
"Santa Barbara Island SMR",2018,"Strongylocentrotus purpuratus","KFM","reference",487.190828600036,"Bio","After",15
"Santa Barbara Island SMR",2019,"Macrocystis pyrifera","KFM","reference",23.6758,"Bio","After",16
"Santa Barbara Island SMR",2019,"Mesocentrotus franciscanus","KFM","reference",220.529784081574,"Bio","After",16
"Santa Barbara Island SMR",2019,"Strongylocentrotus purpuratus","KFM","reference",436.947386252833,"Bio","After",16
"Santa Barbara Island SMR",2021,"Macrocystis pyrifera","KFM","reference",119.9316,"Bio","After",18
"Santa Barbara Island SMR",2021,"Mesocentrotus franciscanus","KFM","reference",99.4540627228101,"Bio","After",18
"Santa Barbara Island SMR",2021,"Strongylocentrotus purpuratus","KFM","reference",198.080027480708,"Bio","After",18
"Santa Barbara Island SMR",2022,"Macrocystis pyrifera","KFM","reference",186.6032,"Bio","After",19
"Santa Barbara Island SMR",2022,"Mesocentrotus franciscanus","KFM","reference",169.997896260985,"Bio","After",19
"Santa Barbara Island SMR",2022,"Strongylocentrotus purpuratus","KFM","reference",417.562251570103,"Bio","After",19
"Santa Barbara Island SMR",2023,"Macrocystis pyrifera","KFM","reference",82.4704,"Bio","After",20
"Blue Cavern Onshore SMCA",2011,"Semicossyphus pulcher","PISCO","mpa",0.0694444444444444,"Den","Before",0
"Blue Cavern Onshore SMCA",2012,"Semicossyphus pulcher","PISCO","mpa",0.0532986111111111,"Den","Before",0
"Blue Cavern Onshore SMCA",2016,"Semicossyphus pulcher","PISCO","mpa",0.0439236111111111,"Den","After",4
"Blue Cavern Onshore SMCA",2019,"Semicossyphus pulcher","PISCO","mpa",0.0300347222222222,"Den","After",7
"Blue Cavern Onshore SMCA",2020,"Semicossyphus pulcher","PISCO","mpa",0.0203125,"Den","After",8
"Blue Cavern Onshore SMCA",2021,"Semicossyphus pulcher","PISCO","mpa",0.0171875,"Den","After",9
"Blue Cavern Onshore SMCA",2022,"Semicossyphus pulcher","PISCO","mpa",0.0307291666666667,"Den","After",10
"Blue Cavern Onshore SMCA",2023,"Semicossyphus pulcher","PISCO","mpa",0.0354166666666667,"Den","After",11
"Farnsworth Onshore SMCA",2011,"Semicossyphus pulcher","PISCO","mpa",0.0458333333333333,"Den","Before",0
"Farnsworth Onshore SMCA",2012,"Semicossyphus pulcher","PISCO","mpa",0.0597222222222222,"Den","Before",0
"Farnsworth Onshore SMCA",2019,"Semicossyphus pulcher","PISCO","mpa",0.0319444444444444,"Den","After",7
"Farnsworth Onshore SMCA",2021,"Semicossyphus pulcher","PISCO","mpa",0.05,"Den","After",9
"Farnsworth Onshore SMCA",2022,"Semicossyphus pulcher","PISCO","mpa",0.0236111111111111,"Den","After",10
"Farnsworth Onshore SMCA",2023,"Semicossyphus pulcher","PISCO","mpa",0.0347222222222222,"Den","After",11
"Long Point SMR",2011,"Semicossyphus pulcher","PISCO","mpa",0.0138888888888889,"Den","Before",0
"Long Point SMR",2012,"Semicossyphus pulcher","PISCO","mpa",0.0111111111111111,"Den","Before",0
"Long Point SMR",2016,"Semicossyphus pulcher","PISCO","mpa",0.0583333333333333,"Den","After",4
"Long Point SMR",2019,"Semicossyphus pulcher","PISCO","mpa",0.0208333333333333,"Den","After",7
"Long Point SMR",2020,"Semicossyphus pulcher","PISCO","mpa",0.0375,"Den","After",8
"Long Point SMR",2021,"Semicossyphus pulcher","PISCO","mpa",0.0347222222222222,"Den","After",9
"Long Point SMR",2022,"Semicossyphus pulcher","PISCO","mpa",0.0375,"Den","After",10
"Long Point SMR",2023,"Semicossyphus pulcher","PISCO","mpa",0.0194444444444444,"Den","After",11
"Santa Barbara Island SMR",2004,"Semicossyphus pulcher","PISCO","mpa",0.00486111111111111,"Den","After",1
"Santa Barbara Island SMR",2005,"Semicossyphus pulcher","PISCO","mpa",0.0159722222222222,"Den","After",2
"Santa Barbara Island SMR",2006,"Semicossyphus pulcher","PISCO","mpa",0.0145833333333333,"Den","After",3
"Santa Barbara Island SMR",2007,"Semicossyphus pulcher","PISCO","mpa",0.0145833333333333,"Den","After",4
"Santa Barbara Island SMR",2008,"Semicossyphus pulcher","PISCO","mpa",0.00972222222222222,"Den","After",5
"Santa Barbara Island SMR",2011,"Semicossyphus pulcher","PISCO","mpa",0.0138888888888889,"Den","After",8
"Santa Barbara Island SMR",2019,"Semicossyphus pulcher","PISCO","mpa",0.0244791666666667,"Den","After",16
"Santa Barbara Island SMR",2021,"Semicossyphus pulcher","PISCO","mpa",0.0177083333333333,"Den","After",18
"Santa Barbara Island SMR",2022,"Semicossyphus pulcher","PISCO","mpa",0.0409722222222222,"Den","After",19
"Santa Barbara Island SMR",2023,"Semicossyphus pulcher","PISCO","mpa",0.0196180555555556,"Den","After",20
"Swamis SMCA",2011,"Semicossyphus pulcher","PISCO","mpa",0.00138888888888889,"Den","Before",0
"Swamis SMCA",2012,"Semicossyphus pulcher","PISCO","mpa",0.0152777777777778,"Den","Before",0
"Swamis SMCA",2019,"Semicossyphus pulcher","PISCO","mpa",0.0791666666666667,"Den","After",7
"Swamis SMCA",2020,"Semicossyphus pulcher","PISCO","mpa",0.0541666666666667,"Den","After",8
"Swamis SMCA",2021,"Semicossyphus pulcher","PISCO","mpa",0.0430555555555556,"Den","After",9
"Swamis SMCA",2022,"Semicossyphus pulcher","PISCO","mpa",0.0263888888888889,"Den","After",10
"Swamis SMCA",2023,"Semicossyphus pulcher","PISCO","mpa",0.0277777777777778,"Den","After",11
"Blue Cavern Onshore SMCA",2011,"Semicossyphus pulcher","PISCO","reference",0.0145833333333333,"Den","Before",0
"Blue Cavern Onshore SMCA",2012,"Semicossyphus pulcher","PISCO","reference",0,"Den","Before",0
"Blue Cavern Onshore SMCA",2016,"Semicossyphus pulcher","PISCO","reference",0.0291666666666667,"Den","After",4
"Blue Cavern Onshore SMCA",2019,"Semicossyphus pulcher","PISCO","reference",0.0229166666666667,"Den","After",7
"Blue Cavern Onshore SMCA",2020,"Semicossyphus pulcher","PISCO","reference",0.00416666666666667,"Den","After",8
"Blue Cavern Onshore SMCA",2021,"Semicossyphus pulcher","PISCO","reference",0.00625,"Den","After",9
"Blue Cavern Onshore SMCA",2022,"Semicossyphus pulcher","PISCO","reference",0.0166666666666667,"Den","After",10
"Blue Cavern Onshore SMCA",2023,"Semicossyphus pulcher","PISCO","reference",0.0333333333333333,"Den","After",11
"Farnsworth Onshore SMCA",2011,"Semicossyphus pulcher","PISCO","reference",0.0416666666666667,"Den","Before",0
"Farnsworth Onshore SMCA",2012,"Semicossyphus pulcher","PISCO","reference",0.0291666666666667,"Den","Before",0
"Farnsworth Onshore SMCA",2019,"Semicossyphus pulcher","PISCO","reference",0.0388888888888889,"Den","After",7
"Farnsworth Onshore SMCA",2021,"Semicossyphus pulcher","PISCO","reference",0.0486111111111111,"Den","After",9
"Farnsworth Onshore SMCA",2022,"Semicossyphus pulcher","PISCO","reference",0.0291666666666667,"Den","After",10
"Farnsworth Onshore SMCA",2023,"Semicossyphus pulcher","PISCO","reference",0.0388888888888889,"Den","After",11
"Long Point SMR",2011,"Semicossyphus pulcher","PISCO","reference",0.0180555555555556,"Den","Before",0
"Long Point SMR",2012,"Semicossyphus pulcher","PISCO","reference",0.00694444444444444,"Den","Before",0
"Long Point SMR",2016,"Semicossyphus pulcher","PISCO","reference",0.0152777777777778,"Den","After",4
"Long Point SMR",2019,"Semicossyphus pulcher","PISCO","reference",0.0152777777777778,"Den","After",7
"Long Point SMR",2020,"Semicossyphus pulcher","PISCO","reference",0.0291666666666667,"Den","After",8
"Long Point SMR",2021,"Semicossyphus pulcher","PISCO","reference",0.00416666666666667,"Den","After",9
"Long Point SMR",2022,"Semicossyphus pulcher","PISCO","reference",0.0166666666666667,"Den","After",10
"Long Point SMR",2023,"Semicossyphus pulcher","PISCO","reference",0.0111111111111111,"Den","After",11
"Santa Barbara Island SMR",2004,"Semicossyphus pulcher","PISCO","reference",0.0118055555555556,"Den","After",1
"Santa Barbara Island SMR",2005,"Semicossyphus pulcher","PISCO","reference",0.0203125,"Den","After",2
"Santa Barbara Island SMR",2006,"Semicossyphus pulcher","PISCO","reference",0.00954861111111111,"Den","After",3
"Santa Barbara Island SMR",2007,"Semicossyphus pulcher","PISCO","reference",0.0109375,"Den","After",4
"Santa Barbara Island SMR",2008,"Semicossyphus pulcher","PISCO","reference",0.00954861111111111,"Den","After",5
"Santa Barbara Island SMR",2011,"Semicossyphus pulcher","PISCO","reference",0.01875,"Den","After",8
"Santa Barbara Island SMR",2019,"Semicossyphus pulcher","PISCO","reference",0.0385416666666667,"Den","After",16
"Santa Barbara Island SMR",2021,"Semicossyphus pulcher","PISCO","reference",0.0291666666666667,"Den","After",18
"Santa Barbara Island SMR",2022,"Semicossyphus pulcher","PISCO","reference",0.0302083333333333,"Den","After",19
"Santa Barbara Island SMR",2023,"Semicossyphus pulcher","PISCO","reference",0.0239583333333333,"Den","After",20
"Swamis SMCA",2011,"Semicossyphus pulcher","PISCO","reference",0.00972222222222222,"Den","Before",0
"Swamis SMCA",2012,"Semicossyphus pulcher","PISCO","reference",0,"Den","Before",0
"Swamis SMCA",2019,"Semicossyphus pulcher","PISCO","reference",0.00138888888888889,"Den","After",7
"Swamis SMCA",2020,"Semicossyphus pulcher","PISCO","reference",0.00416666666666667,"Den","After",8
"Swamis SMCA",2021,"Semicossyphus pulcher","PISCO","reference",0.00416666666666667,"Den","After",9
"Swamis SMCA",2022,"Semicossyphus pulcher","PISCO","reference",0.00138888888888889,"Den","After",10
"Swamis SMCA",2023,"Semicossyphus pulcher","PISCO","reference",0.00138888888888889,"Den","After",11
"Blue Cavern Onshore SMCA",2011,"Semicossyphus pulcher","PISCO","mpa",18.0520683939443,"Bio","Before",0
"Blue Cavern Onshore SMCA",2012,"Semicossyphus pulcher","PISCO","mpa",12.8458749455239,"Bio","Before",0
"Blue Cavern Onshore SMCA",2016,"Semicossyphus pulcher","PISCO","mpa",8.67404673437388,"Bio","After",4
"Blue Cavern Onshore SMCA",2019,"Semicossyphus pulcher","PISCO","mpa",7.99403584024252,"Bio","After",7
"Blue Cavern Onshore SMCA",2020,"Semicossyphus pulcher","PISCO","mpa",3.41723516064317,"Bio","After",8
"Blue Cavern Onshore SMCA",2021,"Semicossyphus pulcher","PISCO","mpa",3.72560865453758,"Bio","After",9
"Blue Cavern Onshore SMCA",2022,"Semicossyphus pulcher","PISCO","mpa",6.1590585906846,"Bio","After",10
"Blue Cavern Onshore SMCA",2023,"Semicossyphus pulcher","PISCO","mpa",13.4172719425894,"Bio","After",11
"Farnsworth Onshore SMCA",2011,"Semicossyphus pulcher","PISCO","mpa",10.4379394835328,"Bio","Before",0
"Farnsworth Onshore SMCA",2012,"Semicossyphus pulcher","PISCO","mpa",9.26377547547262,"Bio","Before",0
"Farnsworth Onshore SMCA",2019,"Semicossyphus pulcher","PISCO","mpa",10.8839966748851,"Bio","After",7
"Farnsworth Onshore SMCA",2021,"Semicossyphus pulcher","PISCO","mpa",14.9428723171228,"Bio","After",9
"Farnsworth Onshore SMCA",2022,"Semicossyphus pulcher","PISCO","mpa",6.32885136733243,"Bio","After",10
"Farnsworth Onshore SMCA",2023,"Semicossyphus pulcher","PISCO","mpa",14.6057125790815,"Bio","After",11
"Long Point SMR",2011,"Semicossyphus pulcher","PISCO","mpa",2.38739445526633,"Bio","Before",0
"Long Point SMR",2012,"Semicossyphus pulcher","PISCO","mpa",1.38448086347627,"Bio","Before",0
"Long Point SMR",2016,"Semicossyphus pulcher","PISCO","mpa",24.1254080116473,"Bio","After",4
"Long Point SMR",2019,"Semicossyphus pulcher","PISCO","mpa",8.66701058282812,"Bio","After",7
"Long Point SMR",2020,"Semicossyphus pulcher","PISCO","mpa",17.4278247476108,"Bio","After",8
"Long Point SMR",2021,"Semicossyphus pulcher","PISCO","mpa",13.3222481893898,"Bio","After",9
"Long Point SMR",2022,"Semicossyphus pulcher","PISCO","mpa",11.0986213686922,"Bio","After",10
"Long Point SMR",2023,"Semicossyphus pulcher","PISCO","mpa",4.33616552025042,"Bio","After",11
"Santa Barbara Island SMR",2004,"Semicossyphus pulcher","PISCO","mpa",1.49385635978644,"Bio","After",1
"Santa Barbara Island SMR",2005,"Semicossyphus pulcher","PISCO","mpa",3.2353941436652,"Bio","After",2
"Santa Barbara Island SMR",2006,"Semicossyphus pulcher","PISCO","mpa",4.47848692242282,"Bio","After",3
"Santa Barbara Island SMR",2007,"Semicossyphus pulcher","PISCO","mpa",6.02655291643114,"Bio","After",4
"Santa Barbara Island SMR",2008,"Semicossyphus pulcher","PISCO","mpa",5.68898546325045,"Bio","After",5
"Santa Barbara Island SMR",2011,"Semicossyphus pulcher","PISCO","mpa",9.3996907845415,"Bio","After",8
"Santa Barbara Island SMR",2019,"Semicossyphus pulcher","PISCO","mpa",19.3173624044988,"Bio","After",16
"Santa Barbara Island SMR",2021,"Semicossyphus pulcher","PISCO","mpa",18.2010045919388,"Bio","After",18
"Santa Barbara Island SMR",2022,"Semicossyphus pulcher","PISCO","mpa",43.1706110094883,"Bio","After",19
"Santa Barbara Island SMR",2023,"Semicossyphus pulcher","PISCO","mpa",16.1539474552942,"Bio","After",20
"Swamis SMCA",2011,"Semicossyphus pulcher","PISCO","mpa",1.38263299813183,"Bio","Before",0
"Swamis SMCA",2012,"Semicossyphus pulcher","PISCO","mpa",5.96758156501332,"Bio","Before",0
"Swamis SMCA",2019,"Semicossyphus pulcher","PISCO","mpa",46.5078130618702,"Bio","After",7
"Swamis SMCA",2020,"Semicossyphus pulcher","PISCO","mpa",44.7067929513893,"Bio","After",8
"Swamis SMCA",2021,"Semicossyphus pulcher","PISCO","mpa",31.9195632606899,"Bio","After",9
"Swamis SMCA",2022,"Semicossyphus pulcher","PISCO","mpa",14.0652991421451,"Bio","After",10
"Swamis SMCA",2023,"Semicossyphus pulcher","PISCO","mpa",22.9356306145367,"Bio","After",11
"Blue Cavern Onshore SMCA",2011,"Semicossyphus pulcher","PISCO","reference",0.87175261004356,"Bio","Before",0
"Blue Cavern Onshore SMCA",2012,"Semicossyphus pulcher","PISCO","reference",0,"Bio","Before",0
"Blue Cavern Onshore SMCA",2016,"Semicossyphus pulcher","PISCO","reference",3.99120471371516,"Bio","After",4
"Blue Cavern Onshore SMCA",2019,"Semicossyphus pulcher","PISCO","reference",8.58186210174362,"Bio","After",7
"Blue Cavern Onshore SMCA",2020,"Semicossyphus pulcher","PISCO","reference",0.222825813292376,"Bio","After",8
"Blue Cavern Onshore SMCA",2021,"Semicossyphus pulcher","PISCO","reference",1.8939040811464,"Bio","After",9
"Blue Cavern Onshore SMCA",2022,"Semicossyphus pulcher","PISCO","reference",1.81527083009644,"Bio","After",10
"Blue Cavern Onshore SMCA",2023,"Semicossyphus pulcher","PISCO","reference",4.58009645918416,"Bio","After",11
"Farnsworth Onshore SMCA",2011,"Semicossyphus pulcher","PISCO","reference",7.49806737796142,"Bio","Before",0
"Farnsworth Onshore SMCA",2012,"Semicossyphus pulcher","PISCO","reference",1.29710821283483,"Bio","Before",0
"Farnsworth Onshore SMCA",2019,"Semicossyphus pulcher","PISCO","reference",10.8837299181583,"Bio","After",7
"Farnsworth Onshore SMCA",2021,"Semicossyphus pulcher","PISCO","reference",13.6896262026999,"Bio","After",9
"Farnsworth Onshore SMCA",2022,"Semicossyphus pulcher","PISCO","reference",7.45595436174327,"Bio","After",10
"Farnsworth Onshore SMCA",2023,"Semicossyphus pulcher","PISCO","reference",8.16477965321365,"Bio","After",11
"Long Point SMR",2011,"Semicossyphus pulcher","PISCO","reference",1.72650062518322,"Bio","Before",0
"Long Point SMR",2012,"Semicossyphus pulcher","PISCO","reference",0.915874023381538,"Bio","Before",0
"Long Point SMR",2016,"Semicossyphus pulcher","PISCO","reference",1.53743564808532,"Bio","After",4
"Long Point SMR",2019,"Semicossyphus pulcher","PISCO","reference",2.47979774269568,"Bio","After",7
"Long Point SMR",2020,"Semicossyphus pulcher","PISCO","reference",6.262188285289,"Bio","After",8
"Long Point SMR",2021,"Semicossyphus pulcher","PISCO","reference",0.945203449346292,"Bio","After",9
"Long Point SMR",2022,"Semicossyphus pulcher","PISCO","reference",3.79984245439894,"Bio","After",10
"Long Point SMR",2023,"Semicossyphus pulcher","PISCO","reference",0.342728947118996,"Bio","After",11
"Santa Barbara Island SMR",2004,"Semicossyphus pulcher","PISCO","reference",4.24446901072638,"Bio","After",1
"Santa Barbara Island SMR",2005,"Semicossyphus pulcher","PISCO","reference",5.44439647967035,"Bio","After",2
"Santa Barbara Island SMR",2006,"Semicossyphus pulcher","PISCO","reference",4.59678691047936,"Bio","After",3
"Santa Barbara Island SMR",2007,"Semicossyphus pulcher","PISCO","reference",5.79357352492742,"Bio","After",4
"Santa Barbara Island SMR",2008,"Semicossyphus pulcher","PISCO","reference",3.64216316778515,"Bio","After",5
"Santa Barbara Island SMR",2011,"Semicossyphus pulcher","PISCO","reference",11.1649683619071,"Bio","After",8
"Santa Barbara Island SMR",2019,"Semicossyphus pulcher","PISCO","reference",12.9131653853039,"Bio","After",16
"Santa Barbara Island SMR",2021,"Semicossyphus pulcher","PISCO","reference",11.1931150594951,"Bio","After",18
"Santa Barbara Island SMR",2022,"Semicossyphus pulcher","PISCO","reference",17.9283949459413,"Bio","After",19
"Santa Barbara Island SMR",2023,"Semicossyphus pulcher","PISCO","reference",11.2599323872817,"Bio","After",20
"Swamis SMCA",2011,"Semicossyphus pulcher","PISCO","reference",6.20959658088578,"Bio","Before",0
"Swamis SMCA",2012,"Semicossyphus pulcher","PISCO","reference",0,"Bio","Before",0
"Swamis SMCA",2019,"Semicossyphus pulcher","PISCO","reference",0.546794283005966,"Bio","After",7
"Swamis SMCA",2020,"Semicossyphus pulcher","PISCO","reference",1.11865016375305,"Bio","After",8
"Swamis SMCA",2021,"Semicossyphus pulcher","PISCO","reference",1.20577624079647,"Bio","After",9
"Swamis SMCA",2022,"Semicossyphus pulcher","PISCO","reference",0.399041512127525,"Bio","After",10
"Swamis SMCA",2023,"Semicossyphus pulcher","PISCO","reference",0.187208554139386,"Bio","After",11
