"CA_MPA_Name_Short","year","lnDiff","Diff","mpa","reference","BA","time","y","resp","source","type","Location","Hectares"
"Abalone Cove SMCA",1984,-1.20168896910318,0.30068593354828,0.195860235530939,0.65137811143896,"Before",0,"Macrocystis pyrifera","Bio","Landsat","SMCA","ML",1241.700755
"Abalone Cove SMCA",1987,0.463321081227076,1.58934356888297,0.540266490454404,0.339930585829291,"Before",0,"Macrocystis pyrifera","Bio","Landsat","SMCA","ML",1241.700755
"Abalone Cove SMCA",1988,-1.22565775396033,0.293564543564544,0.294609464984696,1.00355942651474,"Before",0,"Macrocystis pyrifera","Bio","Landsat","SMCA","ML",1241.700755
"Abalone Cove SMCA",1989,-0.802453048230034,0.448228089298641,0.164796705809651,0.367662602465442,"Before",0,"Macrocystis pyrifera","Bio","Landsat","SMCA","ML",1241.700755
"Abalone Cove SMCA",1990,-1.8007776997762,0.165170385288039,0.0238360736481598,0.144312030310957,"Before",0,"Macrocystis pyrifera","Bio","Landsat","SMCA","ML",1241.700755
"Abalone Cove SMCA",1991,-0.970562002247635,0.378870052438761,0.0322704001639753,0.0851753786192729,"Before",0,"Macrocystis pyrifera","Bio","Landsat","SMCA","ML",1241.700755
"Abalone Cove SMCA",1992,-1.19089044835174,0.303950491316017,0.0209603874222379,0.0689598734698061,"Before",0,"Macrocystis pyrifera","Bio","Landsat","SMCA","ML",1241.700755
"Abalone Cove SMCA",1993,-0.059998878246422,0.941765590012576,0.0939263365440064,0.0997343049481688,"Before",0,"Macrocystis pyrifera","Bio","Landsat","SMCA","ML",1241.700755
"Abalone Cove SMCA",1994,1.80162496466454,6.05948591918134,0.460117444249163,0.0759334125676666,"Before",0,"Macrocystis pyrifera","Bio","Landsat","SMCA","ML",1241.700755
"Abalone Cove SMCA",1995,0.704568674913766,2.02297393730895,0.29052843793642,0.143614523439137,"Before",0,"Macrocystis pyrifera","Bio","Landsat","SMCA","ML",1241.700755
"Abalone Cove SMCA",1996,0.317840605730144,1.37415721098504,0.0511275596284246,0.0372064849783635,"Before",0,"Macrocystis pyrifera","Bio","Landsat","SMCA","ML",1241.700755
"Abalone Cove SMCA",1997,0.509028136563157,1.66367354551631,0.191014398316194,0.114814831810596,"Before",0,"Macrocystis pyrifera","Bio","Landsat","SMCA","ML",1241.700755
"Abalone Cove SMCA",1998,-1.72549337110702,0.17808516801854,0.0188066819934624,0.105604987785982,"Before",0,"Macrocystis pyrifera","Bio","Landsat","SMCA","ML",1241.700755
"Abalone Cove SMCA",1999,-1.89731375114901,0.149970937876251,0.0663044525718272,0.442115342550825,"Before",0,"Macrocystis pyrifera","Bio","Landsat","SMCA","ML",1241.700755
"Abalone Cove SMCA",2000,-2.39099966665832,0.0915381305066703,0.0123639211511311,0.135068534639017,"Before",0,"Macrocystis pyrifera","Bio","Landsat","SMCA","ML",1241.700755
"Abalone Cove SMCA",2001,-0.51125944560759,0.599739763347294,0.112804910693117,0.188089764239618,"Before",0,"Macrocystis pyrifera","Bio","Landsat","SMCA","ML",1241.700755
"Abalone Cove SMCA",2002,-1.31805211256946,0.267656158583144,0.165145459245561,0.617006012937529,"Before",0,"Macrocystis pyrifera","Bio","Landsat","SMCA","ML",1241.700755
"Abalone Cove SMCA",2003,0.210282636295671,1.23402679143343,0.338888914382561,0.274620386473873,"Before",0,"Macrocystis pyrifera","Bio","Landsat","SMCA","ML",1241.700755
"Abalone Cove SMCA",2004,0.587266964647453,1.79906478257902,0.0806247581287849,0.044814816514393,"Before",0,"Macrocystis pyrifera","Bio","Landsat","SMCA","ML",1241.700755
"Abalone Cove SMCA",2005,-2.35526900045393,0.0948679835712889,0.037097881934725,0.391047438115385,"Before",0,"Macrocystis pyrifera","Bio","Landsat","SMCA","ML",1241.700755
"Abalone Cove SMCA",2006,-1.54698245348709,0.212889409253935,0.0439444625449517,0.206419204689204,"Before",0,"Macrocystis pyrifera","Bio","Landsat","SMCA","ML",1241.700755
"Abalone Cove SMCA",2007,-1.45342952691741,0.233767200868519,0.091234204758037,0.390278039087918,"Before",0,"Macrocystis pyrifera","Bio","Landsat","SMCA","ML",1241.700755
"Abalone Cove SMCA",2008,-0.0122467811968039,0.987827905426885,0.394505909688156,0.399367043106231,"Before",0,"Macrocystis pyrifera","Bio","Landsat","SMCA","ML",1241.700755
"Abalone Cove SMCA",2009,0.766065488586918,2.15128532390817,0.402202959203496,0.186959374813578,"Before",0,"Macrocystis pyrifera","Bio","Landsat","SMCA","ML",1241.700755
"Abalone Cove SMCA",2010,0.506327179533902,1.6591860976891,0.536271122144772,0.323213365210621,"Before",0,"Macrocystis pyrifera","Bio","Landsat","SMCA","ML",1241.700755
"Abalone Cove SMCA",2011,-0.448483335898863,0.638595953078558,0.184697066341163,0.289223671792424,"Before",0,"Macrocystis pyrifera","Bio","Landsat","SMCA","ML",1241.700755
"Abalone Cove SMCA",2012,-1.02845230503664,0.357559926244622,0.0106782795442343,0.0298643073802651,"Before",0,"Macrocystis pyrifera","Bio","Landsat","SMCA","ML",1241.700755
"Abalone Cove SMCA",2013,-0.501627860390104,0.605544115672143,0.0827662265948969,0.136680754469933,"After",1,"Macrocystis pyrifera","Bio","Landsat","SMCA","ML",1241.700755
"Abalone Cove SMCA",2014,-0.0104047477703967,0.989649194370793,0.0890652031259321,0.0899967419086908,"After",2,"Macrocystis pyrifera","Bio","Landsat","SMCA","ML",1241.700755
"Abalone Cove SMCA",2015,0.0089483078030221,1.00898846359539,0.404023207399691,0.40042401075629,"After",3,"Macrocystis pyrifera","Bio","Landsat","SMCA","ML",1241.700755
"Abalone Cove SMCA",2016,2.72655711346258,15.2801883993473,0.630226521475105,0.0412446826573176,"After",4,"Macrocystis pyrifera","Bio","Landsat","SMCA","ML",1241.700755
"Abalone Cove SMCA",2017,1.36750720354516,3.92555288425642,0.804220834346707,0.204868169671606,"After",5,"Macrocystis pyrifera","Bio","Landsat","SMCA","ML",1241.700755
"Abalone Cove SMCA",2018,0.610814039429631,1.84193019246359,0.740288822911265,0.401909272099572,"After",6,"Macrocystis pyrifera","Bio","Landsat","SMCA","ML",1241.700755
"Abalone Cove SMCA",2019,2.49342178452502,12.1026178994175,0.591175314375219,0.0488468957120153,"After",7,"Macrocystis pyrifera","Bio","Landsat","SMCA","ML",1241.700755
"Abalone Cove SMCA",2020,0.938901546163204,2.55717094079069,0.970983102284182,0.379709892207655,"After",8,"Macrocystis pyrifera","Bio","Landsat","SMCA","ML",1241.700755
"Abalone Cove SMCA",2021,0.872576239756308,2.39306803594352,0.47050050706914,0.196609749494078,"After",9,"Macrocystis pyrifera","Bio","Landsat","SMCA","ML",1241.700755
"Arrow Point to Lion Head Point SMCA",1984,0,1,0.000911923398434531,0.000911923398434531,"Before",0,"Macrocystis pyrifera","Bio","Landsat","SMCA","C",168.6305101
"Arrow Point to Lion Head Point SMCA",1985,-3.00661039170117,0.0494590417310665,0.000911923398434531,0.0184379512120982,"Before",0,"Macrocystis pyrifera","Bio","Landsat","SMCA","C",168.6305101
"Arrow Point to Lion Head Point SMCA",1986,-6.38306664508467,0.00168993257873149,0.000911923398434531,0.539621171821567,"Before",0,"Macrocystis pyrifera","Bio","Landsat","SMCA","C",168.6305101
"Arrow Point to Lion Head Point SMCA",1987,-4.43527114919269,0.0118518518518519,0.000911923398434531,0.0769435367429136,"Before",0,"Macrocystis pyrifera","Bio","Landsat","SMCA","C",168.6305101
"Arrow Point to Lion Head Point SMCA",1988,1.21157937570684,3.3587852494577,0.0735428224029182,0.0218956607644958,"Before",0,"Macrocystis pyrifera","Bio","Landsat","SMCA","C",168.6305101
"Arrow Point to Lion Head Point SMCA",1989,0.570728755240743,1.76955615497793,0.548388935329432,0.309901968234668,"Before",0,"Macrocystis pyrifera","Bio","Landsat","SMCA","C",168.6305101
"Arrow Point to Lion Head Point SMCA",1990,-4.01391337825548,0.0180625710734404,0.012975910023558,0.718386655520936,"Before",0,"Macrocystis pyrifera","Bio","Landsat","SMCA","C",168.6305101
"Arrow Point to Lion Head Point SMCA",1991,-4.91418557637626,0.00734169470786173,0.000911923398434531,0.124211566228437,"Before",0,"Macrocystis pyrifera","Bio","Landsat","SMCA","C",168.6305101
"Arrow Point to Lion Head Point SMCA",1992,-1.6031682994205,0.20125786163522,0.0580591230336652,0.288481267573524,"Before",0,"Macrocystis pyrifera","Bio","Landsat","SMCA","C",168.6305101
"Arrow Point to Lion Head Point SMCA",1993,-2.71359038147783,0.0662983425414365,0.000911923398434531,0.0137548445930542,"Before",0,"Macrocystis pyrifera","Bio","Landsat","SMCA","C",168.6305101
"Arrow Point to Lion Head Point SMCA",1994,0.0786995241270686,1.08187919463087,0.0995326392583023,0.0919997720191504,"Before",0,"Macrocystis pyrifera","Bio","Landsat","SMCA","C",168.6305101
"Arrow Point to Lion Head Point SMCA",1995,-6.20613480121757,0.00201701859439017,0.000911923398434531,0.45211452238012,"Before",0,"Macrocystis pyrifera","Bio","Landsat","SMCA","C",168.6305101
"Arrow Point to Lion Head Point SMCA",1996,-1.55041929047217,0.212158998928048,0.0921232616460217,0.434218025685842,"Before",0,"Macrocystis pyrifera","Bio","Landsat","SMCA","C",168.6305101
"Arrow Point to Lion Head Point SMCA",1997,-0.946046092166477,0.388273188840967,0.0675583251006915,0.173996884261722,"Before",0,"Macrocystis pyrifera","Bio","Landsat","SMCA","C",168.6305101
"Arrow Point to Lion Head Point SMCA",1998,-2.7408400239252,0.0645161290322581,0.000911923398434531,0.0141348126757352,"Before",0,"Macrocystis pyrifera","Bio","Landsat","SMCA","C",168.6305101
"Arrow Point to Lion Head Point SMCA",1999,-2.5717682701319,0.0764003294892916,0.0211452238012007,0.27676875142488,"Before",0,"Macrocystis pyrifera","Bio","Landsat","SMCA","C",168.6305101
"Arrow Point to Lion Head Point SMCA",2000,-1.08703145016074,0.337216052010371,0.0827760468120678,0.245468880614028,"Before",0,"Macrocystis pyrifera","Bio","Landsat","SMCA","C",168.6305101
"Arrow Point to Lion Head Point SMCA",2001,-0.336363100491014,0.714363672918402,0.23626415381108,0.330733718367657,"Before",0,"Macrocystis pyrifera","Bio","Landsat","SMCA","C",168.6305101
"Arrow Point to Lion Head Point SMCA",2002,-0.518660852994437,0.595317231701012,0.229690705980698,0.38582909035641,"Before",0,"Macrocystis pyrifera","Bio","Landsat","SMCA","C",168.6305101
"Arrow Point to Lion Head Point SMCA",2003,0.249428020629104,1.28329119063878,0.660479519720343,0.514676267193556,"Before",0,"Macrocystis pyrifera","Bio","Landsat","SMCA","C",168.6305101
"Arrow Point to Lion Head Point SMCA",2004,0.585857690834569,1.79653119337303,0.329622311725815,0.183477087924614,"After",1,"Macrocystis pyrifera","Bio","Landsat","SMCA","C",168.6305101
"Arrow Point to Lion Head Point SMCA",2005,-2.46987115248898,0.0845957582522723,0.02015730678623,0.238277984649289,"After",2,"Macrocystis pyrifera","Bio","Landsat","SMCA","C",168.6305101
"Arrow Point to Lion Head Point SMCA",2006,0.283708424765231,1.32804564907275,0.884337715631887,0.665894064898549,"After",3,"Macrocystis pyrifera","Bio","Landsat","SMCA","C",168.6305101
"Arrow Point to Lion Head Point SMCA",2007,-0.430496524465861,0.650186181216384,0.298559920966639,0.459191427920055,"After",4,"Macrocystis pyrifera","Bio","Landsat","SMCA","C",168.6305101
"Arrow Point to Lion Head Point SMCA",2008,0.35919817337598,1.43218059351396,0.632190895964739,0.441418420852648,"After",5,"Macrocystis pyrifera","Bio","Landsat","SMCA","C",168.6305101
"Arrow Point to Lion Head Point SMCA",2009,-0.151946990572376,0.859033816425121,0.168914811155863,0.196633482787446,"After",6,"Macrocystis pyrifera","Bio","Landsat","SMCA","C",168.6305101
"Arrow Point to Lion Head Point SMCA",2010,-0.142717323066569,0.86699911491052,0.763013906831826,0.880063074701725,"After",7,"Macrocystis pyrifera","Bio","Landsat","SMCA","C",168.6305101
"Arrow Point to Lion Head Point SMCA",2011,0.792276046114417,2.20841716968477,1.00091192339843,0.453225929021962,"After",8,"Macrocystis pyrifera","Bio","Landsat","SMCA","C",168.6305101
"Arrow Point to Lion Head Point SMCA",2012,1.811674778929,6.12068965517241,0.532810243939509,0.0870506877422297,"After",9,"Macrocystis pyrifera","Bio","Landsat","SMCA","C",168.6305101
"Arrow Point to Lion Head Point SMCA",2013,0.631898625126022,1.88117884421386,0.495991336727715,0.263659852572384,"After",10,"Macrocystis pyrifera","Bio","Landsat","SMCA","C",168.6305101
"Arrow Point to Lion Head Point SMCA",2014,0.631190777717617,1.87984772781347,0.150106391063151,0.0798502925754237,"After",11,"Macrocystis pyrifera","Bio","Landsat","SMCA","C",168.6305101
"Arrow Point to Lion Head Point SMCA",2015,-1.09861228866811,0.333333333333333,0.000911923398434531,0.00273577019530359,"After",12,"Macrocystis pyrifera","Bio","Landsat","SMCA","C",168.6305101
"Arrow Point to Lion Head Point SMCA",2016,-1.26014610293587,0.28361258684103,0.0065924462345163,0.0232445474580135,"After",13,"Macrocystis pyrifera","Bio","Landsat","SMCA","C",168.6305101
"Arrow Point to Lion Head Point SMCA",2017,-1.9376128764145,0.144047398629883,0.00739037920814652,0.0513051903640094,"After",14,"Macrocystis pyrifera","Bio","Landsat","SMCA","C",168.6305101
"Arrow Point to Lion Head Point SMCA",2018,-3.05684697134201,0.0470357667809897,0.000911923398434531,0.0193878714188008,"After",15,"Macrocystis pyrifera","Bio","Landsat","SMCA","C",168.6305101
"Arrow Point to Lion Head Point SMCA",2019,-0.257693110389881,0.772832369942197,0.0254008663272285,0.0328672391519112,"After",16,"Macrocystis pyrifera","Bio","Landsat","SMCA","C",168.6305101
"Arrow Point to Lion Head Point SMCA",2020,-0.773639629639758,0.461330935251799,0.00974618132076906,0.0211262253970666,"After",17,"Macrocystis pyrifera","Bio","Landsat","SMCA","C",168.6305101
"Arrow Point to Lion Head Point SMCA",2021,-4.28186093589316,0.0138169257340242,0.000911923398434531,0.0660004559616992,"After",18,"Macrocystis pyrifera","Bio","Landsat","SMCA","C",168.6305101
"Cabrillo SMR",1985,-4.37320745544583,0.0126107272845573,0.000478372640449744,0.0379337868193806,"Before",0,"Macrocystis pyrifera","Bio","Landsat","SMR","ML",101.1469563
"Cabrillo SMR",1986,-1.92023111637796,0.146573082775467,0.026196354716864,0.178725549199193,"Before",0,"Macrocystis pyrifera","Bio","Landsat","SMR","ML",101.1469563
"Cabrillo SMR",1987,-1.37458007776222,0.252945791068932,0.0911307183840364,0.360277662652239,"Before",0,"Macrocystis pyrifera","Bio","Landsat","SMR","ML",101.1469563
"Cabrillo SMR",1989,-4.14268181889095,0.0158802065091852,0.0059540947630159,0.374938119323071,"Before",0,"Macrocystis pyrifera","Bio","Landsat","SMR","ML",101.1469563
"Cabrillo SMR",1992,-0.678548308719565,0.50735297791858,0.00511431076158617,0.0100803799015188,"Before",0,"Macrocystis pyrifera","Bio","Landsat","SMR","ML",101.1469563
"Cabrillo SMR",1993,-5.26432220580489,0.00517289800059792,8.62853883426778e-05,0.0166802802476879,"Before",0,"Macrocystis pyrifera","Bio","Landsat","SMR","ML",101.1469563
"Cabrillo SMR",1994,-6.73625049835113,0.00118708981775711,0.00118719224626303,1.00008628538834,"Before",0,"Macrocystis pyrifera","Bio","Landsat","SMR","ML",101.1469563
"Cabrillo SMR",1995,-8.00185242767488,0.000334841782859502,8.62853883426778e-05,0.257690027826912,"Before",0,"Macrocystis pyrifera","Bio","Landsat","SMR","ML",101.1469563
"Cabrillo SMR",1996,-4.59550016300593,0.0100971692872569,0.0011984753326546,0.118694190278372,"Before",0,"Macrocystis pyrifera","Bio","Landsat","SMR","ML",101.1469563
"Cabrillo SMR",1997,-6.34926655561239,0.00174802874808283,8.62853883426778e-05,0.0493615384971856,"Before",0,"Macrocystis pyrifera","Bio","Landsat","SMR","ML",101.1469563
"Cabrillo SMR",1998,1.03735910455567,2.82175520529286,0.000730428731090001,0.000258856165028033,"Before",0,"Macrocystis pyrifera","Bio","Landsat","SMR","ML",101.1469563
"Cabrillo SMR",1999,-2.8904092272686,0.0555534739627516,0.0124720919910033,0.224506067781933,"Before",0,"Macrocystis pyrifera","Bio","Landsat","SMR","ML",101.1469563
"Cabrillo SMR",2000,-5.08301591550452,0.00620117855484599,0.000915592238123091,0.147648101086783,"Before",0,"Macrocystis pyrifera","Bio","Landsat","SMR","ML",101.1469563
"Cabrillo SMR",2001,-5.37406016201626,0.00463527309273419,0.00161715843125608,0.34888093946201,"Before",0,"Macrocystis pyrifera","Bio","Landsat","SMR","ML",101.1469563
"Cabrillo SMR",2002,-4.9331185168101,0.00720400241231982,0.00320404393875621,0.444758865332536,"Before",0,"Macrocystis pyrifera","Bio","Landsat","SMR","ML",101.1469563
"Cabrillo SMR",2003,-5.31589224348223,0.00491289330216434,0.00147410501450582,0.300048245268508,"Before",0,"Macrocystis pyrifera","Bio","Landsat","SMR","ML",101.1469563
"Cabrillo SMR",2004,-6.46633173141525,0.00155491914511217,8.62853883426778e-05,0.0554918811141484,"Before",0,"Macrocystis pyrifera","Bio","Landsat","SMR","ML",101.1469563
"Cabrillo SMR",2005,-6.74265687770857,0.00117950917820642,8.62853883426778e-05,0.0731536387651387,"Before",0,"Macrocystis pyrifera","Bio","Landsat","SMR","ML",101.1469563
"Cabrillo SMR",2006,-6.39625906653779,0.00166778468928869,8.62853883426778e-05,0.0517365274407683,"Before",0,"Macrocystis pyrifera","Bio","Landsat","SMR","ML",101.1469563
"Cabrillo SMR",2007,-4.6498128135193,0.00956339190068262,0.00213194924787148,0.22292814829844,"Before",0,"Macrocystis pyrifera","Bio","Landsat","SMR","ML",101.1469563
"Cabrillo SMR",2008,-8.71573766692124,0.000163984660685295,8.62853883426778e-05,0.526179631570962,"Before",0,"Macrocystis pyrifera","Bio","Landsat","SMR","ML",101.1469563
"Cabrillo SMR",2009,-5.91465535272345,0.00269959004489666,0.00162501629499307,0.601949284138539,"Before",0,"Macrocystis pyrifera","Bio","Landsat","SMR","ML",101.1469563
"Cabrillo SMR",2010,-3.18362744134837,0.0414350788646678,0.00921087705646842,0.22229659768604,"Before",0,"Macrocystis pyrifera","Bio","Landsat","SMR","ML",101.1469563
"Cabrillo SMR",2011,-3.19742141569445,0.0408674483902839,0.00909462096989814,0.222539486268988,"Before",0,"Macrocystis pyrifera","Bio","Landsat","SMR","ML",101.1469563
"Cabrillo SMR",2012,-2.79595038056837,0.0610568195350296,0.0035898851966108,0.0587958105900228,"Before",0,"Macrocystis pyrifera","Bio","Landsat","SMR","ML",101.1469563
"Cabrillo SMR",2013,-8.72291111859538,0.00016281253377077,8.62853883426778e-05,0.529967726343246,"After",1,"Macrocystis pyrifera","Bio","Landsat","SMR","ML",101.1469563
"Cabrillo SMR",2014,-5.79292128965296,0.00304906196034357,0.00076689727817704,0.251519086247308,"After",2,"Macrocystis pyrifera","Bio","Landsat","SMR","ML",101.1469563
"Cabrillo SMR",2015,-8.50531403952831,0.000202389997846136,8.62853883426778e-05,0.426332275611145,"After",3,"Macrocystis pyrifera","Bio","Landsat","SMR","ML",101.1469563
"Cabrillo SMR",2016,0.528675606037343,1.69668374224858,0.00158492104156588,0.000934128737194956,"After",4,"Macrocystis pyrifera","Bio","Landsat","SMR","ML",101.1469563
"Cabrillo SMR",2017,-4.37549300180015,0.0125819377951755,0.000294015068158909,0.0233680274807628,"After",5,"Macrocystis pyrifera","Bio","Landsat","SMR","ML",101.1469563
"Cabrillo SMR",2018,-2.32399552583853,0.0978817143410396,0.0158372725072892,0.161800113677095,"After",6,"Macrocystis pyrifera","Bio","Landsat","SMR","ML",101.1469563
"Cabrillo SMR",2019,-3.78570791648361,0.0226927924873301,0.00495231787839291,0.218233074715591,"After",7,"Macrocystis pyrifera","Bio","Landsat","SMR","ML",101.1469563
"Cabrillo SMR",2020,-6.96334571969163,0.000945926469540671,8.62853883426778e-05,0.0912178600780427,"After",8,"Macrocystis pyrifera","Bio","Landsat","SMR","ML",101.1469563
"Cabrillo SMR",2021,-5.80619117740231,0.00300886852140372,8.62853883426778e-05,0.028677021853525,"After",9,"Macrocystis pyrifera","Bio","Landsat","SMR","ML",101.1469563
"Campus Point SMCA",1985,3.80686526195646,45.0091256735616,0.763974562315625,0.016973770338409,"Before",0,"Macrocystis pyrifera","Bio","Landsat","SMCA","ML",2734.933446
"Campus Point SMCA",1986,1.5006167389739,4.48445395517513,0.14176666134186,0.031612914918718,"Before",0,"Macrocystis pyrifera","Bio","Landsat","SMCA","ML",2734.933446
"Campus Point SMCA",1987,1.15161135888433,3.1632859941847,0.23970440156406,0.0757770249053442,"Before",0,"Macrocystis pyrifera","Bio","Landsat","SMCA","ML",2734.933446
"Campus Point SMCA",1988,2.48040406915011,11.9460904893813,0.511224243354072,0.0427942718003425,"Before",0,"Macrocystis pyrifera","Bio","Landsat","SMCA","ML",2734.933446
"Campus Point SMCA",1989,2.27472759525217,9.72526944212852,0.673566717231258,0.0692594401871747,"Before",0,"Macrocystis pyrifera","Bio","Landsat","SMCA","ML",2734.933446
"Campus Point SMCA",1990,1.92895478977518,6.88231301699439,0.762910514161387,0.110850888687792,"Before",0,"Macrocystis pyrifera","Bio","Landsat","SMCA","ML",2734.933446
"Campus Point SMCA",1991,1.71059215272604,5.53223643677744,0.482555005325509,0.0872260270941349,"Before",0,"Macrocystis pyrifera","Bio","Landsat","SMCA","ML",2734.933446
"Campus Point SMCA",1992,1.86517202038377,6.45704653408425,0.243797056576003,0.0377567445563684,"Before",0,"Macrocystis pyrifera","Bio","Landsat","SMCA","ML",2734.933446
"Campus Point SMCA",1993,1.56861591791385,4.8,0.128029713265471,0.0266728569303064,"Before",0,"Macrocystis pyrifera","Bio","Landsat","SMCA","ML",2734.933446
"Campus Point SMCA",1994,1.99505763793077,7.35262680587264,0.686867003042727,0.0934179064404734,"Before",0,"Macrocystis pyrifera","Bio","Landsat","SMCA","ML",2734.933446
"Campus Point SMCA",1995,2.30643385210085,10.0385617509119,0.186749829191715,0.0186032455470775,"Before",0,"Macrocystis pyrifera","Bio","Landsat","SMCA","ML",2734.933446
"Campus Point SMCA",1996,3.43815869367242,31.1295862607338,0.0672308152054568,0.00215970795892846,"Before",0,"Macrocystis pyrifera","Bio","Landsat","SMCA","ML",2734.933446
"Campus Point SMCA",1997,2.01974743636405,7.53642126731627,0.478150659440103,0.063445320063746,"Before",0,"Macrocystis pyrifera","Bio","Landsat","SMCA","ML",2734.933446
"Campus Point SMCA",1998,1.43089857613679,4.18245575882785,0.016212561795508,0.00387632595067824,"Before",0,"Macrocystis pyrifera","Bio","Landsat","SMCA","ML",2734.933446
"Campus Point SMCA",1999,2.20498620885913,9.07012647960184,0.35583401438878,0.0392314280499869,"Before",0,"Macrocystis pyrifera","Bio","Landsat","SMCA","ML",2734.933446
"Campus Point SMCA",2000,2.94386337873471,18.9890667386939,0.170384267008016,0.00897275623666252,"Before",0,"Macrocystis pyrifera","Bio","Landsat","SMCA","ML",2734.933446
"Campus Point SMCA",2001,1.68052843103843,5.36839204670474,0.275083528517713,0.0512413262899766,"Before",0,"Macrocystis pyrifera","Bio","Landsat","SMCA","ML",2734.933446
"Campus Point SMCA",2002,1.40731615051207,4.08497721475097,0.556159782983912,0.136147585101724,"Before",0,"Macrocystis pyrifera","Bio","Landsat","SMCA","ML",2734.933446
"Campus Point SMCA",2003,1.66325996012168,5.27648396470221,0.300980424801574,0.0570418534037107,"Before",0,"Macrocystis pyrifera","Bio","Landsat","SMCA","ML",2734.933446
"Campus Point SMCA",2004,1.62134519048551,5.05989225950889,0.359372201051783,0.0710236863989399,"Before",0,"Macrocystis pyrifera","Bio","Landsat","SMCA","ML",2734.933446
"Campus Point SMCA",2005,1.93003109454168,6.88972447107535,0.215664795116464,0.0313023831391043,"Before",0,"Macrocystis pyrifera","Bio","Landsat","SMCA","ML",2734.933446
"Campus Point SMCA",2006,1.89198741296049,6.63253718143981,0.0995750129713139,0.0150131104051644,"Before",0,"Macrocystis pyrifera","Bio","Landsat","SMCA","ML",2734.933446
"Campus Point SMCA",2007,1.81840062964246,6.16199525198357,0.837745406511073,0.135953594940113,"Before",0,"Macrocystis pyrifera","Bio","Landsat","SMCA","ML",2734.933446
"Campus Point SMCA",2008,3.26964047567472,26.3018814770098,0.275458021203409,0.0104729397949795,"Before",0,"Macrocystis pyrifera","Bio","Landsat","SMCA","ML",2734.933446
"Campus Point SMCA",2009,1.85487998657405,6.39093120704487,0.728020946301079,0.113914689849668,"Before",0,"Macrocystis pyrifera","Bio","Landsat","SMCA","ML",2734.933446
"Campus Point SMCA",2010,1.95591908370135,7.07041434095641,0.340631339453068,0.0481769982672601,"Before",0,"Macrocystis pyrifera","Bio","Landsat","SMCA","ML",2734.933446
"Campus Point SMCA",2011,2.06542690792497,7.88866491246967,0.162060497955148,0.0205434632796961,"Before",0,"Macrocystis pyrifera","Bio","Landsat","SMCA","ML",2734.933446
"Campus Point SMCA",2012,2.19000909306131,8.93529436350886,0.405478003981382,0.0453793672021961,"Before",0,"Macrocystis pyrifera","Bio","Landsat","SMCA","ML",2734.933446
"Campus Point SMCA",2013,1.88481580817203,6.5851414010703,0.625232925177752,0.0949460136233569,"After",1,"Macrocystis pyrifera","Bio","Landsat","SMCA","ML",2734.933446
"Campus Point SMCA",2014,2.94571467965447,19.0242537762605,0.416318903387631,0.0218835865145542,"After",2,"Macrocystis pyrifera","Bio","Landsat","SMCA","ML",2734.933446
"Campus Point SMCA",2015,2.22319570177494,9.23680181457329,0.0686567113852099,0.0074329527431115,"After",3,"Macrocystis pyrifera","Bio","Landsat","SMCA","ML",2734.933446
"Campus Point SMCA",2016,3.65371812335804,38.6179858788554,0.131404573067801,0.00340267805472862,"After",4,"Macrocystis pyrifera","Bio","Landsat","SMCA","ML",2734.933446
"Campus Point SMCA",2017,3.46153113077019,31.8657297807121,0.356006614000252,0.011172084130825,"After",5,"Macrocystis pyrifera","Bio","Landsat","SMCA","ML",2734.933446
"Campus Point SMCA",2018,2.06525062451885,7.88727439431538,1.00071990265298,0.126877784722974,"After",6,"Macrocystis pyrifera","Bio","Landsat","SMCA","ML",2734.933446
"Campus Point SMCA",2019,2.69993241833598,14.8787261618219,0.541933275814179,0.0364233651402735,"After",7,"Macrocystis pyrifera","Bio","Landsat","SMCA","ML",2734.933446
"Campus Point SMCA",2020,1.98303598305399,7.2647652428136,0.553004729524396,0.0761214865231104,"After",8,"Macrocystis pyrifera","Bio","Landsat","SMCA","ML",2734.933446
"Campus Point SMCA",2021,1.47031953118699,4.35062507938236,0.757971509894657,0.174221289139965,"After",9,"Macrocystis pyrifera","Bio","Landsat","SMCA","ML",2734.933446
"Carrington Pt SMR",1985,1.83869848595674,6.28834855871836,0.622689923787928,0.0990228066993219,"Before",0,"Macrocystis pyrifera","Bio","Landsat","SMR","C",NA
"Carrington Pt SMR",1986,2.26319038782346,9.61371176075408,0.294826363829065,0.0306672772354826,"Before",0,"Macrocystis pyrifera","Bio","Landsat","SMR","C",NA
"Carrington Pt SMR",1987,1.12537256844025,3.08136465430981,0.068676885198478,0.0222878149466736,"Before",0,"Macrocystis pyrifera","Bio","Landsat","SMR","C",NA
"Carrington Pt SMR",1988,-0.792918916089286,0.45252199192257,0.0904568603820841,0.199894948746628,"Before",0,"Macrocystis pyrifera","Bio","Landsat","SMR","C",NA
"Carrington Pt SMR",1989,-0.577619336383727,0.561232884123905,0.2798082400453,0.498559952491176,"Before",0,"Macrocystis pyrifera","Bio","Landsat","SMR","C",NA
"Carrington Pt SMR",1990,-1.60195951144337,0.201501286813744,0.173429084456875,0.860684748962337,"Before",0,"Macrocystis pyrifera","Bio","Landsat","SMR","C",NA
"Carrington Pt SMR",1991,0.0092743823792807,1.0093175227271,0.356528364050807,0.35323706962651,"Before",0,"Macrocystis pyrifera","Bio","Landsat","SMR","C",NA
"Carrington Pt SMR",1992,0.481629037074386,1.61870919281216,0.0535525632208468,0.0330834985423236,"Before",0,"Macrocystis pyrifera","Bio","Landsat","SMR","C",NA
"Carrington Pt SMR",1993,0.365653097720313,1.44145511184691,0.312532576295968,0.216817418542799,"Before",0,"Macrocystis pyrifera","Bio","Landsat","SMR","C",NA
"Carrington Pt SMR",1994,1.34862547295407,3.85212703727284,0.759484242099598,0.197159708065413,"Before",0,"Macrocystis pyrifera","Bio","Landsat","SMR","C",NA
"Carrington Pt SMR",1995,0.305906411233965,1.35785522060653,0.0127529163086018,0.00939195586912814,"Before",0,"Macrocystis pyrifera","Bio","Landsat","SMR","C",NA
"Carrington Pt SMR",1996,1.99813191340425,7.37526558722251,0.064142647113172,0.00869699488846853,"Before",0,"Macrocystis pyrifera","Bio","Landsat","SMR","C",NA
"Carrington Pt SMR",1997,1.8934697448331,6.64237609316477,0.158580028197744,0.0238739911702574,"Before",0,"Macrocystis pyrifera","Bio","Landsat","SMR","C",NA
"Carrington Pt SMR",1998,-2.73712971297416,0.0647559485597134,0.000664163504438447,0.010256409167198,"Before",0,"Macrocystis pyrifera","Bio","Landsat","SMR","C",NA
"Carrington Pt SMR",1999,1.65253406748198,5.22019139787522,0.0925706292327945,0.0177331868081453,"Before",0,"Macrocystis pyrifera","Bio","Landsat","SMR","C",NA
"Carrington Pt SMR",2000,6.89538634450437,987.707246376812,0.0723759806872212,7.32767537675933e-05,"Before",0,"Macrocystis pyrifera","Bio","Landsat","SMR","C",NA
"Carrington Pt SMR",2001,0.736632750435005,2.08888984546511,0.0103069595074783,0.00493418048340568,"Before",0,"Macrocystis pyrifera","Bio","Landsat","SMR","C",NA
"Carrington Pt SMR",2002,-1.00318776134503,0.366708596487449,0.0831572213285054,0.226766490136949,"Before",0,"Macrocystis pyrifera","Bio","Landsat","SMR","C",NA
"Carrington Pt SMR",2003,-1.17860705017769,0.307707060711812,0.307714576636652,1.00002442558459,"Before",0,"Macrocystis pyrifera","Bio","Landsat","SMR","C",NA
"Carrington Pt SMR",2004,-1.47344865314122,0.229133917645456,0.150371332604672,0.65625959766177,"After",1,"Macrocystis pyrifera","Bio","Landsat","SMR","C",NA
"Carrington Pt SMR",2005,-0.482451007385528,0.617268606276374,0.430270690700309,0.697055846231812,"After",2,"Macrocystis pyrifera","Bio","Landsat","SMR","C",NA
"Carrington Pt SMR",2006,2.79545090968162,16.3700084845499,0.127036615862867,0.00776032681856973,"After",3,"Macrocystis pyrifera","Bio","Landsat","SMR","C",NA
"Carrington Pt SMR",2007,0.75768275079438,2.1333270380826,0.782146087085068,0.366632060215226,"After",4,"Macrocystis pyrifera","Bio","Landsat","SMR","C",NA
"Carrington Pt SMR",2008,3.15324895383111,23.4120056751194,0.248845094641706,0.0106289524312802,"After",5,"Macrocystis pyrifera","Bio","Landsat","SMR","C",NA
"Carrington Pt SMR",2009,0.247904453328818,1.28133749881239,0.0486963322117388,0.0380042980533021,"After",6,"Macrocystis pyrifera","Bio","Landsat","SMR","C",NA
"Carrington Pt SMR",2010,0.569604101137815,1.76756713507722,0.215840395159231,0.122111568424133,"After",7,"Macrocystis pyrifera","Bio","Landsat","SMR","C",NA
"Carrington Pt SMR",2011,0.155568779385674,1.16832228979324,0.113885031534492,0.0974774105821827,"After",8,"Macrocystis pyrifera","Bio","Landsat","SMR","C",NA
"Carrington Pt SMR",2012,0.435295832976772,1.54542017758412,0.201435672143237,0.130343627619856,"After",9,"Macrocystis pyrifera","Bio","Landsat","SMR","C",NA
"Carrington Pt SMR",2013,-0.136308842356681,0.872573103336242,0.411849127199524,0.471993837106414,"After",10,"Macrocystis pyrifera","Bio","Landsat","SMR","C",NA
"Carrington Pt SMR",2014,1.59262194845887,4.91662317570302,0.730342608117195,0.148545573255727,"After",11,"Macrocystis pyrifera","Bio","Landsat","SMR","C",NA
"Carrington Pt SMR",2015,2.03763624123046,7.67245192210743,0.242434122074399,0.0315979982065249,"After",12,"Macrocystis pyrifera","Bio","Landsat","SMR","C",NA
"Carrington Pt SMR",2016,3.52979032639475,34.1168134694832,0.464813140029965,0.0136241662910791,"After",13,"Macrocystis pyrifera","Bio","Landsat","SMR","C",NA
"Carrington Pt SMR",2017,4.76785668076636,117.666774037687,0.465525942307194,0.00395630751428684,"After",14,"Macrocystis pyrifera","Bio","Landsat","SMR","C",NA
"Carrington Pt SMR",2018,4.88887375318622,132.803919801757,0.626055981740707,0.00471413782571517,"After",15,"Macrocystis pyrifera","Bio","Landsat","SMR","C",NA
"Carrington Pt SMR",2019,1.82082412697828,6.17694694143183,0.354802855796871,0.0574398419091207,"After",16,"Macrocystis pyrifera","Bio","Landsat","SMR","C",NA
"Carrington Pt SMR",2020,9.75348687272262,17214.147826087,0.420465623857042,2.44255845891978e-05,"After",17,"Macrocystis pyrifera","Bio","Landsat","SMR","C",NA
"Carrington Pt SMR",2021,5.08194743864703,161.087458605757,0.402942921869139,0.00250139225832158,"After",18,"Macrocystis pyrifera","Bio","Landsat","SMR","C",NA
"Farnsworth Onshore SMCA",1990,0.0511155521239983,1.05244449845439,0.534030122246373,0.507418797884968,"Before",0,"Macrocystis pyrifera","Bio","Landsat","SMCA","C",670.885111
"Farnsworth Onshore SMCA",1992,0.11015370461546,1.11644966073721,0.0117313354606977,0.0105077155498004,"Before",0,"Macrocystis pyrifera","Bio","Landsat","SMCA","C",670.885111
"Farnsworth Onshore SMCA",1994,3.91832529267997,50.3161094224924,0.127595615779494,0.00253588000431639,"Before",0,"Macrocystis pyrifera","Bio","Landsat","SMCA","C",670.885111
"Farnsworth Onshore SMCA",1998,0,1,0.00253588000431639,0.00253588000431639,"Before",0,"Macrocystis pyrifera","Bio","Landsat","SMCA","C",670.885111
"Farnsworth Onshore SMCA",1999,3.34256793174482,28.2916846186988,0.506135442198893,0.0178899011854661,"Before",0,"Macrocystis pyrifera","Bio","Landsat","SMCA","C",670.885111
"Farnsworth Onshore SMCA",2000,1.77590070630048,5.9055979507978,0.426494165163637,0.0722186252293083,"Before",0,"Macrocystis pyrifera","Bio","Landsat","SMCA","C",670.885111
"Farnsworth Onshore SMCA",2001,-1.70718845192977,0.181375021011935,0.0457421881021752,0.252196734958146,"Before",0,"Macrocystis pyrifera","Bio","Landsat","SMCA","C",670.885111
"Farnsworth Onshore SMCA",2003,1.59016603422307,4.9045631860655,0.416709059797438,0.0849635419075367,"Before",0,"Macrocystis pyrifera","Bio","Landsat","SMCA","C",670.885111
"Farnsworth Onshore SMCA",2004,0.294483708944837,1.34243309354003,1.00253588000432,0.74680509950824,"Before",0,"Macrocystis pyrifera","Bio","Landsat","SMCA","C",670.885111
"Farnsworth Onshore SMCA",2005,0.527545688670394,1.69476771250349,0.280619402179778,0.165579860950531,"Before",0,"Macrocystis pyrifera","Bio","Landsat","SMCA","C",670.885111
"Farnsworth Onshore SMCA",2006,0.516567108323917,1.67626333078342,0.358911806872312,0.21411421480214,"Before",0,"Macrocystis pyrifera","Bio","Landsat","SMCA","C",670.885111
"Farnsworth Onshore SMCA",2007,-0.947564972919587,0.387683895813698,0.119687369930167,0.308724120920625,"Before",0,"Macrocystis pyrifera","Bio","Landsat","SMCA","C",670.885111
"Farnsworth Onshore SMCA",2009,-0.293386187739678,0.745734091717028,0.194029505619017,0.260185913148037,"Before",0,"Macrocystis pyrifera","Bio","Landsat","SMCA","C",670.885111
"Farnsworth Onshore SMCA",2010,0.232495579900249,1.26174486930848,0.335980977046047,0.266282816137138,"Before",0,"Macrocystis pyrifera","Bio","Landsat","SMCA","C",670.885111
"Farnsworth Onshore SMCA",2011,0.622807022390488,1.86415342493471,0.56809492978156,0.304746874470086,"Before",0,"Macrocystis pyrifera","Bio","Landsat","SMCA","C",670.885111
"Farnsworth Onshore SMCA",2013,-0.240837035507764,0.7859697011055,0.16645470101281,0.211782592609721,"After",1,"Macrocystis pyrifera","Bio","Landsat","SMCA","C",670.885111
"Farnsworth Onshore SMCA",2014,1.42662991515871,4.16464032421479,0.0316830843700381,0.00760764001294917,"After",2,"Macrocystis pyrifera","Bio","Landsat","SMCA","C",670.885111
"Farnsworth Onshore SMCA",2015,0,1,0.00253588000431639,0.00253588000431639,"After",3,"Macrocystis pyrifera","Bio","Landsat","SMCA","C",670.885111
"Farnsworth Onshore SMCA",2016,-0.218655024030839,0.803598892648416,0.0201367371163422,0.025058194206786,"After",4,"Macrocystis pyrifera","Bio","Landsat","SMCA","C",670.885111
"Farnsworth Onshore SMCA",2017,0.141739289791642,1.15227619920562,0.0726733879048544,0.0630694168246774,"After",5,"Macrocystis pyrifera","Bio","Landsat","SMCA","C",670.885111
"Farnsworth Onshore SMCA",2018,-1.75236628493246,0.173363230909494,0.0677866161032234,0.391009187747614,"After",6,"Macrocystis pyrifera","Bio","Landsat","SMCA","C",670.885111
"Farnsworth Onshore SMCA",2019,-0.358171950206326,0.698952879581152,0.0318989039448735,0.0456381322357366,"After",7,"Macrocystis pyrifera","Bio","Landsat","SMCA","C",670.885111
"Farnsworth Onshore SMCA",2020,-0.248797679478478,0.779737714368064,0.104260124250412,0.133711788373491,"After",8,"Macrocystis pyrifera","Bio","Landsat","SMCA","C",670.885111
"Farnsworth Onshore SMCA",2021,-0.805778478719827,0.446740013561641,0.140918620604603,0.315437651266398,"After",9,"Macrocystis pyrifera","Bio","Landsat","SMCA","C",670.885111
"Gull Island SMR",1985,0.913860778420892,2.49393249123434,0.467758015764338,0.187558411227414,"Before",0,"Macrocystis pyrifera","Bio","Landsat","SMR","C",5162.300775
"Gull Island SMR",1986,0.450408827730813,1.56895348608397,0.0552788070147444,0.0352329164025873,"Before",0,"Macrocystis pyrifera","Bio","Landsat","SMR","C",5162.300775
"Gull Island SMR",1987,1.28883717500018,3.628564715833,0.123549625624164,0.0340491724138372,"Before",0,"Macrocystis pyrifera","Bio","Landsat","SMR","C",5162.300775
"Gull Island SMR",1988,-0.69724115043078,0.497957199499644,0.0220157929239458,0.0442122193354522,"Before",0,"Macrocystis pyrifera","Bio","Landsat","SMR","C",5162.300775
"Gull Island SMR",1989,0.220901308122543,1.24720033594723,0.0533787155193765,0.0427988302928385,"Before",0,"Macrocystis pyrifera","Bio","Landsat","SMR","C",5162.300775
"Gull Island SMR",1990,0.594660052013055,1.81241471348941,0.1577467927023,0.0870368086995904,"Before",0,"Macrocystis pyrifera","Bio","Landsat","SMR","C",5162.300775
"Gull Island SMR",1991,2.34427779868779,10.4257405245053,0.440464706445784,0.0422478101589511,"Before",0,"Macrocystis pyrifera","Bio","Landsat","SMR","C",5162.300775
"Gull Island SMR",1992,1.59071139131339,4.90723865385031,0.25459642095037,0.0518818094878286,"Before",0,"Macrocystis pyrifera","Bio","Landsat","SMR","C",5162.300775
"Gull Island SMR",1993,1.11673901146784,3.05487602708477,0.180336271609621,0.0590322716898313,"Before",0,"Macrocystis pyrifera","Bio","Landsat","SMR","C",5162.300775
"Gull Island SMR",1994,2.19458616385296,8.97628557663464,0.789949279695303,0.0880040271614741,"Before",0,"Macrocystis pyrifera","Bio","Landsat","SMR","C",5162.300775
"Gull Island SMR",1995,0.148680378844091,1.16030207284616,0.0293185696345028,0.0252680490026066,"Before",0,"Macrocystis pyrifera","Bio","Landsat","SMR","C",5162.300775
"Gull Island SMR",1996,0.852880075444532,2.3463949241872,0.035875773225456,0.0152897420871653,"Before",0,"Macrocystis pyrifera","Bio","Landsat","SMR","C",5162.300775
"Gull Island SMR",1997,0.124305801460417,1.13236209604111,0.0451087203469358,0.0398359504478665,"Before",0,"Macrocystis pyrifera","Bio","Landsat","SMR","C",5162.300775
"Gull Island SMR",1998,2.55629943515727,12.8880359483243,0.0330396088119703,0.00256358757412266,"Before",0,"Macrocystis pyrifera","Bio","Landsat","SMR","C",5162.300775
"Gull Island SMR",1999,0.203927247482955,1.22620894042418,0.188091512007354,0.153392709681507,"Before",0,"Macrocystis pyrifera","Bio","Landsat","SMR","C",5162.300775
"Gull Island SMR",2000,-0.171316475911971,0.842554882948315,0.0473659189674015,0.0562170131892845,"Before",0,"Macrocystis pyrifera","Bio","Landsat","SMR","C",5162.300775
"Gull Island SMR",2001,2.87587993853367,17.7410282695105,0.23351366105414,0.0131623521199982,"Before",0,"Macrocystis pyrifera","Bio","Landsat","SMR","C",5162.300775
"Gull Island SMR",2002,1.36469979816493,3.91454772117396,0.247009494484359,0.0631003916872117,"Before",0,"Macrocystis pyrifera","Bio","Landsat","SMR","C",5162.300775
"Gull Island SMR",2003,1.77867712371547,5.92201713850641,0.820085793173537,0.138480820638147,"Before",0,"Macrocystis pyrifera","Bio","Landsat","SMR","C",5162.300775
"Gull Island SMR",2004,1.77226113608179,5.88414317912988,0.575433707030083,0.0977939675348238,"After",1,"Macrocystis pyrifera","Bio","Landsat","SMR","C",5162.300775
"Gull Island SMR",2005,2.74153899483457,15.5108378363202,0.957554970284805,0.0617345742628159,"After",2,"Macrocystis pyrifera","Bio","Landsat","SMR","C",5162.300775
"Gull Island SMR",2006,2.72839056599197,15.3082295976654,0.413770202204977,0.027029265504881,"After",3,"Macrocystis pyrifera","Bio","Landsat","SMR","C",5162.300775
"Gull Island SMR",2007,1.97576357717294,7.21212456552714,0.782039591532593,0.108434010592471,"After",4,"Macrocystis pyrifera","Bio","Landsat","SMR","C",5162.300775
"Gull Island SMR",2008,2.47633345827072,11.8975614419134,0.331885581085183,0.0278952609495252,"After",5,"Macrocystis pyrifera","Bio","Landsat","SMR","C",5162.300775
"Gull Island SMR",2009,1.87751042998819,6.5372097453475,0.254388001797909,0.038913850359315,"After",6,"Macrocystis pyrifera","Bio","Landsat","SMR","C",5162.300775
"Gull Island SMR",2010,1.94477949132003,6.99208986852137,0.518937183918062,0.0742177508693553,"After",7,"Macrocystis pyrifera","Bio","Landsat","SMR","C",5162.300775
"Gull Island SMR",2011,-0.00291800089969533,0.997086252326951,0.041391094379744,0.04151205001889,"After",8,"Macrocystis pyrifera","Bio","Landsat","SMR","C",5162.300775
"Gull Island SMR",2012,1.77124837137054,5.87818694320398,0.0692876886145331,0.0117872550301653,"After",9,"Macrocystis pyrifera","Bio","Landsat","SMR","C",5162.300775
"Gull Island SMR",2013,1.50095707592187,4.48598044029247,0.234379123184679,0.0522470229873312,"After",10,"Macrocystis pyrifera","Bio","Landsat","SMR","C",5162.300775
"Gull Island SMR",2014,1.52356944238787,4.58857465142281,0.123225583973612,0.0268548717923556,"After",11,"Macrocystis pyrifera","Bio","Landsat","SMR","C",5162.300775
"Gull Island SMR",2015,2.83430719417663,17.018605626075,0.147225145376092,0.0086508347752369,"After",12,"Macrocystis pyrifera","Bio","Landsat","SMR","C",5162.300775
"Gull Island SMR",2016,3.207554243631,24.7185566670838,1.00085452919137,0.0404900068669524,"After",13,"Macrocystis pyrifera","Bio","Landsat","SMR","C",5162.300775
"Gull Island SMR",2017,2.5838854678726,13.2485149628113,0.295345031827119,0.022292689607564,"After",14,"Macrocystis pyrifera","Bio","Landsat","SMR","C",5162.300775
"Gull Island SMR",2018,1.43279273228605,4.19038549082689,0.344131326251918,0.082124025821789,"After",15,"Macrocystis pyrifera","Bio","Landsat","SMR","C",5162.300775
"Gull Island SMR",2019,3.14812114150699,23.2922605814557,0.376045268981236,0.0161446445984134,"After",16,"Macrocystis pyrifera","Bio","Landsat","SMR","C",5162.300775
"Gull Island SMR",2020,1.88702267525535,6.59968998035307,0.247045119866612,0.0374328370881135,"After",17,"Macrocystis pyrifera","Bio","Landsat","SMR","C",5162.300775
"Gull Island SMR",2021,2.72220858189342,15.2138862806178,0.29120438111138,0.0191406965807526,"After",18,"Macrocystis pyrifera","Bio","Landsat","SMR","C",5162.300775
"Harris Point SMR",1985,-0.502921346247491,0.604761359273799,0.237689151669043,0.39302966041756,"Before",0,"Macrocystis pyrifera","Bio","Landsat","SMR","C",6577.874855
"Harris Point SMR",1986,-2.53139019650425,0.0795483555350626,0.0107588638868499,0.13524935637554,"Before",0,"Macrocystis pyrifera","Bio","Landsat","SMR","C",6577.874855
"Harris Point SMR",1987,-6.56605979099157,0.00140733168285957,0.000315766129854106,0.224372217082826,"Before",0,"Macrocystis pyrifera","Bio","Landsat","SMR","C",6577.874855
"Harris Point SMR",1988,-3.20909102807739,0.040393312977361,0.0150530398878331,0.372661680319952,"Before",0,"Macrocystis pyrifera","Bio","Landsat","SMR","C",6577.874855
"Harris Point SMR",1989,-1.89087883903513,0.150939099357334,0.0302435810191093,0.200369428119552,"Before",0,"Macrocystis pyrifera","Bio","Landsat","SMR","C",6577.874855
"Harris Point SMR",1990,-2.1097399764903,0.121269495253863,0.0714498441399069,0.589182333037138,"Before",0,"Macrocystis pyrifera","Bio","Landsat","SMR","C",6577.874855
"Harris Point SMR",1991,-1.40899857402536,0.244387897039627,0.152858793828141,0.625476120870894,"Before",0,"Macrocystis pyrifera","Bio","Landsat","SMR","C",6577.874855
"Harris Point SMR",1993,-1.05213910198692,0.349189996621281,0.179206100674638,0.513205138774347,"Before",0,"Macrocystis pyrifera","Bio","Landsat","SMR","C",6577.874855
"Harris Point SMR",1994,-1.90519074796792,0.148794257712748,0.0655832258217601,0.440764494745293,"Before",0,"Macrocystis pyrifera","Bio","Landsat","SMR","C",6577.874855
"Harris Point SMR",1995,-3.62437084801765,0.0266658689441644,0.00135584743811151,0.0508457999606357,"Before",0,"Macrocystis pyrifera","Bio","Landsat","SMR","C",6577.874855
"Harris Point SMR",1996,-3.72185183843055,0.0241891319799123,0.000947298389562317,0.039162148949743,"Before",0,"Macrocystis pyrifera","Bio","Landsat","SMR","C",6577.874855
"Harris Point SMR",1997,-3.65031845964217,0.0259828529710103,0.00305849004773909,0.117711863710714,"Before",0,"Macrocystis pyrifera","Bio","Landsat","SMR","C",6577.874855
"Harris Point SMR",1998,-5.40631399271215,0.00448815312441873,0.00119644334173044,0.266578102075204,"Before",0,"Macrocystis pyrifera","Bio","Landsat","SMR","C",6577.874855
"Harris Point SMR",1999,-3.3872470919884,0.0338016016342069,0.0107016731041788,0.31660254505067,"Before",0,"Macrocystis pyrifera","Bio","Landsat","SMR","C",6577.874855
"Harris Point SMR",2000,-3.0373862917887,0.0479600794714226,0.000315766129854106,0.00658393675186167,"Before",0,"Macrocystis pyrifera","Bio","Landsat","SMR","C",6577.874855
"Harris Point SMR",2001,-6.27380724593185,0.00188503810028839,0.000315766129854106,0.167511802443567,"Before",0,"Macrocystis pyrifera","Bio","Landsat","SMR","C",6577.874855
"Harris Point SMR",2002,-5.26983448036899,0.00514446201201749,0.00148026781105017,0.287740060591809,"Before",0,"Macrocystis pyrifera","Bio","Landsat","SMR","C",6577.874855
"Harris Point SMR",2003,-2.48381229474515,0.083424579505652,0.0785484979358082,0.941551020110165,"Before",0,"Macrocystis pyrifera","Bio","Landsat","SMR","C",6577.874855
"Harris Point SMR",2004,-0.735588325535707,0.479223436637474,0.460707346551502,0.961362302695602,"After",1,"Macrocystis pyrifera","Bio","Landsat","SMR","C",6577.874855
"Harris Point SMR",2005,-0.174004459777963,0.840293150129201,0.84055848624516,1.00031576612985,"After",2,"Macrocystis pyrifera","Bio","Landsat","SMR","C",6577.874855
"Harris Point SMR",2006,0.753839559825385,2.12514398945726,0.202601693881468,0.0953355136812216,"After",3,"Macrocystis pyrifera","Bio","Landsat","SMR","C",6577.874855
"Harris Point SMR",2007,-0.613204458440034,0.54161251053258,0.437908301880938,0.808526932751853,"After",4,"Macrocystis pyrifera","Bio","Landsat","SMR","C",6577.874855
"Harris Point SMR",2008,-1.77559170883006,0.169383194309718,0.0996522009477243,0.588324014987636,"After",5,"Macrocystis pyrifera","Bio","Landsat","SMR","C",6577.874855
"Harris Point SMR",2009,-1.25095765134749,0.286230556489703,0.0520430038180932,0.181821970569258,"After",6,"Macrocystis pyrifera","Bio","Landsat","SMR","C",6577.874855
"Harris Point SMR",2010,-1.32109480827906,0.266843000062097,0.145102750237813,0.54377574155607,"After",7,"Macrocystis pyrifera","Bio","Landsat","SMR","C",6577.874855
"Harris Point SMR",2011,-1.78205624795398,0.168291741693244,0.033364737562754,0.198255346501612,"After",8,"Macrocystis pyrifera","Bio","Landsat","SMR","C",6577.874855
"Harris Point SMR",2012,-1.38559244622202,0.250175540324444,0.0335998890255451,0.134305252152031,"After",9,"Macrocystis pyrifera","Bio","Landsat","SMR","C",6577.874855
"Harris Point SMR",2013,-0.426226022903484,0.652968739550126,0.285128601688406,0.436665010770424,"After",10,"Macrocystis pyrifera","Bio","Landsat","SMR","C",6577.874855
"Harris Point SMR",2014,-0.0895558154453863,0.91433722956033,0.111997196434824,0.122490031920366,"After",11,"Macrocystis pyrifera","Bio","Landsat","SMR","C",6577.874855
"Harris Point SMR",2015,-3.010632106789,0.0492605310010686,0.0170945683054158,0.347023630440463,"After",12,"Macrocystis pyrifera","Bio","Landsat","SMR","C",6577.874855
"Harris Point SMR",2016,-4.14128544904738,0.0159023966398733,0.00576805547992649,0.362716111951566,"After",13,"Macrocystis pyrifera","Bio","Landsat","SMR","C",6577.874855
"Harris Point SMR",2017,-2.62842316628034,0.0721922076437127,0.00614618389939533,0.0851363893694503,"After",14,"Macrocystis pyrifera","Bio","Landsat","SMR","C",6577.874855
"Harris Point SMR",2018,-2.05656183898712,0.127892931342707,0.0016104681035141,0.012592315201523,"After",15,"Macrocystis pyrifera","Bio","Landsat","SMR","C",6577.874855
"Harris Point SMR",2019,-0.086813214240747,0.916848333852383,0.00492570826069141,0.00537243519873645,"After",16,"Macrocystis pyrifera","Bio","Landsat","SMR","C",6577.874855
"Harris Point SMR",2020,-2.0510600185795,0.128598514498426,0.00224899710791079,0.0174885154520064,"After",17,"Macrocystis pyrifera","Bio","Landsat","SMR","C",6577.874855
"Harris Point SMR",2021,-3.24899640769081,0.038813140861674,0.00106167995490446,0.0273536212564754,"After",18,"Macrocystis pyrifera","Bio","Landsat","SMR","C",6577.874855
"Judith Rk SMR",1985,-0.159430270985707,0.85262941833257,0.15571598707242,0.182630324176409,"Before",0,"Macrocystis pyrifera","Bio","Landsat","SMR","C",1180.359904
"Judith Rk SMR",1986,-0.492569997604294,0.611053967251236,0.0706175899684638,0.115566862753759,"Before",0,"Macrocystis pyrifera","Bio","Landsat","SMR","C",1180.359904
"Judith Rk SMR",1987,-0.31924061826431,0.726700670813618,0.0534528267368332,0.0735554938692807,"Before",0,"Macrocystis pyrifera","Bio","Landsat","SMR","C",1180.359904
"Judith Rk SMR",1988,0.498767289989235,1.64669012764717,0.214630383021811,0.130340480833805,"Before",0,"Macrocystis pyrifera","Bio","Landsat","SMR","C",1180.359904
"Judith Rk SMR",1989,-0.578869834342825,0.560531502177475,0.0940531646966765,0.167792825793576,"Before",0,"Macrocystis pyrifera","Bio","Landsat","SMR","C",1180.359904
"Judith Rk SMR",1990,-0.0381839731363147,0.96253584386314,0.354992558377412,0.368809702662758,"Before",0,"Macrocystis pyrifera","Bio","Landsat","SMR","C",1180.359904
"Judith Rk SMR",1991,-0.797597518450185,0.450409766447281,0.212767705769213,0.472386972084268,"Before",0,"Macrocystis pyrifera","Bio","Landsat","SMR","C",1180.359904
"Judith Rk SMR",1992,-0.694854957458949,0.499146840261098,0.121107495641566,0.242628993861237,"Before",0,"Macrocystis pyrifera","Bio","Landsat","SMR","C",1180.359904
"Judith Rk SMR",1993,-0.964210378608644,0.381284151026749,0.165674312648532,0.434516651695048,"Before",0,"Macrocystis pyrifera","Bio","Landsat","SMR","C",1180.359904
"Judith Rk SMR",1994,-0.613709857814668,0.541338849068455,0.201879890319408,0.372927032055443,"Before",0,"Macrocystis pyrifera","Bio","Landsat","SMR","C",1180.359904
"Judith Rk SMR",1995,-2.00876655154448,0.134154044759408,0.0156804509005333,0.116883921976818,"Before",0,"Macrocystis pyrifera","Bio","Landsat","SMR","C",1180.359904
"Judith Rk SMR",1996,-1.36396596858889,0.255644884205097,0.0123215427628081,0.0481978851292909,"Before",0,"Macrocystis pyrifera","Bio","Landsat","SMR","C",1180.359904
"Judith Rk SMR",1997,0.0675306074949262,1.06986300492327,0.0854013171850956,0.0798245352835811,"Before",0,"Macrocystis pyrifera","Bio","Landsat","SMR","C",1180.359904
"Judith Rk SMR",1998,0.324186112298098,1.38290465873467,0.157297260577392,0.113744110690404,"Before",0,"Macrocystis pyrifera","Bio","Landsat","SMR","C",1180.359904
"Judith Rk SMR",1999,-0.02798272019721,0.972405169625635,0.114834402705598,0.118093163521342,"Before",0,"Macrocystis pyrifera","Bio","Landsat","SMR","C",1180.359904
"Judith Rk SMR",2000,0.875190291823848,2.39933182375754,0.0924039987024117,0.0385123882355297,"Before",0,"Macrocystis pyrifera","Bio","Landsat","SMR","C",1180.359904
"Judith Rk SMR",2001,1.86366673816593,6.44733416851621,0.259725707262927,0.0402842012643344,"Before",0,"Macrocystis pyrifera","Bio","Landsat","SMR","C",1180.359904
"Judith Rk SMR",2002,0.139496716991925,1.1496950312538,0.128455146528001,0.111729757053847,"Before",0,"Macrocystis pyrifera","Bio","Landsat","SMR","C",1180.359904
"Judith Rk SMR",2003,-1.20403077397685,0.299982609608787,0.187205829533917,0.624055607016874,"Before",0,"Macrocystis pyrifera","Bio","Landsat","SMR","C",1180.359904
"Judith Rk SMR",2004,-1.34637049064593,0.260182885194373,0.260350349632553,1.00064364125278,"After",1,"Macrocystis pyrifera","Bio","Landsat","SMR","C",1180.359904
"Judith Rk SMR",2005,-1.20163276204061,0.300702834696336,0.296242268723114,0.985166199122377,"After",2,"Macrocystis pyrifera","Bio","Landsat","SMR","C",1180.359904
"Judith Rk SMR",2006,-1.57156452942449,0.207719944036403,0.0425736650226274,0.204957040693051,"After",3,"Macrocystis pyrifera","Bio","Landsat","SMR","C",1180.359904
"Judith Rk SMR",2007,-1.77009130106039,0.170317437952826,0.160428968820473,0.941940947144281,"After",4,"Macrocystis pyrifera","Bio","Landsat","SMR","C",1180.359904
"Judith Rk SMR",2008,-0.371827079380993,0.689473456393526,0.223679909019344,0.324421349284948,"After",5,"Macrocystis pyrifera","Bio","Landsat","SMR","C",1180.359904
"Judith Rk SMR",2009,-0.735956582387652,0.479046991813821,0.0900117128311337,0.187897459684114,"After",6,"Macrocystis pyrifera","Bio","Landsat","SMR","C",1180.359904
"Judith Rk SMR",2010,-0.934949620423598,0.392605644339345,0.162566913535453,0.414071768654809,"After",7,"Macrocystis pyrifera","Bio","Landsat","SMR","C",1180.359904
"Judith Rk SMR",2011,-0.752926072529369,0.470986394154042,0.199758702383361,0.424128392800297,"After",8,"Macrocystis pyrifera","Bio","Landsat","SMR","C",1180.359904
"Judith Rk SMR",2012,-1.6818654005735,0.186026637980648,0.0260391297536002,0.139975274703986,"After",9,"Macrocystis pyrifera","Bio","Landsat","SMR","C",1180.359904
"Judith Rk SMR",2013,-0.474622964541277,0.622119573390378,0.143361363438526,0.230440207269555,"After",10,"Macrocystis pyrifera","Bio","Landsat","SMR","C",1180.359904
"Judith Rk SMR",2014,-1.40465501679141,0.245451718570008,0.0431890242940646,0.175957310650266,"After",11,"Macrocystis pyrifera","Bio","Landsat","SMR","C",1180.359904
"Judith Rk SMR",2015,-0.0766979072863234,0.926169600437549,0.212083903316218,0.228990352540208,"After",12,"Macrocystis pyrifera","Bio","Landsat","SMR","C",1180.359904
"Judith Rk SMR",2016,0.260346277825203,1.29737926256096,0.143184119199386,0.110364118905946,"After",13,"Macrocystis pyrifera","Bio","Landsat","SMR","C",1180.359904
"Judith Rk SMR",2017,-0.556667526707125,0.573115778071286,0.0911960158830663,0.159123198788855,"After",14,"Macrocystis pyrifera","Bio","Landsat","SMR","C",1180.359904
"Judith Rk SMR",2018,-0.275950794624058,0.758850269355392,0.0513033174842788,0.0676066406721561,"After",15,"Macrocystis pyrifera","Bio","Landsat","SMR","C",1180.359904
"Judith Rk SMR",2019,0.245114180879109,1.27776720145826,0.0211210544718434,0.016529657708962,"After",16,"Macrocystis pyrifera","Bio","Landsat","SMR","C",1180.359904
"Judith Rk SMR",2020,-0.816433088877885,0.442005440181216,0.0112368363405917,0.0254223937514994,"After",17,"Macrocystis pyrifera","Bio","Landsat","SMR","C",1180.359904
"Judith Rk SMR",2021,-1.83361659771792,0.15983446425548,0.00193092375834727,0.0120807722373372,"After",18,"Macrocystis pyrifera","Bio","Landsat","SMR","C",1180.359904
"Naples SMCA",1985,3.23691879022278,25.455168076572,0.585589516414742,0.0230047397311706,"Before",0,"Macrocystis pyrifera","Bio","Landsat","SMCA","ML",673.8031024
"Naples SMCA",1986,1.25706115985271,3.51507604640676,0.0605122029022737,0.0172150480113031,"Before",0,"Macrocystis pyrifera","Bio","Landsat","SMCA","ML",673.8031024
"Naples SMCA",1987,1.51177528878684,4.53477418629375,0.313071911799785,0.069038037824692,"Before",0,"Macrocystis pyrifera","Bio","Landsat","SMCA","ML",673.8031024
"Naples SMCA",1988,1.94886027150313,7.02068134839025,0.235503275326439,0.0335442193770034,"Before",0,"Macrocystis pyrifera","Bio","Landsat","SMCA","ML",673.8031024
"Naples SMCA",1989,1.83152405842568,6.24339470958366,0.427508966391382,0.0684738009171761,"Before",0,"Macrocystis pyrifera","Bio","Landsat","SMCA","ML",673.8031024
"Naples SMCA",1990,1.95973789160587,7.09746651578361,0.741411707333598,0.10446145898467,"Before",0,"Macrocystis pyrifera","Bio","Landsat","SMCA","ML",673.8031024
"Naples SMCA",1991,2.04028255835073,7.69278255176541,0.628157115454375,0.0816553842809738,"Before",0,"Macrocystis pyrifera","Bio","Landsat","SMCA","ML",673.8031024
"Naples SMCA",1992,0.108127939273879,1.11419028496409,0.0509106480220303,0.0456929563191005,"Before",0,"Macrocystis pyrifera","Bio","Landsat","SMCA","ML",673.8031024
"Naples SMCA",1993,1.29416236754967,3.64793906190048,0.102323604510508,0.0280497022494668,"Before",0,"Macrocystis pyrifera","Bio","Landsat","SMCA","ML",673.8031024
"Naples SMCA",1994,1.9351735408891,6.92524576440959,0.683102639598351,0.0986394797869803,"Before",0,"Macrocystis pyrifera","Bio","Landsat","SMCA","ML",673.8031024
"Naples SMCA",1995,2.22099702181191,9.21651535339138,0.262397156443593,0.0284703216326807,"Before",0,"Macrocystis pyrifera","Bio","Landsat","SMCA","ML",673.8031024
"Naples SMCA",1996,3.38094913631278,29.3986612123466,0.0697383055813934,0.00237215923125456,"Before",0,"Macrocystis pyrifera","Bio","Landsat","SMCA","ML",673.8031024
"Naples SMCA",1997,2.35026831694707,10.4883835582671,0.570536494377392,0.0543969898896086,"Before",0,"Macrocystis pyrifera","Bio","Landsat","SMCA","ML",673.8031024
"Naples SMCA",1998,-1.91887647167491,0.146771771771772,0.000206957439811201,0.00141006296587478,"Before",0,"Macrocystis pyrifera","Bio","Landsat","SMCA","ML",673.8031024
"Naples SMCA",1999,2.81897026078581,16.7595837828345,0.471446754243951,0.0281299798582597,"Before",0,"Macrocystis pyrifera","Bio","Landsat","SMCA","ML",673.8031024
"Naples SMCA",2000,3.91419408501917,50.1086719045418,0.420843984084214,0.00839862578848491,"Before",0,"Macrocystis pyrifera","Bio","Landsat","SMCA","ML",673.8031024
"Naples SMCA",2001,2.96940226882745,19.4802721494435,0.575884571031746,0.0295624499808745,"Before",0,"Macrocystis pyrifera","Bio","Landsat","SMCA","ML",673.8031024
"Naples SMCA",2002,2.11933320217742,8.32558415503209,0.928391843653799,0.111510715208214,"Before",0,"Macrocystis pyrifera","Bio","Landsat","SMCA","ML",673.8031024
"Naples SMCA",2003,2.35362272606357,10.5236249616899,0.393784254720323,0.0374190695842784,"Before",0,"Macrocystis pyrifera","Bio","Landsat","SMCA","ML",673.8031024
"Naples SMCA",2004,2.55671608044602,12.8934068065771,0.691885539303212,0.0536619645748145,"Before",0,"Macrocystis pyrifera","Bio","Landsat","SMCA","ML",673.8031024
"Naples SMCA",2005,3.02479801922893,20.5898455382956,0.579268228133791,0.0281336849786656,"Before",0,"Macrocystis pyrifera","Bio","Landsat","SMCA","ML",673.8031024
"Naples SMCA",2006,2.83436646235919,17.0196143177916,0.136407183558017,0.0080147047407192,"Before",0,"Macrocystis pyrifera","Bio","Landsat","SMCA","ML",673.8031024
"Naples SMCA",2007,2.25581896669261,9.54310559633645,1.00006898581327,0.104794919821194,"Before",0,"Macrocystis pyrifera","Bio","Landsat","SMCA","ML",673.8031024
"Naples SMCA",2008,3.29440313555014,26.9613170148502,0.30238669741799,0.0112155759027438,"Before",0,"Macrocystis pyrifera","Bio","Landsat","SMCA","ML",673.8031024
"Naples SMCA",2009,2.07623715264618,7.97440591633151,0.737779630730057,0.0925184444422488,"Before",0,"Macrocystis pyrifera","Bio","Landsat","SMCA","ML",673.8031024
"Naples SMCA",2010,2.38242946010694,10.8311848569984,0.419678811933734,0.0387472670326149,"Before",0,"Macrocystis pyrifera","Bio","Landsat","SMCA","ML",673.8031024
"Naples SMCA",2011,3.80595222202565,44.968049299609,0.320577427136161,0.00712900452942148,"Before",0,"Macrocystis pyrifera","Bio","Landsat","SMCA","ML",673.8031024
"Naples SMCA",2012,2.96692658523406,19.4321048074389,0.455354887018528,0.0234331222238062,"Before",0,"Macrocystis pyrifera","Bio","Landsat","SMCA","ML",673.8031024
"Naples SMCA",2013,1.77282706471672,5.88747412669738,0.536473028840657,0.0911210847463369,"After",1,"Macrocystis pyrifera","Bio","Landsat","SMCA","ML",673.8031024
"Naples SMCA",2014,2.49794693831968,12.1575082066055,0.256147500490487,0.0210690789705835,"After",2,"Macrocystis pyrifera","Bio","Landsat","SMCA","ML",673.8031024
"Naples SMCA",2015,2.05413502633585,7.80008808309172,0.0374974064157159,0.00480730550940818,"After",3,"Macrocystis pyrifera","Bio","Landsat","SMCA","ML",673.8031024
"Naples SMCA",2016,1.69014288114115,5.42025510204082,0.0187438512644694,0.00345811237877199,"After",4,"Macrocystis pyrifera","Bio","Landsat","SMCA","ML",673.8031024
"Naples SMCA",2017,2.76012657133313,15.8018428820101,0.14735069776239,0.00932490588994169,"After",5,"Macrocystis pyrifera","Bio","Landsat","SMCA","ML",673.8031024
"Naples SMCA",2018,2.15264641350837,8.60760757099111,0.871851353392267,0.101288464442842,"After",6,"Macrocystis pyrifera","Bio","Landsat","SMCA","ML",673.8031024
"Naples SMCA",2019,2.49282151024424,12.0953551891896,0.282053349499421,0.0233191456627508,"After",7,"Macrocystis pyrifera","Bio","Landsat","SMCA","ML",673.8031024
"Naples SMCA",2020,2.29757338205659,9.95000826732003,0.583948324509266,0.0586882250567766,"After",8,"Macrocystis pyrifera","Bio","Landsat","SMCA","ML",673.8031024
"Naples SMCA",2021,1.72555549395139,5.61563961727528,0.906799107665859,0.161477439698283,"After",9,"Macrocystis pyrifera","Bio","Landsat","SMCA","ML",673.8031024
"Point Conception SMR",1985,0.100004127812923,1.10517548002386,0.474142851169194,0.429020422312443,"Before",0,"Macrocystis pyrifera","Bio","Landsat","SMR","ML",5833.569513
"Point Conception SMR",1986,0.881264924694538,2.41395124256675,0.188307404975551,0.0780079571016206,"Before",0,"Macrocystis pyrifera","Bio","Landsat","SMR","ML",5833.569513
"Point Conception SMR",1987,1.04843309380821,2.85317695304614,0.303367132714228,0.106326084118387,"Before",0,"Macrocystis pyrifera","Bio","Landsat","SMR","ML",5833.569513
"Point Conception SMR",1988,-0.11667204136803,0.889876988152109,0.16543265303647,0.185905080408925,"Before",0,"Macrocystis pyrifera","Bio","Landsat","SMR","ML",5833.569513
"Point Conception SMR",1989,0.0396329503157159,1.0404288150296,0.15361797868296,0.147648716052323,"Before",0,"Macrocystis pyrifera","Bio","Landsat","SMR","ML",5833.569513
"Point Conception SMR",1990,-0.184341087706241,0.831652089140151,0.83325079266177,1.00192232249819,"Before",0,"Macrocystis pyrifera","Bio","Landsat","SMR","ML",5833.569513
"Point Conception SMR",1991,-0.178506424152857,0.836518682936244,0.600801471782901,0.71821644159105,"Before",0,"Macrocystis pyrifera","Bio","Landsat","SMR","ML",5833.569513
"Point Conception SMR",1992,0.546905442457204,1.72789765717699,0.3510663307796,0.203175419169886,"Before",0,"Macrocystis pyrifera","Bio","Landsat","SMR","ML",5833.569513
"Point Conception SMR",1993,0.261877084208636,1.29936681991243,0.491661370550744,0.378385351246601,"Before",0,"Macrocystis pyrifera","Bio","Landsat","SMR","ML",5833.569513
"Point Conception SMR",1994,0.627228968175829,1.87241486266848,0.85892591577053,0.458726285982599,"Before",0,"Macrocystis pyrifera","Bio","Landsat","SMR","ML",5833.569513
"Point Conception SMR",1995,0.849329472833493,2.33807858099463,0.24338754257774,0.104097246583646,"Before",0,"Macrocystis pyrifera","Bio","Landsat","SMR","ML",5833.569513
"Point Conception SMR",1996,1.87827038785606,6.54217963754249,0.228355617452636,0.0349051279702273,"Before",0,"Macrocystis pyrifera","Bio","Landsat","SMR","ML",5833.569513
"Point Conception SMR",1997,0.795852115031692,2.21632875944548,0.613448309323388,0.276785791236527,"Before",0,"Macrocystis pyrifera","Bio","Landsat","SMR","ML",5833.569513
"Point Conception SMR",1998,0.973002538676322,2.64587689237843,0.024337421583702,0.00919824412609938,"Before",0,"Macrocystis pyrifera","Bio","Landsat","SMR","ML",5833.569513
"Point Conception SMR",1999,2.0359538983929,7.65955507906727,0.786783719606652,0.102719245633058,"Before",0,"Macrocystis pyrifera","Bio","Landsat","SMR","ML",5833.569513
"Point Conception SMR",2000,1.57326911586615,4.82238739626955,0.115146311652934,0.023877449526765,"Before",0,"Macrocystis pyrifera","Bio","Landsat","SMR","ML",5833.569513
"Point Conception SMR",2001,2.85767764038391,17.4210220432563,0.100466467845527,0.00576696749456317,"Before",0,"Macrocystis pyrifera","Bio","Landsat","SMR","ML",5833.569513
"Point Conception SMR",2002,1.53316961230944,4.63283787505529,0.487284773137377,0.105180622823233,"Before",0,"Macrocystis pyrifera","Bio","Landsat","SMR","ML",5833.569513
"Point Conception SMR",2003,0.709014949195392,2.03198866041329,0.702980705113861,0.345957002029176,"Before",0,"Macrocystis pyrifera","Bio","Landsat","SMR","ML",5833.569513
"Point Conception SMR",2004,-0.626943038824642,0.534222404540903,0.350431754478982,0.655966038676596,"Before",0,"Macrocystis pyrifera","Bio","Landsat","SMR","ML",5833.569513
"Point Conception SMR",2005,-0.595380081922932,0.55135296674212,0.281939968060511,0.511360208554714,"Before",0,"Macrocystis pyrifera","Bio","Landsat","SMR","ML",5833.569513
"Point Conception SMR",2006,-0.425603205829626,0.653375546299758,0.276841332622999,0.423709357031843,"Before",0,"Macrocystis pyrifera","Bio","Landsat","SMR","ML",5833.569513
"Point Conception SMR",2007,-0.280933259343084,0.755078728248913,0.354789199690117,0.469870473656305,"Before",0,"Macrocystis pyrifera","Bio","Landsat","SMR","ML",5833.569513
"Point Conception SMR",2008,0.188318548677747,1.20721801180735,0.296647582561154,0.245728260893852,"Before",0,"Macrocystis pyrifera","Bio","Landsat","SMR","ML",5833.569513
"Point Conception SMR",2009,0.374394687620328,1.45411095680551,0.322444960560828,0.221747150072507,"Before",0,"Macrocystis pyrifera","Bio","Landsat","SMR","ML",5833.569513
"Point Conception SMR",2010,-0.214510751205841,0.806936136148764,0.479836800892748,0.594640367926573,"Before",0,"Macrocystis pyrifera","Bio","Landsat","SMR","ML",5833.569513
"Point Conception SMR",2011,0.366222903283927,1.44227669503844,0.174585490483111,0.12104854157576,"Before",0,"Macrocystis pyrifera","Bio","Landsat","SMR","ML",5833.569513
"Point Conception SMR",2012,-0.324716498489216,0.722732220277041,0.147887639775166,0.20462300645525,"Before",0,"Macrocystis pyrifera","Bio","Landsat","SMR","ML",5833.569513
"Point Conception SMR",2013,0.0242618747555212,1.02455858879236,0.44998234805361,0.43919630656164,"After",1,"Macrocystis pyrifera","Bio","Landsat","SMR","ML",5833.569513
"Point Conception SMR",2014,0.555102328159052,1.74211924350851,0.218300072874129,0.125307193343716,"After",2,"Macrocystis pyrifera","Bio","Landsat","SMR","ML",5833.569513
"Point Conception SMR",2015,0.254522573254535,1.28984566702921,0.600479076378663,0.465543352765371,"After",3,"Macrocystis pyrifera","Bio","Landsat","SMR","ML",5833.569513
"Point Conception SMR",2016,1.04897787648979,2.85473173790912,0.452614499047018,0.158548872749257,"After",4,"Macrocystis pyrifera","Bio","Landsat","SMR","ML",5833.569513
"Point Conception SMR",2017,1.00594087153821,2.73447885619904,0.321043657764191,0.117405792711246,"After",5,"Macrocystis pyrifera","Bio","Landsat","SMR","ML",5833.569513
"Point Conception SMR",2018,1.12228449815194,3.07186386078262,0.972214384006124,0.316490062081864,"After",6,"Macrocystis pyrifera","Bio","Landsat","SMR","ML",5833.569513
"Point Conception SMR",2019,1.00070415593471,2.72019659680939,0.289598614529691,0.106462383957605,"After",7,"Macrocystis pyrifera","Bio","Landsat","SMR","ML",5833.569513
"Point Conception SMR",2020,0.817351298139551,2.26449391784518,0.702418907181725,0.310188029937446,"After",8,"Macrocystis pyrifera","Bio","Landsat","SMR","ML",5833.569513
"Point Conception SMR",2021,0.555839091325049,1.7434032457426,0.585408846849096,0.33578510782211,"After",9,"Macrocystis pyrifera","Bio","Landsat","SMR","ML",5833.569513
"Point Dume SMCA",1985,0.783863997369424,2.18991777479846,0.928207571251811,0.423854987586113,"Before",0,"Macrocystis pyrifera","Bio","Landsat","SMCA","ML",4123.367722
"Point Dume SMCA",1986,1.1758918569805,3.24103219243303,0.222744322699285,0.0687263530486784,"Before",0,"Macrocystis pyrifera","Bio","Landsat","SMCA","ML",4123.367722
"Point Dume SMCA",1987,1.67408652197009,5.33392050377798,0.608032524872487,0.113993548355627,"Before",0,"Macrocystis pyrifera","Bio","Landsat","SMCA","ML",4123.367722
"Point Dume SMCA",1988,1.25655170373556,3.51328572549635,0.181980108513797,0.0517976967239369,"Before",0,"Macrocystis pyrifera","Bio","Landsat","SMCA","ML",4123.367722
"Point Dume SMCA",1989,-0.139880500135502,0.869462129797696,0.230145503441256,0.26469870918335,"Before",0,"Macrocystis pyrifera","Bio","Landsat","SMCA","ML",4123.367722
"Point Dume SMCA",1990,0.969126572007666,2.63564141074111,0.310295965933757,0.117730721891528,"Before",0,"Macrocystis pyrifera","Bio","Landsat","SMCA","ML",4123.367722
"Point Dume SMCA",1991,0.231331418158024,1.26027684887559,0.165905465850022,0.13164208006998,"Before",0,"Macrocystis pyrifera","Bio","Landsat","SMCA","ML",4123.367722
"Point Dume SMCA",1992,1.26123638956788,3.52978297740952,0.33922186795266,0.096102754793614,"Before",0,"Macrocystis pyrifera","Bio","Landsat","SMCA","ML",4123.367722
"Point Dume SMCA",1993,0.381568228503236,1.4645795848755,0.266681516721758,0.182087419130882,"Before",0,"Macrocystis pyrifera","Bio","Landsat","SMCA","ML",4123.367722
"Point Dume SMCA",1994,0.950123682114792,2.58602948513271,0.337113864694319,0.130359636899894,"Before",0,"Macrocystis pyrifera","Bio","Landsat","SMCA","ML",4123.367722
"Point Dume SMCA",1995,0.24969752181347,1.28363708574202,0.0472955285616963,0.0368449377842309,"Before",0,"Macrocystis pyrifera","Bio","Landsat","SMCA","ML",4123.367722
"Point Dume SMCA",1996,0.885435150489803,2.42403898376682,0.130622222728064,0.0538861889609893,"Before",0,"Macrocystis pyrifera","Bio","Landsat","SMCA","ML",4123.367722
"Point Dume SMCA",1997,0.975695153773388,2.65301082059505,0.459339031635495,0.173138770512994,"Before",0,"Macrocystis pyrifera","Bio","Landsat","SMCA","ML",4123.367722
"Point Dume SMCA",1998,-2.17228214887607,0.113917343694807,0.000524358697119035,0.00460297510556276,"Before",0,"Macrocystis pyrifera","Bio","Landsat","SMCA","ML",4123.367722
"Point Dume SMCA",1999,1.20774912907711,3.34594488016475,0.124162448763245,0.0371083365716209,"Before",0,"Macrocystis pyrifera","Bio","Landsat","SMCA","ML",4123.367722
"Point Dume SMCA",2000,1.31207201142293,3.71386090770546,0.121839011311515,0.032806562857194,"Before",0,"Macrocystis pyrifera","Bio","Landsat","SMCA","ML",4123.367722
"Point Dume SMCA",2001,0.744238772724125,2.10483856445717,0.285075532041162,0.135438193149355,"Before",0,"Macrocystis pyrifera","Bio","Landsat","SMCA","ML",4123.367722
"Point Dume SMCA",2002,0.889857312534339,2.43478221359947,0.871280914806751,0.35784757664986,"Before",0,"Macrocystis pyrifera","Bio","Landsat","SMCA","ML",4123.367722
"Point Dume SMCA",2003,0.233921643023934,1.26354548072572,0.524336747220086,0.414972595144682,"Before",0,"Macrocystis pyrifera","Bio","Landsat","SMCA","ML",4123.367722
"Point Dume SMCA",2004,0.410234931843331,1.50717182617881,0.401357154122435,0.266298206449368,"Before",0,"Macrocystis pyrifera","Bio","Landsat","SMCA","ML",4123.367722
"Point Dume SMCA",2005,0.253551184277802,1.28859333351653,0.190611296556142,0.14792199493689,"Before",0,"Macrocystis pyrifera","Bio","Landsat","SMCA","ML",4123.367722
"Point Dume SMCA",2006,1.31338033975804,3.71872303710095,0.0157673440784863,0.00423998881368113,"Before",0,"Macrocystis pyrifera","Bio","Landsat","SMCA","ML",4123.367722
"Point Dume SMCA",2007,0.735181909452575,2.08586139590013,0.46782632589584,0.224284473942218,"Before",0,"Macrocystis pyrifera","Bio","Landsat","SMCA","ML",4123.367722
"Point Dume SMCA",2008,0.518671793861661,1.67979505325207,0.504805401951427,0.300516066513072,"Before",0,"Macrocystis pyrifera","Bio","Landsat","SMCA","ML",4123.367722
"Point Dume SMCA",2009,0.432240855299306,1.54070615771831,0.500882873713289,0.325099546856531,"Before",0,"Macrocystis pyrifera","Bio","Landsat","SMCA","ML",4123.367722
"Point Dume SMCA",2010,0.82847148653347,2.28981604932374,0.642955627059835,0.280789204551921,"Before",0,"Macrocystis pyrifera","Bio","Landsat","SMCA","ML",4123.367722
"Point Dume SMCA",2011,-0.0865064808920424,0.917129604947486,0.0699250614190691,0.0762433804795484,"Before",0,"Macrocystis pyrifera","Bio","Landsat","SMCA","ML",4123.367722
"Point Dume SMCA",2012,1.06857412140892,2.91122548502741,0.359133678136437,0.123361683931211,"Before",0,"Macrocystis pyrifera","Bio","Landsat","SMCA","ML",4123.367722
"Point Dume SMCA",2013,0.541704374514094,1.7189340743711,0.449566448847793,0.26153792373467,"After",1,"Macrocystis pyrifera","Bio","Landsat","SMCA","ML",4123.367722
"Point Dume SMCA",2014,0.72355647421831,2.06175275756563,0.260757482883144,0.126473691826671,"After",2,"Macrocystis pyrifera","Bio","Landsat","SMCA","ML",4123.367722
"Point Dume SMCA",2015,0.595984788558957,1.81481727652687,0.188677266570954,0.103964883413518,"After",3,"Macrocystis pyrifera","Bio","Landsat","SMCA","ML",4123.367722
"Point Dume SMCA",2016,1.25958391381472,3.52395491331897,0.136993384137865,0.0388748969574188,"After",4,"Macrocystis pyrifera","Bio","Landsat","SMCA","ML",4123.367722
"Point Dume SMCA",2017,-0.0544254620975758,0.947029095789426,0.059946799948621,0.0632998502529116,"After",5,"Macrocystis pyrifera","Bio","Landsat","SMCA","ML",4123.367722
"Point Dume SMCA",2018,0.95855943541141,2.6079368645972,1.00017478623237,0.383511886276761,"After",6,"Macrocystis pyrifera","Bio","Landsat","SMCA","ML",4123.367722
"Point Dume SMCA",2019,0.603057710419345,1.82769883875488,0.144202706503836,0.0788985052931775,"After",7,"Macrocystis pyrifera","Bio","Landsat","SMCA","ML",4123.367722
"Point Dume SMCA",2020,1.80128862720779,6.05744822979292,0.0516033994702758,0.00851899966993856,"After",8,"Macrocystis pyrifera","Bio","Landsat","SMCA","ML",4123.367722
"Point Dume SMCA",2021,0.284584330447757,1.32920940139766,0.148134177293399,0.111445327679473,"After",9,"Macrocystis pyrifera","Bio","Landsat","SMCA","ML",4123.367722
"Point Dume SMR",1985,0.926904170757235,2.52667490303498,0.43123904711296,0.170674528248556,"Before",0,"Macrocystis pyrifera","Bio","Landsat","SMR","ML",1950.850189
"Point Dume SMR",1986,0.398281477541768,1.48926316505069,0.198146912840458,0.133050301310389,"Before",0,"Macrocystis pyrifera","Bio","Landsat","SMR","ML",1950.850189
"Point Dume SMR",1987,1.40667612847923,4.08236357581236,0.48507693873167,0.118822571709611,"Before",0,"Macrocystis pyrifera","Bio","Landsat","SMR","ML",1950.850189
"Point Dume SMR",1988,3.1263886021807,22.7915214866434,0.266240799574887,0.011681572014879,"Before",0,"Macrocystis pyrifera","Bio","Landsat","SMR","ML",1950.850189
"Point Dume SMR",1989,1.28674989032046,3.62099876718354,0.66084547808292,0.182503646251427,"Before",0,"Macrocystis pyrifera","Bio","Landsat","SMR","ML",1950.850189
"Point Dume SMR",1990,2.96251213941156,19.3465118951845,0.0951609438420749,0.00491876491005913,"Before",0,"Macrocystis pyrifera","Bio","Landsat","SMR","ML",1950.850189
"Point Dume SMR",1991,1.12319525414768,3.07466285361819,0.123988377220256,0.0403258448562416,"Before",0,"Macrocystis pyrifera","Bio","Landsat","SMR","ML",1950.850189
"Point Dume SMR",1992,1.05606440603718,2.87503372908797,0.0963729691227515,0.03352063947901,"Before",0,"Macrocystis pyrifera","Bio","Landsat","SMR","ML",1950.850189
"Point Dume SMR",1993,-1.68101631191382,0.186184658166435,0.0355783689667258,0.191091840311147,"Before",0,"Macrocystis pyrifera","Bio","Landsat","SMR","ML",1950.850189
"Point Dume SMR",1994,0.0911857692055468,1.09547249141158,0.0483114181374156,0.0441009870317817,"Before",0,"Macrocystis pyrifera","Bio","Landsat","SMR","ML",1950.850189
"Point Dume SMR",1995,-2.56622916651809,0.076824693042292,0.00305606747543727,0.0397797551075786,"Before",0,"Macrocystis pyrifera","Bio","Landsat","SMR","ML",1950.850189
"Point Dume SMR",1996,-0.219207838865342,0.803154774028561,0.120373783169582,0.149876197044558,"Before",0,"Macrocystis pyrifera","Bio","Landsat","SMR","ML",1950.850189
"Point Dume SMR",1997,-1.54724041687313,0.212834498663836,0.05587413931507,0.262523884360125,"Before",0,"Macrocystis pyrifera","Bio","Landsat","SMR","ML",1950.850189
"Point Dume SMR",1998,0,1,0.00101868915847909,0.00101868915847909,"Before",0,"Macrocystis pyrifera","Bio","Landsat","SMR","ML",1950.850189
"Point Dume SMR",1999,-0.848251169061975,0.42816306239125,0.00389498795889064,0.0090969733286601,"Before",0,"Macrocystis pyrifera","Bio","Landsat","SMR","ML",1950.850189
"Point Dume SMR",2000,1.00271021080329,2.72565893748166,0.131241308354156,0.0481503047022511,"Before",0,"Macrocystis pyrifera","Bio","Landsat","SMR","ML",1950.850189
"Point Dume SMR",2001,1.41326834764322,4.1093643108109,0.349763134984793,0.0851136839010933,"Before",0,"Macrocystis pyrifera","Bio","Landsat","SMR","ML",1950.850189
"Point Dume SMR",2002,1.24087095037376,3.45862444361762,0.851296256515201,0.246137234728142,"Before",0,"Macrocystis pyrifera","Bio","Landsat","SMR","ML",1950.850189
"Point Dume SMR",2003,-0.518567839449028,0.595372606842655,0.247893088516287,0.416366298461225,"Before",0,"Macrocystis pyrifera","Bio","Landsat","SMR","ML",1950.850189
"Point Dume SMR",2004,-0.374907046236192,0.68735316788558,0.210714891403892,0.306559860707542,"Before",0,"Macrocystis pyrifera","Bio","Landsat","SMR","ML",1950.850189
"Point Dume SMR",2005,-0.590222742168228,0.554203826423394,0.108831277488213,0.196374099743349,"Before",0,"Macrocystis pyrifera","Bio","Landsat","SMR","ML",1950.850189
"Point Dume SMR",2006,0.530901755542887,1.70046502120701,0.0940574581387724,0.0553127861883388,"Before",0,"Macrocystis pyrifera","Bio","Landsat","SMR","ML",1950.850189
"Point Dume SMR",2007,-0.361664301401895,0.696516148094197,0.229217497484369,0.329091433287732,"Before",0,"Macrocystis pyrifera","Bio","Landsat","SMR","ML",1950.850189
"Point Dume SMR",2008,0.000163167243574384,1.00016318055607,0.440040928465635,0.439969134057684,"Before",0,"Macrocystis pyrifera","Bio","Landsat","SMR","ML",1950.850189
"Point Dume SMR",2009,0.375132016901194,1.45518351075571,0.875769669971848,0.601827648196095,"Before",0,"Macrocystis pyrifera","Bio","Landsat","SMR","ML",1950.850189
"Point Dume SMR",2010,-0.656265735588424,0.518785002202386,0.326247357174353,0.628868135719697,"Before",0,"Macrocystis pyrifera","Bio","Landsat","SMR","ML",1950.850189
"Point Dume SMR",2011,0.614277659630597,1.84832100036361,0.221265842821125,0.11971180480966,"Before",0,"Macrocystis pyrifera","Bio","Landsat","SMR","ML",1950.850189
"Point Dume SMR",2012,0.964110407441679,2.62245370319586,0.675736881974516,0.257673521996224,"Before",0,"Macrocystis pyrifera","Bio","Landsat","SMR","ML",1950.850189
"Point Dume SMR",2013,0.938847152746733,2.55703185130953,1.00101868915848,0.391476816624645,"After",1,"Macrocystis pyrifera","Bio","Landsat","SMR","ML",1950.850189
"Point Dume SMR",2014,-0.680177023604091,0.506527317137257,0.106798421653646,0.210844347462322,"After",2,"Macrocystis pyrifera","Bio","Landsat","SMR","ML",1950.850189
"Point Dume SMR",2015,3.76086827450218,42.9857331960582,0.165217587934017,0.00384354472169774,"After",3,"Macrocystis pyrifera","Bio","Landsat","SMR","ML",1950.850189
"Point Dume SMR",2016,1.15478373814826,3.17333707156375,0.0511877169378272,0.0161305640666162,"After",4,"Macrocystis pyrifera","Bio","Landsat","SMR","ML",1950.850189
"Point Dume SMR",2017,-1.81931606476702,0.162136603957417,0.00639705134148134,0.0394547016857553,"After",5,"Macrocystis pyrifera","Bio","Landsat","SMR","ML",1950.850189
"Point Dume SMR",2018,1.33264083942623,3.79104171219315,0.647267855325788,0.170736147071127,"After",6,"Macrocystis pyrifera","Bio","Landsat","SMR","ML",1950.850189
"Point Dume SMR",2019,-0.297104748545001,0.742966183659066,0.0482028785600416,0.064878967065022,"After",7,"Macrocystis pyrifera","Bio","Landsat","SMR","ML",1950.850189
"Point Dume SMR",2020,3.72669582639571,41.5416204217536,0.0423179983492939,0.00101868915847909,"After",8,"Macrocystis pyrifera","Bio","Landsat","SMR","ML",1950.850189
"Point Dume SMR",2021,0.228934403780543,1.25725956483054,0.0351476025190227,0.0279557248973962,"After",9,"Macrocystis pyrifera","Bio","Landsat","SMR","ML",1950.850189
"Point Vicente SMCA",1984,1.05224447421551,2.86407224564661,0.647065000440441,0.225924817861693,"Before",0,"Macrocystis pyrifera","Bio","Landsat","SMCA","ML",3896.539074
"Point Vicente SMCA",1986,-0.114425903740707,0.891878020794953,0.68324665963394,0.766076350917298,"Before",0,"Macrocystis pyrifera","Bio","Landsat","SMCA","ML",3896.539074
"Point Vicente SMCA",1987,0.420887021190358,1.52331216669114,0.186641275086316,0.122523327238781,"Before",0,"Macrocystis pyrifera","Bio","Landsat","SMCA","ML",3896.539074
"Point Vicente SMCA",1988,-0.132830924611283,0.875613124223468,0.424527546874698,0.484834609178782,"Before",0,"Macrocystis pyrifera","Bio","Landsat","SMCA","ML",3896.539074
"Point Vicente SMCA",1990,1.11137873882573,3.03854486752857,0.05762762572431,0.0189655339107044,"Before",0,"Macrocystis pyrifera","Bio","Landsat","SMCA","ML",3896.539074
"Point Vicente SMCA",1991,0.890902374016918,2.43732804075061,0.0768448016191026,0.0315282966979845,"Before",0,"Macrocystis pyrifera","Bio","Landsat","SMCA","ML",3896.539074
"Point Vicente SMCA",1992,-1.97554194666168,0.138686131386861,0.002413560844185,0.017403043981755,"Before",0,"Macrocystis pyrifera","Bio","Landsat","SMCA","ML",3896.539074
"Point Vicente SMCA",1993,-0.0519857175113729,0.949342425718461,0.00994509531779401,0.0104757725435768,"Before",0,"Macrocystis pyrifera","Bio","Landsat","SMCA","ML",3896.539074
"Point Vicente SMCA",1994,-0.418503620866006,0.658030746946703,0.0161048184203007,0.0244742643030403,"Before",0,"Macrocystis pyrifera","Bio","Landsat","SMCA","ML",3896.539074
"Point Vicente SMCA",1995,1.07581084592303,2.93236963678485,0.058129298324392,0.019823318859667,"Before",0,"Macrocystis pyrifera","Bio","Landsat","SMCA","ML",3896.539074
"Point Vicente SMCA",1996,-0.478174285573772,0.619914145473825,0.00973454322011503,0.0157030506420765,"Before",0,"Macrocystis pyrifera","Bio","Landsat","SMCA","ML",3896.539074
"Point Vicente SMCA",1997,-0.104703796225939,0.900591241607375,0.002413560844185,0.0026799737024727,"Before",0,"Macrocystis pyrifera","Bio","Landsat","SMCA","ML",3896.539074
"Point Vicente SMCA",1998,1.22720950093096,3.41169590643275,0.00235018036580204,0.000688859860391068,"Before",0,"Macrocystis pyrifera","Bio","Landsat","SMCA","ML",3896.539074
"Point Vicente SMCA",2000,-0.597504221111895,0.550183059261558,0.0119055931660805,0.0216393307021483,"Before",0,"Macrocystis pyrifera","Bio","Landsat","SMCA","ML",3896.539074
"Point Vicente SMCA",2001,-1.59163623353091,0.203592214642615,0.00491332988142479,0.0241331913897083,"Before",0,"Macrocystis pyrifera","Bio","Landsat","SMCA","ML",3896.539074
"Point Vicente SMCA",2002,-1.38635795614678,0.249984101748808,0.0137242906220525,0.0549006537857482,"Before",0,"Macrocystis pyrifera","Bio","Landsat","SMCA","ML",3896.539074
"Point Vicente SMCA",2003,0.352251096644715,1.42226560500706,0.0522402850617584,0.0367303300296707,"Before",0,"Macrocystis pyrifera","Bio","Landsat","SMCA","ML",3896.539074
"Point Vicente SMCA",2004,-0.894415925362798,0.408846325686202,0.0282620535704694,0.0691263484465337,"Before",0,"Macrocystis pyrifera","Bio","Landsat","SMCA","ML",3896.539074
"Point Vicente SMCA",2005,1.26819256409422,3.55442236241678,0.0382815403819587,0.0107701157821688,"Before",0,"Macrocystis pyrifera","Bio","Landsat","SMCA","ML",3896.539074
"Point Vicente SMCA",2006,-2.19824789173096,0.110997467668098,0.0048381327036823,0.043587775517088,"Before",0,"Macrocystis pyrifera","Bio","Landsat","SMCA","ML",3896.539074
"Point Vicente SMCA",2007,-2.05048450702562,0.128672545730203,0.0038519754298593,0.0299362650206363,"Before",0,"Macrocystis pyrifera","Bio","Landsat","SMCA","ML",3896.539074
"Point Vicente SMCA",2008,1.4490457356172,4.25904831724969,0.62096728278221,0.145799539363574,"Before",0,"Macrocystis pyrifera","Bio","Landsat","SMCA","ML",3896.539074
"Point Vicente SMCA",2009,1.33903545609724,3.81536164618171,0.321879102274607,0.084363982270654,"Before",0,"Macrocystis pyrifera","Bio","Landsat","SMCA","ML",3896.539074
"Point Vicente SMCA",2010,0.91338858852115,2.49275515948529,0.650483249291535,0.260949514763354,"Before",0,"Macrocystis pyrifera","Bio","Landsat","SMCA","ML",3896.539074
"Point Vicente SMCA",2011,1.17736668416909,3.24581568137223,0.555760587225503,0.171223705158312,"Before",0,"Macrocystis pyrifera","Bio","Landsat","SMCA","ML",3896.539074
"Point Vicente SMCA",2012,0.520311011639952,1.68255086123489,0.0686536804721523,0.0408033314498231,"Before",0,"Macrocystis pyrifera","Bio","Landsat","SMCA","ML",3896.539074
"Point Vicente SMCA",2013,1.19815529598832,3.31399793532547,0.350888024956869,0.105880580436273,"After",1,"Macrocystis pyrifera","Bio","Landsat","SMCA","ML",3896.539074
"Point Vicente SMCA",2014,1.51341331544805,4.54220835433395,0.317057888935917,0.069802585923518,"After",2,"Macrocystis pyrifera","Bio","Landsat","SMCA","ML",3896.539074
"Point Vicente SMCA",2015,1.04657718621291,2.84788663096123,0.74615124730633,0.262001738129051,"After",3,"Macrocystis pyrifera","Bio","Landsat","SMCA","ML",3896.539074
"Point Vicente SMCA",2016,1.27169896888567,3.56690748216914,0.415952920121261,0.116614440436315,"After",4,"Macrocystis pyrifera","Bio","Landsat","SMCA","ML",3896.539074
"Point Vicente SMCA",2017,0.957308893348315,2.60467756821849,0.737445562614541,0.283123551111522,"After",5,"Macrocystis pyrifera","Bio","Landsat","SMCA","ML",3896.539074
"Point Vicente SMCA",2018,0.915910282174591,2.49904905665562,0.781641092464598,0.312775409663482,"After",6,"Macrocystis pyrifera","Bio","Landsat","SMCA","ML",3896.539074
"Point Vicente SMCA",2019,1.53902662607538,4.66005208948139,0.498302423712463,0.106930655311177,"After",7,"Macrocystis pyrifera","Bio","Landsat","SMCA","ML",3896.539074
"Point Vicente SMCA",2020,1.3961556829152,4.03964041940946,1.00022961995346,0.247603627082156,"After",8,"Macrocystis pyrifera","Bio","Landsat","SMCA","ML",3896.539074
"Point Vicente SMCA",2021,0.880515367972092,2.41214252713731,0.430462752689373,0.178456599411743,"After",9,"Macrocystis pyrifera","Bio","Landsat","SMCA","ML",3896.539074
"San Miguel Island SC",1985,0.205783228466771,1.22848687414673,0.15710328946986,0.127883571876972,"Before",0,"Macrocystis pyrifera","Bio","Landsat","SMR","C",223.9177788
"San Miguel Island SC",1986,1.23984855276548,3.45509016128731,0.230076419788836,0.0665905690006982,"Before",0,"Macrocystis pyrifera","Bio","Landsat","SMR","C",223.9177788
"San Miguel Island SC",1987,0.367466639204424,1.44407162234777,0.0931148596065254,0.0644807765525782,"Before",0,"Macrocystis pyrifera","Bio","Landsat","SMR","C",223.9177788
"San Miguel Island SC",1988,0.240878826403531,1.27236684869966,0.183653403264607,0.14433997824786,"Before",0,"Macrocystis pyrifera","Bio","Landsat","SMR","C",223.9177788
"San Miguel Island SC",1989,-0.97269728168591,0.378061922105104,0.0867462630307055,0.229449880981638,"Before",0,"Macrocystis pyrifera","Bio","Landsat","SMR","C",223.9177788
"San Miguel Island SC",1990,-0.69551305461379,0.498818461210186,0.210742981590046,0.422484326419599,"Before",0,"Macrocystis pyrifera","Bio","Landsat","SMR","C",223.9177788
"San Miguel Island SC",1991,-0.999368957040674,0.36811166216568,0.179104393674473,0.486549088449856,"Before",0,"Macrocystis pyrifera","Bio","Landsat","SMR","C",223.9177788
"San Miguel Island SC",1992,-0.585190737476422,0.556999610979322,0.0958117610007838,0.172014053712401,"Before",0,"Macrocystis pyrifera","Bio","Landsat","SMR","C",223.9177788
"San Miguel Island SC",1993,-1.01583285065369,0.362100728385469,0.142180266584617,0.392653909365409,"Before",0,"Macrocystis pyrifera","Bio","Landsat","SMR","C",223.9177788
"San Miguel Island SC",1994,-0.555000989553785,0.574071693121338,0.135144311185182,0.23541364746688,"Before",0,"Macrocystis pyrifera","Bio","Landsat","SMR","C",223.9177788
"San Miguel Island SC",1995,-0.809148709454529,0.445236930927884,0.0439357126446088,0.09867939874854,"Before",0,"Macrocystis pyrifera","Bio","Landsat","SMR","C",223.9177788
"San Miguel Island SC",1996,-0.470951114990383,0.6244081018614,0.0283775151385812,0.0454470642741279,"Before",0,"Macrocystis pyrifera","Bio","Landsat","SMR","C",223.9177788
"San Miguel Island SC",1997,0.0392125925788566,1.03999155463689,0.0745967264621633,0.0717282040700884,"Before",0,"Macrocystis pyrifera","Bio","Landsat","SMR","C",223.9177788
"San Miguel Island SC",1998,0.94172732359687,2.56440715588075,0.22606249363372,0.0881539006453438,"Before",0,"Macrocystis pyrifera","Bio","Landsat","SMR","C",223.9177788
"San Miguel Island SC",1999,0.463918489734234,1.59029333992422,0.139862498469776,0.0879476100154206,"Before",0,"Macrocystis pyrifera","Bio","Landsat","SMR","C",223.9177788
"San Miguel Island SC",2000,0.65952472451937,1.93387299353277,0.085261240101146,0.0440883348525344,"Before",0,"Macrocystis pyrifera","Bio","Landsat","SMR","C",223.9177788
"San Miguel Island SC",2001,1.69037653828625,5.4215217313464,0.194539583494289,0.0358828375379354,"Before",0,"Macrocystis pyrifera","Bio","Landsat","SMR","C",223.9177788
"San Miguel Island SC",2002,1.30595238101163,3.69120285172729,0.140897026811547,0.0381710332569815,"Before",0,"Macrocystis pyrifera","Bio","Landsat","SMR","C",223.9177788
"San Miguel Island SC",2003,-0.295973437941635,0.743807184807643,0.269842614193048,0.362785705361037,"Before",0,"Macrocystis pyrifera","Bio","Landsat","SMR","C",223.9177788
"San Miguel Island SC",2004,-1.0268906382365,0.358118751946698,0.302063887833167,0.843474088388774,"After",1,"Macrocystis pyrifera","Bio","Landsat","SMR","C",223.9177788
"San Miguel Island SC",2005,-1.33480049662362,0.263210681637959,0.263217218009303,1.0000248332298,"After",2,"Macrocystis pyrifera","Bio","Landsat","SMR","C",223.9177788
"San Miguel Island SC",2006,-0.369537465038857,0.691053893312894,0.0630666936721897,0.0912616140108114,"After",3,"Macrocystis pyrifera","Bio","Landsat","SMR","C",223.9177788
"San Miguel Island SC",2007,-1.3831338298264,0.250791382759603,0.187316336254822,0.746901006699959,"After",4,"Macrocystis pyrifera","Bio","Landsat","SMR","C",223.9177788
"San Miguel Island SC",2008,-0.627484408345664,0.53393327108472,0.147266971416805,0.275815311373316,"After",5,"Macrocystis pyrifera","Bio","Landsat","SMR","C",223.9177788
"San Miguel Island SC",2009,0.177157477102129,1.19381907749392,0.129355620023191,0.108354458780082,"After",6,"Macrocystis pyrifera","Bio","Landsat","SMR","C",223.9177788
"San Miguel Island SC",2010,0.0987229254650532,1.10376043327822,0.212744047038813,0.192744766549526,"After",7,"Macrocystis pyrifera","Bio","Landsat","SMR","C",223.9177788
"San Miguel Island SC",2011,0.249621624034461,1.28353966423525,0.254297138714841,0.198121761095988,"After",8,"Macrocystis pyrifera","Bio","Landsat","SMR","C",223.9177788
"San Miguel Island SC",2012,0.248651808956004,1.28229547153102,0.0943586695185353,0.0735857465096358,"After",9,"Macrocystis pyrifera","Bio","Landsat","SMR","C",223.9177788
"San Miguel Island SC",2013,-0.521642757429136,0.593544696686173,0.108732538911502,0.183191829559876,"After",10,"Macrocystis pyrifera","Bio","Landsat","SMR","C",223.9177788
"San Miguel Island SC",2014,-0.42725071442552,0.652299990707704,0.0838352777113358,0.12852257995647,"After",11,"Macrocystis pyrifera","Bio","Landsat","SMR","C",223.9177788
"San Miguel Island SC",2015,0.316880874795856,1.37283902245541,0.179631641688383,0.130846835462981,"After",12,"Macrocystis pyrifera","Bio","Landsat","SMR","C",223.9177788
"San Miguel Island SC",2016,0.540224199207035,1.71639163269364,0.169651589996509,0.0988420047994903,"After",13,"Macrocystis pyrifera","Bio","Landsat","SMR","C",223.9177788
"San Miguel Island SC",2017,0.744486124026626,2.10535926341277,0.24433452715382,0.116053602537059,"After",14,"Macrocystis pyrifera","Bio","Landsat","SMR","C",223.9177788
"San Miguel Island SC",2018,1.25749546950797,3.51660300943609,0.133326493488133,0.0379134332565771,"After",15,"Macrocystis pyrifera","Bio","Landsat","SMR","C",223.9177788
"San Miguel Island SC",2019,2.37718831293099,10.7745655278009,0.0901175161512883,0.00836391183651571,"After",16,"Macrocystis pyrifera","Bio","Landsat","SMR","C",223.9177788
"San Miguel Island SC",2020,4.11392519479177,61.1864154306449,0.101226205490069,0.00165439019065939,"After",17,"Macrocystis pyrifera","Bio","Landsat","SMR","C",223.9177788
"San Miguel Island SC",2021,6.33091056759151,561.667797568561,0.0418440764679809,7.44996894055923e-05,"After",18,"Macrocystis pyrifera","Bio","Landsat","SMR","C",223.9177788
"Santa Barbara Island SMR",1984,0.0842325579659028,1.08788185998554,0.178944540692393,0.164488946157051,"Before",0,"Macrocystis pyrifera","Bio","Landsat","SMR","C",3307.221086
"Santa Barbara Island SMR",1985,1.29406699842137,3.64759117772104,0.834982322502214,0.228913351803833,"Before",0,"Macrocystis pyrifera","Bio","Landsat","SMR","C",3307.221086
"Santa Barbara Island SMR",1986,-1.14010786696342,0.319784525770101,0.112170723878168,0.350769705344683,"Before",0,"Macrocystis pyrifera","Bio","Landsat","SMR","C",3307.221086
"Santa Barbara Island SMR",1987,-0.72018060793801,0.486664352576965,0.294444735338377,0.605026305664767,"Before",0,"Macrocystis pyrifera","Bio","Landsat","SMR","C",3307.221086
"Santa Barbara Island SMR",1989,-1.42785185324569,0.239823545473566,0.0769819172743188,0.32099399215497,"Before",0,"Macrocystis pyrifera","Bio","Landsat","SMR","C",3307.221086
"Santa Barbara Island SMR",1990,-1.23484163927428,0.290880822818872,0.0138426304298831,0.0475886663676783,"Before",0,"Macrocystis pyrifera","Bio","Landsat","SMR","C",3307.221086
"Santa Barbara Island SMR",1991,-2.42102817487763,0.0888302374715907,0.0151710038951962,0.170786483600791,"Before",0,"Macrocystis pyrifera","Bio","Landsat","SMR","C",3307.221086
"Santa Barbara Island SMR",1992,-0.0817233504102896,0.921526863463758,0.103173753981136,0.111959572826055,"Before",0,"Macrocystis pyrifera","Bio","Landsat","SMR","C",3307.221086
"Santa Barbara Island SMR",1993,-2.09356215729038,0.123247326584769,0.0115512715732632,0.0937243175438636,"Before",0,"Macrocystis pyrifera","Bio","Landsat","SMR","C",3307.221086
"Santa Barbara Island SMR",1994,0.292531171023969,1.33981449930287,1.00030392092137,0.746598817554108,"Before",0,"Macrocystis pyrifera","Bio","Landsat","SMR","C",3307.221086
"Santa Barbara Island SMR",1995,-1.45898383851998,0.232472384228774,0.0246141797891449,0.105880016118053,"Before",0,"Macrocystis pyrifera","Bio","Landsat","SMR","C",3307.221086
"Santa Barbara Island SMR",1996,-0.318461199183223,0.727267295973235,0.0138562897971356,0.019052540756137,"Before",0,"Macrocystis pyrifera","Bio","Landsat","SMR","C",3307.221086
"Santa Barbara Island SMR",1997,-4.34506927580376,0.0129706096672334,0.000303920921369852,0.0234315062411926,"Before",0,"Macrocystis pyrifera","Bio","Landsat","SMR","C",3307.221086
"Santa Barbara Island SMR",1998,-2.52122413218715,0.0803611738148984,0.000303920921369852,0.00378193730805743,"Before",0,"Macrocystis pyrifera","Bio","Landsat","SMR","C",3307.221086
"Santa Barbara Island SMR",1999,-3.93309707556956,0.0195829287273679,0.00647340179711742,0.330563517196005,"Before",0,"Macrocystis pyrifera","Bio","Landsat","SMR","C",3307.221086
"Santa Barbara Island SMR",2000,-3.50584702827409,0.0300213336531953,0.00199426761887633,0.066428348650796,"Before",0,"Macrocystis pyrifera","Bio","Landsat","SMR","C",3307.221086
"Santa Barbara Island SMR",2001,-3.98515047207462,0.0185896468895413,0.000911762764109557,0.049046803821891,"Before",0,"Macrocystis pyrifera","Bio","Landsat","SMR","C",3307.221086
"Santa Barbara Island SMR",2002,-2.67539144820046,0.0688798602193546,0.00186222706876808,0.0270358717749665,"Before",0,"Macrocystis pyrifera","Bio","Landsat","SMR","C",3307.221086
"Santa Barbara Island SMR",2003,-4.87784933957162,0.00761337020701001,0.00251787669689181,0.330717754217899,"Before",0,"Macrocystis pyrifera","Bio","Landsat","SMR","C",3307.221086
"Santa Barbara Island SMR",2004,-0.884895305787247,0.412757384326447,0.0687954031676073,0.166672737496557,"After",1,"Macrocystis pyrifera","Bio","Landsat","SMR","C",3307.221086
"Santa Barbara Island SMR",2005,-2.07362148847382,0.125729627827584,0.0445625473809302,0.354431554048978,"After",2,"Macrocystis pyrifera","Bio","Landsat","SMR","C",3307.221086
"Santa Barbara Island SMR",2006,-1.00746532013711,0.365143329054854,0.0417726216195912,0.114400615582151,"After",3,"Macrocystis pyrifera","Bio","Landsat","SMR","C",3307.221086
"Santa Barbara Island SMR",2007,-1.60590973627449,0.200706881499877,0.0269544847117532,0.134297760546739,"After",4,"Macrocystis pyrifera","Bio","Landsat","SMR","C",3307.221086
"Santa Barbara Island SMR",2008,-3.33019947800937,0.0357859658423903,0.00107567517114049,0.0300585759199015,"After",5,"Macrocystis pyrifera","Bio","Landsat","SMR","C",3307.221086
"Santa Barbara Island SMR",2009,-0.255286700299933,0.774694361013579,0.0208453327080379,0.0269078152069736,"After",6,"Macrocystis pyrifera","Bio","Landsat","SMR","C",3307.221086
"Santa Barbara Island SMR",2010,1.64841750949063,5.19874634744085,0.502241274510027,0.0966081514550641,"After",7,"Macrocystis pyrifera","Bio","Landsat","SMR","C",3307.221086
"Santa Barbara Island SMR",2011,0.0916834545704207,1.09601782772987,0.0708192660821975,0.0646150676480163,"After",8,"Macrocystis pyrifera","Bio","Landsat","SMR","C",3307.221086
"Santa Barbara Island SMR",2012,3.71750355697054,41.1615083771909,0.485189831056393,0.0117874647986723,"After",9,"Macrocystis pyrifera","Bio","Landsat","SMR","C",3307.221086
"Santa Barbara Island SMR",2013,1.08724047746476,2.96607781032023,0.382140149661134,0.128836859347219,"After",10,"Macrocystis pyrifera","Bio","Landsat","SMR","C",3307.221086
"Santa Barbara Island SMR",2014,2.40560798024779,11.0851677969049,0.181415747884506,0.0163656293894946,"After",11,"Macrocystis pyrifera","Bio","Landsat","SMR","C",3307.221086
"Santa Barbara Island SMR",2015,-0.667329808505601,0.513076763524598,0.0154863076226099,0.0301832176460812,"After",12,"Macrocystis pyrifera","Bio","Landsat","SMR","C",3307.221086
"Santa Barbara Island SMR",2016,-0.0546786233560039,0.94678937505705,0.200714157251189,0.211994518040609,"After",13,"Macrocystis pyrifera","Bio","Landsat","SMR","C",3307.221086
"Santa Barbara Island SMR",2017,-0.486514147089553,0.614765646076116,0.315162580618724,0.512654834619211,"After",14,"Macrocystis pyrifera","Bio","Landsat","SMR","C",3307.221086
"Santa Barbara Island SMR",2018,1.72648583702004,5.62086651969848,0.719763283165513,0.128052014870498,"After",15,"Macrocystis pyrifera","Bio","Landsat","SMR","C",3307.221086
"Santa Barbara Island SMR",2019,0.619114260803211,1.85728224539648,0.30550768453236,0.164491791858562,"After",16,"Macrocystis pyrifera","Bio","Landsat","SMR","C",3307.221086
"Santa Barbara Island SMR",2020,1.25334332548579,3.50203183900543,0.338920773393374,0.0967783244054191,"After",17,"Macrocystis pyrifera","Bio","Landsat","SMR","C",3307.221086
"Santa Barbara Island SMR",2021,0.0360234337358569,1.03668013949484,0.202177986108423,0.195024461650188,"After",18,"Macrocystis pyrifera","Bio","Landsat","SMR","C",3307.221086
"Skunk Pt SMR",1985,0.984321468927276,2.67599552214937,0.622557621832117,0.232645240501777,"Before",0,"Macrocystis pyrifera","Bio","Landsat","SMR","C",379.9084707
"Skunk Pt SMR",1986,1.63653685076687,5.13734726924775,0.216398891279679,0.0421226909411101,"Before",0,"Macrocystis pyrifera","Bio","Landsat","SMR","C",379.9084707
"Skunk Pt SMR",1987,-0.130979103434472,0.877236105421275,0.0597518401160808,0.0681137492481413,"Before",0,"Macrocystis pyrifera","Bio","Landsat","SMR","C",379.9084707
"Skunk Pt SMR",1988,0.52726883491595,1.69429857464366,0.252085051498447,0.148784314211835,"Before",0,"Macrocystis pyrifera","Bio","Landsat","SMR","C",379.9084707
"Skunk Pt SMR",1989,0.59486437938918,1.8127850772687,0.247676213980542,0.136627456330185,"Before",0,"Macrocystis pyrifera","Bio","Landsat","SMR","C",379.9084707
"Skunk Pt SMR",1990,2.07908163525162,7.99712126664268,0.344521817854862,0.0430807294734819,"Before",0,"Macrocystis pyrifera","Bio","Landsat","SMR","C",379.9084707
"Skunk Pt SMR",1991,8.42156296040099,4544,0.6480681106488,0.000142620622942077,"Before",0,"Macrocystis pyrifera","Bio","Landsat","SMR","C",379.9084707
"Skunk Pt SMR",1993,0.646215455196413,1.90830507956871,0.19370360954194,0.101505577706536,"Before",0,"Macrocystis pyrifera","Bio","Landsat","SMR","C",379.9084707
"Skunk Pt SMR",1994,1.21441256989179,3.36831483350151,0.124191558099301,0.0368705314788518,"Before",0,"Macrocystis pyrifera","Bio","Landsat","SMR","C",379.9084707
"Skunk Pt SMR",1995,6.45266596333487,634.391304347826,0.090477283015124,0.000142620622942077,"Before",0,"Macrocystis pyrifera","Bio","Landsat","SMR","C",379.9084707
"Skunk Pt SMR",1996,3.6933615818553,40.1796875,0.0956736344075353,0.00238114431346773,"Before",0,"Macrocystis pyrifera","Bio","Landsat","SMR","C",379.9084707
"Skunk Pt SMR",1997,0.35103755767096,1.42054067710965,0.139458165650753,0.0981725957573465,"Before",0,"Macrocystis pyrifera","Bio","Landsat","SMR","C",379.9084707
"Skunk Pt SMR",1998,4.10300262496522,60.5217391304348,0.00863164813632051,0.000142620622942077,"Before",0,"Macrocystis pyrifera","Bio","Landsat","SMR","C",379.9084707
"Skunk Pt SMR",1999,2.11150288178192,8.26064673581452,0.209887949797541,0.0254081740219636,"Before",0,"Macrocystis pyrifera","Bio","Landsat","SMR","C",379.9084707
"Skunk Pt SMR",2000,1.52837131622146,4.61066139441191,0.383209212052063,0.083113718243658,"Before",0,"Macrocystis pyrifera","Bio","Landsat","SMR","C",379.9084707
"Skunk Pt SMR",2001,2.00790593679859,7.4477050413845,0.0920647125574358,0.0123614874710883,"Before",0,"Macrocystis pyrifera","Bio","Landsat","SMR","C",379.9084707
"Skunk Pt SMR",2002,0.840071616438909,2.31653287267554,0.141361840922197,0.0610230239292602,"Before",0,"Macrocystis pyrifera","Bio","Landsat","SMR","C",379.9084707
"Skunk Pt SMR",2003,2.34336753373511,10.4162546562817,0.476836550565212,0.045778119516082,"Before",0,"Macrocystis pyrifera","Bio","Landsat","SMR","C",379.9084707
"Skunk Pt SMR",2004,0.404704688448412,1.49885980407901,0.289377243949475,0.193064917187025,"After",1,"Macrocystis pyrifera","Bio","Landsat","SMR","C",379.9084707
"Skunk Pt SMR",2005,2.45166595917435,11.6076685219542,0.290970874388437,0.0250671247062325,"After",2,"Macrocystis pyrifera","Bio","Landsat","SMR","C",379.9084707
"Skunk Pt SMR",2006,0.488426562619896,1.62974989210629,0.245871753055492,0.150864715037794,"After",3,"Macrocystis pyrifera","Bio","Landsat","SMR","C",379.9084707
"Skunk Pt SMR",2007,1.09295008717668,2.98306139567606,0.683617851141275,0.22916653748132,"After",4,"Macrocystis pyrifera","Bio","Landsat","SMR","C",379.9084707
"Skunk Pt SMR",2008,1.07030630107049,2.91627262061365,0.254317374292323,0.0872063100324307,"After",5,"Macrocystis pyrifera","Bio","Landsat","SMR","C",379.9084707
"Skunk Pt SMR",2009,0.0134176116961716,1.01350803180269,0.154929402791644,0.152864504207308,"After",6,"Macrocystis pyrifera","Bio","Landsat","SMR","C",379.9084707
"Skunk Pt SMR",2010,3.04900190259171,21.0942797660355,0.659707193660203,0.0312742222525377,"After",7,"Macrocystis pyrifera","Bio","Landsat","SMR","C",379.9084707
"Skunk Pt SMR",2011,3.16102196123958,23.594696477317,0.562774777232788,0.0238517489629,"After",8,"Macrocystis pyrifera","Bio","Landsat","SMR","C",379.9084707
"Skunk Pt SMR",2012,1.59184622151931,4.91281069756615,0.588911556611086,0.119872633582816,"After",9,"Macrocystis pyrifera","Bio","Landsat","SMR","C",379.9084707
"Skunk Pt SMR",2013,0.252945076774536,1.2878125440735,0.990872280131707,0.769422758530884,"After",10,"Macrocystis pyrifera","Bio","Landsat","SMR","C",379.9084707
"Skunk Pt SMR",2014,0.404347928027209,1.49832516559858,0.431309567363441,0.287861124718634,"After",11,"Macrocystis pyrifera","Bio","Landsat","SMR","C",379.9084707
"Skunk Pt SMR",2015,1.95489002149513,7.06314218716691,0.513638872180917,0.0727210154588354,"After",12,"Macrocystis pyrifera","Bio","Landsat","SMR","C",379.9084707
"Skunk Pt SMR",2016,1.44713147392172,4.2509031826436,0.689496301165148,0.162199954113365,"After",13,"Macrocystis pyrifera","Bio","Landsat","SMR","C",379.9084707
"Skunk Pt SMR",2017,3.54054710818534,34.4857814838572,1.00014262062294,0.029001593630439,"After",14,"Macrocystis pyrifera","Bio","Landsat","SMR","C",379.9084707
"Skunk Pt SMR",2018,2.65671780597159,14.2494428253043,0.51539992682942,0.0361698301574408,"After",15,"Macrocystis pyrifera","Bio","Landsat","SMR","C",379.9084707
"Skunk Pt SMR",2019,2.03659070520559,7.6644342893161,0.603204623388542,0.0787017802774281,"After",16,"Macrocystis pyrifera","Bio","Landsat","SMR","C",379.9084707
"Skunk Pt SMR",2020,4.15701298283623,63.8804254096005,0.689043635709724,0.0107864597220758,"After",17,"Macrocystis pyrifera","Bio","Landsat","SMR","C",379.9084707
"Skunk Pt SMR",2021,7.60575299548976,2009.72463768116,0.859884539304383,0.000427861868826232,"After",18,"Macrocystis pyrifera","Bio","Landsat","SMR","C",379.9084707
"South La Jolla SMR",1985,4.53927882189746,93.6232567243545,0.374906661336761,0.00400441807360495,"Before",0,"Macrocystis pyrifera","Bio","Landsat","SMR","ML",1306.320744
"South La Jolla SMR",1986,3.41295284124197,30.3547447962542,0.213843580337874,0.00704481562184843,"Before",0,"Macrocystis pyrifera","Bio","Landsat","SMR","ML",1306.320744
"South La Jolla SMR",1987,2.27423347569964,9.72046518338036,0.712955001489238,0.073345769779436,"Before",0,"Macrocystis pyrifera","Bio","Landsat","SMR","ML",1306.320744
"South La Jolla SMR",1988,-0.875301284398391,0.416736444573557,0.00159289711714819,0.00382231296995919,"Before",0,"Macrocystis pyrifera","Bio","Landsat","SMR","ML",1306.320744
"South La Jolla SMR",1989,1.04555649898163,2.84498131240387,1.00000502944512,0.351497925517184,"Before",0,"Macrocystis pyrifera","Bio","Landsat","SMR","ML",1306.320744
"South La Jolla SMR",1991,9.40793112266253,12184.6363636364,0.0612819598375946,5.02944511503713e-06,"Before",0,"Macrocystis pyrifera","Bio","Landsat","SMR","ML",1306.320744
"South La Jolla SMR",1992,3.31516061944439,27.5268149712372,0.0987667408673115,0.00358801920856129,"Before",0,"Macrocystis pyrifera","Bio","Landsat","SMR","ML",1306.320744
"South La Jolla SMR",1993,3.49072643608381,32.8097732545087,0.0286375951675524,0.000872837338600534,"Before",0,"Macrocystis pyrifera","Bio","Landsat","SMR","ML",1306.320744
"South La Jolla SMR",1994,0.93640745816099,2.55080107822852,0.175538934436937,0.0688171790168937,"Before",0,"Macrocystis pyrifera","Bio","Landsat","SMR","ML",1306.320744
"South La Jolla SMR",1995,1.35555493253746,3.87891289446292,0.0997962748141065,0.0257278978748308,"Before",0,"Macrocystis pyrifera","Bio","Landsat","SMR","ML",1306.320744
"South La Jolla SMR",1996,2.86021697419138,17.4653160483222,0.188580612207574,0.0107974348523564,"Before",0,"Macrocystis pyrifera","Bio","Landsat","SMR","ML",1306.320744
"South La Jolla SMR",1997,2.51838094670737,12.4084903841877,0.0546603360975686,0.00440507542861323,"Before",0,"Macrocystis pyrifera","Bio","Landsat","SMR","ML",1306.320744
"South La Jolla SMR",1998,2.69532872337677,14.81038647343,0.000800988122671432,5.40828643539057e-05,"Before",0,"Macrocystis pyrifera","Bio","Landsat","SMR","ML",1306.320744
"South La Jolla SMR",1999,3.69999575156751,40.4471325227906,0.277920409357642,0.00687120178917611,"Before",0,"Macrocystis pyrifera","Bio","Landsat","SMR","ML",1306.320744
"South La Jolla SMR",2000,5.14180025498762,171.023377038695,0.349311357924054,0.00204247725645728,"Before",0,"Macrocystis pyrifera","Bio","Landsat","SMR","ML",1306.320744
"South La Jolla SMR",2001,3.5739229350671,35.6561960879602,0.383395450246378,0.0107525617511352,"Before",0,"Macrocystis pyrifera","Bio","Landsat","SMR","ML",1306.320744
"South La Jolla SMR",2002,1.21560895737568,3.37234705477868,0.621778085205332,0.18437547355165,"Before",0,"Macrocystis pyrifera","Bio","Landsat","SMR","ML",1306.320744
"South La Jolla SMR",2003,0.785724519951928,2.19399595887268,0.203338833064225,0.092679675293798,"Before",0,"Macrocystis pyrifera","Bio","Landsat","SMR","ML",1306.320744
"South La Jolla SMR",2004,1.2699677525577,3.56073773581942,0.118449376348806,0.0332654031655458,"Before",0,"Macrocystis pyrifera","Bio","Landsat","SMR","ML",1306.320744
"South La Jolla SMR",2005,1.2416825810211,3.46143270869657,0.0925887533769131,0.0267486792807763,"Before",0,"Macrocystis pyrifera","Bio","Landsat","SMR","ML",1306.320744
"South La Jolla SMR",2006,0.624161549276182,1.86668018176154,0.0246588468592748,0.0132100008883176,"Before",0,"Macrocystis pyrifera","Bio","Landsat","SMR","ML",1306.320744
"South La Jolla SMR",2007,0.453879518810159,1.57440829946251,0.141888680743888,0.090121908524191,"Before",0,"Macrocystis pyrifera","Bio","Landsat","SMR","ML",1306.320744
"South La Jolla SMR",2008,1.06149417497454,2.89068695616925,0.535648380388038,0.18530141399257,"Before",0,"Macrocystis pyrifera","Bio","Landsat","SMR","ML",1306.320744
"South La Jolla SMR",2009,1.2851912947518,3.61535949036837,0.588512290134972,0.16278112638669,"Before",0,"Macrocystis pyrifera","Bio","Landsat","SMR","ML",1306.320744
"South La Jolla SMR",2010,2.05222206663803,7.78518109173209,0.693818420048805,0.0891203957716083,"Before",0,"Macrocystis pyrifera","Bio","Landsat","SMR","ML",1306.320744
"South La Jolla SMR",2011,3.87170403632325,48.0241512937855,0.331068972634593,0.00689380163345927,"Before",0,"Macrocystis pyrifera","Bio","Landsat","SMR","ML",1306.320744
"South La Jolla SMR",2012,4.85791849129465,128.75591642385,0.236674517826444,0.00183816421334253,"Before",0,"Macrocystis pyrifera","Bio","Landsat","SMR","ML",1306.320744
"South La Jolla SMR",2013,1.03154414104112,2.80539441652367,0.516208595256384,0.184005711359492,"After",1,"Macrocystis pyrifera","Bio","Landsat","SMR","ML",1306.320744
"South La Jolla SMR",2014,0.829614607303015,2.29243508225843,0.287090590104142,0.125233901856584,"After",2,"Macrocystis pyrifera","Bio","Landsat","SMR","ML",1306.320744
"South La Jolla SMR",2015,0.465860353463582,1.59338447318848,0.186132252198586,0.116815655813516,"After",3,"Macrocystis pyrifera","Bio","Landsat","SMR","ML",1306.320744
"South La Jolla SMR",2016,4.88767654987587,132.645021645022,0.00200139256843964,1.50883353451114e-05,"After",4,"Macrocystis pyrifera","Bio","Landsat","SMR","ML",1306.320744
"South La Jolla SMR",2017,4.15379135070403,63.6749573274811,0.0170564160043475,0.000267866940477497,"After",5,"Macrocystis pyrifera","Bio","Landsat","SMR","ML",1306.320744
"South La Jolla SMR",2018,3.02300671384819,20.5529958515688,0.0941702199369817,0.00458182449979882,"After",6,"Macrocystis pyrifera","Bio","Landsat","SMR","ML",1306.320744
"South La Jolla SMR",2019,2.9135855924889,18.4227367090893,0.239969784138828,0.0130257403081939,"After",7,"Macrocystis pyrifera","Bio","Landsat","SMR","ML",1306.320744
"South La Jolla SMR",2020,3.4461445576101,31.3791781781392,0.105345777617532,0.0033571872730218,"After",8,"Macrocystis pyrifera","Bio","Landsat","SMR","ML",1306.320744
"South La Jolla SMR",2021,8.27913391289959,3940.77984496124,0.166024138723853,4.21297675220642e-05,"After",9,"Macrocystis pyrifera","Bio","Landsat","SMR","ML",1306.320744
"South Point SMR",1985,1.22112544260208,3.39100196494462,1.00091956564387,0.295169267370275,"Before",0,"Macrocystis pyrifera","Bio","Landsat","SMR","C",3387.008573
"South Point SMR",1986,1.81484172393202,6.14010426897139,0.133555093651321,0.0217512745388108,"Before",0,"Macrocystis pyrifera","Bio","Landsat","SMR","C",3387.008573
"South Point SMR",1987,1.4322226155291,4.18799716271812,0.328461353320067,0.0784292205935707,"Before",0,"Macrocystis pyrifera","Bio","Landsat","SMR","C",3387.008573
"South Point SMR",1988,1.08066691089931,2.94664404495148,0.200039395968829,0.0678871940136642,"Before",0,"Macrocystis pyrifera","Bio","Landsat","SMR","C",3387.008573
"South Point SMR",1989,0.424019703110275,1.52809170164676,0.16259916195001,0.106406678195284,"Before",0,"Macrocystis pyrifera","Bio","Landsat","SMR","C",3387.008573
"South Point SMR",1990,1.07634045078291,2.93392304530549,0.701432763560456,0.239076742207947,"Before",0,"Macrocystis pyrifera","Bio","Landsat","SMR","C",3387.008573
"South Point SMR",1991,1.07927215392767,2.94253705741738,0.477168051133226,0.162162121265527,"Before",0,"Macrocystis pyrifera","Bio","Landsat","SMR","C",3387.008573
"South Point SMR",1992,1.41305225927272,4.10847642090799,0.281580328433849,0.0685364353074755,"Before",0,"Macrocystis pyrifera","Bio","Landsat","SMR","C",3387.008573
"South Point SMR",1993,1.90296559467158,6.70575152468777,0.247707450128406,0.0369395509536032,"Before",0,"Macrocystis pyrifera","Bio","Landsat","SMR","C",3387.008573
"South Point SMR",1994,0.779206691492544,2.17974237125184,0.681297204399389,0.312558591044921,"Before",0,"Macrocystis pyrifera","Bio","Landsat","SMR","C",3387.008573
"South Point SMR",1995,2.31207736214211,10.0953746362104,0.083674242869294,0.00828837421933496,"Before",0,"Macrocystis pyrifera","Bio","Landsat","SMR","C",3387.008573
"South Point SMR",1996,0.582305896460968,1.79016160242321,0.0970044287976165,0.0541875262357926,"Before",0,"Macrocystis pyrifera","Bio","Landsat","SMR","C",3387.008573
"South Point SMR",1997,0.865623979874357,2.37648850442778,0.251553230131205,0.10585080872999,"Before",0,"Macrocystis pyrifera","Bio","Landsat","SMR","C",3387.008573
"South Point SMR",1998,0.959624845594273,2.61071686774787,0.0906419709306528,0.0347191884537234,"Before",0,"Macrocystis pyrifera","Bio","Landsat","SMR","C",3387.008573
"South Point SMR",1999,1.47590476994269,4.37499234433908,0.775719710766297,0.177307672725421,"Before",0,"Macrocystis pyrifera","Bio","Landsat","SMR","C",3387.008573
"South Point SMR",2000,3.60291732364088,36.7051592295034,0.101258410140341,0.00275869693160055,"Before",0,"Macrocystis pyrifera","Bio","Landsat","SMR","C",3387.008573
"South Point SMR",2001,2.75395722960644,15.7046560111188,0.154888909776645,0.00986261078669816,"Before",0,"Macrocystis pyrifera","Bio","Landsat","SMR","C",3387.008573
"South Point SMR",2002,1.70248889786025,5.48758845624399,0.28244835710087,0.0514703971248954,"Before",0,"Macrocystis pyrifera","Bio","Landsat","SMR","C",3387.008573
"South Point SMR",2003,1.01033477026273,2.74652031445853,0.699591318004332,0.254719149289181,"Before",0,"Macrocystis pyrifera","Bio","Landsat","SMR","C",3387.008573
"South Point SMR",2004,0.356998994655541,1.42903443318131,0.530650437592548,0.371334955457454,"After",1,"Macrocystis pyrifera","Bio","Landsat","SMR","C",3387.008573
"South Point SMR",2005,0.976990006837318,2.65644830482294,0.500568864972409,0.188435387228728,"After",2,"Macrocystis pyrifera","Bio","Landsat","SMR","C",3387.008573
"South Point SMR",2006,0.0047600212946761,1.00477136819272,0.139193719574046,0.138532728917638,"After",3,"Macrocystis pyrifera","Bio","Landsat","SMR","C",3387.008573
"South Point SMR",2007,0.69859049890164,2.01091632023252,0.233276740570157,0.116005195354516,"After",4,"Macrocystis pyrifera","Bio","Landsat","SMR","C",3387.008573
"South Point SMR",2008,0.332724228934154,1.39476261025767,0.345493834610988,0.247707984190343,"After",5,"Macrocystis pyrifera","Bio","Landsat","SMR","C",3387.008573
"South Point SMR",2009,0.338485660837432,1.40282163352212,0.0500235343293232,0.0356592264718124,"After",6,"Macrocystis pyrifera","Bio","Landsat","SMR","C",3387.008573
"South Point SMR",2010,0.761432374349493,2.14134122710157,0.370429008392961,0.172989247909059,"After",7,"Macrocystis pyrifera","Bio","Landsat","SMR","C",3387.008573
"South Point SMR",2011,0.44479464190662,1.56016976944351,0.12407407011806,0.0795260057899435,"After",8,"Macrocystis pyrifera","Bio","Landsat","SMR","C",3387.008573
"South Point SMR",2012,0.0440909672184718,1.04507741835038,0.037044049072459,0.035446224769579,"After",9,"Macrocystis pyrifera","Bio","Landsat","SMR","C",3387.008573
"South Point SMR",2013,0.525005791375978,1.69046863849021,0.314996049721878,0.18633652381934,"After",10,"Macrocystis pyrifera","Bio","Landsat","SMR","C",3387.008573
"South Point SMR",2014,0.879841737075984,2.41051818057166,0.0516381815831946,0.0214220253551245,"After",11,"Macrocystis pyrifera","Bio","Landsat","SMR","C",3387.008573
"South Point SMR",2015,0.450921353761048,1.56975782168968,0.0744784084099801,0.0474457953837822,"After",12,"Macrocystis pyrifera","Bio","Landsat","SMR","C",3387.008573
"South Point SMR",2016,2.64366752479116,14.0646917386541,0.258250010770249,0.0183615834295535,"After",13,"Macrocystis pyrifera","Bio","Landsat","SMR","C",3387.008573
"South Point SMR",2017,1.0858705994767,2.96201742736656,0.22632254207785,0.0764082412165504,"After",14,"Macrocystis pyrifera","Bio","Landsat","SMR","C",3387.008573
"South Point SMR",2018,0.364848722549719,1.44029610734512,0.0928775541957152,0.0644850414592281,"After",15,"Macrocystis pyrifera","Bio","Landsat","SMR","C",3387.008573
"South Point SMR",2019,2.52480199602544,12.4884222615389,0.0716247374640532,0.0057352911331833,"After",16,"Macrocystis pyrifera","Bio","Landsat","SMR","C",3387.008573
"South Point SMR",2020,1.97192766374362,7.18451247270869,0.371693489037311,0.0517353808555886,"After",17,"Macrocystis pyrifera","Bio","Landsat","SMR","C",3387.008573
"South Point SMR",2021,2.11900130253954,8.3228213551774,0.15537081166377,0.0186680459706273,"After",18,"Macrocystis pyrifera","Bio","Landsat","SMR","C",3387.008573
"Swamis SMCA",1984,5.45347505796588,233.568421052632,0.0046292297607588,1.98195875105722e-05,"Before",0,"Macrocystis pyrifera","Bio","Landsat","SMCA","ML",3291.354542
"Swamis SMCA",1985,1.35245274940459,3.86689844145971,0.101868715886839,0.0263437784645786,"Before",0,"Macrocystis pyrifera","Bio","Landsat","SMCA","ML",3291.354542
"Swamis SMCA",1986,1.51807890514258,4.56344994857216,0.348961391026275,0.0764687670422374,"Before",0,"Macrocystis pyrifera","Bio","Landsat","SMCA","ML",3291.354542
"Swamis SMCA",1987,0.936383877954888,2.55074093052252,0.412296447620585,0.161637915747142,"Before",0,"Macrocystis pyrifera","Bio","Landsat","SMCA","ML",3291.354542
"Swamis SMCA",1988,4.63901208676189,103.442105263158,0.00205017985754098,1.98195875105722e-05,"Before",0,"Macrocystis pyrifera","Bio","Landsat","SMCA","ML",3291.354542
"Swamis SMCA",1989,1.4601121164638,4.30644232436497,1.00001981958751,0.232214840990579,"Before",0,"Macrocystis pyrifera","Bio","Landsat","SMCA","ML",3291.354542
"Swamis SMCA",1990,1.58873021139216,4.8975261554409,0.615075445867699,0.125589006846729,"Before",0,"Macrocystis pyrifera","Bio","Landsat","SMCA","ML",3291.354542
"Swamis SMCA",1992,0.98743927524555,2.68435177772014,0.0496639223839918,0.0185012720002637,"Before",0,"Macrocystis pyrifera","Bio","Landsat","SMCA","ML",3291.354542
"Swamis SMCA",1993,1.80339559687158,6.07022454438017,0.0203601406815184,0.00335410008849967,"Before",0,"Macrocystis pyrifera","Bio","Landsat","SMCA","ML",3291.354542
"Swamis SMCA",1994,1.41875277974722,4.13196375627893,0.19684084120171,0.0476385691676483,"Before",0,"Macrocystis pyrifera","Bio","Landsat","SMCA","ML",3291.354542
"Swamis SMCA",1995,0.752405507541208,2.12209860600642,0.0267416306054488,0.0126015023664587,"Before",0,"Macrocystis pyrifera","Bio","Landsat","SMCA","ML",3291.354542
"Swamis SMCA",1996,1.25501284405946,3.50788342951657,0.0407071378471088,0.0116044728010585,"Before",0,"Macrocystis pyrifera","Bio","Landsat","SMCA","ML",3291.354542
"Swamis SMCA",1997,0.663651851790403,1.94187082618735,0.0422835252495286,0.0217746333480624,"Before",0,"Macrocystis pyrifera","Bio","Landsat","SMCA","ML",3291.354542
"Swamis SMCA",1998,0.0262952213166769,1.02664399092971,0.000377823926122592,0.000368018445985782,"Before",0,"Macrocystis pyrifera","Bio","Landsat","SMCA","ML",3291.354542
"Swamis SMCA",1999,0.580856627846035,1.78756905649866,0.0481989419261051,0.0269634013583302,"Before",0,"Macrocystis pyrifera","Bio","Landsat","SMCA","ML",3291.354542
"Swamis SMCA",2000,0.96776368166812,2.63205176722477,0.161063356336572,0.0611930807525101,"Before",0,"Macrocystis pyrifera","Bio","Landsat","SMCA","ML",3291.354542
"Swamis SMCA",2001,1.21159307574815,3.35883126526957,0.247240591850436,0.0736091135053173,"Before",0,"Macrocystis pyrifera","Bio","Landsat","SMCA","ML",3291.354542
"Swamis SMCA",2002,1.77434939636302,5.89644364043228,0.470567703919563,0.079805342442833,"Before",0,"Macrocystis pyrifera","Bio","Landsat","SMCA","ML",3291.354542
"Swamis SMCA",2003,1.35339754126177,3.87055358202137,0.118430797719621,0.0305978964532952,"Before",0,"Macrocystis pyrifera","Bio","Landsat","SMCA","ML",3291.354542
"Swamis SMCA",2004,1.09346158472156,2.98458761455151,0.00448444245831315,0.00150253336053833,"Before",0,"Macrocystis pyrifera","Bio","Landsat","SMCA","ML",3291.354542
"Swamis SMCA",2005,0.200886702129977,1.2224862588876,0.0404622094709255,0.0330982938881816,"Before",0,"Macrocystis pyrifera","Bio","Landsat","SMCA","ML",3291.354542
"Swamis SMCA",2006,-4.37833562072867,0.0125462229265716,1.98195875105722e-05,0.00157972543821108,"Before",0,"Macrocystis pyrifera","Bio","Landsat","SMCA","ML",3291.354542
"Swamis SMCA",2007,1.11673872295187,3.05487514570439,0.232922504578325,0.0762461617804081,"Before",0,"Macrocystis pyrifera","Bio","Landsat","SMCA","ML",3291.354542
"Swamis SMCA",2008,1.31154047672404,3.71188738631016,0.401539210028795,0.108176560396125,"Before",0,"Macrocystis pyrifera","Bio","Landsat","SMCA","ML",3291.354542
"Swamis SMCA",2009,1.59116551570096,4.90946765668261,0.813867994871108,0.165775202483165,"Before",0,"Macrocystis pyrifera","Bio","Landsat","SMCA","ML",3291.354542
"Swamis SMCA",2010,1.03262018994983,2.80841478286357,0.161914972717816,0.0576535110503589,"Before",0,"Macrocystis pyrifera","Bio","Landsat","SMCA","ML",3291.354542
"Swamis SMCA",2011,1.10815211835622,3.02875643672941,0.294994949134593,0.0973980428261647,"Before",0,"Macrocystis pyrifera","Bio","Landsat","SMCA","ML",3291.354542
"Swamis SMCA",2012,1.98414479295979,7.27282495399622,0.235823257680925,0.03242526242177,"Before",0,"Macrocystis pyrifera","Bio","Landsat","SMCA","ML",3291.354542
"Swamis SMCA",2013,1.91389471316909,6.77944142706019,0.816913952530627,0.120498710892303,"After",1,"Macrocystis pyrifera","Bio","Landsat","SMCA","ML",3291.354542
"Swamis SMCA",2014,2.2936315498782,9.91086420490418,0.969376233769322,0.0978094557374368,"After",2,"Macrocystis pyrifera","Bio","Landsat","SMCA","ML",3291.354542
"Swamis SMCA",2015,1.33864694033548,3.81387960596198,0.164047560333954,0.0430133033243916,"After",3,"Macrocystis pyrifera","Bio","Landsat","SMCA","ML",3291.354542
"Swamis SMCA",2016,0,1,1.98195875105722e-05,1.98195875105722e-05,"After",4,"Macrocystis pyrifera","Bio","Landsat","SMCA","ML",3291.354542
"Swamis SMCA",2017,-0.184149516577723,0.831811424930983,0.0024515786614393,0.00294727697644056,"After",5,"Macrocystis pyrifera","Bio","Landsat","SMCA","ML",3291.354542
"Swamis SMCA",2018,1.91687010422002,6.79964295523208,0.0103301776377472,0.0015192235394946,"After",6,"Macrocystis pyrifera","Bio","Landsat","SMCA","ML",3291.354542
"Swamis SMCA",2019,0,1,1.98195875105722e-05,1.98195875105722e-05,"After",7,"Macrocystis pyrifera","Bio","Landsat","SMCA","ML",3291.354542
"Swamis SMCA",2020,1.48240167129723,4.40350877192982,0.000261827182376506,5.94587625317166e-05,"After",8,"Macrocystis pyrifera","Bio","Landsat","SMCA","ML",3291.354542
"Swamis SMCA",2021,-2.32958569481255,0.0973360655737705,1.98195875105722e-05,0.00020362018326651,"After",9,"Macrocystis pyrifera","Bio","Landsat","SMCA","ML",3291.354542
